pixel_00,pixel_01,pixel_02,pixel_03,pixel_04,pixel_05,pixel_06,pixel_07,pixel_10,pixel_11,pixel_12,pixel_13,pixel_14,pixel_15,pixel_16,pixel_17,pixel_20,pixel_21,pixel_22,pixel_23,pixel_24,pixel_25,pixel_26,pixel_27,pixel_30,pixel_31,pixel_32,pixel_33,pixel_34,pixel_35,pixel_36,pixel_37,pixel_40,pixel_41,pixel_42,pixel_43,pixel_44,pixel_45,pixel_46,pixel_47,pixel_50,pixel_51,pixel_52,pixel_53,pixel_54,pixel_55,pixel_56,pixel_57,pixel_60,pixel_61,pixel_62,pixel_63,pixel_64,pixel_65,pixel_66,pixel_67,pixel_70,pixel_71,pixel_72,pixel_73,pixel_74,pixel_75,pixel_76,pixel_77,label
0.0,0.0,0.0,0.0,0.0,0.0,0.09,0.041,0.0,0.324,0.851,0.675,0.454,0.0,0.009,0.111,0.08,0.917,1.0,1.0,0.999,0.219,0.0,0.045,0.19,0.957,0.663,0.103,1.0,0.437,0.0,0.0,0.377,1.0,0.184,0.063,0.79,0.596,0.0,0.03,0.383,1.0,0.002,0.0,0.743,0.482,0.0,0.024,0.441,0.949,0.391,0.107,0.992,0.28,0.054,0.012,0.151,1.0,0.981,0.877,0.801,0.0,0.032,0.0,0
0.046,0.0,0.0,0.053,0.0,0.049,0.098,0.0,0.0,0.031,0.377,0.876,0.849,0.155,0.0,0.033,0.007,0.167,1.0,0.644,1.0,0.296,0.0,0.0,0.035,0.376,0.605,0.174,0.903,0.037,0.004,0.098,0.0,0.016,0.0,0.582,0.578,0.0,0.087,0.062,0.0,0.0,0.115,0.92,0.118,0.03,0.003,0.061,0.003,0.014,0.528,0.539,0.0,0.02,0.027,0.066,0.0,0.0,0.712,0.956,0.514,0.424,0.154,0.061,2
0.0,0.06,0.0,0.044,0.446,1.0,1.0,0.618,0.05,0.005,0.0,0.41,1.0,1.0,0.959,0.93,0.027,0.058,0.016,0.638,1.0,0.972,1.0,0.498,0.0,0.0,0.0,0.126,0.596,0.724,0.884,0.546,0.0,0.0,0.061,0.001,0.014,0.018,0.656,0.406,0.0,0.009,0.044,0.049,0.055,0.214,0.71,0.047,0.0,0.0,0.0,0.008,0.129,0.86,0.111,0.102,0.028,0.0,0.0,0.028,0.709,0.139,0.0,0.0,9
0.0,0.0,0.369,1.0,0.916,1.0,0.008,0.0,0.076,0.0,0.409,0.991,0.853,0.982,0.09,0.039,0.0,0.046,0.218,0.236,0.795,0.913,0.0,0.0,0.01,0.009,0.088,0.009,0.92,0.728,0.071,0.0,0.0,0.058,0.142,0.397,0.966,0.405,0.069,0.151,0.0,0.031,0.0,0.586,1.0,0.813,0.939,0.518,0.051,0.023,0.0,0.424,1.0,1.0,0.496,0.046,0.0,0.0,0.0,0.085,0.0,0.0,0.0,0.003,2
0.317,1.0,0.897,0.977,0.854,0.0,0.0,0.026,0.397,0.996,0.885,1.0,0.835,0.0,0.0,0.11,0.0,0.186,0.492,0.957,0.279,0.004,0.123,0.022,0.008,0.087,0.113,0.985,0.649,0.0,0.074,0.0,0.056,0.0,0.112,0.8,0.952,0.01,0.038,0.0,0.01,0.518,0.618,0.908,0.901,0.047,0.038,0.0,0.0,0.428,1.0,1.0,0.323,0.0,0.019,0.0,0.058,0.0,0.013,0.0,0.015,0.025,0.0,0.0,3
0.017,0.0,0.0,0.057,0.0,0.0,0.0,0.075,0.0,0.471,1.0,0.313,0.0,0.022,0.126,0.0,0.0,1.0,1.0,0.685,0.003,0.0,0.0,0.0,0.056,0.696,0.874,1.0,0.065,0.03,0.0,0.051,0.007,0.033,0.759,0.9,0.0,0.0,0.04,0.0,0.053,0.017,0.883,0.854,0.0,0.088,0.0,0.038,0.0,0.762,0.981,0.315,0.342,0.568,0.032,0.0,0.0,0.836,0.984,1.0,0.92,0.907,0.168,0.0,2
0.0,0.029,0.068,0.206,1.0,1.0,0.581,0.0,0.062,0.057,0.311,0.978,1.0,0.965,0.444,0.039,0.0,0.273,1.0,0.995,0.914,0.933,0.128,0.021,0.0,0.264,0.459,0.443,1.0,0.967,0.068,0.0,0.052,0.0,0.024,0.24,0.975,0.965,0.212,0.0,0.022,0.0,0.017,0.0,0.792,0.915,0.001,0.046,0.018,0.086,0.064,0.034,0.492,0.876,0.013,0.048,0.0,0.068,0.0,0.055,0.007,0.025,0.084,0.022,1
0.002,0.0,0.0,0.0,0.256,0.954,0.6,0.01,0.0,0.0,0.0,0.07,0.907,0.931,0.812,0.0,0.06,0.0,0.041,0.838,0.827,0.668,0.639,0.087,0.064,0.0,0.424,0.846,0.153,0.921,0.701,0.419,0.051,0.011,0.418,0.96,0.993,1.0,0.93,0.529,0.0,0.009,0.021,0.529,0.564,1.0,0.269,0.02,0.0,0.0,0.048,0.0,0.24,0.965,0.043,0.019,0.011,0.0,0.0,0.0,0.099,0.919,0.023,0.0,4
0.012,0.513,0.984,0.708,0.455,0.113,0.0,0.033,0.238,0.989,0.88,0.306,0.15,0.013,0.0,0.037,0.317,0.981,1.0,0.961,0.641,0.025,0.014,0.0,0.471,0.973,0.846,0.28,0.826,0.209,0.077,0.0,0.093,1.0,0.567,0.012,0.483,0.758,0.046,0.036,0.089,0.617,0.925,0.271,0.733,0.491,0.025,0.015,0.0,0.0,0.579,0.921,1.0,0.587,0.0,0.001,0.06,0.084,0.065,0.0,0.013,0.0,0.0,0.045,6
0.0,0.04,0.077,0.822,0.558,0.114,0.034,0.0,0.019,0.039,0.273,1.0,0.849,0.396,0.072,0.0,0.0,0.072,0.136,0.929,0.513,0.897,0.004,0.037,0.08,0.022,0.113,0.873,1.0,1.0,0.392,0.0,0.0,0.09,0.037,0.054,0.239,0.605,0.796,0.061,0.042,0.0,0.03,0.058,0.024,0.021,0.764,0.398,0.02,0.0,0.028,0.308,0.48,0.416,0.581,0.893,0.0,0.024,0.011,0.854,0.788,0.973,0.998,0.843,9
0.028,0.799,1.0,0.598,0.025,0.0,0.0,0.0,0.366,0.88,0.893,1.0,0.302,0.013,0.0,0.0,0.0,0.0,0.154,0.63,0.706,0.0,0.039,0.059,0.0,0.005,0.0,0.539,0.402,0.057,0.0,0.0,0.0,0.0,0.227,0.989,0.105,0.0,0.016,0.036,0.05,0.559,0.882,0.618,0.21,0.0,0.027,0.021,0.0,1.0,0.938,1.0,0.91,0.459,0.01,0.041,0.0,0.626,0.883,0.538,0.274,0.02,0.0,0.05,2
0.0,0.0,0.08,0.78,0.922,0.969,0.007,0.0,0.029,0.016,0.021,0.0,0.814,0.943,0.107,0.067,0.0,0.121,0.028,0.089,1.0,0.6,0.0,0.044,0.0,0.0,0.064,0.626,0.992,0.119,0.102,0.053,0.015,0.0,0.149,1.0,0.437,0.059,0.0,0.0,0.053,0.0,0.772,0.986,0.681,0.496,0.514,0.179,0.0,0.0,0.43,0.97,1.0,1.0,0.99,0.405,0.033,0.042,0.064,0.0,0.066,0.086,0.036,0.0,2
0.0,0.0,0.427,1.0,0.899,0.1,0.0,0.0,0.006,0.658,0.998,1.0,0.729,0.0,0.0,0.047,0.244,1.0,0.924,0.918,0.79,0.006,0.107,0.024,0.344,0.41,0.301,0.97,0.475,0.0,0.0,0.0,0.0,0.007,0.121,0.987,0.595,0.0,0.0,0.0,0.0,0.0,0.179,0.964,0.45,0.034,0.043,0.041,0.0,0.0,0.045,0.722,0.706,0.0,0.0,0.0,0.0,0.0,0.0,0.0,0.058,0.085,0.028,0.097,1
0.095,0.054,0.069,0.667,0.711,0.785,0.622,0.037,0.0,0.02,0.424,0.798,0.451,0.505,0.292,0.0,0.0,0.0,0.478,0.71,0.421,0.294,0.0,0.0,0.028,0.052,0.59,0.962,0.798,0.797,0.52,0.0,0.024,0.0,0.07,0.278,0.0,0.093,0.85,0.309,0.059,0.0,0.032,0.003,0.03,0.119,0.293,0.698,0.0,0.0,0.0,0.684,0.164,0.013,0.63,0.699,0.0,0.0,0.064,0.654,1.0,1.0,0.931,0.325,5
0.031,0.056,0.028,0.958,1.0,0.73,0.04,0.0,0.002,0.0,0.367,1.0,1.0,0.48,0.127,0.067,0.0,0.002,0.27,0.994,0.992,0.378,0.031,0.0,0.0,0.0,0.315,1.0,1.0,0.137,0.0,0.0,0.013,0.068,0.609,0.947,0.892,0.142,0.007,0.0,0.039,0.0,0.542,1.0,0.872,0.006,0.066,0.0,0.013,0.003,0.12,0.832,0.944,0.596,0.0,0.045,0.032,0.0,0.038,0.014,0.0,0.054,0.0,0.0,1
0.0,0.013,0.0,0.035,0.023,0.0,0.061,0.0,0.02,0.0,0.351,0.921,0.104,0.0,0.006,0.0,0.0,0.007,0.888,0.587,0.079,0.0,0.0,0.0,0.0,0.779,0.895,0.328,0.892,0.0,0.0,0.039,0.325,0.93,0.203,0.535,0.919,0.424,0.017,0.0,0.882,0.872,0.62,0.938,0.975,0.58,0.0,0.104,0.42,0.935,0.984,1.0,0.688,0.0,0.0,0.023,0.047,0.0,0.136,0.965,0.435,0.079,0.042,0.007,4
0.0,0.0,0.022,0.0,0.0,0.0,0.03,0.0,0.0,0.0,0.008,0.134,0.835,1.0,0.689,0.027,0.0,0.013,0.575,0.996,0.568,0.712,0.946,0.0,0.0,0.037,0.266,0.289,0.005,0.841,0.711,0.003,0.011,0.003,0.0,0.0,0.32,0.963,0.719,0.068,0.052,0.054,0.035,0.081,0.0,0.514,0.967,0.476,0.0,0.015,0.0,0.0,0.064,0.0,0.501,0.756,0.0,0.0,0.014,0.037,0.268,0.505,1.0,0.469,3
0.0,0.0,0.0,0.0,0.064,0.0,0.053,0.005,0.0,0.024,0.581,0.757,0.88,0.74,0.242,0.032,0.045,0.022,0.752,0.404,0.053,0.175,0.0,0.002,0.0,0.017,0.959,0.056,0.26,0.142,0.0,0.028,0.034,0.272,0.929,0.892,0.725,0.957,0.26,0.082,0.039,0.004,0.304,0.053,0.0,0.456,0.505,0.0,0.0,0.007,0.028,0.021,0.0,0.626,0.31,0.059,0.0,0.287,0.888,0.09,0.114,0.968,0.038,0.061,5
0.0,0.0,0.049,0.052,0.0,0.0,0.078,0.024,0.07,0.0,0.044,0.73,0.959,0.092,0.043,0.0,0.05,0.004,0.0,0.801,1.0,0.456,0.0,0.0,0.0,0.0,0.0,0.882,0.975,0.59,0.064,0.0,0.034,0.034,0.0,0.739,0.969,0.414,0.0,0.038,0.0,0.0,0.424,1.0,1.0,0.14,0.0,0.0,0.003,0.022,0.99,1.0,1.0,0.052,0.0,0.014,0.0,0.028,0.46,0.931,1.0,0.185,0.0,0.013,1
0.054,0.0,0.0,0.302,0.926,0.152,0.038,0.056,0.0,0.0,0.0,0.813,0.676,0.015,0.004,0.0,0.0,0.0,0.394,1.0,0.039,0.046,0.036,0.0,0.0,0.0,0.377,0.908,0.331,0.0,0.0,0.031,0.12,0.077,0.892,0.98,0.904,0.671,0.094,0.054,0.0,0.066,0.806,0.838,0.019,0.718,0.598,0.093,0.019,0.032,0.251,0.985,0.451,0.841,0.568,0.0,0.0,0.0,0.0,0.358,1.0,0.88,0.233,0.0,6
0.033,0.0,0.029,0.0,0.0,0.032,0.015,0.0,0.0,0.007,0.031,0.359,0.889,0.327,0.0,0.075,0.0,0.0,0.08,0.632,0.733,0.783,0.496,0.007,0.057,0.062,0.0,0.601,0.573,0.581,1.0,0.048,0.004,0.131,0.03,0.122,0.873,1.0,0.973,0.0,0.0,0.073,0.0,0.041,0.062,0.0,0.87,0.289,0.033,0.0,0.059,0.0,0.0,0.0,0.766,0.458,0.0,0.05,0.024,0.368,0.161,0.0,0.889,0.433,9
0.0,0.013,0.047,0.134,0.0,0.0,0.044,0.078,0.067,0.421,0.486,0.756,1.0,0.932,0.06,0.011,0.0,0.499,0.45,0.208,0.661,0.68,0.047,0.043,0.087,0.055,0.0,0.504,0.753,0.116,0.0,0.0,0.261,0.45,0.571,1.0,0.886,0.388,0.069,0.012,0.128,0.626,1.0,0.88,0.227,0.004,0.0,0.003,0.0,0.008,1.0,0.271,0.0,0.0,0.0,0.035,0.006,0.561,0.965,0.063,0.0,0.035,0.0,0.0,7
0.0,0.032,0.0,0.746,0.994,0.582,0.794,0.191,0.022,0.004,0.313,1.0,0.628,0.0,0.525,0.244,0.045,0.0,0.182,0.812,0.06,0.038,0.261,0.512,0.042,0.0,0.274,0.619,0.0,0.0,0.435,0.168,0.0,0.0,0.0,0.87,0.0,0.0,0.656,0.161,0.0,0.0,0.034,0.815,0.511,0.516,0.866,0.0,0.032,0.017,0.005,0.179,0.922,0.928,0.249,0.0,0.0,0.0,0.013,0.0,0.0,0.002,0.009,0.07,0
0.0,0.001,0.063,0.96,0.948,0.532,0.923,0.331,0.038,0.055,0.0,0.469,1.0,1.0,0.514,0.0,0.0,0.046,0.0,0.423,1.0,1.0,0.135,0.0,0.06,0.063,0.046,0.714,0.665,0.954,0.646,0.013,0.0,0.0,0.235,1.0,0.103,0.589,0.851,0.111,0.0,0.012,0.153,1.0,0.312,0.427,0.891,0.216,0.0,0.076,0.064,0.672,1.0,0.991,0.312,0.0,0.073,0.0,0.039,0.04,0.0,0.0,0.008,0.0,8
0.01,0.016,0.482,0.916,0.978,0.214,0.046,0.0,0.0,0.135,0.901,0.542,0.958,0.405,0.021,0.0,0.031,0.038,0.0,0.076,0.791,0.623,0.0,0.0,0.05,0.0,0.102,0.84,0.828,0.027,0.0,0.097,0.063,0.08,0.266,0.896,0.964,0.37,0.0,0.023,0.033,0.201,0.068,0.018,0.791,0.883,0.0,0.046,0.013,0.298,0.803,0.321,0.367,1.0,0.129,0.006,0.029,0.044,0.597,0.795,0.781,0.493,0.0,0.112,3
0.036,0.01,0.14,0.544,0.957,0.908,0.634,0.121,0.038,0.072,0.24,0.859,0.533,0.524,1.0,0.531,0.0,0.0,0.0,0.0,0.349,0.817,0.887,0.278,0.067,0.002,0.0,0.0,0.769,0.915,0.18,0.0,0.013,0.013,0.092,0.0,0.068,0.913,0.636,0.0,0.03,0.003,0.003,0.021,0.013,0.083,0.947,0.201,0.0,0.004,0.0,0.3,0.33,0.719,0.961,0.373,0.0,0.034,0.079,0.728,0.774,0.813,0.666,0.089,3
0.0,0.0,0.0,0.069,0.0,0.066,0.0,0.0,0.098,0.0,0.033,0.0,1.0,0.319,0.054,0.077,0.072,0.06,0.042,0.582,0.742,0.0,0.005,0.0,0.033,0.013,0.034,0.898,0.151,0.0,0.0,0.0,0.052,0.007,0.448,0.78,0.0,0.233,0.628,0.0,0.024,0.042,0.916,0.155,0.0,0.49,0.456,0.069,0.007,0.313,0.705,0.278,0.647,0.912,0.06,0.021,0.0,0.685,1.0,1.0,1.0,0.582,0.093,0.005,4
0.056,0.0,0.12,0.998,0.386,0.023,0.01,0.055,0.055,0.0,0.785,0.66,0.309,0.678,0.027,0.0,0.0,0.246,0.938,0.173,0.938,0.525,0.011,0.031,0.009,0.622,0.779,0.232,1.0,0.423,0.26,0.0,0.0,0.61,1.0,0.957,0.949,0.972,0.313,0.0,0.0,0.223,0.434,0.959,0.611,0.014,0.042,0.0,0.0,0.0,0.006,0.853,0.714,0.0,0.0,0.024,0.0,0.036,0.026,0.046,0.0,0.014,0.03,0.099,4
0.03,0.045,0.042,1.0,0.841,0.946,0.079,0.0,0.0,0.028,0.135,0.739,0.547,0.892,0.0,0.0,0.033,0.109,0.082,0.296,1.0,1.0,0.367,0.0,0.0,0.0,0.044,0.098,0.257,0.307,1.0,0.262,0.0,0.022,0.007,0.0,0.0,0.0,0.844,0.431,0.041,0.0,0.036,0.605,0.429,0.468,1.0,0.195,0.083,0.011,0.029,0.479,0.735,0.904,0.524,0.014,0.0,0.009,0.021,0.049,0.032,0.019,0.0,0.0,3
0.042,0.07,0.0,0.037,0.0,0.0,0.0,0.075,0.0,0.126,0.668,0.727,0.176,0.083,0.0,0.0,0.006,0.7,1.0,0.797,0.58,0.0,0.0,0.045,0.091,0.492,0.482,0.129,0.848,0.0,0.0,0.0,0.0,0.161,0.086,0.206,0.944,0.0,0.0,0.0,0.03,0.0,0.105,0.613,0.666,0.034,0.0,0.0,0.021,0.027,0.357,0.999,0.462,0.096,0.0,0.057,0.04,0.6,0.943,0.977,0.912,0.935,0.205,0.073,2
0.047,0.0,0.403,0.858,0.671,0.988,0.0,0.0,0.05,0.0,0.0,0.02,0.53,0.818,0.0,0.0,0.0,0.0,0.0,0.144,0.849,0.588,0.0,0.0,0.019,0.021,0.0,0.574,0.901,0.071,0.0,0.0,0.08,0.0,0.0,0.854,0.383,0.0,0.06,0.108,0.0,0.0,0.262,0.986,0.216,0.4,0.875,0.959,0.0,0.0,0.199,0.896,1.0,0.986,0.605,0.022,0.02,0.0,0.041,0.023,0.0,0.0,0.054,0.101,2
0.021,0.108,0.173,0.833,0.377,0.173,0.813,0.063,0.011,0.0,0.098,0.852,0.347,0.331,0.921,0.136,0.041,0.0,0.0,0.475,0.865,1.0,1.0,0.254,0.004,0.064,0.0,0.0,0.032,0.197,0.449,0.642,0.0,0.072,0.0,0.003,0.031,0.0,0.106,0.839,0.0,0.046,0.0,0.527,0.552,0.251,0.051,1.0,0.104,0.0,0.039,0.306,0.691,0.888,0.97,0.73,0.0,0.032,0.022,0.008,0.0,0.0,0.026,0.0,9
0.06,0.006,0.0,0.0,0.047,0.0,0.0,0.0,0.0,0.095,0.15,1.0,0.509,0.006,0.0,0.037,0.076,0.011,0.588,0.985,0.404,0.04,0.0,0.0,0.0,0.0,0.922,0.673,0.0,0.0,0.095,0.01,0.009,0.323,1.0,0.17,0.0,0.013,0.009,0.012,0.0,0.499,1.0,1.0,1.0,0.794,0.096,0.0,0.073,0.501,0.981,0.481,0.248,1.0,0.498,0.053,0.026,0.058,1.0,0.666,0.363,1.0,0.219,0.025,6
0.0,0.178,0.817,0.93,0.701,0.062,0.025,0.0,0.011,0.902,0.961,0.806,0.683,0.5,0.0,0.0,0.288,0.938,0.207,0.014,0.101,0.53,0.0,0.048,0.541,0.908,0.019,0.0,0.316,0.505,0.0,0.039,0.285,0.814,0.0,0.005,0.669,0.224,0.0,0.09,0.073,1.0,0.071,0.0,0.849,0.0,0.105,0.025,0.007,0.718,0.549,0.661,0.509,0.0,0.0,0.0,0.0,0.098,0.696,0.868,0.123,0.022,0.005,0.035,0
0.003,0.087,0.0,0.018,0.029,0.0,0.048,0.021,0.0,0.107,0.696,0.756,0.056,0.0,0.0,0.082,0.041,0.716,0.619,0.48,0.842,0.14,0.0,0.0,0.0,0.681,0.037,0.026,0.455,0.296,0.0,0.02,0.124,0.862,0.113,0.0,0.284,0.384,0.115,0.0,0.465,0.581,0.0,0.05,0.42,0.409,0.0,0.0,0.195,1.0,0.003,0.041,0.829,0.554,0.028,0.0,0.017,0.886,0.462,0.679,0.726,0.011,0.0,0.002,0
0.057,0.0,0.559,0.777,0.0,0.0,0.001,0.038,0.078,0.062,0.958,0.443,0.0,0.438,0.0,0.002,0.0,0.0,0.851,0.481,0.809,1.0,0.153,0.003,0.033,0.044,0.624,1.0,1.0,0.302,0.0,0.0,0.0,0.002,0.05,0.562,0.923,0.0,0.0,0.017,0.027,0.03,0.0,0.923,0.667,0.013,0.015,0.009,0.0,0.0,0.323,1.0,0.174,0.042,0.032,0.0,0.0,0.0,0.704,0.748,0.0,0.041,0.056,0.014,4
0.0,0.0,0.047,0.0,0.8,0.599,0.0,0.0,0.031,0.031,0.085,0.352,1.0,0.075,0.0,0.045,0.0,0.044,0.0,0.72,0.592,0.0,0.14,0.0,0.029,0.0,0.472,0.997,0.052,0.32,0.939,0.046,0.095,0.011,0.953,0.527,0.177,0.732,0.683,0.136,0.0,0.172,1.0,0.928,1.0,1.0,0.798,0.121,0.0,0.084,0.215,0.275,0.753,0.858,0.0,0.102,0.0,0.0,0.0,0.0,0.875,0.228,0.038,0.0,4
0.0,0.0,0.245,0.763,0.487,0.151,0.0,0.037,0.046,0.0,0.388,0.693,0.433,0.378,0.026,0.0,0.0,0.0,0.299,0.998,0.722,0.778,0.663,0.055,0.039,0.0,0.008,0.017,0.0,0.043,0.732,0.209,0.0,0.01,0.0,0.001,0.0,0.084,0.475,0.539,0.0,0.0,0.118,0.584,0.5,0.455,0.921,0.209,0.0,0.0,0.093,0.834,1.0,0.719,0.345,0.069,0.085,0.0,0.059,0.0,0.0,0.03,0.0,0.0,5
0.046,0.008,0.0,0.34,1.0,0.141,0.026,0.0,0.043,0.051,0.082,0.705,0.636,0.0,0.003,0.006,0.026,0.122,0.032,0.867,0.449,0.0,0.0,0.0,0.0,0.002,0.103,1.0,0.759,1.0,0.656,0.257,0.013,0.0,0.053,0.952,0.813,0.587,0.506,0.924,0.003,0.05,0.086,0.625,0.845,0.117,0.169,0.979,0.0,0.097,0.0,0.064,0.802,1.0,1.0,0.881,0.035,0.054,0.0,0.0,0.0,0.0,0.0,0.0,6
0.0,0.049,0.033,0.042,0.0,0.0,0.0,0.0,0.0,0.0,0.058,0.37,0.986,0.023,0.109,0.08,0.027,0.062,0.22,1.0,0.669,0.0,0.441,0.412,0.033,0.093,0.954,0.68,0.0,0.497,0.969,0.449,0.038,0.436,1.0,0.878,0.959,0.921,0.767,0.004,0.0,0.352,0.847,0.808,0.777,0.992,0.27,0.081,0.0,0.047,0.037,0.0,0.857,0.673,0.0,0.0,0.013,0.0,0.0,0.395,0.914,0.336,0.044,0.033,4
0.0,0.205,0.88,0.371,0.076,1.0,0.105,0.093,0.027,0.0,0.702,0.057,0.073,1.0,0.119,0.0,0.0,0.02,0.0,0.0,0.267,0.944,0.0,0.075,0.0,0.0,0.014,0.0,0.691,0.668,0.074,0.0,0.031,0.0,0.047,0.112,0.898,0.23,0.015,0.082,0.0,0.075,0.166,0.78,0.922,0.747,0.443,0.0,0.036,0.0,0.837,0.946,0.794,0.537,0.791,0.507,0.016,0.0,0.151,0.032,0.017,0.06,0.034,0.004,2
0.0,0.017,0.086,0.013,0.0,0.0,0.042,0.036,0.0,0.0,0.04,0.282,0.842,1.0,0.458,0.016,0.0,0.005,0.146,0.93,0.44,0.246,0.958,0.0,0.03,0.077,0.485,0.716,0.0,0.185,1.0,0.583,0.006,0.062,0.212,0.964,0.808,0.994,0.874,0.0,0.01,0.0,0.014,0.152,0.324,1.0,0.331,0.0,0.0,0.0,0.0,0.022,0.489,0.636,0.0,0.031,0.084,0.024,0.003,0.0,0.937,0.149,0.0,0.021,9
0.012,0.85,0.808,0.822,0.688,0.13,0.0,0.034,0.0,0.863,0.599,0.431,1.0,0.057,0.009,0.082,0.0,0.428,0.83,1.0,1.0,0.218,0.029,0.0,0.0,0.039,0.421,0.643,0.862,0.498,0.009,0.007,0.022,0.208,0.0,0.045,0.35,0.785,0.075,0.0,0.069,0.966,0.647,0.51,0.874,0.764,0.022,0.09,0.044,0.258,0.673,0.766,0.875,0.157,0.019,0.0,0.0,0.056,0.021,0.0,0.047,0.014,0.0,0.0,9
0.011,0.0,0.0,0.04,0.0,0.0,0.068,0.0,0.0,0.0,0.807,0.968,0.283,0.0,0.027,0.005,0.083,0.673,0.937,0.533,0.227,0.0,0.006,0.0,0.048,1.0,0.954,0.013,0.0,0.033,0.077,0.0,0.351,1.0,0.381,0.0,0.024,0.0,0.0,0.058,0.366,1.0,0.987,0.809,0.268,0.011,0.022,0.0,0.048,0.856,0.576,0.467,0.879,0.299,0.0,0.054,0.033,0.745,0.835,0.312,0.713,0.791,0.005,0.029,6
0.036,0.045,0.012,0.105,0.011,0.0,0.0,0.02,0.031,0.0,0.04,0.074,0.686,0.716,0.024,0.0,0.0,0.014,0.0,0.528,0.814,0.075,0.108,0.0,0.0,0.045,0.459,0.953,0.194,0.019,0.057,0.0,0.013,0.126,0.929,0.354,0.011,0.305,0.076,0.013,0.024,0.771,0.819,0.532,0.763,0.998,0.561,0.013,0.0,0.915,1.0,0.837,0.587,1.0,0.402,0.039,0.0,0.175,0.258,0.0,0.712,0.87,0.029,0.0,4
0.0,0.079,0.0,0.854,0.462,0.136,0.064,0.014,0.004,0.0,0.236,0.903,0.985,0.065,0.009,0.0,0.108,0.036,0.821,1.0,0.659,0.0,0.0,0.0,0.108,0.702,0.96,1.0,0.711,0.0,0.037,0.0,0.118,0.814,0.507,1.0,0.649,0.061,0.0,0.005,0.0,0.015,0.03,0.915,0.532,0.0,0.0,0.0,0.0,0.0,0.26,0.959,0.212,0.032,0.0,0.023,0.0,0.067,0.258,0.79,0.146,0.043,0.0,0.076,1
0.015,0.0,0.0,0.0,0.011,0.0,0.0,0.03,0.005,0.0,0.034,0.042,0.141,0.817,0.364,0.081,0.084,0.008,0.008,0.0,0.663,0.987,0.113,0.04,0.0,0.0,0.076,0.463,1.0,0.408,0.111,0.21,0.0,0.0,0.289,1.0,0.577,0.048,0.898,0.57,0.026,0.0,0.763,0.895,0.328,0.613,1.0,0.476,0.006,0.0,0.772,0.921,1.0,0.961,1.0,0.149,0.0,0.027,0.091,0.473,0.264,0.96,0.874,0.004,4
0.047,0.033,0.438,0.658,0.634,1.0,0.079,0.0,0.026,0.0,0.0,0.013,0.394,0.915,0.043,0.0,0.021,0.0,0.506,0.964,0.962,0.95,0.829,0.0,0.0,0.0,0.876,0.758,1.0,0.46,0.125,0.0,0.0,0.0,0.002,0.483,0.797,0.065,0.0,0.045,0.0,0.041,0.12,0.835,0.371,0.0,0.026,0.0,0.03,0.018,0.527,0.84,0.065,0.0,0.0,0.0,0.028,0.0,0.09,0.0,0.033,0.034,0.0,0.0,7
0.0,0.235,1.0,0.694,0.126,0.0,0.0,0.0,0.0,0.772,0.947,0.057,0.008,0.0,0.0,0.159,0.0,0.908,0.525,0.04,0.05,0.0,0.0,0.0,0.206,1.0,0.884,0.96,0.441,0.0,0.016,0.0,0.017,1.0,0.893,0.504,0.801,0.512,0.0,0.0,0.026,0.645,0.729,0.0,0.64,1.0,0.0,0.0,0.054,0.119,0.89,0.999,1.0,0.836,0.0,0.086,0.043,0.008,0.027,0.0,0.0,0.0,0.081,0.023,6
0.038,0.0,0.633,0.98,0.957,0.251,0.023,0.0,0.0,0.0,0.12,0.246,0.966,0.13,0.0,0.028,0.009,0.052,0.0,0.443,0.871,0.017,0.0,0.0,0.09,0.0,0.263,1.0,0.585,0.025,0.053,0.099,0.0,0.046,0.975,0.836,0.456,0.346,0.254,0.0,0.0,0.259,0.946,1.0,0.962,0.956,0.176,0.05,0.062,0.025,0.58,0.789,0.524,0.124,0.093,0.0,0.0,0.087,0.069,0.013,0.045,0.0,0.0,0.0,2
0.059,0.0,0.0,0.0,0.073,0.022,0.015,0.0,0.0,0.592,0.812,0.456,0.04,0.073,0.056,0.022,0.0,0.895,1.0,0.916,0.664,0.0,0.0,0.0,0.167,0.99,0.439,0.447,0.964,0.129,0.094,0.0,0.55,0.819,0.012,0.0,0.512,0.241,0.044,0.0,0.301,0.841,0.082,0.0,0.44,0.525,0.0,0.0,0.128,1.0,0.832,0.71,0.826,0.256,0.0,0.012,0.252,1.0,0.985,1.0,0.391,0.072,0.0,0.043,0
0.0,0.019,0.0,0.0,0.0,0.0,0.0,0.061,0.033,0.055,0.142,0.768,0.916,0.865,0.0,0.019,0.0,0.0,0.482,0.799,0.67,0.936,0.239,0.0,0.0,0.029,0.0,0.0,0.49,1.0,0.072,0.003,0.0,0.0,0.0,0.445,1.0,1.0,0.607,0.0,0.027,0.163,0.005,0.027,0.33,0.642,1.0,0.488,0.0,0.0,0.0,0.0,0.0,0.046,0.968,0.568,0.057,0.0,0.151,0.739,0.399,0.323,0.993,0.45,3
0.083,0.0,0.688,0.958,0.633,0.206,0.02,0.0,0.039,0.248,1.0,0.821,0.454,0.975,0.02,0.0,0.0,0.331,0.985,0.225,0.0,0.69,0.472,0.0,0.0,0.472,1.0,0.085,0.109,0.577,0.453,0.004,0.0,0.498,1.0,0.0,0.018,0.869,0.269,0.0,0.052,0.478,0.964,0.0,0.108,1.0,0.114,0.0,0.088,0.28,0.949,0.088,0.702,0.93,0.049,0.0,0.058,0.01,0.605,1.0,0.758,0.252,0.145,0.0,0
0.0,0.016,0.0,0.003,0.044,0.0,0.0,0.0,0.01,0.202,0.724,0.853,0.747,0.099,0.0,0.0,0.138,0.789,0.647,0.196,0.649,0.787,0.078,0.022,0.152,0.656,0.081,0.0,0.547,0.629,0.019,0.044,0.0,0.062,0.179,0.616,0.663,0.061,0.04,0.0,0.0,0.452,0.985,1.0,0.047,0.023,0.0,0.0,0.069,0.194,0.058,0.851,0.136,0.0,0.053,0.008,0.0,0.0,0.025,0.821,0.116,0.0,0.026,0.054,3
0.0,0.017,0.881,0.949,0.0,0.049,0.0,0.0,0.0,0.01,1.0,0.826,0.0,0.0,0.0,0.0,0.099,0.249,1.0,0.729,0.009,0.031,0.0,0.004,0.0,0.06,0.934,0.782,0.0,0.0,0.073,0.055,0.0,0.164,0.936,0.734,0.0,0.0,0.0,0.0,0.072,0.107,0.975,0.72,0.062,0.0,0.015,0.0,0.044,0.084,0.741,0.985,0.148,0.0,0.0,0.026,0.049,0.044,0.0,0.0,0.0,0.049,0.034,0.016,1
0.013,0.025,0.328,0.969,0.003,0.007,0.0,0.0,0.084,0.0,0.908,0.818,0.0,0.019,0.0,0.069,0.0,0.13,0.945,0.738,0.168,0.107,0.026,0.038,0.0,0.408,0.962,0.995,0.971,0.988,0.309,0.0,0.036,0.516,1.0,0.485,0.053,0.892,0.401,0.081,0.0,0.482,0.992,0.057,0.0,0.983,0.176,0.0,0.0,0.111,0.917,0.477,0.663,0.741,0.0,0.0,0.014,0.052,0.199,1.0,0.849,0.198,0.003,0.05,6
0.002,0.059,0.027,0.0,0.0,0.006,0.0,0.003,0.0,0.0,0.415,1.0,0.82,0.367,0.02,0.013,0.01,0.455,0.985,0.383,0.658,0.903,0.0,0.0,0.047,0.172,1.0,0.453,0.663,1.0,0.238,0.0,0.026,0.023,0.25,0.569,0.605,0.968,0.259,0.0,0.04,0.029,0.02,0.0,0.0,0.929,0.445,0.057,0.066,0.025,0.048,0.064,0.013,1.0,0.517,0.007,0.0,0.039,0.165,0.0,0.569,1.0,0.114,0.042,9
0.0,0.112,0.054,0.076,0.0,0.0,0.0,0.0,0.0,0.0,0.0,0.52,0.977,0.978,0.904,0.244,0.0,0.0,0.0,0.502,0.683,1.0,0.955,0.396,0.0,0.0,0.013,0.0,0.02,0.574,0.918,0.046,0.02,0.005,0.0,0.459,0.691,1.0,0.978,0.578,0.02,0.0,0.069,1.0,1.0,1.0,0.754,0.275,0.0,0.0,0.0,0.002,0.849,0.588,0.0,0.001,0.03,0.0,0.0,0.385,1.0,0.142,0.0,0.0,7
0.0,0.035,0.004,0.0,0.0,0.0,0.03,0.018,0.03,0.0,0.0,0.0,0.673,0.521,0.058,0.09,0.0,0.0,0.0,0.254,1.0,1.0,0.0,0.011,0.0,0.0,0.071,0.737,1.0,0.698,0.058,0.0,0.0,0.118,0.985,1.0,0.965,0.513,0.01,0.0,0.059,0.0,0.157,0.385,0.991,0.56,0.004,0.027,0.0,0.002,0.0,0.304,1.0,0.49,0.033,0.0,0.0,0.0,0.017,0.221,1.0,0.869,0.0,0.017,1
0.011,0.0,0.0,0.866,0.997,0.679,0.0,0.0,0.028,0.0,0.158,1.0,0.684,0.896,0.287,0.002,0.015,0.0,0.0,0.828,0.475,0.893,0.497,0.0,0.036,0.002,0.026,0.0,0.13,0.996,0.525,0.017,0.079,0.0,0.001,0.017,0.158,1.0,0.241,0.135,0.0,0.0,0.0,0.0,0.566,1.0,0.089,0.009,0.0,0.0,0.0,0.556,0.957,0.972,0.389,0.584,0.022,0.0,0.0,0.595,0.722,0.786,0.978,1.0,2
0.031,0.0,0.0,0.0,0.0,0.053,0.0,0.017,0.0,0.036,0.0,0.17,0.784,0.484,0.0,0.056,0.0,0.0,0.0,0.724,0.934,0.318,0.037,0.0,0.008,0.03,0.182,1.0,0.405,0.023,0.013,0.057,0.032,0.0,0.262,1.0,0.0,0.044,0.0,0.0,0.1,0.0,0.359,0.689,0.44,0.862,0.938,0.148,0.0,0.036,0.195,0.955,1.0,0.593,0.662,0.434,0.0,0.0,0.049,0.757,0.46,0.035,0.762,0.468,6
0.057,0.0,0.349,0.881,0.02,0.047,0.0,0.008,0.018,0.283,0.956,0.433,0.487,0.0,0.029,0.004,0.06,0.801,0.505,0.009,0.952,0.407,0.024,0.023,0.393,1.0,0.694,0.593,0.91,0.0,0.0,0.001,0.0,0.243,0.571,0.795,0.957,0.021,0.0,0.005,0.014,0.0,0.0,0.365,1.0,0.005,0.056,0.03,0.029,0.0,0.085,0.728,0.507,0.0,0.0,0.0,0.0,0.0,0.017,0.055,0.0,0.028,0.0,0.0,4
0.0,0.058,0.041,0.548,0.734,0.987,0.782,0.002,0.0,0.0,0.08,0.792,0.72,0.961,0.992,0.007,0.0,0.022,0.0,0.116,0.311,0.957,0.451,0.094,0.052,0.009,0.0,0.421,0.962,0.29,0.018,0.049,0.0,0.022,0.007,0.352,1.0,0.719,0.067,0.0,0.101,0.025,0.008,0.152,0.754,0.958,0.758,0.0,0.022,0.011,0.078,0.014,0.123,0.891,1.0,0.242,0.0,0.0,0.0,0.937,1.0,0.81,0.426,0.0,3
0.06,0.0,0.008,0.935,0.965,0.077,0.0,0.0,0.0,0.0,0.098,0.882,1.0,0.061,0.0,0.0,0.0,0.0,0.0,0.964,1.0,0.149,0.084,0.0,0.025,0.0,0.0,0.629,0.998,0.328,0.0,0.0,0.013,0.0,0.0,0.786,0.831,0.041,0.017,0.0,0.0,0.0,0.0,0.874,0.853,0.0,0.0,0.0,0.001,0.0,0.042,1.0,0.662,0.0,0.0,0.0,0.0,0.0,0.122,0.91,0.723,0.024,0.0,0.063,1
0.042,0.512,0.839,0.742,0.81,1.0,0.32,0.0,0.0,0.669,0.446,0.0,0.429,0.673,0.018,0.04,0.049,1.0,0.186,0.144,0.99,0.166,0.0,0.0,0.059,0.181,0.017,0.788,0.476,0.0,0.0,0.0,0.0,0.0,0.302,0.773,0.067,0.036,0.0,0.058,0.042,0.0,0.811,0.434,0.001,0.037,0.0,0.02,0.0,0.181,0.871,0.127,0.058,0.017,0.0,0.0,0.022,0.0,0.0,0.035,0.053,0.047,0.0,0.085,7
0.0,0.0,0.017,0.567,1.0,1.0,0.398,0.105,0.0,0.0,0.704,1.0,0.873,0.977,0.792,0.0,0.0,0.0,0.111,0.186,0.221,0.987,0.53,0.096,0.002,0.0,0.0,0.014,0.76,0.939,0.147,0.0,0.029,0.007,0.0,0.22,1.0,1.0,0.706,0.241,0.064,0.016,0.0,0.032,0.296,0.733,1.0,0.67,0.0,0.021,0.067,0.113,0.422,0.907,1.0,0.405,0.0,0.037,0.085,0.648,0.985,0.842,0.306,0.0,3
0.02,0.02,0.064,0.734,1.0,0.552,0.018,0.054,0.015,0.0,0.0,0.927,1.0,0.499,0.021,0.052,0.027,0.022,0.053,0.875,1.0,0.654,0.035,0.0,0.0,0.046,0.0,1.0,1.0,0.453,0.042,0.09,0.0,0.054,0.14,0.972,1.0,0.379,0.044,0.014,0.0,0.0,0.258,1.0,0.916,0.235,0.0,0.0,0.018,0.0,0.353,1.0,0.975,0.026,0.0,0.0,0.0,0.0,0.067,0.938,0.881,0.241,0.047,0.0,1
0.0,0.0,0.0,0.104,0.731,1.0,1.0,0.433,0.0,0.0,0.099,0.595,0.835,0.425,0.557,0.284,0.0,0.051,0.029,0.869,0.29,0.0,0.011,0.027,0.0,0.0,0.705,0.926,0.507,0.385,0.088,0.0,0.0,0.013,0.3,0.96,0.993,0.93,0.955,0.387,0.039,0.004,0.093,0.292,0.234,0.219,0.798,0.453,0.0,0.0,0.085,0.031,0.195,0.422,0.909,0.317,0.067,0.037,0.042,0.105,0.98,0.896,0.251,0.0,5
0.0,0.0,0.017,0.0,0.0,0.005,0.0,0.0,0.0,0.0,0.205,0.778,0.759,0.402,0.0,0.035,0.039,0.0,1.0,1.0,1.0,0.321,0.096,0.0,0.041,0.021,0.987,1.0,0.929,1.0,0.052,0.0,0.0,0.294,0.969,0.992,0.933,0.719,0.0,0.0,0.045,0.232,0.914,0.999,0.899,0.753,0.083,0.0,0.002,0.145,0.949,0.937,1.0,0.577,0.023,0.0,0.141,0.0,0.764,0.97,1.0,0.458,0.0,0.027,1
0.475,0.958,0.886,0.507,0.277,0.097,0.119,0.0,0.611,1.0,0.034,0.054,0.003,0.096,0.0,0.0,0.196,1.0,0.888,0.067,0.021,0.033,0.029,0.063,0.07,0.142,0.877,0.171,0.0,0.0,0.0,0.019,0.069,0.188,0.814,0.204,0.0,0.069,0.0,0.0,0.255,0.944,0.892,0.273,0.0,0.0,0.0,0.0,0.022,0.834,0.661,0.021,0.133,0.0,0.0,0.0,0.028,0.044,0.0,0.022,0.0,0.0,0.0,0.0,5
0.036,0.0,0.0,0.0,0.025,0.083,0.039,0.037,0.086,0.049,0.0,0.184,0.908,0.935,0.491,0.045,0.024,0.046,0.065,0.622,1.0,1.0,0.669,0.0,0.093,0.029,0.091,0.806,0.883,0.964,0.216,0.0,0.0,0.0,0.0,0.69,0.956,1.0,0.344,0.0,0.142,0.068,0.029,0.81,1.0,0.947,0.286,0.036,0.067,0.027,0.0,0.694,0.964,0.96,0.307,0.043,0.0,0.063,0.011,0.432,0.935,0.993,0.99,0.428,1
0.0,0.0,0.0,0.0,0.0,0.011,0.083,0.031,0.0,0.474,1.0,0.879,0.292,0.028,0.0,0.0,0.322,1.0,0.734,0.995,0.762,0.007,0.0,0.028,0.029,0.41,0.0,1.0,0.647,0.0,0.063,0.0,0.029,0.0,0.697,0.92,0.033,0.028,0.099,0.0,0.084,0.0,0.9,0.37,0.106,0.025,0.0,0.0,0.011,0.635,0.809,0.082,0.295,0.067,0.0,0.0,0.0,0.717,0.758,0.835,1.0,0.155,0.0,0.012,2
0.022,0.041,0.635,0.805,0.0,0.0,0.05,0.026,0.042,0.079,0.949,0.562,0.0,0.379,0.195,0.0,0.036,0.692,0.758,0.018,0.25,1.0,0.289,0.0,0.409,0.931,0.594,0.544,0.878,0.9,0.0,0.0,0.829,1.0,1.0,1.0,1.0,0.578,0.077,0.064,0.087,0.161,0.028,0.649,1.0,0.17,0.0,0.0,0.047,0.0,0.251,1.0,0.441,0.0,0.054,0.036,0.083,0.069,0.488,0.917,0.095,0.057,0.0,0.011,4
0.0,0.068,0.077,0.919,0.322,0.328,0.735,0.078,0.048,0.001,0.226,0.655,0.0,0.075,0.983,0.164,0.017,0.024,0.091,0.758,0.766,0.75,1.0,0.128,0.115,0.054,0.005,0.008,0.289,0.518,0.765,0.0,0.008,0.045,0.058,0.0,0.012,0.172,0.75,0.055,0.0,0.006,0.031,0.465,0.227,0.63,0.635,0.08,0.031,0.0,0.0,0.419,0.967,0.866,0.185,0.0,0.031,0.02,0.136,0.0,0.0,0.0,0.0,0.0,9
0.049,0.017,0.0,0.0,0.0,0.039,0.0,0.0,0.0,0.0,0.0,0.0,0.426,1.0,0.269,0.0,0.055,0.0,0.0,0.04,0.828,1.0,0.117,0.0,0.0,0.041,0.192,0.797,1.0,0.35,0.085,0.017,0.024,0.0,0.482,0.991,0.554,0.0,0.633,0.319,0.0,0.033,0.751,0.936,0.542,0.523,1.0,0.726,0.0,0.05,0.0,0.989,0.93,0.876,0.936,0.479,0.018,0.012,0.0,0.0,0.275,0.999,0.67,0.0,4
0.018,0.017,0.007,0.0,0.0,0.0,0.0,0.008,0.0,0.01,0.0,0.45,0.586,0.062,0.07,0.0,0.0,0.004,0.2,1.0,0.664,0.015,0.113,0.0,0.019,0.014,0.47,0.677,0.0,0.026,0.037,0.035,0.0,0.036,0.707,0.399,0.047,0.142,0.0,0.0,0.0,0.015,0.679,1.0,0.986,0.917,0.239,0.0,0.0,0.011,0.861,0.724,0.06,0.048,0.897,0.03,0.0,0.0,0.372,0.73,0.034,0.228,0.885,0.092,6
0.173,0.882,1.0,0.737,0.794,0.015,0.069,0.034,0.131,1.0,0.731,0.064,0.336,0.35,0.0,0.0,0.272,0.647,0.273,0.025,0.243,0.548,0.045,0.0,0.528,0.579,0.034,0.039,0.788,0.298,0.036,0.0,0.446,0.599,0.0,0.149,0.907,0.0,0.009,0.032,0.032,0.824,0.349,0.735,0.677,0.0,0.0,0.0,0.03,0.351,0.81,0.543,0.0,0.0,0.0,0.0,0.0,0.025,0.0,0.0,0.0,0.012,0.0,0.089,0
0.025,0.035,0.064,0.0,0.015,0.0,0.013,0.0,0.0,0.011,0.0,0.226,0.894,0.988,0.3,0.0,0.091,0.034,0.29,0.934,1.0,0.989,0.559,0.0,0.018,0.01,0.634,0.934,0.505,0.962,0.309,0.0,0.0,0.053,0.097,0.119,0.789,0.823,0.068,0.0,0.0,0.028,0.017,0.075,1.0,0.364,0.088,0.063,0.0,0.07,0.006,0.431,0.929,0.0,0.19,0.412,0.032,0.0,0.05,0.589,1.0,0.768,1.0,0.334,2
0.0,0.0,0.0,0.0,0.014,0.0,0.0,0.0,0.0,0.142,0.182,0.774,0.951,0.263,0.0,0.0,0.0,0.371,1.0,0.619,0.89,0.366,0.0,0.054,0.0,0.0,0.0,0.382,1.0,0.591,0.0,0.0,0.0,0.0,0.486,0.862,0.953,0.187,0.129,0.036,0.0,0.0,0.625,1.0,0.923,0.911,0.091,0.0,0.047,0.0,0.041,0.127,0.09,0.874,0.674,0.094,0.0,0.023,0.243,0.316,0.722,1.0,0.877,0.0,3
0.009,0.0,0.398,0.878,0.429,1.0,0.976,0.0,0.001,0.053,0.541,0.672,0.068,0.529,1.0,0.132,0.013,0.0,0.155,0.693,0.871,0.953,1.0,0.236,0.014,0.0,0.0,0.007,0.235,0.252,0.92,0.476,0.043,0.0,0.0,0.047,0.0,0.005,0.624,0.526,0.0,0.0,0.022,0.542,0.413,0.159,0.631,0.703,0.0,0.0,0.018,0.356,0.885,0.888,0.94,0.424,0.02,0.0,0.0,0.0,0.0,0.0,0.008,0.0,9
0.0,0.439,0.972,0.471,0.0,0.0,0.028,0.0,0.201,0.932,0.469,0.0,0.021,0.465,0.0,0.08,0.484,0.914,0.0,0.109,0.774,0.893,0.019,0.029,0.507,0.984,0.876,0.901,0.995,0.455,0.0,0.032,0.139,0.443,0.443,0.955,0.736,0.0,0.003,0.077,0.01,0.03,0.45,0.916,0.312,0.044,0.012,0.0,0.0,0.021,0.741,0.728,0.047,0.0,0.0,0.023,0.0,0.034,0.0,0.021,0.0,0.006,0.0,0.047,4
0.034,0.015,0.056,0.0,0.585,0.851,0.203,0.023,0.0,0.0,0.0,0.366,1.0,0.705,0.314,0.0,0.132,0.03,0.16,1.0,0.695,0.046,0.013,0.044,0.0,0.017,0.081,0.981,0.442,0.17,0.0,0.0,0.0,0.01,0.113,1.0,0.922,1.0,0.557,0.0,0.0,0.036,0.175,0.899,0.978,0.686,0.997,0.412,0.0,0.0,0.0,0.822,1.0,0.484,0.772,0.609,0.01,0.074,0.0,0.0,0.724,0.987,1.0,0.647,6
0.0,0.076,0.929,0.276,0.034,0.0,0.094,0.0,0.018,0.674,0.566,0.008,0.0,0.218,0.02,0.0,0.33,0.878,0.092,0.0,0.491,0.874,0.042,0.003,0.588,0.977,0.743,0.772,0.982,0.393,0.0,0.0,0.349,0.783,0.581,0.693,0.846,0.0,0.0,0.0,0.0,0.013,0.0,0.693,0.616,0.0,0.066,0.047,0.069,0.027,0.306,0.824,0.091,0.001,0.0,0.054,0.017,0.0,0.0,0.0,0.0,0.0,0.0,0.057,4
0.0,0.013,0.046,0.112,0.004,0.0,0.048,0.0,0.036,0.336,0.92,0.15,0.0,0.0,0.0,0.042,0.0,0.14,0.962,0.43,0.002,0.0,0.001,0.075,0.019,0.117,0.966,0.624,0.09,0.0,0.049,0.0,0.012,0.09,0.998,0.729,0.0,0.0,0.059,0.006,0.0,0.102,1.0,0.889,0.279,0.08,0.068,0.0,0.0,0.0,0.185,0.792,0.798,0.028,0.033,0.062,0.015,0.307,0.74,0.841,1.0,0.71,0.335,0.0,1
0.02,0.0,0.049,0.616,1.0,0.644,0.041,0.102,0.0,0.0,0.412,0.721,0.911,1.0,0.434,0.0,0.0,0.1,0.072,0.116,0.58,1.0,0.65,0.037,0.0,0.0,0.14,0.846,0.781,0.942,0.724,0.015,0.0,0.028,0.0,0.189,0.466,0.356,0.792,0.284,0.0,0.025,0.0,0.0,0.0,0.022,0.674,0.506,0.004,0.0,0.0,0.324,0.828,0.964,0.851,0.405,0.0,0.0,0.064,0.825,0.456,0.239,0.036,0.083,9
0.096,0.0,0.818,0.56,0.054,0.015,0.043,0.0,0.0,0.411,0.751,0.0,0.0,0.0,0.013,0.032,0.0,0.477,0.632,0.017,0.0,0.049,0.0,0.0,0.0,0.833,0.749,0.684,0.718,0.0,0.072,0.0,0.239,1.0,1.0,0.372,0.688,0.665,0.0,0.015,0.0,0.445,0.945,0.322,0.099,0.7,0.0,0.029,0.0,0.0,0.505,0.943,0.953,0.47,0.098,0.0,0.032,0.0,0.112,0.017,0.0,0.03,0.0,0.0,6
0.129,0.0,0.0,0.034,0.042,0.0,0.0,0.0,0.049,0.0,0.0,0.0,0.594,1.0,0.587,0.0,0.077,0.036,0.027,0.632,1.0,0.65,0.399,0.0,0.0,0.0,0.24,1.0,0.444,0.0,0.0,0.0,0.0,0.0,0.608,0.915,0.746,0.259,0.0,0.0,0.005,0.098,0.603,1.0,0.548,0.924,0.365,0.077,0.02,0.016,0.153,1.0,0.203,0.438,0.975,0.142,0.016,0.0,0.0,0.696,0.807,0.445,1.0,0.364,6
0.0,0.002,0.0,0.003,0.013,0.035,0.021,0.042,0.0,0.11,0.033,0.364,0.866,0.918,0.239,0.033,0.0,0.0,0.285,1.0,0.853,0.929,0.486,0.0,0.0,0.017,0.622,0.867,0.0,0.872,0.47,0.0,0.0,0.022,0.004,0.0,0.143,0.917,0.258,0.0,0.0,0.015,0.035,0.001,0.689,0.749,0.069,0.0,0.009,0.051,0.0,0.126,1.0,0.255,0.63,0.608,0.0,0.0,0.0,0.419,0.974,0.862,0.897,0.172,2
0.0,0.0,0.037,0.699,0.674,0.403,1.0,0.725,0.0,0.0,0.0,0.0,0.0,0.24,0.858,0.603,0.001,0.007,0.398,0.622,0.539,0.618,1.0,0.083,0.014,0.02,0.538,0.997,1.0,1.0,1.0,0.544,0.034,0.0,0.138,0.272,0.507,1.0,0.395,0.0,0.0,0.14,0.0,0.0,0.639,0.921,0.0,0.018,0.107,0.011,0.072,0.303,1.0,0.305,0.051,0.038,0.0,0.043,0.0,0.023,0.054,0.0,0.044,0.024,7
0.015,0.015,0.108,0.311,1.0,0.937,0.13,0.0,0.0,0.079,0.0,0.832,0.884,0.977,0.413,0.056,0.003,0.0,0.014,0.857,0.274,0.696,0.514,0.067,0.0,0.0,0.0,0.092,0.0,1.0,0.298,0.0,0.014,0.009,0.0,0.026,0.412,1.0,0.044,0.019,0.007,0.023,0.0,0.314,1.0,0.576,0.006,0.0,0.0,0.0,0.139,1.0,1.0,0.98,0.573,0.805,0.0,0.027,0.002,0.281,0.105,0.508,1.0,0.871,2
0.0,0.019,0.073,0.0,0.016,0.029,0.0,0.0,0.0,0.04,0.148,0.543,0.89,1.0,0.996,0.165,0.0,0.033,0.689,0.665,0.181,0.586,1.0,0.209,0.0,0.0,0.0,0.044,0.065,0.546,0.678,0.022,0.003,0.012,0.01,0.061,0.0,0.402,0.909,0.061,0.0,0.0,0.029,0.07,0.035,0.0,0.818,0.529,0.029,0.0,0.053,0.0,0.0,0.017,0.734,0.823,0.082,0.0,0.029,0.297,0.304,0.401,0.9,0.45,3
0.0,0.024,0.88,0.884,0.816,0.515,0.0,0.022,0.0,0.105,0.881,0.415,0.052,0.808,0.075,0.047,0.0,0.096,1.0,0.024,0.0,0.588,0.239,0.0,0.028,0.299,1.0,0.312,0.0,0.632,0.118,0.0,0.059,0.15,0.989,0.105,0.18,1.0,0.0,0.0,0.156,0.046,0.704,0.838,0.945,0.815,0.0,0.016,0.0,0.0,0.196,0.923,0.987,0.316,0.065,0.054,0.0,0.039,0.002,0.0,0.0,0.0,0.0,0.035,0
0.023,0.0,0.092,1.0,0.674,0.023,0.0,0.039,0.021,0.0,0.466,0.942,1.0,0.869,0.0,0.084,0.013,0.0,0.218,0.995,1.0,0.929,0.0,0.0,0.122,0.0,0.155,0.972,0.926,0.01,0.0,0.058,0.0,0.0,0.487,0.94,0.991,0.4,0.0,0.065,0.0,0.078,0.788,0.557,0.645,0.886,0.0,0.0,0.025,0.0,0.736,0.582,0.44,0.965,0.003,0.0,0.003,0.0,0.141,0.769,0.986,0.63,0.009,0.0,8
0.0,0.032,0.006,0.0,0.012,0.0,0.0,0.0,0.001,0.0,0.088,0.0,0.894,0.727,0.0,0.0,0.0,0.0,0.0,0.018,0.667,0.997,0.161,0.063,0.035,0.002,0.017,0.045,0.656,1.0,0.042,0.023,0.103,0.0,0.013,0.077,0.923,1.0,0.036,0.0,0.045,0.0,0.091,0.027,1.0,0.954,0.051,0.0,0.017,0.007,0.0,0.282,1.0,0.879,0.0,0.0,0.018,0.0,0.0,0.192,0.972,0.842,0.0,0.0,1
0.195,0.881,0.655,0.327,0.0,0.0,0.0,0.072,0.429,1.0,0.945,0.658,0.253,0.039,0.034,0.0,0.215,0.934,0.748,0.864,0.767,0.0,0.122,0.037,0.085,0.157,0.0,0.028,0.922,0.494,0.0,0.02,0.0,0.0,0.0,0.012,0.438,0.67,0.017,0.0,0.197,1.0,0.676,0.366,0.605,1.0,0.0,0.0,0.135,0.777,0.984,0.952,1.0,0.516,0.0,0.068,0.045,0.022,0.0,0.057,0.046,0.047,0.0,0.0,5
0.016,0.028,0.226,1.0,0.957,1.0,0.579,0.233,0.0,0.085,0.698,1.0,0.608,0.478,0.732,0.206,0.044,0.016,0.576,0.954,0.038,0.0,0.05,0.0,0.0,0.052,0.254,1.0,0.641,0.072,0.0,0.0,0.0,0.079,0.015,0.395,1.0,0.629,0.0,0.078,0.0,0.0,0.014,0.0,0.745,0.943,0.109,0.0,0.009,0.03,0.158,0.58,0.878,0.891,0.046,0.002,0.0,0.0,0.302,1.0,0.861,0.13,0.0,0.014,5
0.025,0.0,0.035,0.087,0.0,0.009,0.0,0.089,0.0,0.0,0.033,0.619,0.553,0.676,0.715,0.0,0.0,0.067,0.0,0.902,0.592,0.451,0.214,0.0,0.0,0.0,0.0,0.826,0.387,0.168,0.073,0.044,0.098,0.0,0.0,0.883,1.0,0.888,0.683,0.106,0.054,0.0,0.0,0.015,0.026,0.055,0.226,0.547,0.0,0.0,0.035,0.0,0.108,0.078,0.079,0.814,0.038,0.02,0.0,0.27,0.021,0.105,0.624,0.459,5
0.005,0.443,1.0,0.565,0.857,0.251,0.0,0.0,0.0,0.74,0.345,0.026,0.77,0.24,0.0,0.052,0.033,0.246,0.328,0.097,0.951,0.053,0.0,0.0,0.0,0.035,0.088,0.77,0.48,0.039,0.0,0.0,0.0,0.0,0.431,0.901,0.0,0.0,0.0,0.08,0.001,0.064,0.686,0.555,0.562,0.457,0.309,0.099,0.049,0.038,0.459,0.871,0.873,0.803,0.812,0.0,0.062,0.079,0.043,0.0,0.0,0.0,0.0,0.0,2
0.021,0.064,0.052,0.957,0.872,0.489,0.686,0.521,0.093,0.054,0.083,0.896,0.872,1.0,0.486,0.0,0.0,0.007,0.426,0.962,0.856,0.735,0.909,0.066,0.0,0.0,0.473,0.695,0.268,0.12,0.991,0.363,0.0,0.012,0.0,0.011,0.0,0.246,0.947,0.159,0.0,0.002,0.023,0.591,0.42,0.772,0.651,0.0,0.0,0.0,0.0,0.432,0.903,0.868,0.0,0.0,0.0,0.0,0.064,0.007,0.056,0.0,0.023,0.0,5
0.011,0.636,1.0,0.519,0.059,0.0,0.017,0.064,0.449,0.95,0.612,0.742,0.708,0.068,0.033,0.047,0.509,0.871,0.0,0.423,0.922,0.116,0.048,0.023,0.148,0.822,0.922,0.943,1.0,0.199,0.052,0.023,0.0,0.072,0.281,0.251,1.0,0.21,0.041,0.0,0.049,0.187,0.045,0.04,0.783,0.522,0.04,0.024,0.146,0.922,0.537,0.582,0.919,0.427,0.023,0.0,0.0,0.519,0.944,0.893,0.679,0.035,0.0,0.07,9
0.0,0.05,0.532,0.945,0.965,0.896,0.001,0.005,0.007,0.109,1.0,0.652,0.0,1.0,0.447,0.018,0.0,0.283,1.0,0.086,0.0,0.673,0.3,0.17,0.0,0.265,0.826,0.0,0.055,0.759,0.336,0.0,0.0,0.247,1.0,0.475,0.0,1.0,0.0,0.0,0.138,0.063,0.936,0.767,0.49,0.929,0.0,0.0,0.0,0.082,0.224,0.778,0.973,0.292,0.0,0.0,0.0,0.003,0.045,0.025,0.0,0.021,0.0,0.0,0
0.0,0.0,0.0,0.966,1.0,0.968,0.554,0.0,0.0,0.057,0.063,0.448,0.097,0.642,0.522,0.0,0.0,0.009,0.0,0.04,0.0,0.862,0.52,0.0,0.0,0.11,0.028,0.092,0.237,1.0,0.208,0.0,0.035,0.0,0.02,0.527,0.955,0.629,0.0,0.0,0.0,0.0,0.525,0.956,1.0,1.0,0.963,0.154,0.025,0.1,0.114,0.679,0.77,0.475,0.155,0.0,0.043,0.043,0.0,0.063,0.0,0.0,0.0,0.0,2
0.0,0.027,0.0,0.0,0.003,0.0,0.0,0.015,0.055,0.0,0.012,0.596,1.0,0.922,1.0,0.062,0.0,0.009,0.035,0.832,0.697,1.0,0.663,0.061,0.0,0.0,0.199,0.887,0.166,0.78,0.232,0.022,0.0,0.0,0.251,0.382,0.513,0.997,0.263,0.143,0.0,0.056,0.0,0.931,0.957,1.0,0.793,0.439,0.0,0.0,0.0,0.292,0.811,0.138,0.0,0.075,0.047,0.0,0.0,0.399,0.742,0.044,0.116,0.0,7
0.0,0.099,0.0,0.29,0.799,0.635,0.373,0.049,0.0,0.0,0.325,0.838,0.054,0.993,1.0,0.006,0.115,0.0,0.47,0.691,0.0,0.812,1.0,0.01,0.014,0.044,0.183,0.846,0.968,0.998,0.924,0.145,0.046,0.0,0.0,0.008,0.204,0.595,0.998,0.131,0.0,0.0,0.047,0.0,0.079,0.245,1.0,0.149,0.036,0.0,0.235,0.861,0.563,0.823,1.0,0.0,0.047,0.036,0.0,0.334,0.877,0.744,0.36,0.0,9
0.024,0.0,0.053,0.171,0.964,0.522,0.0,0.0,0.003,0.0,0.058,0.819,0.901,0.139,0.0,0.0,0.0,0.0,0.454,0.944,0.101,0.39,0.282,0.011,0.034,0.147,0.85,0.194,0.019,0.863,0.47,0.045,0.0,0.528,0.722,0.087,0.216,1.0,0.0,0.076,0.035,0.718,0.889,0.717,0.967,0.604,0.025,0.0,0.029,0.197,0.482,0.403,0.936,0.2,0.0,0.0,0.032,0.02,0.021,0.149,0.974,0.179,0.026,0.024,4
0.044,0.015,0.439,0.781,0.989,0.587,0.008,0.072,0.012,0.211,0.969,0.324,0.511,0.12,0.036,0.065,0.0,0.258,0.994,0.069,0.487,0.228,0.044,0.0,0.0,0.401,1.0,0.908,0.768,1.0,0.164,0.0,0.024,0.246,0.719,0.041,0.0,1.0,0.44,0.0,0.025,0.0,0.052,0.0,0.471,1.0,0.02,0.0,0.0,0.032,0.023,0.586,0.934,0.375,0.0,0.0,0.0,0.0,0.688,0.653,0.234,0.058,0.081,0.03,5
0.0,0.0,0.035,0.016,0.441,0.741,0.523,0.141,0.033,0.0,0.053,0.201,1.0,0.976,1.0,0.26,0.02,0.0,0.067,0.499,0.947,0.908,0.778,0.058,0.043,0.0,0.163,1.0,0.977,0.956,0.332,0.025,0.022,0.008,0.242,0.878,1.0,1.0,0.183,0.0,0.0,0.0,0.078,0.988,1.0,1.0,0.061,0.041,0.033,0.0,0.0,0.508,0.976,0.999,0.535,0.03,0.02,0.0,0.074,0.0,0.574,0.695,0.359,0.091,1
0.0,0.405,0.971,0.41,0.445,0.275,0.032,0.0,0.0,0.21,0.793,0.185,0.0,0.035,0.003,0.0,0.001,0.749,0.992,0.97,0.024,0.106,0.0,0.01,0.0,0.157,0.669,0.754,0.365,0.01,0.033,0.038,0.011,0.0,0.0,0.718,0.692,0.055,0.054,0.0,0.0,0.0,0.273,1.0,0.573,0.0,0.088,0.0,0.031,0.0,0.813,1.0,0.161,0.0,0.017,0.0,0.0,0.022,0.046,0.0,0.0,0.037,0.07,0.0,5
0.0,0.566,0.696,0.131,0.622,0.504,0.055,0.015,0.052,0.745,0.891,0.214,0.733,0.455,0.023,0.023,0.08,0.257,0.897,0.997,1.0,1.0,0.006,0.0,0.064,0.0,0.0,0.0,0.042,0.765,0.329,0.036,0.026,0.0,0.002,0.004,0.073,0.437,0.681,0.0,0.097,0.0,0.775,0.041,0.164,0.284,0.786,0.002,0.0,0.0,0.695,1.0,0.92,0.977,0.487,0.0,0.0,0.05,0.023,0.001,0.097,0.0,0.0,0.0,9
0.017,0.0,0.426,0.615,0.0,0.0,0.0,0.018,0.061,0.0,0.496,1.0,0.177,0.001,0.0,0.093,0.023,0.03,0.421,0.962,0.671,0.046,0.02,0.015,0.006,0.0,0.606,0.987,1.0,0.139,0.0,0.005,0.02,0.053,0.049,0.204,1.0,0.194,0.0,0.004,0.02,0.019,0.048,0.041,0.896,0.561,0.037,0.061,0.057,0.0,0.338,0.707,0.966,1.0,0.386,0.271,0.0,0.0,0.241,0.985,1.0,0.902,0.924,0.908,1
0.051,0.047,0.239,0.673,0.791,0.361,0.002,0.043,0.001,0.049,0.953,0.94,0.814,1.0,0.185,0.0,0.052,0.24,1.0,0.405,0.172,1.0,0.13,0.027,0.006,0.011,0.775,1.0,0.948,1.0,0.221,0.0,0.045,0.0,0.039,0.212,0.202,0.942,0.532,0.032,0.0,0.058,0.0,0.023,0.048,0.887,0.286,0.0,0.044,0.008,0.382,0.431,0.474,0.975,0.192,0.0,0.0,0.021,0.097,0.831,0.899,0.486,0.015,0.0,9
0.0,0.045,0.001,0.053,0.791,0.909,0.119,0.087,0.0,0.0,0.0,0.107,0.987,0.368,0.0,0.0,0.06,0.082,0.0,0.338,0.708,0.0,0.001,0.0,0.007,0.0,0.022,0.63,0.906,0.664,0.116,0.0,0.031,0.002,0.07,0.585,1.0,1.0,1.0,0.041,0.001,0.0,0.004,0.495,1.0,0.971,0.981,0.381,0.0,0.0,0.016,0.0,0.128,0.682,0.678,0.044,0.068,0.0,0.0,0.0,0.0,0.109,0.04,0.056,6
0.023,0.026,0.871,0.959,0.362,0.777,0.011,0.0,0.0,0.122,1.0,0.591,0.032,0.819,0.0,0.034,0.0,0.054,0.617,0.892,0.598,0.56,0.0,0.0,0.031,0.0,0.0,0.448,0.991,0.803,0.026,0.031,0.0,0.0,0.136,0.694,0.159,0.99,0.353,0.125,0.021,0.007,0.482,0.665,0.168,0.939,0.226,0.0,0.0,0.006,0.127,0.77,0.931,0.597,0.023,0.0,0.007,0.115,0.0,0.0,0.013,0.064,0.0,0.013,8
0.0,0.023,0.0,0.087,0.0,0.0,0.0,0.026,0.015,0.0,0.101,0.623,0.238,0.0,0.0,0.0,0.0,0.05,0.497,0.99,0.191,0.0,0.056,0.0,0.059,0.351,0.89,1.0,0.213,0.061,0.0,0.065,0.0,0.764,0.379,0.949,0.191,0.0,0.0,0.0,0.352,0.954,0.056,0.986,0.285,0.182,0.084,0.06,0.424,1.0,0.931,1.0,0.716,0.267,0.0,0.0,0.0,0.048,0.088,0.881,0.011,0.0,0.0,0.021,4
0.0,0.0,0.246,1.0,0.506,0.0,0.0,0.0,0.0,0.001,0.591,1.0,0.053,0.0,0.025,0.03,0.001,0.0,0.818,1.0,0.351,0.095,0.0,0.065,0.0,0.102,0.957,1.0,0.888,0.472,0.057,0.016,0.0,0.201,1.0,1.0,0.322,1.0,0.617,0.03,0.005,0.0,0.435,1.0,0.742,1.0,0.559,0.099,0.015,0.067,0.04,0.91,0.97,0.861,0.121,0.016,0.0,0.036,0.007,0.0,0.0,0.027,0.0,0.112,6
0.01,0.136,0.025,0.0,0.099,0.023,0.081,0.0,0.017,0.026,0.43,0.601,0.728,0.098,0.075,0.05,0.003,0.91,0.9,0.724,0.248,0.029,0.006,0.0,0.038,0.653,0.368,0.055,0.0,0.0,0.0,0.028,0.016,0.645,0.794,0.805,0.738,0.317,0.0,0.0,0.018,0.226,0.458,0.365,0.543,0.882,0.512,0.114,0.0,0.0,0.0,0.026,0.04,0.289,0.756,0.04,0.045,0.001,0.126,0.138,0.084,0.697,0.499,0.0,5
0.001,0.018,0.052,0.0,0.0,0.019,0.0,0.0,0.017,0.389,1.0,0.969,0.454,0.0,0.059,0.034,0.505,1.0,0.834,0.69,0.989,0.0,0.0,0.028,0.405,0.647,0.019,0.296,0.935,0.032,0.006,0.017,0.041,0.015,0.0,0.742,0.516,0.036,0.047,0.093,0.0,0.069,0.278,0.995,0.043,0.039,0.015,0.105,0.0,0.107,1.0,0.527,0.208,0.282,0.0,0.0,0.0,0.52,0.998,0.55,0.908,0.619,0.016,0.061,2
0.047,0.003,0.019,0.028,0.036,0.0,0.001,0.047,0.026,0.0,0.0,0.249,0.713,0.935,1.0,0.771,0.0,0.061,0.196,1.0,0.729,0.485,0.586,0.748,0.0,0.0,0.12,0.178,0.0,0.0,0.909,0.393,0.009,0.023,0.001,0.433,0.691,1.0,0.91,0.0,0.0,0.08,0.24,0.973,1.0,1.0,0.173,0.0,0.116,0.0,0.0,0.07,0.718,0.442,0.0,0.017,0.0,0.0,0.0,0.111,0.888,0.063,0.0,0.0,7
0.032,0.068,0.166,1.0,0.257,0.14,0.17,0.016,0.059,0.0,0.463,0.82,0.445,0.413,0.004,0.013,0.0,0.004,0.273,0.977,0.768,0.747,0.411,0.048,0.05,0.0,0.131,0.421,0.014,0.176,0.74,0.0,0.0,0.101,0.055,0.052,0.005,0.19,0.883,0.0,0.0,0.015,0.0,0.41,0.123,0.713,0.405,0.01,0.073,0.0,0.0,0.715,1.0,0.773,0.017,0.0,0.0,0.012,0.049,0.003,0.0,0.055,0.0,0.0,5
0.0,0.008,0.554,1.0,0.501,0.0,0.04,0.0,0.015,0.03,0.906,0.803,1.0,0.11,0.0,0.002,0.02,0.056,0.403,0.503,0.876,0.554,0.0,0.0,0.004,0.008,0.0,0.065,0.871,0.691,0.042,0.033,0.058,0.0,0.0,0.0,0.871,0.406,0.098,0.012,0.036,0.053,0.0,0.204,0.993,0.3,0.026,0.0,0.0,0.002,0.401,1.0,1.0,0.528,0.462,0.0,0.039,0.0,0.611,0.909,0.696,1.0,0.973,0.613,2
0.0,0.03,0.0,0.011,0.065,0.053,0.0,0.099,0.298,0.74,1.0,0.993,0.918,0.147,0.017,0.002,0.687,0.72,0.471,0.531,1.0,0.503,0.049,0.008,0.049,0.0,0.042,0.669,0.896,0.167,0.0,0.092,0.0,0.0,0.21,1.0,0.616,0.06,0.092,0.014,0.0,0.0,0.426,0.958,0.27,0.0,0.122,0.05,0.036,0.0,0.067,1.0,0.578,0.0,0.027,0.061,0.261,0.489,0.215,0.989,0.834,0.0,0.0,0.032,3
0.119,0.004,0.035,0.203,0.97,0.01,0.0,0.0,0.07,0.0,0.0,0.824,0.891,0.0,0.084,0.117,0.0,0.034,0.152,0.993,0.497,0.243,0.938,0.402,0.027,0.12,0.557,0.988,0.403,0.891,1.0,0.081,0.0,0.0,0.601,0.988,1.0,0.986,0.496,0.061,0.018,0.019,0.03,0.663,0.921,0.922,0.173,0.0,0.0,0.049,0.123,0.269,1.0,0.584,0.019,0.034,0.061,0.089,0.0,0.314,1.0,0.259,0.04,0.0,4
0.034,0.005,0.0,0.077,0.662,0.191,0.0,0.014,0.044,0.0,0.017,0.365,0.92,0.0,0.023,0.065,0.0,0.0,0.075,0.764,0.499,0.0,0.07,0.021,0.0,0.052,0.138,0.98,0.164,0.0,0.0,0.093,0.0,0.047,0.182,0.943,0.16,0.912,0.79,0.145,0.0,0.022,0.119,0.959,0.969,0.572,0.313,0.871,0.0,0.043,0.0,0.715,0.736,0.274,0.451,0.911,0.0,0.001,0.111,0.098,0.611,0.854,0.73,0.281,6
0.014,0.007,0.0,0.554,0.96,0.772,0.124,0.035,0.017,0.0,0.255,1.0,0.497,0.859,0.415,0.013,0.0,0.029,0.172,0.67,0.011,0.745,0.33,0.031,0.0,0.0,0.0,0.0,0.257,0.872,0.0,0.0,0.0,0.0,0.0,0.059,0.972,0.296,0.0,0.04,0.083,0.054,0.0,0.574,0.833,0.0,0.073,0.0,0.0,0.005,0.214,0.984,0.348,0.402,0.819,0.244,0.0,0.0,0.024,0.622,0.97,0.806,0.262,0.0,2
0.0,0.0,0.0,0.022,0.0,0.039,0.04,0.0,0.152,1.0,0.772,0.739,0.901,0.477,0.0,0.026,0.212,1.0,0.523,0.432,0.503,0.255,0.028,0.025,0.189,1.0,0.735,0.321,0.001,0.037,0.0,0.072,0.255,1.0,0.822,1.0,0.223,0.011,0.013,0.0,0.026,0.185,0.038,0.822,0.662,0.0,0.05,0.024,0.403,0.211,0.0,0.546,0.717,0.051,0.071,0.018,0.807,0.736,0.542,1.0,0.175,0.0,0.0,0.067,5
0.0,0.297,0.89,0.855,0.929,0.613,0.0,0.072,0.053,0.802,0.748,0.165,0.853,0.539,0.045,0.013,0.007,0.925,0.699,0.052,1.0,0.628,0.058,0.0,0.0,0.076,0.0,0.043,1.0,0.313,0.0,0.0,0.0,0.0,0.0,0.541,0.997,0.025,0.067,0.0,0.017,0.0,0.165,1.0,0.936,0.927,1.0,0.283,0.0,0.017,0.223,0.961,0.986,0.692,0.696,0.23,0.011,0.0,0.0,0.074,0.0,0.0,0.0,0.0,2
0.048,0.0,0.207,0.891,0.624,0.361,1.0,0.225,0.029,0.0,0.657,0.552,0.026,0.703,0.614,0.011,0.0,0.002,0.242,1.0,0.618,0.855,0.063,0.037,0.0,0.0,0.023,0.626,1.0,0.643,0.0,0.0,0.067,0.021,0.0,0.894,0.506,0.789,0.244,0.001,0.0,0.0,0.0,0.619,0.495,0.386,0.55,0.021,0.07,0.025,0.062,0.035,0.667,0.972,0.282,0.0,0.064,0.0,0.0,0.0,0.0,0.009,0.0,0.0,8
0.009,0.035,0.0,0.03,0.0,0.0,0.0,0.038,0.144,0.552,0.791,0.912,0.906,0.761,0.0,0.021,0.0,0.997,0.851,0.777,0.785,0.379,0.104,0.0,0.24,0.984,0.059,0.007,0.015,0.0,0.081,0.0,0.439,1.0,0.999,0.638,0.047,0.02,0.0,0.0,0.033,0.449,0.448,1.0,0.738,0.029,0.006,0.0,0.0,0.0,0.0,0.573,0.745,0.0,0.0,0.0,0.087,0.788,0.481,0.769,0.588,0.0,0.05,0.035,5
0.0,0.0,0.996,1.0,0.664,0.133,0.142,0.028,0.0,0.0,0.287,0.597,0.978,0.851,0.113,0.0,0.045,0.031,0.0,0.025,0.889,1.0,0.265,0.0,0.072,0.004,0.0,0.28,1.0,0.704,0.0,0.0,0.023,0.087,0.022,0.138,1.0,0.737,0.062,0.027,0.03,0.09,0.0,0.174,0.82,1.0,0.597,0.0,0.0,0.0,0.406,1.0,0.951,0.777,0.218,0.0,0.0,0.032,0.906,0.874,0.403,0.064,0.0,0.042,3
0.098,0.0,0.49,0.785,0.686,0.034,0.0,0.087,0.087,0.309,0.883,0.241,0.81,0.327,0.098,0.016,0.047,0.0,0.0,0.024,0.596,0.243,0.002,0.009,0.0,0.0,0.0,0.342,1.0,0.161,0.016,0.0,0.028,0.0,0.031,0.347,0.763,0.914,0.173,0.085,0.0,0.0,0.148,0.0,0.004,0.463,0.801,0.029,0.024,0.09,0.931,0.553,0.51,0.771,0.807,0.0,0.014,0.0,0.274,0.822,1.0,0.983,0.375,0.0,3
0.044,0.042,0.731,0.775,0.96,0.517,0.006,0.0,0.0,0.186,0.627,0.497,0.674,1.0,0.191,0.011,0.028,0.0,0.076,0.29,0.802,0.741,0.02,0.0,0.015,0.02,0.029,0.864,0.935,0.144,0.021,0.051,0.021,0.0,0.0,0.923,0.629,0.0,0.078,0.0,0.0,0.0,0.0,0.575,0.887,0.0,0.0,0.004,0.0,0.001,0.007,0.844,0.597,0.0,0.0,0.0,0.0,0.064,0.911,0.897,0.081,0.0,0.0,0.01,3
0.0,0.008,0.67,0.236,0.0,0.047,0.0,0.059,0.003,0.356,0.825,0.082,0.092,0.0,0.011,0.0,0.016,0.884,0.125,0.0,0.018,0.021,0.025,0.01,0.115,0.96,0.025,0.119,0.079,0.0,0.0,0.0,0.27,0.977,0.923,0.71,0.945,0.297,0.044,0.012,0.195,1.0,0.371,0.006,0.364,0.669,0.006,0.022,0.027,0.507,0.631,0.286,0.798,0.317,0.028,0.0,0.025,0.0,0.724,0.985,0.498,0.009,0.0,0.0,6
0.067,0.002,0.0,0.0,0.0,0.054,0.0,0.0,0.023,0.0,0.429,0.622,0.0,0.0,0.0,0.103,0.076,0.207,0.919,0.527,0.0,0.004,0.005,0.052,0.0,0.239,0.962,0.277,0.0,0.006,0.065,0.0,0.0,0.585,0.751,0.398,0.784,0.084,0.023,0.0,0.043,0.562,1.0,0.95,0.787,0.414,0.003,0.012,0.087,0.874,0.833,0.176,0.839,0.349,0.066,0.024,0.011,0.983,0.918,0.823,0.997,0.218,0.003,0.019,6
0.005,0.0,0.121,0.917,0.989,0.04,0.0,0.0,0.028,0.078,0.935,1.0,0.101,0.05,0.191,0.0,0.0,0.414,0.977,0.418,0.242,1.0,0.715,0.036,0.0,0.545,1.0,0.809,0.883,0.95,0.271,0.0,0.0,0.084,0.442,0.691,1.0,0.66,0.062,0.016,0.0,0.0,0.0,0.391,0.971,0.232,0.025,0.0,0.0,0.0,0.0,0.654,0.933,0.0,0.0,0.0,0.0,0.0,0.082,0.0,0.018,0.0,0.0,0.088,4
0.057,0.03,0.0,0.027,0.06,0.0,0.0,0.0,0.0,0.02,0.0,0.492,0.568,0.143,0.004,0.0,0.089,0.0,0.246,1.0,0.256,0.018,0.0,0.0,0.0,0.0,0.651,0.717,0.0,0.269,0.168,0.0,0.0,0.333,0.874,0.173,0.06,0.786,0.46,0.013,0.0,0.461,0.965,0.093,0.472,1.0,0.231,0.0,0.083,0.253,0.928,1.0,1.0,0.502,0.074,0.03,0.017,0.0,0.033,0.485,0.968,0.004,0.017,0.038,4
0.0,0.0,0.057,0.021,0.0,0.019,0.0,0.0,0.0,0.469,1.0,1.0,0.506,0.028,0.0,0.054,0.016,0.869,0.766,0.6,0.918,0.047,0.0,0.0,0.012,0.585,0.965,0.965,0.739,0.0,0.0,0.0,0.05,0.28,0.896,0.971,0.226,0.0,0.0,0.0,0.018,0.0,0.05,0.796,0.919,0.0,0.0,0.02,0.101,0.593,0.073,0.555,1.0,0.0,0.005,0.0,0.051,0.86,0.386,0.9,0.666,0.0,0.008,0.0,9
0.035,0.061,0.0,0.0,0.084,0.035,0.062,0.067,0.021,0.046,0.009,0.047,0.702,0.94,0.699,0.035,0.045,0.0,0.024,1.0,0.599,0.621,0.974,0.052,0.05,0.094,0.533,0.5,0.0,0.548,0.667,0.0,0.0,0.011,0.344,0.463,0.18,1.0,0.913,0.03,0.062,0.038,0.082,0.911,0.93,0.357,1.0,0.017,0.014,0.0,0.056,0.07,0.246,0.0,0.485,0.276,0.024,0.0,0.0,0.348,0.797,0.291,0.605,0.62,9
0.0,0.0,0.069,0.004,0.0,0.0,0.0,0.0,0.0,0.031,0.131,0.87,0.851,0.069,0.081,0.0,0.001,0.013,0.947,0.996,0.775,0.678,0.0,0.0,0.026,0.26,1.0,0.706,0.044,0.781,0.197,0.029,0.0,0.279,0.963,0.232,0.0,0.609,0.52,0.011,0.0,0.387,0.782,0.0,0.0,0.562,0.689,0.0,0.0,0.071,0.977,0.097,0.067,0.997,0.544,0.026,0.0,0.0,0.679,0.718,0.971,0.904,0.006,0.103,0
0.0,0.093,0.869,0.895,0.333,0.067,0.033,0.073,0.011,0.044,0.969,0.06,0.95,0.085,0.045,0.0,0.0,0.0,0.643,0.464,0.629,0.31,0.128,0.0,0.021,0.0,0.111,0.761,0.916,0.888,0.323,0.026,0.0,0.0,0.141,0.93,0.987,0.219,0.0,0.093,0.015,0.0,0.945,0.321,0.365,0.623,0.0,0.0,0.0,0.33,0.59,0.0,0.053,0.898,0.006,0.0,0.0,0.039,0.808,0.731,0.688,0.366,0.05,0.044,8
0.0,0.042,0.556,0.939,0.554,0.711,0.917,0.0,0.008,0.007,0.362,0.553,0.0,0.767,0.777,0.0,0.0,0.0,0.039,0.0,0.041,0.862,0.358,0.048,0.0,0.0,0.02,0.0,0.622,0.931,0.136,0.054,0.0,0.085,0.0,0.204,0.959,0.634,0.043,0.014,0.063,0.0,0.012,0.582,1.0,0.677,0.626,0.998,0.013,0.023,0.0,0.92,0.981,0.926,0.646,0.196,0.0,0.069,0.015,0.011,0.0,0.034,0.021,0.0,2
0.0,0.166,0.839,0.959,0.499,0.364,0.0,0.0,0.0,0.302,0.95,0.064,0.0,0.0,0.046,0.0,0.0,0.494,0.983,0.861,0.306,0.0,0.09,0.064,0.089,0.702,1.0,0.855,0.978,0.205,0.026,0.0,0.0,0.09,0.179,0.0,0.658,0.655,0.0,0.0,0.042,0.0,0.024,0.125,0.829,0.592,0.057,0.057,0.039,0.0,0.003,0.872,1.0,0.198,0.0,0.016,0.0,0.0,0.0,0.0,0.0,0.0,0.01,0.0,5
0.074,0.0,0.0,0.061,0.0,0.0,0.09,0.0,0.083,0.091,0.68,0.925,0.865,0.034,0.068,0.0,0.0,0.477,0.734,0.36,0.283,0.0,0.0,0.0,0.0,0.866,0.245,0.014,0.053,0.0,0.0,0.0,0.348,0.964,0.694,0.861,0.741,0.034,0.04,0.0,0.178,0.713,0.68,0.392,0.875,0.25,0.082,0.099,0.0,0.026,0.076,0.044,0.974,0.252,0.0,0.029,0.0,0.0,0.0,0.394,0.942,0.109,0.018,0.0,5
0.081,0.024,0.58,1.0,0.852,0.473,0.012,0.011,0.046,0.0,0.686,0.997,0.749,1.0,0.0,0.008,0.0,0.0,0.195,0.975,0.831,0.872,0.0,0.076,0.002,0.0,0.038,0.786,1.0,0.0,0.0,0.051,0.0,0.047,0.325,0.855,0.91,0.268,0.0,0.047,0.0,0.016,0.754,0.345,0.507,0.526,0.0,0.0,0.0,0.033,0.952,0.15,0.505,0.464,0.0,0.018,0.0,0.026,0.556,1.0,0.651,0.0,0.026,0.025,8
0.0,0.0,0.458,0.787,0.029,0.0,0.0,0.0,0.0,0.0,0.863,0.381,0.0,0.005,0.0,0.036,0.039,0.673,0.625,0.22,0.386,0.0,0.0,0.0,0.162,0.957,0.159,0.499,0.861,0.14,0.017,0.007,0.688,0.799,0.244,0.955,1.0,0.668,0.029,0.167,0.643,1.0,0.989,0.967,0.574,0.232,0.0,0.049,0.116,0.568,0.654,0.975,0.117,0.113,0.0,0.077,0.05,0.032,0.59,0.832,0.083,0.015,0.064,0.0,4
0.0,0.003,0.895,0.556,0.0,0.0,0.0,0.027,0.0,0.598,0.965,0.112,0.726,0.568,0.029,0.004,0.291,0.896,0.494,0.0,0.806,0.623,0.068,0.02,0.675,1.0,0.791,0.709,0.918,0.433,0.0,0.0,0.799,1.0,0.873,0.997,0.927,0.332,0.027,0.0,0.0,0.073,0.007,1.0,0.832,0.0,0.0,0.001,0.0,0.032,0.365,1.0,0.608,0.0,0.009,0.0,0.09,0.065,0.0,0.0,0.016,0.043,0.0,0.0,4
0.035,0.38,0.969,0.587,0.0,0.107,0.007,0.0,0.032,0.91,0.88,0.025,0.404,0.037,0.008,0.015,0.401,0.903,0.098,0.161,1.0,0.584,0.016,0.0,0.661,0.986,0.502,0.67,0.988,0.407,0.09,0.023,0.114,0.923,0.997,0.995,0.959,0.01,0.0,0.125,0.035,0.115,0.293,0.995,0.54,0.0,0.0,0.0,0.012,0.038,0.356,1.0,0.235,0.0,0.109,0.0,0.007,0.0,0.0,0.052,0.11,0.0,0.0,0.0,4
0.0,0.075,0.0,0.0,0.0,0.053,0.0,0.08,0.0,0.0,0.091,0.381,0.651,0.846,0.183,0.0,0.0,0.013,0.776,0.76,0.555,0.851,0.504,0.0,0.061,0.404,1.0,0.486,0.546,1.0,0.206,0.015,0.034,0.253,0.997,1.0,0.956,0.611,0.163,0.036,0.0,0.0,0.292,0.452,0.895,0.612,0.0,0.059,0.0,0.0,0.0,0.173,0.919,0.269,0.03,0.0,0.0,0.0,0.045,1.0,0.48,0.012,0.0,0.029,9
0.058,0.0,0.893,0.943,0.106,0.0,0.036,0.0,0.099,0.355,0.927,0.616,0.0,0.099,0.0,0.0,0.0,0.824,0.928,0.122,0.0,0.005,0.0,0.0,0.029,0.97,0.777,0.029,0.0,0.0,0.017,0.09,0.198,1.0,1.0,0.971,0.692,0.003,0.061,0.002,0.151,0.995,0.691,0.253,0.668,0.686,0.0,0.0,0.0,0.704,0.92,0.307,0.904,0.987,0.043,0.0,0.048,0.164,0.775,1.0,1.0,0.706,0.038,0.0,6
0.048,0.226,1.0,1.0,1.0,1.0,0.415,0.051,0.0,0.646,1.0,0.498,0.195,0.521,0.137,0.0,0.042,0.696,1.0,0.151,0.067,0.039,0.0,0.0,0.004,0.219,1.0,0.399,0.0,0.0,0.033,0.0,0.0,0.0,1.0,0.586,0.006,0.02,0.073,0.082,0.0,0.075,0.747,1.0,0.121,0.0,0.0,0.0,0.0,0.041,0.407,0.921,0.802,0.088,0.0,0.078,0.0,0.262,0.967,0.769,0.082,0.0,0.045,0.0,5
0.0,0.0,0.044,1.0,0.988,0.877,0.431,0.004,0.056,0.105,0.001,0.872,1.0,1.0,0.193,0.006,0.0,0.0,0.126,0.975,0.942,0.878,0.001,0.047,0.022,0.0,0.414,1.0,0.925,0.533,0.0,0.0,0.117,0.0,0.675,0.991,0.96,0.249,0.0,0.0,0.0,0.0,0.498,0.887,0.825,0.0,0.059,0.0,0.0,0.0,0.054,0.516,0.519,0.002,0.04,0.076,0.056,0.0,0.0,0.0,0.0,0.0,0.0,0.0,1
0.0,0.0,0.017,0.0,0.39,0.811,0.024,0.053,0.0,0.0,0.0,0.256,1.0,0.522,0.0,0.044,0.014,0.002,0.0,0.726,0.692,0.038,0.0,0.038,0.0,0.042,0.0,0.905,0.65,0.519,0.38,0.022,0.0,0.0,0.0,0.89,1.0,0.468,0.629,0.653,0.12,0.034,0.0,0.877,0.458,0.071,0.0,0.666,0.018,0.0,0.0,0.548,0.698,0.0,0.387,1.0,0.0,0.0,0.117,0.0,0.598,0.886,0.895,0.251,6
0.0,0.0,0.0,0.035,0.0,0.015,0.0,0.044,0.005,0.0,0.236,0.838,0.991,1.0,0.862,0.214,0.048,0.0,0.789,0.741,0.137,0.28,1.0,0.259,0.0,0.009,0.143,0.081,0.043,0.681,0.746,0.0,0.0,0.038,0.0,0.015,0.883,0.968,0.213,0.012,0.02,0.0,0.045,0.067,0.307,0.901,0.592,0.0,0.0,0.0,0.015,0.02,0.119,0.084,0.816,0.642,0.0,0.0,0.176,0.31,0.033,0.218,0.927,0.556,3
0.03,0.051,0.106,0.77,0.768,0.0,0.0,0.0,0.0,0.012,0.722,1.0,0.566,0.0,0.028,0.0,0.0,0.0,1.0,0.662,0.0,0.0,0.052,0.081,0.0,0.34,1.0,0.471,0.0,0.0,0.0,0.035,0.0,0.461,0.992,0.569,0.156,0.0,0.0,0.0,0.0,0.122,0.921,0.889,0.743,0.829,0.28,0.0,0.008,0.0,0.893,0.63,0.0,0.654,1.0,0.008,0.0,0.039,0.096,0.696,0.936,0.825,0.415,0.0,6
0.0,0.0,0.395,0.911,0.668,0.02,0.034,0.102,0.0,0.0,0.465,0.967,0.473,0.073,0.0,0.005,0.0,0.088,0.754,1.0,0.572,0.066,0.0,0.0,0.0,0.508,1.0,0.835,0.863,0.031,0.0,0.0,0.044,0.0,0.415,0.007,0.976,0.363,0.0,0.026,0.0,0.007,0.413,0.471,0.716,0.962,0.776,0.587,0.015,0.0,0.074,0.865,1.0,0.964,0.908,0.719,0.0,0.0,0.036,0.0,0.024,0.048,0.0,0.0,1
0.0,0.0,0.0,0.0,0.0,0.046,0.036,0.0,0.038,0.376,0.967,0.729,0.0,0.004,0.0,0.0,0.0,0.549,1.0,0.934,0.17,0.033,0.101,0.022,0.0,0.468,0.99,1.0,0.166,0.018,0.012,0.024,0.007,0.582,0.943,0.871,0.0,0.0,0.0,0.0,0.06,0.863,0.912,0.795,0.0,0.0,0.004,0.016,0.029,0.692,1.0,0.593,0.021,0.0,0.0,0.053,0.027,0.559,1.0,0.618,0.023,0.0,0.0,0.0,1
0.008,0.0,0.914,0.433,0.0,0.0,0.0,0.0,0.027,0.514,0.886,0.026,0.0,0.036,0.0,0.0,0.0,0.855,0.361,0.0,0.307,0.788,0.0,0.014,0.171,1.0,0.03,0.0,0.679,0.58,0.0,0.0,0.63,0.84,0.201,0.377,0.993,0.145,0.0,0.0,0.481,1.0,0.918,1.0,0.835,0.04,0.026,0.032,0.0,0.194,0.165,1.0,0.365,0.036,0.058,0.02,0.003,0.001,0.0,0.0,0.049,0.001,0.0,0.0,4
0.023,0.0,0.012,0.052,0.0,0.0,0.111,0.012,0.014,0.051,0.0,0.03,0.042,1.0,0.656,0.0,0.035,0.0,0.1,0.024,0.006,1.0,1.0,0.296,0.068,0.0,0.014,0.0,0.569,0.985,0.984,0.058,0.014,0.004,0.008,0.617,1.0,1.0,1.0,0.0,0.0,0.005,0.412,1.0,0.898,0.974,0.941,0.0,0.079,0.0,0.043,0.171,0.281,1.0,0.752,0.0,0.009,0.062,0.007,0.0,0.241,0.976,0.727,0.0,1
0.0,0.0,0.0,0.495,1.0,0.212,0.0,0.0,0.0,0.005,0.0,0.442,1.0,0.438,0.0,0.006,0.042,0.004,0.0,0.315,1.0,0.5,0.0,0.0,0.035,0.0,0.0,0.03,1.0,0.812,0.0,0.0,0.003,0.0,0.0,0.0,0.501,0.944,0.134,0.0,0.025,0.129,0.0,0.736,0.747,1.0,1.0,0.735,0.0,0.0,0.0,0.473,0.981,1.0,1.0,0.791,0.086,0.0,0.0,0.0,0.0,0.09,0.0,0.065,1
0.0,0.615,0.813,0.478,0.0,0.04,0.0,0.051,0.17,0.969,0.379,0.681,0.502,0.0,0.0,0.003,0.081,0.911,0.758,0.503,0.697,0.017,0.026,0.0,0.243,1.0,1.0,0.998,0.389,0.0,0.0,0.105,0.0,0.348,0.547,0.778,0.597,0.098,0.0,0.111,0.0,0.118,0.013,0.0,0.665,0.368,0.0,0.107,0.005,0.067,0.0,0.069,0.169,0.959,0.0,0.0,0.013,0.712,1.0,0.893,1.0,0.52,0.043,0.031,9
0.054,0.064,0.0,0.0,0.0,0.594,1.0,0.292,0.084,0.045,0.0,0.0,0.335,0.945,1.0,0.162,0.019,0.054,0.146,0.732,1.0,1.0,0.891,0.0,0.109,0.017,0.575,0.981,0.935,0.981,0.867,0.027,0.0,0.038,0.0,0.245,0.0,1.0,0.758,0.0,0.015,0.0,0.0,0.0,0.0,1.0,0.831,0.058,0.051,0.051,0.0,0.0,0.023,0.768,0.957,0.819,0.0,0.0,0.002,0.0,0.021,0.704,0.972,0.415,1
0.291,0.925,0.463,0.626,0.954,0.0,0.036,0.007,0.065,0.097,0.25,0.918,0.76,0.115,0.009,0.0,0.215,0.894,1.0,0.961,0.702,0.504,0.063,0.0,0.153,0.409,0.751,0.506,0.0,0.0,0.0,0.106,0.031,0.147,0.965,0.091,0.0,0.0,0.057,0.0,0.03,0.565,0.434,0.043,0.074,0.074,0.022,0.0,0.047,0.878,0.247,0.091,0.026,0.0,0.018,0.0,0.0,0.0,0.016,0.075,0.0,0.028,0.0,0.0,7
0.0,0.061,0.066,0.0,0.049,0.005,0.0,0.05,0.0,0.083,0.036,0.717,1.0,0.525,0.009,0.005,0.0,0.051,0.462,0.903,0.529,0.986,0.333,0.031,0.083,0.0,0.735,0.593,0.021,0.708,0.511,0.042,0.0,0.0,0.043,0.0,0.015,0.697,0.516,0.031,0.0,0.0,0.02,0.03,0.13,0.972,0.158,0.057,0.0,0.127,0.0,0.05,0.304,0.946,0.136,0.0,0.005,0.006,0.0,0.439,0.977,0.909,0.987,0.596,2
0.032,0.06,0.684,0.745,0.971,0.83,0.0,0.013,0.022,0.008,0.026,0.005,0.682,0.543,0.0,0.0,0.0,0.0,0.083,0.647,0.985,0.146,0.044,0.005,0.054,0.077,0.454,1.0,1.0,0.697,0.0,0.103,0.028,0.081,0.499,0.244,0.546,0.977,0.211,0.042,0.0,0.29,0.838,0.34,0.699,0.923,0.055,0.0,0.091,0.084,0.835,1.0,0.926,0.395,0.096,0.0,0.0,0.0,0.007,0.0,0.0,0.0,0.0,0.0,3
0.0,0.03,0.104,0.286,0.979,0.658,0.0,0.0,0.0,0.0,0.056,0.381,0.954,0.462,0.0,0.0,0.025,0.0,0.0,0.517,1.0,0.558,0.014,0.0,0.054,0.05,0.018,0.978,0.98,0.936,0.165,0.027,0.015,0.0,0.029,0.395,0.449,0.927,0.666,0.021,0.053,0.009,0.0,0.653,0.929,0.861,1.0,0.802,0.0,0.034,0.016,0.101,0.617,0.756,1.0,0.643,0.019,0.073,0.0,0.009,0.048,0.0,0.0,0.0,1
0.0,0.084,0.011,0.0,0.041,0.021,0.0,0.047,0.0,0.0,0.0,0.0,0.891,0.637,0.016,0.033,0.0,0.015,0.0,0.632,0.919,0.258,0.036,0.064,0.0,0.005,0.566,0.964,0.265,0.137,0.299,0.0,0.03,0.328,0.973,0.477,0.0,0.74,0.771,0.0,0.0,0.808,0.891,0.291,0.505,0.993,0.586,0.0,0.0,0.841,0.939,0.997,1.0,1.0,0.034,0.043,0.009,0.02,0.252,0.085,0.96,0.714,0.065,0.037,4
0.027,0.068,0.0,0.0,0.211,0.911,0.122,0.077,0.0,0.0,0.029,0.02,0.878,0.495,0.0,0.039,0.0,0.063,0.0,0.56,0.564,0.01,0.266,0.14,0.084,0.076,0.342,0.897,0.0,0.02,0.968,0.516,0.0,0.086,0.321,1.0,0.342,0.759,1.0,0.011,0.112,0.0,0.361,0.973,0.926,1.0,0.7,0.114,0.075,0.01,0.0,0.235,0.074,0.815,0.47,0.0,0.066,0.0,0.001,0.049,0.028,0.857,0.119,0.02,4
0.034,0.009,0.409,0.783,0.438,0.864,0.539,0.014,0.025,0.009,0.089,0.979,0.516,0.734,0.775,0.002,0.102,0.038,0.0,0.162,0.502,0.494,1.0,0.085,0.054,0.0,0.043,0.009,0.0,0.0,0.665,0.374,0.029,0.0,0.0,0.313,0.0,0.043,0.372,0.371,0.079,0.0,0.192,0.93,0.362,0.356,0.955,0.412,0.0,0.08,0.163,0.81,0.979,0.934,0.637,0.055,0.0,0.019,0.0,0.065,0.0,0.0,0.0,0.014,9
0.041,0.0,0.003,0.924,0.808,0.558,0.624,0.034,0.004,0.0,0.006,0.943,0.532,0.126,0.945,0.121,0.0,0.0,0.004,0.701,0.894,0.555,0.833,0.098,0.0,0.109,0.0,0.457,0.991,0.884,0.136,0.027,0.02,0.004,0.055,0.83,0.818,1.0,0.225,0.016,0.029,0.0,0.143,0.924,0.529,0.892,0.706,0.0,0.0,0.0,0.0,0.309,0.966,0.977,0.414,0.013,0.0,0.0,0.0,0.009,0.0,0.0,0.035,0.019,8
0.0,0.0,0.0,0.0,0.0,0.043,0.0,0.035,0.0,0.0,0.0,0.327,0.794,0.073,0.0,0.0,0.001,0.067,0.0,0.666,0.881,0.035,0.0,0.004,0.005,0.0,0.0,0.939,0.2,0.004,0.052,0.0,0.0,0.056,0.136,0.98,0.095,0.0,0.0,0.0,0.031,0.0,0.07,0.95,0.97,0.802,0.568,0.051,0.02,0.0,0.121,0.976,0.533,0.054,0.449,0.576,0.074,0.0,0.035,0.907,0.118,0.046,0.139,1.0,6
0.035,0.0,0.65,0.936,0.765,0.52,0.987,0.337,0.0,0.0,0.781,0.615,0.038,0.748,0.972,0.143,0.061,0.033,0.021,0.0,0.489,1.0,0.597,0.003,0.0,0.029,0.011,0.045,0.125,0.524,1.0,0.592,0.0,0.016,0.005,0.083,0.215,0.0,0.393,0.952,0.0,0.002,0.0,0.447,0.876,0.227,1.0,0.734,0.077,0.0,0.008,0.395,0.86,1.0,0.907,0.183,0.0,0.0,0.032,0.034,0.0,0.131,0.0,0.019,3
0.036,0.0,0.018,0.0,0.0,0.0,0.0,0.0,0.0,0.092,0.474,0.619,0.926,0.601,0.008,0.0,0.0,0.731,0.714,0.357,0.327,1.0,0.097,0.0,0.01,0.26,0.0,0.0,0.473,0.926,0.092,0.0,0.046,0.018,0.0,0.027,0.536,0.76,0.016,0.008,0.005,0.064,0.0,0.008,0.125,0.932,0.106,0.0,0.08,0.012,0.016,0.0,0.0,0.489,0.798,0.047,0.0,0.013,0.35,0.0,0.143,0.637,0.622,0.039,3
0.0,0.057,0.0,0.119,0.615,0.945,0.362,0.032,0.0,0.0,0.23,0.957,0.619,0.261,0.946,0.091,0.017,0.0,0.474,0.907,0.0,0.523,0.72,0.0,0.059,0.01,0.072,0.265,0.453,0.973,0.064,0.01,0.0,0.037,0.0,0.047,0.145,0.993,0.397,0.017,0.068,0.0,0.0,0.065,0.0,0.057,0.865,0.078,0.0,0.0,0.0,0.711,0.501,0.006,0.774,0.42,0.057,0.0,0.0,0.48,0.488,1.0,0.948,0.253,3
0.018,0.006,0.52,0.692,1.0,0.891,0.258,0.051,0.0,0.0,1.0,0.379,0.586,0.268,0.042,0.006,0.011,0.239,0.824,0.092,0.59,0.356,0.051,0.012,0.007,0.46,0.892,0.933,0.429,0.803,0.296,0.054,0.027,0.207,0.419,0.0,0.0,0.505,0.497,0.0,0.0,0.111,0.064,0.0,0.0,0.782,0.268,0.065,0.001,0.091,0.305,0.12,0.266,0.694,0.0,0.077,0.005,0.07,0.435,0.975,1.0,0.088,0.065,0.076,5
0.0,0.011,0.0,0.045,0.0,0.0,0.025,0.0,0.035,0.0,0.0,0.634,1.0,0.875,0.492,0.045,0.048,0.0,0.327,0.975,0.266,0.125,1.0,0.232,0.006,0.018,0.359,0.955,0.272,0.315,1.0,0.199,0.037,0.0,0.085,0.546,1.0,0.977,0.961,0.175,0.02,0.0,0.024,0.017,0.034,0.012,0.624,0.503,0.024,0.058,0.084,0.026,0.045,0.0,0.5,0.492,0.056,0.008,0.124,0.608,0.122,0.059,0.739,0.403,9
0.0,0.0,0.0,0.884,0.449,0.056,0.057,0.052,0.044,0.0,0.343,0.984,0.086,0.081,0.0,0.0,0.005,0.0,0.369,0.683,0.0,0.104,0.098,0.063,0.0,0.031,0.202,0.831,0.753,0.916,0.709,0.176,0.004,0.0,0.101,1.0,0.096,0.127,0.518,0.731,0.0,0.0,0.0,0.716,0.311,0.061,0.648,0.793,0.0,0.022,0.068,0.218,0.883,0.751,0.897,0.082,0.0,0.0,0.033,0.004,0.008,0.013,0.0,0.0,6
0.0,0.003,0.021,0.503,0.86,0.178,0.014,0.056,0.016,0.027,0.241,0.902,0.809,0.0,0.046,0.0,0.0,0.0,0.555,0.948,0.476,0.0,0.0,0.0,0.044,0.03,0.979,1.0,0.947,0.452,0.007,0.064,0.0,0.187,0.989,0.896,0.522,0.913,0.253,0.0,0.06,0.0,0.917,0.441,0.0,0.728,0.744,0.0,0.0,0.021,0.557,1.0,0.432,0.762,0.941,0.0,0.0,0.0,0.116,0.56,0.978,0.888,0.628,0.0,6
0.006,0.054,0.0,0.896,1.0,0.954,0.189,0.005,0.09,0.0,0.05,0.457,0.558,0.785,0.997,0.178,0.046,0.0,0.0,0.0,0.029,0.783,0.978,0.419,0.0,0.0,0.011,0.0,0.061,0.979,0.779,0.025,0.031,0.016,0.03,0.0,0.0,1.0,0.662,0.007,0.0,0.0,0.0,0.0,0.123,0.446,0.877,0.0,0.0,0.026,0.003,0.228,0.372,0.862,0.88,0.56,0.025,0.02,0.0,0.893,1.0,1.0,0.619,0.072,3
0.015,0.09,0.0,0.0,0.0,0.0,0.0,0.0,0.0,0.241,0.784,0.757,0.334,0.0,0.0,0.0,0.258,0.958,0.346,0.66,0.973,0.043,0.064,0.0,0.17,0.972,0.029,0.724,0.909,0.0,0.043,0.0,0.079,0.633,1.0,0.849,0.987,0.174,0.0,0.008,0.033,0.0,0.29,0.005,0.929,0.277,0.011,0.017,0.012,0.017,0.0,0.0,0.846,0.257,0.0,0.0,0.0,0.371,0.406,0.069,0.552,0.503,0.021,0.002,9
0.0,0.703,1.0,0.971,0.791,0.0,0.0,0.073,0.188,1.0,0.47,0.975,0.994,0.117,0.0,0.0,0.053,0.939,0.792,0.929,0.986,0.485,0.0,0.003,0.0,0.234,0.574,0.505,0.964,0.477,0.014,0.005,0.03,0.105,0.034,0.0,0.599,0.64,0.0,0.0,0.04,0.0,0.055,0.005,0.774,0.489,0.0,0.0,0.077,0.35,0.695,0.329,0.88,0.358,0.0,0.0,0.0,0.522,1.0,1.0,0.817,0.09,0.116,0.0,9
0.65,1.0,0.623,0.819,0.801,0.028,0.032,0.012,0.714,0.387,0.026,0.83,0.463,0.018,0.0,0.044,0.018,0.06,0.417,0.963,0.712,0.332,0.0,0.012,0.306,0.906,1.0,0.924,0.94,0.595,0.0,0.0,0.104,0.52,0.994,0.61,0.035,0.073,0.0,0.03,0.11,0.51,0.991,0.066,0.0,0.0,0.051,0.0,0.0,0.594,0.817,0.017,0.058,0.0,0.003,0.0,0.0,0.05,0.0,0.046,0.021,0.058,0.0,0.0,7
0.037,0.0,0.834,0.641,0.407,1.0,0.353,0.013,0.0,0.28,0.977,0.118,0.07,0.93,0.343,0.062,0.005,0.013,0.556,1.0,1.0,0.981,0.29,0.0,0.0,0.0,0.034,0.0,0.1,0.776,0.408,0.037,0.0,0.0,0.038,0.011,0.0,0.726,0.246,0.026,0.0,0.177,0.666,0.15,0.295,0.97,0.038,0.045,0.068,0.028,0.255,0.701,0.99,0.713,0.07,0.013,0.0,0.019,0.0,0.069,0.085,0.033,0.0,0.0,9
0.0,0.0,0.0,0.291,0.82,0.786,0.251,0.021,0.067,0.013,0.164,0.976,0.615,0.51,0.851,0.091,0.0,0.035,0.466,0.75,0.0,0.201,0.907,0.563,0.094,0.0,0.31,0.987,0.766,0.916,0.808,0.087,0.0,0.08,0.004,0.076,0.13,1.0,0.441,0.0,0.0,0.047,0.0,0.0,0.116,0.98,0.109,0.0,0.0,0.055,0.095,0.09,0.304,1.0,0.0,0.028,0.0,0.005,0.0,0.186,1.0,0.918,0.0,0.0,9
0.031,0.0,0.031,0.0,0.056,0.037,0.0,0.0,0.0,0.0,0.0,0.794,1.0,0.965,0.258,0.059,0.0,0.015,0.015,0.347,0.282,0.823,0.514,0.062,0.003,0.001,0.0,0.06,0.542,1.0,0.322,0.0,0.0,0.0,0.003,0.0,0.672,1.0,0.644,0.083,0.0,0.037,0.12,0.309,0.0,0.277,0.893,0.521,0.0,0.0,0.488,0.909,0.0,0.072,0.511,0.956,0.0,0.0,0.432,0.954,0.319,0.422,0.906,0.863,3
0.107,0.0,0.086,0.558,0.868,0.52,0.567,0.956,0.078,0.0,0.0,0.662,0.648,0.009,0.303,0.869,0.011,0.0,0.012,1.0,0.228,0.063,1.0,0.334,0.021,0.0,0.0,0.214,0.035,0.499,0.847,0.0,0.0,0.0,0.0,0.0,0.264,0.9,0.048,0.0,0.0,0.048,0.0,0.013,0.896,0.528,0.0,0.053,0.0,0.0,0.0,0.149,0.999,0.282,0.0,0.008,0.0,0.0,0.009,0.0,0.0,0.0,0.0,0.0,7
0.0,0.04,0.085,0.774,1.0,0.904,0.961,0.007,0.0,0.0,0.0,1.0,0.588,0.081,0.17,0.008,0.0,0.0,0.263,0.964,0.273,0.86,0.561,0.08,0.085,0.0,0.451,1.0,1.0,1.0,0.879,0.383,0.084,0.025,0.109,0.954,0.862,0.284,0.949,0.477,0.0,0.011,0.0,0.673,1.0,0.795,0.934,0.129,0.07,0.0,0.0,0.188,0.553,0.96,0.531,0.0,0.023,0.0,0.0,0.012,0.028,0.0,0.007,0.018,6
0.0,0.0,0.978,0.646,0.341,0.057,0.046,0.0,0.001,0.563,0.742,0.586,0.729,0.058,0.0,0.064,0.143,0.938,0.117,0.97,0.34,0.056,0.028,0.0,0.478,0.693,0.368,0.885,0.818,0.237,0.0,0.0,0.663,1.0,0.952,1.0,0.884,0.155,0.0,0.0,0.0,0.0,0.131,0.951,0.06,0.0,0.089,0.0,0.0,0.0,0.476,0.634,0.0,0.023,0.0,0.018,0.0,0.051,0.034,0.008,0.038,0.075,0.0,0.03,4
0.106,0.107,0.695,0.757,0.966,0.977,0.342,0.056,0.006,0.054,0.025,0.093,0.825,0.922,0.142,0.0,0.095,0.019,0.0,0.09,1.0,0.67,0.038,0.0,0.0,0.078,0.0,0.099,0.896,0.929,0.0,0.06,0.0,0.0,0.015,0.0,0.388,0.999,0.492,0.059,0.014,0.0,0.215,0.493,0.766,1.0,0.429,0.0,0.011,0.252,1.0,0.971,0.927,0.744,0.0,0.011,0.0,0.0,0.007,0.0,0.075,0.0,0.011,0.0,3
0.0,0.019,0.044,0.32,0.584,0.907,0.979,0.721,0.0,0.038,0.094,0.962,0.914,0.363,0.24,0.127,0.043,0.099,0.122,1.0,0.595,0.188,0.076,0.115,0.0,0.034,0.071,1.0,0.934,1.0,0.66,0.0,0.006,0.034,0.14,0.589,0.132,0.001,0.95,0.278,0.04,0.009,0.0,0.0,0.003,0.0,0.876,0.149,0.019,0.03,0.0,0.043,0.115,0.855,0.422,0.019,0.015,0.066,0.0,0.449,0.922,0.47,0.0,0.0,5
0.074,0.0,0.95,0.731,0.086,0.046,0.0,0.054,0.0,0.338,1.0,1.0,0.384,0.0,0.016,0.001,0.0,0.119,0.955,0.972,0.164,0.0,0.039,0.0,0.0,0.052,0.933,0.947,0.049,0.0,0.033,0.0,0.076,0.256,0.978,0.866,0.02,0.007,0.107,0.0,0.0,0.0,0.985,0.93,0.097,0.023,0.098,0.0,0.0,0.187,1.0,0.918,0.237,0.0,0.0,0.063,0.045,0.0,0.939,1.0,0.087,0.007,0.0,0.033,1
0.1,0.093,0.038,0.0,0.066,0.015,0.0,0.051,0.0,0.0,0.82,1.0,0.965,0.697,0.0,0.0,0.0,0.603,0.717,0.234,0.821,0.754,0.037,0.027,0.0,0.01,0.104,0.3,0.873,0.55,0.0,0.0,0.0,0.036,0.159,1.0,1.0,0.448,0.037,0.0,0.017,0.1,0.039,0.447,0.527,0.948,0.559,0.0,0.067,0.042,0.079,0.0,0.0,0.683,0.796,0.015,0.0,0.0,0.202,0.499,0.603,0.968,0.539,0.033,3
0.0,0.082,0.381,0.812,0.656,0.009,0.042,0.011,0.086,0.769,0.912,0.939,0.961,0.187,0.028,0.0,0.217,0.96,0.419,0.715,0.926,0.117,0.03,0.0,0.011,0.403,0.675,0.786,1.0,0.281,0.088,0.066,0.044,0.0,0.103,0.0,0.917,0.5,0.017,0.058,0.093,0.055,0.0,0.0,0.801,0.722,0.024,0.121,0.0,0.818,0.531,0.306,0.772,0.485,0.0,0.011,0.033,0.0,0.437,0.875,0.969,0.491,0.0,0.017,9
0.026,0.048,0.881,0.798,0.792,0.773,0.0,0.038,0.0,0.038,0.986,1.0,0.736,0.129,0.0,0.0,0.06,0.059,0.778,0.901,0.019,0.015,0.0,0.091,0.0,0.013,0.261,1.0,0.146,0.0,0.008,0.0,0.02,0.057,0.035,0.72,0.536,0.0,0.0,0.0,0.004,0.0,0.016,0.534,0.85,0.056,0.0,0.001,0.0,0.0,0.604,0.917,0.599,0.072,0.121,0.0,0.012,0.0,0.715,0.944,0.0,0.0,0.068,0.0,5
0.0,0.065,0.691,0.921,0.043,0.012,0.053,0.0,0.0,0.817,0.902,0.433,0.154,0.055,0.0,0.0,0.015,1.0,1.0,0.593,1.0,0.381,0.0,0.0,0.0,0.464,1.0,1.0,0.467,0.0,0.048,0.0,0.0,0.452,1.0,1.0,0.262,0.012,0.023,0.047,0.0,1.0,0.891,1.0,0.886,0.004,0.04,0.062,0.0,1.0,0.959,0.846,0.949,0.073,0.0,0.141,0.0,0.115,0.59,0.826,0.465,0.126,0.042,0.021,8
0.0,0.094,0.74,0.937,0.753,0.119,0.0,0.01,0.0,0.616,0.968,0.532,1.0,0.29,0.0,0.127,0.003,0.939,0.426,0.245,0.952,0.0,0.0,0.0,0.0,0.354,0.302,0.599,0.847,0.0,0.0,0.0,0.005,0.0,0.13,0.884,0.327,0.0,0.052,0.02,0.006,0.101,0.823,0.811,0.0,0.024,0.007,0.013,0.036,0.188,0.866,0.691,0.453,0.821,0.63,0.0,0.045,0.135,0.935,1.0,1.0,0.857,0.961,0.097,2
0.0,0.009,0.058,0.019,0.0,0.0,0.0,0.0,0.0,0.0,0.018,0.618,1.0,0.492,0.096,0.054,0.0,0.0,0.251,1.0,0.857,0.71,0.642,0.0,0.0,0.001,0.556,1.0,0.751,0.93,0.972,0.167,0.0,0.0,0.119,0.71,0.718,0.904,0.949,0.264,0.047,0.0,0.0,0.058,0.0,0.617,0.929,0.305,0.0,0.004,0.0,0.0,0.0,0.541,1.0,0.25,0.0,0.0,0.0,0.129,0.272,0.952,0.905,0.044,9
0.0,0.038,0.0,0.0,0.0,0.0,0.0,0.0,0.128,0.9,0.938,0.268,0.0,0.0,0.0,0.0,0.282,1.0,0.968,0.694,0.0,0.043,0.0,0.0,0.469,0.715,0.317,0.984,0.0,0.0,0.005,0.0,0.143,0.388,0.269,0.983,0.0,0.012,0.0,0.044,0.0,0.024,0.453,0.779,0.0,0.0,0.0,0.0,0.0,0.08,0.902,0.398,0.0,0.017,0.0,0.0,0.065,0.788,1.0,0.628,0.554,0.114,0.108,0.0,2
0.132,0.018,0.042,0.091,0.062,0.0,0.0,0.028,0.01,0.65,0.964,0.902,0.635,0.0,0.041,0.0,0.494,0.992,0.461,0.436,0.8,0.024,0.022,0.026,0.0,0.192,0.047,0.939,0.388,0.0,0.0,0.0,0.0,0.05,0.75,0.829,0.0,0.025,0.0,0.0,0.052,0.03,0.468,0.945,0.313,0.0,0.0,0.081,0.0,0.0,0.0,0.548,0.768,0.065,0.0,0.0,0.0,0.36,0.044,0.674,0.605,0.041,0.036,0.01,3
0.047,1.0,0.695,0.94,0.758,0.01,0.038,0.033,0.0,0.122,0.0,0.878,0.542,0.009,0.0,0.078,0.086,0.268,0.758,1.0,0.791,0.646,0.0,0.016,0.468,0.924,0.99,0.748,0.416,0.0,0.0,0.014,0.281,0.504,0.974,0.299,0.0,0.002,0.021,0.053,0.03,0.634,0.732,0.0,0.0,0.0,0.029,0.0,0.0,0.793,0.408,0.015,0.042,0.017,0.0,0.057,0.006,0.03,0.003,0.025,0.03,0.0,0.0,0.0,7
0.005,0.0,0.387,0.855,1.0,0.813,0.062,0.023,0.026,0.632,0.494,0.221,0.352,1.0,0.094,0.0,0.008,0.0,0.0,0.09,0.658,0.838,0.0,0.109,0.062,0.0,0.093,0.425,0.86,0.059,0.017,0.091,0.028,0.0,0.0,0.456,0.837,0.022,0.0,0.03,0.0,0.074,0.0,0.052,0.566,0.804,0.08,0.0,0.04,0.028,0.002,0.0,0.173,1.0,0.271,0.0,0.0,0.003,0.869,1.0,0.755,0.548,0.044,0.053,3
0.045,0.179,0.8,0.973,0.687,0.0,0.0,0.0,0.018,0.617,0.412,0.0,0.796,0.233,0.0,0.084,0.3,1.0,0.0,0.564,0.658,0.038,0.0,0.018,0.285,0.937,0.618,0.895,0.119,0.061,0.043,0.017,0.0,0.47,0.996,0.386,0.0,0.003,0.044,0.0,0.036,0.382,0.667,0.957,0.044,0.0,0.0,0.0,0.005,0.601,0.453,0.832,0.301,0.025,0.006,0.086,0.0,0.151,0.758,1.0,0.129,0.0,0.005,0.0,8
0.01,0.532,1.0,0.983,0.646,0.0,0.031,0.0,0.345,0.991,0.505,0.436,0.923,0.179,0.017,0.0,0.013,0.641,0.913,0.909,0.692,0.019,0.0,0.024,0.03,0.77,0.99,0.441,0.0,0.0,0.0,0.0,0.529,0.89,0.947,0.195,0.0,0.0,0.015,0.0,0.331,0.843,0.537,0.646,0.0,0.0,0.0,0.027,0.0,0.955,0.425,0.932,0.166,0.008,0.1,0.0,0.0,0.715,1.0,0.512,0.031,0.0,0.004,0.035,8
0.0,0.012,0.0,0.0,0.012,0.0,0.0,0.104,0.0,0.0,0.168,0.562,0.881,0.294,0.0,0.0,0.022,0.734,0.952,0.518,0.582,0.662,0.0,0.02,0.242,1.0,0.609,0.293,0.769,0.408,0.052,0.065,0.076,0.971,1.0,0.952,0.933,0.393,0.0,0.0,0.0,0.0,0.0,0.091,0.832,0.048,0.0,0.023,0.128,0.0,0.015,0.651,0.457,0.028,0.0,0.0,0.005,0.0,0.066,0.847,0.079,0.0,0.0,0.033,9
0.126,0.512,1.0,1.0,0.256,0.0,0.018,0.0,0.0,0.079,0.374,0.818,0.467,0.019,0.025,0.0,0.055,0.0,0.0,0.431,0.279,0.074,0.0,0.0,0.031,0.009,0.0,0.76,0.197,0.052,0.067,0.021,0.0,0.01,0.323,1.0,0.0,0.0,0.0,0.041,0.017,0.11,0.826,0.958,0.773,0.792,0.414,0.0,0.0,0.328,1.0,1.0,0.989,0.761,0.263,0.047,0.143,0.0,0.008,0.04,0.027,0.007,0.052,0.0,2
0.0,0.01,0.043,0.008,0.0,0.043,0.0,0.024,0.0,0.0,0.0,0.009,0.858,0.411,0.048,0.0,0.0,0.041,0.0,0.318,0.973,0.609,0.084,0.0,0.0,0.039,0.026,0.653,0.538,0.0,0.019,0.016,0.028,0.0,0.043,0.887,0.185,0.056,0.0,0.0,0.0,0.0,0.063,0.801,0.994,1.0,0.862,0.393,0.009,0.0,0.0,0.776,0.362,0.042,0.039,0.809,0.0,0.0,0.039,0.531,0.358,0.0,0.315,0.908,6
0.035,0.0,0.0,0.008,0.006,0.026,0.041,0.023,0.0,0.03,0.471,0.995,0.521,0.594,0.17,0.004,0.0,0.322,1.0,0.833,0.974,0.952,0.322,0.0,0.0,0.444,0.834,0.0,0.372,1.0,0.287,0.014,0.0,0.131,0.935,0.958,0.86,1.0,0.417,0.0,0.088,0.012,0.0,0.227,0.214,0.896,0.421,0.0,0.047,0.0,0.006,0.056,0.0,0.922,0.535,0.008,0.0,0.023,0.722,0.481,0.637,0.953,0.349,0.084,9
0.076,0.04,0.035,0.111,0.0,0.0,0.03,0.0,0.0,0.043,0.423,0.725,0.0,0.0,0.011,0.0,0.0,0.029,1.0,0.965,0.0,0.015,0.0,0.0,0.0,0.373,1.0,0.981,0.01,0.008,0.011,0.029,0.132,0.937,1.0,1.0,0.006,0.015,0.128,0.031,0.43,1.0,0.94,1.0,0.587,0.041,0.01,0.02,0.421,0.949,0.913,1.0,0.929,0.76,0.0,0.047,0.102,0.0,0.78,1.0,0.006,0.0,0.016,0.0,4
0.0,0.014,0.009,0.804,0.743,0.374,0.141,0.164,0.0,0.014,0.147,0.978,1.0,0.292,0.0,0.0,0.021,0.0,0.201,0.654,0.665,0.911,0.259,0.0,0.0,0.0,0.086,0.048,0.058,0.426,0.585,0.0,0.0,0.034,0.0,0.0,0.038,0.071,0.637,0.0,0.044,0.0,0.034,0.091,0.388,0.757,0.507,0.0,0.004,0.022,0.002,0.425,0.868,0.7,0.104,0.005,0.005,0.076,0.025,0.119,0.01,0.0,0.006,0.0,5
0.105,0.726,1.0,0.743,0.147,0.014,0.059,0.0,0.716,0.925,0.701,1.0,0.437,0.0,0.062,0.045,0.436,0.338,0.0,0.835,0.432,0.047,0.013,0.0,0.033,0.0,0.019,0.925,0.464,0.0,0.0,0.024,0.037,0.0,0.637,0.603,0.0,0.0,0.0,0.0,0.0,0.507,1.0,0.272,0.157,0.199,0.03,0.0,0.244,0.935,0.929,0.939,1.0,0.664,0.0,0.06,0.143,0.842,0.721,0.575,0.0,0.0,0.0,0.0,2
0.044,0.418,0.889,0.725,0.125,0.0,0.058,0.014,0.44,0.743,0.279,0.451,0.613,0.041,0.0,0.0,0.5,0.663,0.0,0.489,0.646,0.0,0.0,0.084,0.136,0.535,1.0,0.811,0.241,0.106,0.0,0.005,0.009,0.0,0.813,0.902,0.823,0.019,0.0,0.0,0.119,0.298,0.703,0.0,0.696,0.426,0.052,0.038,0.013,0.724,0.285,0.0,0.761,0.465,0.0,0.0,0.0,0.308,0.97,0.895,0.845,0.098,0.144,0.034,8
0.017,0.287,0.92,1.0,0.327,0.002,0.0,0.0,0.076,0.079,0.948,0.7,0.918,0.053,0.0,0.012,0.004,0.0,0.679,1.0,0.989,0.138,0.115,0.0,0.0,0.049,0.0,0.157,0.978,0.08,0.049,0.006,0.0,0.014,0.0,0.095,0.889,0.234,0.0,0.026,0.075,0.254,0.238,0.352,0.958,0.129,0.128,0.013,0.0,0.096,0.867,0.9,0.703,0.0,0.0,0.104,0.0,0.0,0.0,0.0,0.0,0.06,0.0,0.035,9
0.0,0.0,0.027,0.881,0.971,0.623,0.869,0.397,0.012,0.0,0.118,1.0,0.745,0.106,0.218,0.359,0.0,0.027,0.376,1.0,0.245,0.006,0.235,0.488,0.0,0.0,0.386,0.626,0.047,0.0,0.497,0.467,0.0,0.063,0.249,0.576,0.106,0.138,0.886,0.11,0.0,0.03,0.052,1.0,0.748,0.818,0.629,0.014,0.007,0.003,0.151,0.328,0.86,0.914,0.048,0.0,0.0,0.0,0.03,0.024,0.0,0.0,0.0,0.025,0
0.0,0.058,0.0,0.179,0.861,0.408,0.0,0.066,0.011,0.043,0.118,0.824,0.683,0.0,0.048,0.0,0.023,0.052,0.877,0.582,0.038,0.091,0.0,0.004,0.0,0.631,0.935,0.104,0.025,0.506,0.404,0.0,0.0,0.633,0.884,0.444,0.589,1.0,0.529,0.036,0.02,0.462,1.0,0.949,0.966,0.807,0.077,0.023,0.031,0.0,0.011,0.0,0.788,0.741,0.0,0.034,0.0,0.0,0.0,0.212,0.904,0.119,0.0,0.0,4
0.033,0.109,0.813,0.166,0.0,0.0,0.0,0.001,0.0,0.581,0.82,0.066,0.027,0.0,0.0,0.0,0.0,0.755,0.347,0.0,0.0,0.0,0.0,0.005,0.078,0.772,0.0,0.0,0.0,0.0,0.004,0.0,0.02,0.797,0.414,0.694,0.581,0.126,0.0,0.0,0.118,0.873,0.988,0.769,0.566,0.733,0.0,0.047,0.012,0.627,0.725,0.205,0.412,0.984,0.2,0.036,0.0,0.0,0.72,0.945,0.858,0.504,0.051,0.099,6
0.0,0.028,0.112,0.773,0.725,0.152,0.0,0.0,0.028,0.466,0.92,0.969,1.0,0.0,0.0,0.0,0.217,0.783,0.599,0.943,0.984,0.213,0.057,0.0,0.096,0.0,0.012,0.832,1.0,0.065,0.046,0.0,0.0,0.0,0.0,0.766,1.0,0.001,0.075,0.0,0.0,0.064,0.0,0.839,0.819,0.0,0.0,0.043,0.047,0.059,0.008,1.0,0.863,0.098,0.0,0.0,0.0,0.0,0.15,0.874,0.772,0.185,0.058,0.026,1
0.0,0.232,1.0,0.816,0.675,0.946,0.074,0.0,0.0,0.224,0.568,0.046,0.299,0.982,0.1,0.0,0.035,0.033,0.025,0.266,0.744,0.843,0.11,0.051,0.0,0.043,0.611,0.958,1.0,1.0,0.489,0.0,0.0,0.0,0.522,0.674,0.985,0.057,0.0,0.0,0.025,0.0,0.051,0.726,0.67,0.065,0.0,0.058,0.016,0.0,0.243,1.0,0.571,0.0,0.0,0.017,0.0,0.015,0.072,0.051,0.0,0.017,0.0,0.062,7
0.028,0.025,0.941,0.724,0.015,0.439,0.516,0.045,0.009,0.312,1.0,0.356,0.367,0.855,0.172,0.0,0.067,0.121,0.939,0.969,0.921,0.035,0.027,0.058,0.013,0.0,0.303,0.585,0.947,0.047,0.028,0.011,0.037,0.0,0.0,0.0,0.825,0.147,0.0,0.0,0.067,0.044,0.0,0.01,0.772,0.0,0.0,0.048,0.0,0.035,0.035,0.287,0.77,0.003,0.022,0.005,0.0,0.06,0.0,0.025,0.022,0.031,0.0,0.008,9
0.035,0.0,0.296,0.901,0.166,0.0,0.0,0.0,0.0,0.253,0.973,0.42,0.063,0.013,0.005,0.0,0.004,0.576,0.652,0.0,0.0,0.065,0.0,0.021,0.05,0.804,0.335,0.0,0.033,0.029,0.0,0.02,0.0,0.957,1.0,1.0,0.759,0.002,0.06,0.011,0.239,0.954,0.892,0.218,0.428,0.761,0.032,0.01,0.014,0.507,0.934,0.289,0.298,1.0,0.128,0.0,0.0,0.021,0.219,0.819,0.957,0.845,0.0,0.054,6
0.042,0.017,0.0,0.02,0.076,0.025,0.0,0.055,0.092,0.009,0.102,0.601,1.0,0.657,0.093,0.082,0.046,0.0,0.378,0.887,0.351,1.0,0.133,0.0,0.0,0.108,0.315,0.281,0.286,0.973,0.0,0.013,0.0,0.0,0.0,0.0,0.78,0.868,0.13,0.03,0.028,0.0,0.004,0.038,0.297,0.634,0.926,0.0,0.0,0.0,0.03,0.055,0.0,0.01,0.56,0.523,0.0,0.0,0.0,0.512,0.45,0.494,1.0,0.354,3
0.0,0.01,0.632,0.583,0.0,0.009,0.043,0.0,0.027,0.339,1.0,0.414,0.0,0.033,0.033,0.0,0.055,0.669,0.822,0.0,0.0,0.0,0.0,0.0,0.051,0.777,0.495,0.142,0.189,0.006,0.0,0.0,0.0,0.877,0.89,0.897,0.974,0.471,0.0,0.0,0.0,0.616,1.0,0.992,0.766,0.657,0.0,0.03,0.0,0.379,0.989,0.732,0.933,0.648,0.0,0.0,0.054,0.018,0.653,0.891,1.0,0.218,0.036,0.0,6
0.088,0.073,0.201,1.0,0.766,0.503,0.26,0.004,0.022,0.0,0.106,0.932,0.155,0.012,0.046,0.0,0.016,0.0,0.023,1.0,0.837,0.455,0.009,0.042,0.0,0.033,0.0,0.595,1.0,1.0,0.38,0.0,0.0,0.0,0.058,0.026,0.054,0.615,0.719,0.052,0.033,0.026,0.013,0.116,0.585,0.931,0.706,0.124,0.04,0.034,0.0,0.728,1.0,0.689,0.0,0.04,0.0,0.0,0.05,0.0,0.059,0.05,0.05,0.042,5
0.0,0.057,0.004,0.0,0.0,0.0,0.0,0.004,0.0,0.0,0.59,0.691,0.843,0.052,0.0,0.01,0.01,0.005,0.818,0.473,0.274,0.0,0.041,0.0,0.0,0.077,0.791,0.086,0.16,0.0,0.047,0.025,0.074,0.0,0.5,0.976,0.986,0.737,0.002,0.0,0.037,0.009,0.265,0.202,0.0,0.804,0.297,0.034,0.0,0.052,0.036,0.0,0.037,0.209,0.736,0.0,0.0,0.0,0.541,0.432,0.243,0.66,0.663,0.014,5
0.076,0.014,0.0,0.038,0.0,0.0,0.037,0.0,0.0,0.0,0.781,1.0,0.934,0.394,0.0,0.0,0.022,0.246,0.943,0.613,0.087,0.129,0.0,0.0,0.028,0.227,1.0,0.325,0.015,0.031,0.0,0.002,0.022,0.082,0.959,0.697,0.777,0.489,0.006,0.025,0.041,0.064,0.899,0.989,0.703,0.887,0.505,0.0,0.028,0.083,0.0,0.0,0.157,0.87,0.706,0.041,0.0,0.0,0.15,0.552,1.0,0.995,0.343,0.0,5
0.009,0.494,0.928,0.948,0.368,0.471,0.276,0.0,0.0,0.53,1.0,0.934,0.194,0.038,0.034,0.013,0.0,0.0,0.18,0.813,0.757,0.026,0.0,0.0,0.037,0.0,0.0,0.8,0.767,0.0,0.035,0.0,0.0,0.146,0.001,0.73,0.787,0.027,0.0,0.015,0.013,0.036,0.221,0.927,0.579,0.0,0.0,0.0,0.074,0.0,0.784,0.815,0.086,0.06,0.036,0.0,0.011,0.0,0.018,0.0,0.0,0.0,0.0,0.003,5
0.0,0.276,0.521,0.36,0.91,1.0,0.017,0.0,0.071,0.0,0.003,0.414,0.958,0.366,0.031,0.0,0.093,0.025,0.319,0.932,0.606,0.042,0.044,0.026,0.0,0.08,0.101,0.358,0.942,0.641,0.027,0.0,0.163,0.0,0.0,0.0,0.414,0.915,0.239,0.055,0.0,0.0,0.081,0.042,0.491,0.868,0.234,0.022,0.0,0.014,0.9,0.978,0.833,0.604,0.009,0.0,0.021,0.071,0.136,0.114,0.0,0.0,0.025,0.0,3
0.006,0.012,0.0,0.0,0.071,0.0,0.04,0.122,0.0,0.599,0.477,0.781,0.913,0.036,0.019,0.032,0.147,0.961,0.506,0.288,0.222,0.016,0.0,0.022,0.361,0.569,0.091,0.337,0.242,0.0,0.05,0.0,0.312,1.0,0.779,0.537,0.914,0.276,0.115,0.0,0.134,0.443,0.0,0.013,0.482,0.562,0.0,0.0,0.0,0.0,0.0,0.077,0.406,0.636,0.0,0.0,0.0,0.405,0.321,0.251,0.979,0.185,0.0,0.0,5
0.018,0.073,0.27,1.0,0.362,0.852,0.904,0.002,0.0,0.0,0.197,0.795,0.163,0.739,0.617,0.0,0.0,0.007,0.08,0.067,0.04,0.851,0.499,0.018,0.034,0.0,0.045,0.0,0.233,0.991,0.22,0.062,0.061,0.0,0.072,0.055,0.618,0.82,0.071,0.09,0.0,0.0,0.028,0.488,1.0,0.936,1.0,0.405,0.0,0.0,0.083,1.0,0.994,0.888,0.775,0.339,0.083,0.157,0.016,0.0,0.044,0.089,0.022,0.02,2
0.0,0.0,0.28,0.641,0.458,0.793,1.0,0.192,0.05,0.099,0.038,0.042,0.088,0.584,0.804,0.0,0.042,0.0,0.0,0.09,0.262,0.986,0.268,0.0,0.0,0.0,0.0,0.004,0.395,0.989,0.321,0.0,0.006,0.0,0.113,0.036,0.047,0.768,1.0,0.262,0.021,0.05,0.03,0.123,0.31,0.578,0.963,0.276,0.0,0.029,0.114,0.956,0.882,0.634,0.244,0.0,0.0,0.029,0.01,0.0,0.0,0.0,0.012,0.0,3
0.044,0.0,0.014,0.151,0.917,0.374,0.0,0.053,0.012,0.014,0.175,0.774,0.778,0.252,0.0,0.032,0.029,0.0,0.226,0.898,0.316,0.996,0.419,0.0,0.0,0.0,0.503,0.996,0.468,0.912,0.491,0.273,0.0,0.0,0.677,1.0,0.884,1.0,0.892,0.532,0.032,0.029,0.204,0.674,1.0,0.648,0.135,0.045,0.011,0.0,0.029,0.294,0.992,0.578,0.0,0.0,0.0,0.007,0.023,0.291,0.984,0.268,0.0,0.0,4
0.0,0.436,0.971,0.354,0.356,0.837,0.032,0.0,0.008,0.244,1.0,0.0,0.56,1.0,0.352,0.048,0.0,0.133,0.874,1.0,0.986,1.0,0.511,0.0,0.0,0.009,0.044,0.174,0.163,0.91,0.493,0.0,0.0,0.07,0.097,0.0,0.022,0.885,0.361,0.0,0.0,0.0,0.057,0.093,0.764,0.964,0.117,0.0,0.0,0.063,0.899,0.994,0.999,0.416,0.036,0.083,0.0,0.058,0.07,0.0,0.056,0.027,0.042,0.047,9
0.0,0.049,0.038,0.038,0.0,0.0,0.0,0.012,0.0,0.0,0.0,0.0,0.707,0.287,0.089,0.113,0.0,0.0,0.0,0.574,0.997,0.843,0.226,0.0,0.05,0.0,0.198,0.962,0.873,0.741,0.751,0.0,0.028,0.0,0.176,0.921,0.6,0.0,0.899,0.246,0.0,0.005,0.253,1.0,0.042,0.0,0.716,0.298,0.0,0.0,0.207,0.964,0.167,0.0,0.662,0.678,0.0,0.0,0.003,0.794,0.811,0.394,0.883,0.469,0
0.001,0.046,0.069,0.063,0.014,0.0,0.0,0.0,0.04,0.101,0.248,0.447,0.675,0.314,0.022,0.0,0.0,0.0,0.875,1.0,0.812,0.752,0.02,0.0,0.002,0.005,0.88,0.68,0.007,0.543,0.218,0.081,0.016,0.143,1.0,0.457,0.0,0.289,0.361,0.075,0.058,0.264,0.681,0.0,0.0,0.27,0.323,0.0,0.0,0.0,0.749,0.008,0.042,0.689,0.437,0.033,0.0,0.042,0.864,0.403,0.754,0.907,0.0,0.0,0
0.0,0.093,0.698,0.825,0.265,0.02,0.0,0.0,0.0,0.877,0.614,0.504,0.914,0.0,0.015,0.0,0.342,0.755,0.028,0.157,1.0,0.0,0.0,0.0,0.456,0.487,0.065,0.0,0.714,0.366,0.034,0.0,0.507,0.586,0.0,0.015,0.147,0.556,0.057,0.0,0.114,0.777,0.088,0.0,0.235,0.764,0.045,0.04,0.0,0.773,0.379,0.24,0.947,0.375,0.033,0.0,0.0,0.236,0.885,0.967,0.462,0.0,0.05,0.098,0
0.11,0.0,0.033,1.0,0.3,0.038,0.06,0.0,0.008,0.083,0.205,1.0,0.396,0.023,0.0,0.0,0.0,0.028,0.845,1.0,0.0,0.554,0.135,0.107,0.0,0.306,0.99,0.656,0.279,0.983,0.547,0.0,0.0,0.428,1.0,0.894,1.0,0.974,0.403,0.0,0.039,0.025,0.709,1.0,0.922,0.571,0.0,0.0,0.057,0.0,0.035,0.819,0.922,0.165,0.039,0.0,0.0,0.067,0.037,0.933,0.701,0.033,0.024,0.005,4
0.0,0.0,0.0,0.051,0.0,0.066,0.0,0.146,0.035,0.032,0.478,0.782,0.806,0.864,0.075,0.081,0.0,0.0,0.638,0.635,0.624,1.0,0.082,0.066,0.0,0.0,0.0,0.0,0.54,0.789,0.0,0.019,0.033,0.077,0.03,0.897,1.0,0.784,0.0,0.005,0.101,0.058,0.0,0.468,0.521,1.0,0.194,0.0,0.016,0.0,0.193,0.04,0.005,0.959,0.326,0.07,0.0,0.085,1.0,0.463,0.556,0.959,0.225,0.0,3
0.035,0.011,0.625,0.849,0.818,0.033,0.003,0.0,0.0,0.003,0.0,0.549,0.661,0.012,0.0,0.043,0.008,0.003,0.095,0.693,0.827,0.209,0.086,0.0,0.0,0.0,0.663,1.0,0.959,1.0,0.388,0.062,0.034,0.0,0.218,1.0,0.237,0.299,0.018,0.0,0.0,0.085,0.376,0.769,0.011,0.06,0.0,0.0,0.0,0.0,0.798,0.373,0.054,0.0,0.064,0.001,0.0,0.002,0.0,0.015,0.0,0.041,0.0,0.0,7
0.0,0.0,0.02,0.063,0.0,0.0,0.01,0.001,0.0,0.0,0.016,0.452,0.87,0.616,0.078,0.0,0.061,0.048,0.475,0.969,0.584,0.945,0.283,0.013,0.052,0.07,0.988,0.111,0.033,0.662,0.538,0.0,0.041,0.216,0.816,0.0,0.0,0.836,0.424,0.0,0.0,0.338,0.45,0.001,0.072,0.864,0.16,0.0,0.005,0.24,0.825,0.0,0.005,0.611,0.021,0.017,0.052,0.072,0.948,0.477,0.482,0.612,0.0,0.0,0
0.056,0.0,0.065,0.98,0.93,1.0,0.875,0.03,0.0,0.0,0.188,1.0,0.778,0.655,0.871,0.0,0.0,0.014,0.033,1.0,0.016,0.712,0.903,0.0,0.084,0.0,0.0,0.712,0.983,0.533,0.928,0.205,0.009,0.049,0.0,0.008,0.158,0.05,0.513,0.734,0.019,0.0,0.071,0.018,0.05,0.562,0.896,0.244,0.037,0.0,0.021,0.45,0.772,0.889,0.263,0.093,0.038,0.032,0.043,0.0,0.046,0.005,0.013,0.0,9
0.022,0.854,0.943,0.482,0.829,0.444,0.044,0.022,0.383,0.667,0.041,0.321,0.975,0.079,0.01,0.0,0.206,1.0,0.666,0.965,0.205,0.0,0.024,0.0,0.053,0.067,0.771,1.0,0.175,0.0,0.089,0.005,0.0,0.042,0.948,0.346,0.959,0.0,0.069,0.0,0.003,0.013,1.0,0.646,0.682,0.0,0.004,0.0,0.008,0.014,0.971,0.812,0.174,0.087,0.0,0.082,0.0,0.0,0.007,0.0,0.0,0.0,0.0,0.0,8
0.0,0.44,0.799,0.756,0.22,0.0,0.039,0.081,0.065,0.722,0.04,0.055,0.869,0.0,0.059,0.0,0.132,0.009,0.033,0.562,0.773,0.007,0.071,0.069,0.0,0.0,0.75,1.0,0.181,0.0,0.033,0.01,0.054,0.0,0.048,0.58,0.79,0.055,0.0,0.0,0.142,0.426,0.0,0.034,0.455,0.641,0.113,0.022,0.246,0.806,0.157,0.01,0.475,0.733,0.012,0.0,0.065,0.288,0.841,0.821,0.867,0.326,0.085,0.077,3
0.0,0.0,0.207,0.93,0.805,0.976,0.603,0.071,0.0,0.0,0.334,1.0,0.141,0.0,0.783,0.244,0.013,0.026,0.517,0.837,0.0,0.0,0.523,0.385,0.102,0.037,0.509,0.659,0.0,0.062,0.521,0.505,0.092,0.0,0.454,0.86,0.035,0.036,0.691,0.548,0.0,0.032,0.135,1.0,0.788,0.793,0.898,0.22,0.0,0.0,0.097,0.441,1.0,0.813,0.308,0.0,0.02,0.0,0.0,0.0,0.0,0.038,0.112,0.027,0
0.0,0.267,0.926,0.085,0.027,0.0,0.048,0.0,0.0,0.558,0.717,0.0,0.0,0.004,0.021,0.0,0.0,0.976,0.179,0.0,0.069,0.069,0.018,0.01,0.281,0.765,0.0,0.0,0.0,0.0,0.0,0.13,0.444,0.867,0.491,0.457,0.397,0.179,0.035,0.08,0.4,0.859,0.437,0.159,0.663,0.48,0.071,0.0,0.198,1.0,0.26,0.076,0.726,0.431,0.095,0.0,0.0,0.335,0.913,1.0,0.697,0.0,0.0,0.0,6
0.002,0.047,0.85,0.73,0.366,0.739,0.0,0.039,0.079,0.251,0.994,0.115,0.14,0.863,0.0,0.033,0.0,0.0,0.303,0.07,0.874,0.591,0.0,0.064,0.0,0.0,0.002,0.018,0.706,0.815,0.01,0.025,0.051,0.0,0.066,0.0,0.0,0.464,0.65,0.0,0.0,0.0,0.768,0.62,0.26,0.279,0.956,0.06,0.063,0.069,0.064,0.633,0.962,0.934,0.689,0.0,0.063,0.057,0.129,0.036,0.015,0.0,0.033,0.015,3
0.0,0.055,0.0,0.04,0.036,0.022,0.016,0.039,0.04,0.139,0.44,0.925,0.401,0.0,0.0,0.003,0.0,0.151,1.0,0.954,0.718,0.0,0.0,0.064,0.079,0.872,1.0,1.0,0.698,0.049,0.0,0.013,0.204,0.728,0.906,1.0,0.721,0.103,0.0,0.014,0.015,0.0,0.568,0.93,0.609,0.078,0.0,0.121,0.0,0.0,0.682,0.962,0.831,0.0,0.0,0.039,0.044,0.0,0.653,1.0,0.947,0.038,0.0,0.0,1
0.0,0.337,0.824,0.691,0.328,0.024,0.019,0.027,0.021,0.85,1.0,0.898,0.613,0.0,0.013,0.0,0.0,0.722,1.0,0.985,0.669,0.0,0.0,0.0,0.0,0.708,0.986,0.971,0.34,0.0,0.0,0.084,0.0,0.618,0.975,0.995,0.064,0.01,0.0,0.029,0.0,0.75,0.948,0.98,0.0,0.068,0.0,0.037,0.0,0.839,1.0,0.77,0.01,0.01,0.0,0.117,0.0,0.422,0.784,1.0,0.539,0.024,0.0,0.027,1
0.008,0.021,0.068,0.087,0.083,0.018,0.0,0.0,0.0,0.085,0.113,0.782,0.722,0.635,1.0,0.442,0.0,0.0,0.062,0.88,0.319,0.389,0.217,0.056,0.051,0.016,0.0,0.688,0.045,0.0,0.0,0.053,0.0,0.0,0.545,0.992,0.998,0.929,0.515,0.0,0.013,0.0,0.079,0.29,0.258,0.298,0.77,0.42,0.0,0.022,0.097,0.015,0.0,0.013,0.719,0.274,0.0,0.014,0.062,0.402,0.061,0.666,0.759,0.0,5
0.045,0.041,0.0,0.059,0.064,0.052,0.014,0.0,0.0,0.1,0.065,0.032,0.937,0.244,0.0,0.0,0.032,0.0,0.04,0.805,0.802,0.028,0.0,0.047,0.0,0.036,0.561,0.936,0.32,0.47,0.504,0.027,0.077,0.247,0.957,0.416,0.147,0.985,0.468,0.051,0.0,0.835,0.95,0.0,0.401,0.953,0.155,0.0,0.0,0.713,1.0,0.875,0.74,1.0,0.169,0.093,0.0,0.076,0.411,0.491,0.894,0.851,0.091,0.016,4
0.0,0.058,0.043,0.0,0.0,0.0,0.0,0.005,0.0,0.0,0.0,0.176,0.765,0.775,0.172,0.055,0.0,0.0,0.0,0.359,0.895,0.998,0.237,0.0,0.054,0.0,0.0,0.373,1.0,0.966,0.372,0.0,0.005,0.091,0.039,0.668,0.986,0.971,0.0,0.0,0.0,0.05,0.036,0.736,1.0,0.987,0.002,0.036,0.0,0.0,0.032,0.822,0.877,0.549,0.0,0.0,0.006,0.0,0.068,0.461,0.959,0.609,0.044,0.097,1
0.0,0.0,0.0,0.623,0.589,0.0,0.0,0.0,0.033,0.022,0.014,1.0,0.182,0.837,0.299,0.005,0.0,0.0,0.442,0.741,0.037,1.0,0.361,0.371,0.0,0.069,0.871,0.848,0.463,1.0,0.959,0.606,0.036,0.051,0.759,0.949,0.991,0.896,0.544,0.267,0.069,0.0,0.088,0.195,1.0,0.523,0.009,0.024,0.0,0.021,0.017,0.1,0.988,0.387,0.016,0.0,0.0,0.083,0.0,0.038,0.0,0.0,0.0,0.143,4
0.0,0.0,0.0,0.0,0.0,0.019,0.0,0.0,0.003,0.232,0.822,0.889,0.489,0.097,0.086,0.029,0.0,0.574,0.966,0.853,0.924,0.088,0.0,0.0,0.0,0.907,0.282,0.293,0.992,0.055,0.0,0.0,0.0,0.011,0.0,0.395,1.0,0.212,0.03,0.0,0.004,0.0,0.035,0.851,0.775,0.031,0.002,0.0,0.056,0.145,0.702,1.0,0.356,0.0,0.016,0.003,0.033,0.368,1.0,0.772,0.521,0.567,0.584,0.022,2
0.287,1.0,1.0,0.727,0.912,0.0,0.009,0.0,0.384,1.0,0.64,0.612,0.956,0.0,0.007,0.008,0.174,0.638,1.0,0.937,0.43,0.015,0.014,0.0,0.071,0.897,0.91,0.54,0.0,0.006,0.0,0.029,0.359,0.967,0.348,0.888,0.023,0.017,0.0,0.0,0.146,0.839,0.189,1.0,0.0,0.0,0.041,0.0,0.013,0.326,0.932,0.864,0.109,0.0,0.032,0.0,0.0,0.0,0.0,0.0,0.055,0.0,0.017,0.055,8
0.0,0.007,0.0,0.0,0.047,0.009,0.0,0.0,0.024,0.0,0.576,0.907,0.112,0.0,0.0,0.087,0.023,0.097,0.902,0.869,0.09,0.074,0.013,0.0,0.0,0.619,0.919,0.255,0.974,0.59,0.083,0.003,0.373,0.896,0.428,0.106,1.0,0.42,0.0,0.0,0.564,1.0,0.701,0.886,0.977,0.253,0.0,0.0,0.063,0.671,0.895,0.959,0.863,0.061,0.0,0.0,0.053,0.0,0.061,1.0,0.567,0.03,0.0,0.0,4
0.0,0.0,0.0,0.233,0.759,0.989,0.351,0.0,0.009,0.066,0.166,0.85,0.281,0.549,0.565,0.0,0.0,0.0,0.118,0.747,0.309,0.799,0.053,0.027,0.008,0.0,0.226,1.0,0.93,0.186,0.067,0.0,0.0,0.107,0.653,0.937,0.877,0.028,0.0,0.0,0.0,0.353,0.83,0.116,0.686,0.35,0.0,0.0,0.0,0.0,0.556,0.886,0.338,0.834,0.027,0.027,0.0,0.0,0.074,0.318,0.616,1.0,0.447,0.0,8
0.0,0.014,0.051,0.134,0.069,0.0,0.022,0.029,0.063,0.401,0.971,0.831,0.0,0.0,0.049,0.062,0.023,0.823,1.0,1.0,0.15,0.0,0.04,0.0,0.052,0.25,0.441,1.0,0.079,0.069,0.017,0.051,0.018,0.365,0.71,0.98,0.39,0.0,0.027,0.0,0.785,0.914,1.0,0.903,0.969,0.649,0.016,0.0,0.541,0.83,1.0,0.45,0.059,0.0,0.029,0.021,0.0,0.361,0.881,0.002,0.0,0.058,0.0,0.0,7
0.01,0.588,0.972,1.0,0.725,0.138,0.0,0.0,0.172,0.81,0.344,0.291,0.864,0.302,0.0,0.08,0.0,0.0,0.0,0.508,0.872,0.074,0.005,0.02,0.001,0.0,0.305,1.0,0.59,0.067,0.017,0.0,0.016,0.0,0.0,0.547,0.938,0.45,0.0,0.006,0.041,0.0,0.0,0.061,0.885,0.527,0.077,0.054,0.007,0.258,0.329,0.29,0.906,0.197,0.104,0.0,0.007,0.746,1.0,0.914,0.189,0.0,0.0,0.018,3
0.0,0.0,0.529,0.918,1.0,0.77,0.0,0.006,0.015,0.084,0.824,0.318,0.0,0.727,0.185,0.071,0.046,0.334,0.55,0.0,0.0,0.551,0.391,0.034,0.015,0.446,0.774,0.047,0.032,0.556,0.434,0.0,0.026,0.142,0.948,0.081,0.278,0.831,0.316,0.025,0.0,0.038,0.763,0.998,1.0,1.0,0.043,0.0,0.0,0.0,0.0,0.632,0.991,0.416,0.016,0.0,0.0,0.067,0.0,0.046,0.0,0.0,0.0,0.057,0
0.019,0.007,0.0,0.557,1.0,0.841,0.0,0.0,0.122,0.058,0.782,1.0,0.983,0.768,0.0,0.0,0.041,0.729,1.0,0.78,0.974,0.497,0.0,0.008,0.006,0.435,0.285,0.419,0.978,0.416,0.0,0.0,0.0,0.036,0.034,0.473,1.0,0.378,0.109,0.0,0.0,0.105,0.0,0.168,1.0,0.458,0.003,0.0,0.041,0.0,0.027,0.0,0.915,0.625,0.0,0.102,0.01,0.062,0.0,0.015,0.018,0.0,0.146,0.0,1
0.07,0.0,0.0,0.034,0.044,0.0,0.071,0.0,0.111,0.731,0.927,1.0,0.774,0.127,0.0,0.036,0.275,0.971,0.86,0.405,0.836,0.26,0.039,0.0,0.083,1.0,0.326,0.682,0.945,0.124,0.044,0.039,0.021,0.464,0.988,0.863,0.133,0.037,0.0,0.001,0.0,0.474,1.0,0.454,0.0,0.0,0.047,0.011,0.0,0.952,0.949,0.663,0.087,0.0,0.0,0.0,0.071,0.999,0.741,0.747,0.0,0.031,0.104,0.0,8
0.0,0.0,0.068,0.0,0.023,0.026,0.0,0.096,0.0,0.0,0.518,1.0,0.0,0.002,0.053,0.0,0.0,0.187,0.941,0.143,0.0,0.04,0.0,0.085,0.029,0.692,0.653,0.042,0.024,0.048,0.0,0.0,0.197,1.0,0.264,0.656,0.698,0.0,0.108,0.0,0.654,0.947,0.144,0.812,0.571,0.052,0.0,0.0,0.804,1.0,0.939,1.0,0.83,0.079,0.0,0.037,0.042,0.348,0.833,0.773,0.0,0.0,0.0,0.003,4
0.043,0.061,0.157,0.778,0.707,0.902,0.927,0.221,0.124,0.0,0.229,0.954,0.251,0.261,0.3,0.094,0.0,0.02,0.329,0.66,0.0,0.0,0.116,0.0,0.0,0.0,0.242,1.0,0.795,0.997,0.982,0.36,0.017,0.0,0.203,0.683,0.41,0.043,0.495,0.454,0.074,0.0,0.01,0.007,0.0,0.0,0.627,0.45,0.039,0.063,0.03,0.532,0.035,0.388,0.882,0.064,0.042,0.03,0.129,1.0,1.0,0.947,0.19,0.002,5
0.0,0.0,0.133,0.906,0.832,0.86,0.976,0.416,0.0,0.0,0.472,0.454,0.026,0.236,0.99,0.193,0.02,0.012,0.0,0.227,0.201,0.583,0.865,0.0,0.0,0.0,0.971,1.0,1.0,0.977,0.394,0.071,0.0,0.0,0.556,0.477,0.702,0.821,0.0,0.0,0.034,0.0,0.0,0.051,0.883,0.236,0.008,0.085,0.0,0.0,0.0,0.328,0.592,0.038,0.0,0.009,0.049,0.031,0.0,0.0,0.0,0.037,0.0,0.0,7
0.575,1.0,0.907,0.437,0.49,0.136,0.0,0.024,0.486,0.985,0.593,0.141,0.0,0.0,0.033,0.011,0.488,1.0,1.0,1.0,0.281,0.0,0.034,0.013,0.184,0.291,0.142,0.79,0.737,0.011,0.0,0.003,0.0,0.017,0.1,0.543,0.788,0.0,0.0,0.003,0.072,0.307,0.441,0.887,0.573,0.027,0.0,0.022,0.042,0.744,1.0,0.702,0.027,0.0,0.0,0.0,0.0,0.031,0.034,0.062,0.0,0.0,0.0,0.0,5
0.022,0.0,0.015,0.5,0.96,0.958,0.227,0.052,0.0,0.054,0.272,0.752,0.281,0.504,0.678,0.0,0.051,0.008,0.299,0.17,0.221,0.819,0.376,0.029,0.017,0.042,0.0,0.0,0.992,0.924,0.056,0.0,0.0,0.019,0.0,0.0,0.157,0.561,0.841,0.135,0.0,0.04,0.0,0.052,0.0,0.0,0.42,0.517,0.0,0.0,0.07,0.208,0.292,0.283,0.828,0.433,0.0,0.145,0.0,0.685,1.0,0.987,0.385,0.0,3
0.06,0.027,0.051,0.0,0.0,0.0,0.0,0.003,0.0,0.0,0.465,1.0,1.0,0.428,0.009,0.054,0.0,0.0,0.911,0.901,0.934,0.274,0.024,0.0,0.114,0.807,1.0,0.968,0.736,0.1,0.093,0.038,0.515,0.987,0.959,0.945,0.779,0.0,0.048,0.071,0.0,0.0,0.678,0.957,0.554,0.007,0.0,0.0,0.01,0.07,0.739,0.981,0.816,0.0,0.004,0.0,0.0,0.0,0.63,0.996,0.999,0.26,0.02,0.005,1
0.361,1.0,1.0,0.759,0.588,0.071,0.041,0.029,0.684,0.926,0.229,0.0,0.079,0.0,0.0,0.025,0.459,0.896,0.658,0.127,0.0,0.0,0.056,0.0,0.0,0.847,0.949,0.865,0.0,0.0,0.116,0.006,0.08,0.0,0.31,1.0,0.172,0.0,0.041,0.0,0.001,0.266,0.601,0.966,0.183,0.042,0.0,0.081,0.0,0.551,1.0,0.618,0.0,0.049,0.001,0.02,0.0,0.0,0.0,0.0,0.0,0.0,0.0,0.029,5
0.039,0.05,0.043,0.811,0.866,0.798,0.798,0.0,0.0,0.0,0.045,0.072,0.373,1.0,0.514,0.0,0.0,0.0,0.0,0.0,0.221,0.948,0.231,0.058,0.02,0.085,0.064,0.004,0.084,0.665,0.655,0.0,0.01,0.047,0.0,0.0,0.105,0.374,0.849,0.0,0.0,0.056,0.0,0.391,0.262,0.714,0.947,0.065,0.0,0.0,0.0,0.44,1.0,1.0,0.513,0.0,0.0,0.0,0.094,0.0,0.0,0.0,0.014,0.0,3
0.048,0.0,0.142,0.276,0.592,0.023,0.0,0.022,0.089,0.212,1.0,0.46,0.837,0.172,0.003,0.0,0.0,0.501,0.472,0.0,0.607,0.422,0.055,0.093,0.0,0.16,0.715,0.491,0.97,0.685,0.02,0.0,0.084,0.0,0.039,0.489,0.193,0.801,0.15,0.0,0.049,0.019,0.015,0.128,0.0,0.353,0.545,0.013,0.08,0.0,0.546,0.358,0.121,0.046,0.896,0.046,0.056,0.002,0.054,0.158,0.631,0.992,1.0,0.143,9
0.128,0.0,0.002,0.0,0.0,0.062,0.006,0.0,0.075,0.007,0.705,0.913,0.275,0.066,0.0,0.0,0.0,0.338,0.697,0.221,0.857,0.28,0.049,0.049,0.0,0.593,0.619,0.076,0.237,0.874,0.0,0.0,0.0,0.484,0.807,0.337,0.847,0.943,0.166,0.0,0.0,0.0,0.647,0.754,0.762,0.911,0.442,0.0,0.01,0.0,0.024,0.0,0.068,0.463,0.791,0.0,0.057,0.0,0.084,0.0,0.0,0.071,0.921,0.061,9
0.044,0.037,0.081,0.923,1.0,1.0,0.874,0.17,0.0,0.041,0.21,0.983,0.919,0.548,0.518,0.035,0.049,0.0,0.469,1.0,0.37,0.09,0.0,0.014,0.01,0.013,0.219,0.823,0.93,0.226,0.0,0.0,0.0,0.1,0.017,0.0,0.76,0.648,0.083,0.011,0.0,0.0,0.0,0.046,0.528,0.98,0.048,0.0,0.0,0.0,0.0,0.551,0.997,0.67,0.0,0.0,0.0,0.04,0.121,0.914,0.846,0.083,0.009,0.0,5
0.0,0.0,0.009,0.0,0.0,0.0,0.0,0.036,0.085,0.0,0.248,0.973,0.346,0.0,0.047,0.0,0.0,0.014,0.98,0.7,0.0,0.0,0.0,0.0,0.061,0.614,0.965,0.165,0.229,0.0,0.0,0.0,0.233,1.0,0.245,0.4,0.974,0.013,0.0,0.065,0.697,0.917,0.26,0.567,0.99,0.075,0.0,0.0,0.651,1.0,0.982,0.972,0.782,0.185,0.0,0.0,0.077,0.27,0.398,0.945,0.312,0.011,0.0,0.0,4
0.072,0.002,0.545,0.926,1.0,1.0,0.653,0.149,0.065,0.089,0.354,0.981,0.749,0.52,0.377,0.056,0.0,0.0,0.566,1.0,0.137,0.026,0.031,0.0,0.008,0.023,0.173,1.0,0.921,0.169,0.0,0.025,0.0,0.0,0.0,0.303,0.973,0.837,0.105,0.0,0.0,0.06,0.029,0.062,0.053,0.954,0.582,0.047,0.0,0.046,0.126,0.339,0.801,0.984,0.234,0.022,0.0,0.0,0.232,0.877,0.907,0.399,0.0,0.0,5
0.0,0.029,0.131,0.648,0.964,0.722,0.074,0.011,0.038,0.103,0.901,0.87,0.528,0.123,0.0,0.0,0.047,0.073,0.953,0.275,0.0,0.005,0.0,0.036,0.111,0.46,1.0,0.908,0.854,0.169,0.0,0.029,0.0,0.582,1.0,0.412,0.735,0.758,0.0,0.0,0.014,0.0,0.076,0.029,0.254,0.862,0.0,0.0,0.031,0.0,0.0,0.0,0.437,0.991,0.049,0.14,0.0,0.0,0.13,0.843,0.973,0.54,0.038,0.0,5
0.05,0.0,0.588,0.752,0.52,1.0,0.249,0.0,0.0,0.006,0.993,0.329,0.428,0.721,0.012,0.0,0.0,0.055,0.422,0.093,0.968,0.2,0.0,0.0,0.085,0.07,0.701,0.809,0.959,0.753,0.477,0.045,0.032,0.248,0.839,0.915,0.809,0.638,0.151,0.015,0.031,0.07,0.261,1.0,0.117,0.053,0.065,0.0,0.0,0.0,0.53,0.822,0.018,0.046,0.0,0.095,0.002,0.0,0.038,0.0,0.0,0.028,0.0,0.0,7
0.046,0.065,0.655,0.84,0.34,0.974,0.0,0.0,0.042,0.0,0.746,0.471,0.271,0.679,0.0,0.013,0.0,0.0,0.027,0.047,0.923,0.26,0.093,0.0,0.028,0.006,0.0,0.667,0.879,0.137,0.0,0.0,0.0,0.047,0.0,0.02,0.363,0.878,0.123,0.0,0.0,0.038,0.884,0.616,0.257,0.316,0.663,0.069,0.0,0.0,0.144,0.288,0.821,0.898,0.575,0.0,0.038,0.037,0.0,0.0,0.0,0.0,0.0,0.0,3
0.077,0.0,0.02,0.014,0.045,0.0,0.061,0.004,0.024,0.75,0.992,0.962,0.718,0.177,0.022,0.0,0.451,1.0,0.959,0.888,0.726,0.0,0.071,0.0,0.742,0.89,0.077,0.044,0.0,0.0,0.041,0.0,0.632,0.759,0.077,0.0,0.102,0.0,0.0,0.0,0.149,0.926,0.945,0.33,0.038,0.065,0.0,0.0,0.03,0.0,0.527,0.994,0.3,0.023,0.0,0.017,0.0,0.364,0.634,0.946,0.469,0.005,0.042,0.0,5
0.038,0.0,0.8,1.0,0.918,0.835,0.944,0.146,0.016,0.028,0.887,0.544,0.0,0.791,0.344,0.007,0.034,0.0,0.615,0.133,0.428,0.82,0.036,0.032,0.0,0.0,0.0,0.098,0.882,0.205,0.02,0.062,0.004,0.0,0.0,0.582,0.463,0.013,0.0,0.001,0.049,0.048,0.0,0.922,0.202,0.0,0.042,0.007,0.016,0.088,0.161,0.93,0.042,0.0,0.024,0.0,0.0,0.015,0.019,0.0,0.0,0.0,0.0,0.078,7
0.0,0.0,0.0,0.0,0.062,0.021,0.029,0.0,0.0,0.03,0.22,0.862,0.012,0.1,0.041,0.022,0.035,0.06,0.868,0.278,0.07,0.818,0.489,0.013,0.0,0.596,0.473,0.02,0.552,0.973,0.03,0.0,0.237,0.938,0.081,0.048,0.902,0.503,0.0,0.0,0.252,0.928,0.332,0.745,1.0,0.183,0.0,0.0,0.306,0.993,0.925,0.987,0.701,0.0,0.004,0.021,0.0,0.153,0.0,0.911,0.124,0.0,0.0,0.052,4
0.047,0.007,0.0,0.657,0.99,1.0,0.373,0.108,0.117,0.0,0.559,0.998,0.845,1.0,0.485,0.0,0.0,0.0,0.772,0.558,0.0,1.0,0.583,0.0,0.0,0.019,0.153,0.068,0.306,0.93,0.223,0.025,0.0,0.067,0.0,0.018,0.953,0.615,0.0,0.038,0.0,0.0,0.046,0.684,0.892,0.0,0.0,0.045,0.0,0.0,0.0,1.0,0.866,0.779,0.752,0.489,0.049,0.039,0.085,0.954,1.0,1.0,0.839,0.553,2
0.084,0.0,0.006,0.0,0.0,0.0,0.047,0.0,0.0,0.013,0.698,1.0,0.981,0.733,0.0,0.091,0.0,0.798,0.942,0.545,0.708,0.685,0.017,0.014,0.0,0.244,0.0,0.0,0.756,0.329,0.0,0.0,0.09,0.0,0.03,0.191,1.0,0.014,0.0,0.089,0.0,0.096,0.879,1.0,0.995,0.52,0.05,0.066,0.0,0.279,0.848,0.913,0.512,0.131,0.0,0.052,0.082,0.0,0.556,0.633,0.104,0.005,0.0,0.036,7
0.007,0.0,0.054,0.209,0.777,0.038,0.0,0.058,0.033,0.011,0.0,0.081,0.899,0.421,0.063,0.104,0.0,0.0,0.0,0.033,0.823,0.601,0.0,0.0,0.02,0.0,0.0,0.0,0.767,0.961,0.037,0.0,0.0,0.021,0.0,0.0,0.456,0.959,0.241,0.0,0.055,0.0,0.036,0.0,0.03,0.658,0.497,0.0,0.038,0.028,0.0,0.387,0.648,0.874,0.962,0.598,0.0,0.063,0.049,0.131,0.78,0.767,0.741,0.776,1
0.024,0.0,0.0,0.0,0.0,0.0,0.003,0.0,0.0,0.01,0.064,0.012,0.84,1.0,0.311,0.063,0.0,0.0,0.276,0.687,1.0,0.941,0.319,0.016,0.0,0.274,0.865,0.906,0.996,1.0,0.243,0.0,0.0,0.246,0.624,0.59,0.989,0.921,0.188,0.029,0.021,0.0,0.013,0.0,0.855,1.0,0.256,0.0,0.126,0.0,0.0,0.0,0.786,1.0,0.31,0.049,0.001,0.0,0.0,0.069,0.976,1.0,0.429,0.015,1
0.0,0.035,0.022,0.104,0.503,0.861,1.0,0.988,0.0,0.048,0.26,0.966,0.795,0.518,0.595,1.0,0.11,0.0,0.045,0.161,0.0,0.0,0.623,0.578,0.0,0.054,0.021,0.155,0.724,0.71,0.94,0.691,0.0,0.0,0.015,0.716,0.995,0.956,0.761,0.072,0.0,0.0,0.115,0.03,0.248,1.0,0.204,0.007,0.0,0.015,0.11,0.059,0.466,0.659,0.025,0.0,0.008,0.0,0.036,0.044,0.894,0.283,0.0,0.0,7
0.08,0.713,0.985,0.933,0.293,0.023,0.02,0.0,0.0,0.522,0.87,0.95,0.617,0.0,0.006,0.0,0.0,0.025,0.0,0.817,0.793,0.019,0.0,0.0,0.045,0.074,0.004,0.822,0.627,0.005,0.042,0.0,0.067,0.986,1.0,1.0,0.876,0.238,0.0,0.0,0.111,0.497,0.847,0.928,0.754,0.154,0.0,0.0,0.0,0.13,0.938,0.514,0.0,0.0,0.029,0.021,0.073,0.659,0.775,0.012,0.043,0.0,0.0,0.0,7
0.045,0.058,0.041,0.681,0.967,0.7,0.0,0.073,0.0,0.0,0.589,0.987,0.617,0.971,0.138,0.0,0.0,0.104,0.775,0.707,0.086,0.977,0.262,0.04,0.0,0.0,0.472,0.33,0.417,1.0,0.238,0.0,0.0,0.002,0.028,0.087,0.975,0.653,0.0,0.0,0.007,0.055,0.004,0.623,0.955,0.173,0.036,0.016,0.038,0.0,0.0,0.796,0.914,0.496,0.66,0.359,0.028,0.014,0.044,0.739,1.0,0.953,1.0,0.972,2
0.0,0.0,0.458,1.0,0.256,0.0,0.0,0.0,0.026,0.122,1.0,0.68,0.042,0.119,0.0,0.0,0.059,0.747,0.766,0.428,0.679,0.029,0.084,0.05,0.404,0.953,0.212,0.942,0.718,0.034,0.0,0.0,0.842,1.0,0.444,0.886,0.924,0.643,0.0,0.099,0.765,1.0,0.989,0.952,0.705,0.115,0.0,0.0,0.0,0.007,0.466,0.965,0.175,0.0,0.118,0.097,0.014,0.072,0.706,0.984,0.0,0.045,0.009,0.059,4
0.086,0.042,0.153,0.617,0.896,0.663,0.207,0.042,0.008,0.0,0.282,0.908,0.507,0.976,0.314,0.001,0.124,0.068,0.054,0.053,0.404,0.932,0.06,0.084,0.0,0.042,0.004,0.0,1.0,0.526,0.051,0.0,0.111,0.0,0.043,0.158,1.0,0.971,0.686,0.0,0.0,0.036,0.0,0.0,0.053,0.294,0.812,0.535,0.0,0.049,0.108,0.494,0.295,0.439,0.985,0.399,0.0,0.038,0.199,0.78,1.0,1.0,0.564,0.0,3
0.0,0.187,0.878,0.52,0.575,0.948,0.166,0.0,0.047,0.177,0.961,0.098,0.045,0.925,0.265,0.104,0.0,0.048,0.708,0.985,0.988,0.443,0.0,0.0,0.0,0.012,0.0,0.337,0.848,0.985,0.263,0.023,0.0,0.047,0.157,0.71,0.031,0.695,0.248,0.0,0.0,0.025,0.511,0.555,0.045,0.828,0.149,0.0,0.001,0.028,0.242,0.973,0.939,0.429,0.0,0.056,0.0,0.0,0.0,0.007,0.019,0.0,0.0,0.0,8
0.056,0.0,0.0,0.0,0.018,0.0,0.032,0.005,0.0,0.037,0.0,0.045,0.003,0.201,0.849,0.214,0.024,0.0,0.0,0.0,0.047,0.962,0.94,0.3,0.0,0.008,0.104,0.502,0.887,1.0,0.92,0.348,0.0,0.0,0.371,0.73,0.553,0.19,1.0,0.286,0.041,0.009,0.0,0.064,0.0,0.294,0.961,0.151,0.025,0.012,0.006,0.033,0.013,0.245,1.0,0.294,0.102,0.0,0.008,0.0,0.0,0.456,1.0,0.238,1
0.181,1.0,0.669,0.246,0.913,0.177,0.044,0.0,0.448,0.286,0.019,0.285,0.956,0.102,0.012,0.0,0.0,0.006,0.0,0.677,0.763,0.0,0.084,0.0,0.013,0.0,0.478,1.0,0.958,0.553,0.0,0.022,0.0,0.056,0.378,0.9,0.458,0.066,0.0,0.039,0.0,0.031,0.841,0.552,0.04,0.028,0.0,0.043,0.101,0.16,1.0,0.156,0.0,0.039,0.0,0.0,0.0,0.063,0.0,0.01,0.012,0.0,0.0,0.095,7
0.381,1.0,0.65,0.944,0.439,0.0,0.0,0.03,0.121,0.259,0.0,0.462,0.464,0.0,0.101,0.0,0.0,0.158,0.366,1.0,0.955,0.511,0.0,0.089,0.095,0.861,1.0,1.0,0.281,0.007,0.0,0.082,0.0,0.41,0.653,0.571,0.0,0.072,0.08,0.0,0.0,0.0,0.862,0.21,0.02,0.0,0.0,0.0,0.0,0.352,0.883,0.143,0.11,0.003,0.02,0.0,0.059,0.0,0.0,0.016,0.0,0.001,0.0,0.014,7
0.0,0.0,0.188,1.0,0.786,0.103,0.0,0.0,0.013,0.038,0.616,1.0,0.871,0.68,0.0,0.046,0.027,0.066,0.982,0.495,0.031,0.82,0.132,0.0,0.0,0.215,0.967,0.807,0.054,0.628,0.343,0.0,0.044,0.217,0.978,0.36,0.058,0.9,0.462,0.068,0.0,0.005,0.934,0.014,0.053,1.0,0.509,0.018,0.0,0.0,0.642,0.611,0.606,0.946,0.05,0.0,0.0,0.017,0.136,0.822,0.996,0.538,0.0,0.032,0
0.012,0.001,0.0,0.034,0.0,0.0,0.0,0.002,0.0,0.0,0.716,1.0,0.695,0.017,0.0,0.0,0.018,0.26,0.98,0.618,0.957,0.232,0.036,0.1,0.144,1.0,0.573,0.077,0.508,0.155,0.025,0.0,0.301,1.0,0.561,0.063,0.0,0.0,0.083,0.063,0.567,0.996,0.995,0.554,0.0,0.0,0.034,0.0,0.109,0.976,0.715,1.0,0.349,0.014,0.0,0.0,0.0,0.763,0.999,1.0,0.447,0.0,0.059,0.031,6
0.052,0.567,0.872,0.934,0.339,0.0,0.0,0.0,0.138,1.0,0.775,0.079,0.802,0.075,0.0,0.116,0.234,0.782,0.444,0.0,0.563,0.118,0.007,0.0,0.287,0.711,0.264,0.0,0.434,0.114,0.0,0.0,0.224,0.545,0.0,0.0,0.771,0.099,0.076,0.032,0.172,0.507,0.078,0.248,0.676,0.004,0.0,0.0,0.078,0.703,0.329,0.705,0.159,0.029,0.082,0.0,0.007,0.373,0.916,0.348,0.075,0.068,0.0,0.028,0
0.12,1.0,0.767,0.692,1.0,0.201,0.004,0.039,0.0,0.145,0.17,0.94,0.59,0.0,0.0,0.008,0.0,0.0,0.566,1.0,0.475,0.027,0.0,0.0,0.0,0.016,0.212,0.791,0.911,0.078,0.093,0.0,0.0,0.0,0.0,0.05,0.969,0.322,0.021,0.0,0.0,0.203,0.764,0.801,0.892,0.063,0.0,0.011,0.0,0.394,0.994,0.812,0.343,0.0,0.027,0.0,0.0,0.0,0.013,0.0,0.0,0.0,0.022,0.02,3
0.0,0.01,0.0,0.0,0.006,0.0,0.0,0.0,0.021,0.061,0.804,1.0,0.958,0.312,0.0,0.025,0.044,0.477,0.617,0.246,0.615,0.791,0.0,0.001,0.025,0.054,0.0,0.0,0.686,0.43,0.051,0.0,0.0,0.0,0.009,0.088,0.869,0.122,0.047,0.0,0.0,0.046,0.069,0.725,0.415,0.049,0.031,0.029,0.019,0.0,0.35,0.742,0.0,0.0,0.0,0.037,0.014,0.002,1.0,0.205,0.029,0.246,0.185,0.0,2
0.0,0.404,0.977,1.0,0.988,0.669,0.0,0.0,0.016,0.979,0.933,0.468,0.403,0.39,0.013,0.0,0.35,1.0,0.38,0.0,0.012,0.04,0.016,0.065,0.477,0.845,0.577,0.051,0.01,0.039,0.0,0.0,0.001,0.732,0.949,0.502,0.025,0.049,0.0,0.0,0.011,0.012,1.0,0.675,0.02,0.039,0.0,0.0,0.008,0.0,0.955,0.749,0.0,0.0,0.016,0.009,0.024,0.646,0.944,0.436,0.074,0.0,0.068,0.029,5
0.0,0.067,0.0,0.0,0.007,0.048,0.05,0.0,0.022,0.0,0.553,0.913,0.675,0.0,0.019,0.012,0.014,0.165,0.964,0.561,0.99,0.394,0.0,0.085,0.0,0.201,0.766,0.119,0.855,0.719,0.031,0.035,0.044,0.096,0.637,1.0,1.0,0.955,0.203,0.0,0.061,0.0,0.0,0.124,0.213,0.899,0.316,0.096,0.0,0.051,0.015,0.013,0.0,0.696,0.434,0.015,0.029,0.0,0.339,0.398,0.346,0.957,0.297,0.054,9
0.119,0.135,0.745,0.758,0.018,0.0,0.0,0.0,0.0,0.571,0.862,0.381,0.0,0.158,0.008,0.028,0.133,0.949,0.593,0.029,0.702,0.995,0.098,0.0,0.698,0.994,0.229,0.43,1.0,0.631,0.079,0.013,0.365,1.0,1.0,1.0,1.0,0.171,0.0,0.0,0.008,0.471,0.905,0.978,0.321,0.073,0.0,0.044,0.014,0.032,0.945,0.807,0.0,0.055,0.038,0.108,0.009,0.46,1.0,0.355,0.044,0.0,0.0,0.0,4
0.059,0.0,0.268,0.908,0.923,0.138,0.0,0.002,0.012,0.0,0.462,0.955,0.976,0.257,0.022,0.046,0.005,0.005,0.0,0.0,0.931,0.465,0.0,0.0,0.01,0.0,0.0,0.17,0.891,0.361,0.0,0.01,0.023,0.019,0.04,0.39,1.0,0.074,0.0,0.014,0.068,0.0,0.0,0.85,0.699,0.0,0.0,0.059,0.013,0.0,0.214,0.978,0.997,0.759,0.523,0.385,0.0,0.0,0.248,0.977,0.962,1.0,1.0,0.533,2
0.024,0.017,0.298,1.0,0.812,0.478,0.025,0.0,0.009,0.118,0.265,1.0,1.0,0.398,0.0,0.0,0.0,0.028,0.747,1.0,0.999,0.523,0.0,0.0,0.023,0.0,0.932,0.911,1.0,0.479,0.0,0.008,0.014,0.112,0.637,1.0,1.0,0.349,0.001,0.0,0.0,0.062,0.603,1.0,0.945,0.471,0.119,0.048,0.0,0.038,0.597,1.0,0.985,0.799,0.186,0.016,0.008,0.004,0.344,0.995,0.962,1.0,0.177,0.0,1
0.0,0.027,0.048,0.644,0.879,0.717,0.207,0.041,0.0,0.0,0.326,0.768,0.177,0.621,0.417,0.046,0.059,0.077,0.0,0.0,0.156,0.937,0.122,0.0,0.0,0.016,0.035,0.024,0.971,0.776,0.083,0.0,0.008,0.021,0.074,0.039,0.165,0.521,0.916,0.107,0.0,0.067,0.024,0.0,0.0,0.025,0.708,0.474,0.059,0.0,0.0,0.652,0.37,0.241,0.734,0.415,0.063,0.0,0.02,0.523,0.999,0.925,0.577,0.05,3
0.0,0.038,0.062,0.146,0.825,0.07,0.009,0.019,0.0,0.06,0.03,0.414,0.787,0.02,0.078,0.0,0.028,0.0,0.0,0.751,0.384,0.0,0.084,0.039,0.0,0.076,0.133,0.881,0.043,0.0,0.0,0.139,0.0,0.0,0.0,0.628,0.004,0.262,0.459,0.168,0.0,0.0,0.191,0.703,0.744,0.919,0.8,0.712,0.006,0.053,0.0,0.726,0.612,0.155,0.771,0.914,0.0,0.026,0.0,0.221,0.829,1.0,0.825,0.015,6
0.0,0.353,0.83,1.0,0.316,0.023,0.0,0.068,0.164,0.95,0.85,0.88,1.0,0.101,0.0,0.034,0.0,0.34,0.0,0.525,0.87,0.075,0.055,0.0,0.064,0.013,0.081,0.561,0.938,0.09,0.033,0.017,0.171,0.97,0.986,1.0,1.0,0.562,0.071,0.0,0.324,0.876,0.882,1.0,0.747,0.239,0.0,0.0,0.0,0.0,0.755,0.885,0.146,0.0,0.009,0.0,0.0,0.136,0.968,0.399,0.003,0.0,0.0,0.0,7
0.035,0.066,0.732,0.572,0.05,0.023,0.005,0.053,0.042,0.222,0.927,0.0,0.0,0.065,0.001,0.026,0.0,0.297,0.668,0.0,0.051,0.0,0.02,0.025,0.071,0.558,0.683,0.243,0.605,0.7,0.009,0.084,0.007,0.38,1.0,0.798,0.306,0.61,0.5,0.015,0.053,0.017,0.655,0.568,0.0,0.396,0.725,0.0,0.0,0.0,0.117,0.734,0.933,0.862,0.091,0.032,0.018,0.0,0.0,0.0,0.001,0.013,0.045,0.0,6
0.0,0.0,0.019,0.0,0.0,0.0,0.0,0.073,0.0,0.0,0.04,0.224,0.783,0.329,0.069,0.0,0.049,0.004,0.165,0.788,0.772,0.941,0.059,0.017,0.0,0.0,0.656,0.551,0.196,0.97,0.0,0.0,0.0,0.0,0.608,0.412,0.072,0.792,0.076,0.0,0.033,0.0,0.0,0.188,0.379,0.628,0.0,0.0,0.047,0.0,0.0,0.0,0.556,0.483,0.0,0.006,0.079,0.058,0.0,0.0,0.974,0.496,0.212,0.411,2
0.114,0.0,0.0,0.0,0.107,0.0,0.0,0.042,0.036,0.151,0.719,0.758,0.0,0.006,0.0,0.02,0.0,0.426,0.987,0.567,0.039,0.0,0.0,0.0,0.0,0.771,1.0,0.269,0.008,0.028,0.0,0.028,0.24,1.0,1.0,0.929,0.732,0.0,0.062,0.039,0.251,1.0,0.587,0.17,0.98,0.468,0.008,0.0,0.0,1.0,0.435,0.0,0.788,0.573,0.0,0.0,0.006,0.718,0.916,0.134,0.989,0.598,0.069,0.033,6
0.092,1.0,0.661,0.293,0.988,0.113,0.042,0.015,0.286,1.0,0.151,0.122,1.0,0.441,0.0,0.023,0.0,0.815,0.706,0.703,0.936,0.67,0.0,0.003,0.0,0.069,0.531,0.771,1.0,0.314,0.035,0.0,0.0,0.0,0.022,0.123,0.973,0.37,0.0,0.0,0.005,0.059,0.067,0.933,0.817,0.023,0.096,0.083,0.097,0.787,0.927,0.863,0.353,0.019,0.002,0.032,0.0,0.0,0.0,0.014,0.012,0.0,0.0,0.013,9
0.0,0.056,0.479,1.0,0.297,0.0,0.075,0.0,0.0,0.0,0.828,0.742,0.017,0.002,0.025,0.018,0.033,0.0,0.981,0.515,0.0,0.0,0.045,0.0,0.064,0.355,0.949,0.7,0.128,0.062,0.0,0.056,0.0,0.311,0.945,1.0,0.98,0.778,0.0,0.024,0.031,0.129,0.981,0.875,0.962,1.0,0.298,0.0,0.006,0.0,0.359,0.974,0.915,0.422,0.0,0.0,0.0,0.0,0.0,0.046,0.007,0.037,0.065,0.012,6
0.0,0.01,0.662,0.607,0.005,0.0,0.024,0.0,0.0,0.286,0.923,0.067,0.122,0.022,0.02,0.072,0.0,0.929,0.121,0.028,0.867,0.196,0.013,0.015,0.326,0.888,0.0,0.806,0.527,0.14,0.03,0.0,0.416,0.817,0.257,1.0,0.905,0.442,0.0,0.0,0.328,0.93,0.949,0.846,0.191,0.0,0.057,0.062,0.0,0.0,0.527,0.669,0.025,0.0,0.04,0.0,0.007,0.017,0.781,0.43,0.04,0.014,0.082,0.0,4
0.0,0.0,0.0,0.021,0.754,0.408,0.0,0.0,0.0,0.0,0.017,0.493,0.876,0.076,0.0,0.084,0.005,0.0,0.0,0.989,0.483,0.0,0.016,0.3,0.025,0.0,0.274,1.0,0.0,0.29,0.94,0.214,0.022,0.029,0.294,1.0,1.0,0.992,0.937,0.079,0.063,0.03,0.039,0.645,0.777,0.967,0.582,0.025,0.0,0.0,0.018,0.0,0.283,1.0,0.13,0.044,0.033,0.025,0.03,0.0,0.737,0.602,0.0,0.0,4
0.137,0.229,0.995,0.899,0.031,0.0,0.048,0.0,0.0,0.647,1.0,0.159,0.052,0.0,0.039,0.024,0.002,1.0,1.0,0.477,0.192,0.004,0.0,0.0,0.226,1.0,0.938,0.522,0.881,0.092,0.0,0.0,0.0,0.952,0.718,0.106,0.665,0.59,0.0,0.0,0.0,0.551,0.782,0.429,0.983,0.695,0.03,0.0,0.0,0.0,0.836,1.0,0.943,0.054,0.023,0.047,0.021,0.105,0.0,0.035,0.0,0.0,0.022,0.0,6
0.0,0.044,0.0,0.016,0.0,0.0,0.0,0.0,0.0,0.0,0.024,0.21,0.681,1.0,0.815,0.157,0.025,0.027,0.074,0.725,0.337,0.299,0.939,0.318,0.018,0.021,0.066,0.529,0.0,0.507,0.646,0.0,0.0,0.005,0.007,0.095,0.246,0.821,0.129,0.0,0.009,0.027,0.286,0.728,0.82,0.902,0.661,0.238,0.0,0.079,0.356,0.288,0.996,0.0,0.081,0.04,0.0,0.018,0.0,0.0,0.725,0.031,0.044,0.0,7
0.0,0.0,0.784,0.671,0.011,0.033,0.0,0.0,0.015,0.285,1.0,0.316,0.0,0.0,0.0,0.0,0.048,0.99,0.264,0.031,0.0,0.0,0.0,0.016,0.027,0.951,0.411,0.062,0.013,0.0,0.0,0.069,0.262,0.952,0.797,1.0,0.83,0.17,0.0,0.0,0.032,1.0,0.051,0.118,0.628,0.65,0.003,0.0,0.0,0.875,0.626,0.078,0.533,0.817,0.0,0.0,0.0,0.106,0.699,1.0,0.925,0.356,0.012,0.0,6
0.078,0.049,0.0,0.06,0.779,0.741,0.727,0.86,0.013,0.0,0.034,0.459,0.93,0.716,0.641,1.0,0.0,0.0,0.054,0.665,0.412,0.001,0.11,0.964,0.004,0.0,0.0,0.967,0.027,0.0,0.732,0.451,0.0,0.0,0.032,0.68,0.098,0.241,0.915,0.052,0.103,0.0,0.015,0.007,0.079,0.891,0.21,0.003,0.006,0.021,0.0,0.089,0.523,0.933,0.008,0.0,0.028,0.0,0.0,0.0,0.875,0.509,0.0,0.0,7
0.0,0.0,0.007,0.0,0.079,0.061,0.044,0.019,0.0,0.0,0.747,0.795,0.923,0.946,0.045,0.11,0.0,0.028,0.928,0.815,0.341,0.274,0.0,0.0,0.0,0.433,0.894,0.74,0.315,0.0,0.0,0.0,0.0,0.413,0.705,0.518,0.859,0.397,0.022,0.0,0.0,0.007,0.031,0.0,0.112,0.823,0.0,0.0,0.043,0.0,0.051,0.0,0.0,0.451,0.103,0.052,0.004,0.042,0.394,0.073,0.351,0.852,0.081,0.009,5
0.0,0.053,0.007,0.0,0.0,0.044,0.037,0.026,0.019,0.015,0.64,1.0,0.781,0.762,0.951,0.336,0.03,0.201,1.0,0.495,0.715,0.983,0.401,0.0,0.018,0.262,0.753,0.136,1.0,0.404,0.046,0.016,0.019,0.0,0.347,0.569,0.835,0.092,0.0,0.0,0.022,0.077,0.524,0.982,0.759,0.195,0.0,0.044,0.091,0.575,0.913,0.963,0.738,0.308,0.0,0.056,0.082,0.179,0.686,0.613,0.0,0.0,0.0,0.059,7
0.023,0.142,0.0,0.109,0.008,0.023,0.0,0.0,0.0,0.035,0.997,0.998,1.0,0.967,0.227,0.0,0.019,0.279,1.0,0.393,0.49,0.489,0.086,0.0,0.003,0.258,0.988,0.456,0.103,0.091,0.012,0.0,0.118,0.23,1.0,0.979,0.957,0.242,0.0,0.0,0.0,0.013,0.274,0.245,0.583,0.857,0.0,0.004,0.075,0.0,0.0,0.066,0.091,0.85,0.315,0.0,0.0,0.132,0.88,0.123,0.162,1.0,0.493,0.039,5
0.021,0.076,0.016,0.0,0.007,0.0,0.074,0.026,0.0,0.0,0.104,0.816,0.958,0.363,0.031,0.053,0.04,0.034,0.076,0.534,0.826,0.947,0.318,0.0,0.019,0.0,0.0,0.059,0.25,0.94,0.467,0.0,0.018,0.0,0.073,0.0,0.174,1.0,0.743,0.0,0.017,0.019,0.072,0.0,0.0,0.687,0.955,0.004,0.0,0.0,0.088,0.12,0.0,0.409,1.0,0.304,0.0,0.0,0.029,0.172,0.327,0.858,1.0,0.068,3
0.02,0.026,0.0,0.014,0.0,0.0,0.0,0.0,0.0,0.069,0.012,0.262,0.94,0.987,0.965,0.625,0.003,0.0,0.0,0.029,0.394,0.249,0.727,0.888,0.066,0.002,0.078,0.0,0.0,0.048,0.934,0.464,0.024,0.039,0.055,0.218,0.3,0.595,0.965,0.072,0.0,0.017,0.004,0.893,1.0,0.999,0.922,0.494,0.006,0.039,0.056,0.195,0.578,0.666,0.0,0.123,0.0,0.0,0.021,0.107,0.94,0.187,0.0,0.019,7
0.025,0.031,0.032,0.013,0.0,0.0,0.0,0.0,0.117,0.014,0.0,0.271,0.781,0.961,0.892,0.02,0.0,0.0,0.104,0.923,0.422,0.344,1.0,0.114,0.005,0.0,0.0,0.07,0.023,0.091,0.827,0.14,0.042,0.111,0.0,0.0,0.129,0.45,0.919,0.262,0.021,0.033,0.023,0.0,0.861,1.0,0.866,0.445,0.0,0.0,0.036,0.016,0.318,0.854,0.073,0.0,0.099,0.029,0.03,0.0,0.785,0.427,0.0,0.015,7
0.001,0.0,0.06,0.0,0.022,0.015,0.017,0.0,0.02,0.085,0.792,1.0,0.765,0.003,0.066,0.019,0.005,0.676,0.897,0.649,1.0,0.149,0.0,0.0,0.0,0.247,0.501,0.312,1.0,0.165,0.0,0.036,0.03,0.106,0.0,0.621,0.858,0.02,0.012,0.0,0.016,0.0,0.336,1.0,0.398,0.0,0.0,0.048,0.058,0.0,0.899,1.0,0.001,0.117,0.433,0.095,0.0,0.248,0.954,0.822,0.649,1.0,0.601,0.125,2
0.0,0.046,0.0,0.0,0.884,0.948,0.0,0.106,0.0,0.003,0.0,0.191,1.0,0.232,0.004,0.0,0.016,0.0,0.082,0.435,0.996,0.682,0.12,0.072,0.079,0.061,0.0,0.78,0.992,0.767,0.727,0.357,0.058,0.0,0.0,0.768,0.39,0.107,0.206,0.858,0.059,0.0,0.035,0.263,0.732,0.073,0.246,0.807,0.0,0.0,0.0,0.0,0.468,1.0,0.868,0.332,0.0,0.0,0.0,0.032,0.0,0.0,0.0,0.019,6
0.0,0.0,0.033,0.0,0.0,0.025,0.0,0.0,0.0,0.0,0.434,1.0,1.0,0.392,0.0,0.0,0.0,0.044,0.951,0.679,0.967,0.603,0.0,0.0,0.016,0.0,0.0,0.0,0.826,0.613,0.0,0.0,0.097,0.0,0.184,0.516,0.907,0.715,0.411,0.0,0.013,0.013,0.98,1.0,0.985,0.594,0.305,0.009,0.029,0.015,0.169,0.401,0.937,0.033,0.038,0.0,0.0,0.027,0.046,0.819,0.539,0.063,0.0,0.034,7
0.045,0.078,0.17,0.885,0.998,0.835,0.076,0.026,0.003,0.099,0.997,0.985,0.947,0.231,0.04,0.0,0.018,0.099,0.684,0.94,0.895,0.05,0.016,0.014,0.0,0.0,0.012,0.501,0.95,0.029,0.009,0.0,0.0,0.003,0.037,0.43,0.962,0.105,0.0,0.042,0.0,0.025,0.01,0.009,0.98,0.297,0.0,0.014,0.065,0.0,0.03,0.0,0.805,0.768,0.091,0.0,0.01,0.0,0.0,0.023,0.007,0.0,0.104,0.0,1
0.0,0.091,0.596,0.94,0.649,0.0,0.003,0.055,0.057,0.69,0.938,0.57,0.786,0.377,0.02,0.044,0.192,1.0,0.413,0.0,0.0,0.026,0.0,0.0,0.494,1.0,0.978,0.998,0.6,0.0,0.055,0.016,0.444,0.997,0.631,0.605,0.951,0.335,0.088,0.0,0.184,1.0,0.273,0.0,0.796,0.559,0.073,0.049,0.02,0.609,0.909,0.84,0.985,0.369,0.1,0.027,0.046,0.0,0.578,0.698,0.47,0.0,0.0,0.058,6
0.0,0.015,0.241,0.899,0.692,0.286,0.761,0.38,0.0,0.0,0.024,0.249,0.941,0.968,0.645,0.0,0.025,0.051,0.0,0.0,0.737,0.947,0.285,0.0,0.027,0.001,0.055,0.284,0.786,0.677,0.823,0.051,0.033,0.005,0.018,0.762,0.327,0.057,1.0,0.237,0.0,0.0,0.07,0.959,0.172,0.404,0.909,0.061,0.0,0.0,0.175,0.81,0.894,0.455,0.091,0.0,0.082,0.0,0.023,0.0,0.033,0.014,0.0,0.0,8
0.0,0.879,1.0,0.838,0.0,0.017,0.024,0.028,0.0,0.625,0.481,0.991,0.0,0.014,0.023,0.065,0.0,0.0,0.366,0.87,0.0,0.0,0.0,0.045,0.042,0.011,0.823,0.573,0.094,0.0,0.025,0.0,0.007,0.156,0.958,0.104,0.0,0.0,0.015,0.0,0.0,0.478,0.981,0.762,0.671,0.0,0.005,0.0,0.007,0.464,0.986,0.665,0.508,0.0,0.046,0.025,0.0,0.0,0.025,0.0,0.0,0.068,0.0,0.0,2
0.0,0.0,0.946,0.978,0.984,0.755,0.244,0.0,0.0,0.222,0.886,0.0,0.664,0.775,0.013,0.064,0.0,0.541,0.485,0.019,0.934,0.233,0.0,0.083,0.125,0.0,0.0,0.542,0.707,0.028,0.019,0.0,0.0,0.067,0.486,0.774,0.746,0.172,0.052,0.0,0.0,0.414,0.892,0.974,0.847,0.216,0.0,0.015,0.018,0.005,0.57,0.603,0.0,0.043,0.059,0.041,0.057,0.129,1.0,0.21,0.021,0.0,0.0,0.0,7
0.04,0.0,0.027,0.0,0.036,0.0,0.0,0.008,0.079,0.217,0.769,0.864,0.489,0.022,0.0,0.099,0.06,0.798,0.875,0.912,0.781,0.064,0.016,0.082,0.225,0.899,0.148,0.708,0.475,0.0,0.007,0.005,0.07,0.943,0.812,0.832,0.144,0.03,0.0,0.01,0.0,0.011,0.7,0.947,0.796,0.062,0.021,0.0,0.064,0.0,0.932,0.181,0.735,0.484,0.038,0.0,0.0,0.383,0.841,0.125,0.947,0.28,0.0,0.0,8
0.0,0.024,0.06,0.495,0.681,0.925,0.198,0.0,0.058,0.17,0.81,0.449,0.316,0.896,0.215,0.0,0.01,0.905,0.517,0.0,0.561,0.883,0.148,0.0,0.231,1.0,0.87,0.884,1.0,0.333,0.036,0.0,0.201,0.727,0.763,0.447,0.917,0.0,0.0,0.012,0.002,0.047,0.044,0.475,0.587,0.002,0.032,0.081,0.0,0.062,0.0,0.719,0.271,0.0,0.1,0.0,0.001,0.0,0.0,0.65,0.133,0.0,0.0,0.0,9
0.041,0.0,0.106,0.027,0.615,0.928,0.064,0.0,0.031,0.0,0.033,0.186,0.96,0.537,0.0,0.0,0.026,0.0,0.012,0.769,0.855,0.036,0.026,0.0,0.06,0.0,0.271,0.991,0.315,0.086,0.0,0.09,0.0,0.0,0.76,0.842,0.0,0.871,0.441,0.069,0.08,0.086,0.983,0.872,0.964,1.0,0.94,0.167,0.0,0.051,0.31,0.455,0.734,0.936,0.043,0.0,0.0,0.091,0.002,0.0,0.608,1.0,0.167,0.136,4
0.0,0.019,0.009,0.032,0.0,0.65,0.397,0.058,0.0,0.0,0.0,0.032,0.094,1.0,0.732,0.0,0.026,0.0,0.0,0.028,0.786,0.886,0.713,0.074,0.048,0.0,0.167,0.652,0.955,0.931,0.602,0.0,0.002,0.0,0.273,0.657,0.339,0.936,0.301,0.061,0.0,0.031,0.0,0.011,0.032,0.962,0.566,0.0,0.0,0.067,0.093,0.048,0.119,0.964,0.681,0.003,0.016,0.058,0.0,0.0,0.171,0.987,0.502,0.057,1
0.0,0.0,0.037,0.064,0.361,0.859,0.77,0.108,0.018,0.019,0.0,0.439,0.951,0.557,0.825,0.274,0.0,0.019,0.0,0.375,0.154,0.093,0.831,0.03,0.0,0.031,0.0,0.0,0.145,0.762,0.295,0.0,0.021,0.0,0.01,0.019,0.715,0.593,0.012,0.006,0.029,0.041,0.55,0.975,0.816,0.0,0.019,0.0,0.026,0.0,0.283,0.855,1.0,0.633,0.104,0.031,0.0,0.0,0.006,0.02,0.272,0.759,0.826,0.12,2
0.042,0.038,0.073,0.815,0.983,0.344,0.0,0.0,0.0,0.0,0.726,1.0,0.955,0.317,0.037,0.0,0.024,0.28,0.904,1.0,0.963,0.382,0.05,0.035,0.0,0.0,0.0,0.652,1.0,0.399,0.024,0.031,0.0,0.0,0.0,0.577,0.989,0.587,0.0,0.038,0.0,0.018,0.027,0.57,1.0,0.794,0.016,0.0,0.0,0.008,0.062,0.348,0.889,0.437,0.007,0.041,0.03,0.043,0.0,0.034,0.0,0.0,0.07,0.0,1
0.0,0.01,0.826,0.868,0.602,0.075,0.024,0.0,0.0,0.312,0.983,0.789,0.781,0.785,0.014,0.09,0.0,0.326,1.0,0.131,0.068,0.993,0.253,0.027,0.0,0.133,1.0,0.373,0.122,1.0,0.581,0.029,0.0,0.031,0.622,0.974,0.978,1.0,0.637,0.0,0.0,0.0,0.0,0.333,0.529,0.969,0.498,0.019,0.022,0.0,0.049,0.0,0.296,0.996,0.293,0.0,0.034,0.047,0.549,0.99,0.974,0.841,0.062,0.0,9
0.0,0.0,0.477,1.0,0.889,0.141,0.033,0.0,0.059,0.0,0.589,0.979,0.475,0.01,0.01,0.0,0.013,0.0,0.926,0.938,0.131,0.022,0.0,0.022,0.053,0.0,0.953,1.0,0.272,0.0,0.0,0.0,0.0,0.147,1.0,1.0,0.98,0.33,0.0,0.01,0.011,0.083,0.614,0.921,1.0,0.925,0.016,0.06,0.001,0.005,0.112,0.745,1.0,0.943,0.035,0.086,0.015,0.076,0.0,0.0,0.0,0.0,0.086,0.0,6
0.0,0.0,0.025,0.04,0.002,0.026,0.015,0.0,0.022,0.044,0.256,1.0,0.897,0.364,0.03,0.05,0.0,0.0,0.443,1.0,0.911,0.942,0.0,0.0,0.03,0.0,0.0,0.084,0.482,0.928,0.114,0.008,0.019,0.262,0.403,0.538,0.917,0.995,0.242,0.002,0.0,0.595,0.981,1.0,1.0,0.673,0.101,0.007,0.08,0.035,0.594,0.964,0.94,0.232,0.031,0.0,0.0,0.0,0.377,0.951,0.768,0.025,0.0,0.065,7
0.0,0.069,0.0,0.75,0.754,0.0,0.045,0.064,0.089,0.0,0.278,1.0,0.033,0.296,0.762,0.046,0.0,0.181,0.975,0.541,0.0,0.765,0.763,0.017,0.0,0.552,1.0,0.207,0.416,1.0,0.49,0.0,0.0,0.603,1.0,1.0,1.0,0.995,0.14,0.004,0.0,0.0,0.0,0.061,0.768,0.713,0.1,0.004,0.0,0.0,0.017,0.027,1.0,0.593,0.0,0.045,0.0,0.0,0.061,0.101,0.031,0.026,0.0,0.101,4
0.057,0.0,0.0,0.029,0.0,0.021,0.002,0.0,0.0,0.0,0.175,0.888,1.0,0.719,0.062,0.0,0.007,0.032,0.815,0.666,0.868,1.0,0.096,0.0,0.0,0.0,0.391,0.0,0.421,0.906,0.003,0.048,0.0,0.0,0.0,0.072,0.652,0.685,0.0,0.046,0.0,0.004,0.394,0.867,0.968,0.885,0.127,0.017,0.0,0.244,0.909,0.91,0.773,0.777,0.302,0.038,0.0,0.022,0.258,0.948,0.127,0.085,0.0,0.037,7
0.0,0.187,0.743,0.216,0.583,0.642,0.067,0.013,0.0,0.001,0.038,0.382,0.767,0.237,0.023,0.095,0.005,0.033,0.0,0.684,0.96,0.312,0.024,0.0,0.0,0.0,0.016,0.0,0.226,0.903,0.031,0.024,0.0,0.482,0.429,0.025,0.0,0.742,0.356,0.0,0.047,0.517,0.653,0.053,0.268,0.938,0.24,0.068,0.016,0.035,0.647,1.0,0.945,0.364,0.019,0.0,0.0,0.024,0.014,0.004,0.0,0.0,0.0,0.0,3
0.008,0.0,0.047,0.977,0.755,0.706,0.991,0.428,0.0,0.049,0.013,0.141,0.0,0.161,1.0,0.272,0.0,0.028,0.0,0.08,0.317,0.706,0.865,0.178,0.0,0.0,0.018,0.892,0.995,0.967,0.959,0.594,0.034,0.0,0.012,0.698,0.99,0.59,0.014,0.0,0.027,0.04,0.065,0.342,1.0,0.125,0.0,0.0,0.006,0.047,0.032,0.789,0.618,0.038,0.127,0.085,0.051,0.0,0.0,0.0,0.0,0.003,0.0,0.0,7
0.0,0.0,0.323,0.883,0.529,0.745,0.996,0.136,0.048,0.008,0.003,0.153,0.068,0.617,0.951,0.05,0.098,0.103,0.0,0.037,0.675,0.918,0.23,0.0,0.02,0.0,0.0,0.067,0.545,1.0,0.829,0.04,0.0,0.012,0.018,0.0,0.0,0.305,1.0,0.338,0.0,0.092,0.0,0.195,0.302,0.349,0.993,0.338,0.081,0.036,0.01,0.732,1.0,0.929,0.604,0.011,0.0,0.0,0.0,0.0,0.0,0.0,0.062,0.047,3
0.021,0.025,0.0,0.037,0.006,0.0,0.043,0.007,0.0,0.88,0.822,0.274,0.0,0.0,0.001,0.0,0.128,1.0,0.426,0.715,0.609,0.01,0.0,0.0,0.0,0.934,0.116,0.045,0.824,0.174,0.0,0.0,0.0,0.607,0.793,0.466,1.0,0.079,0.0,0.0,0.04,0.38,1.0,0.993,0.768,0.0,0.0,0.0,0.0,0.0,0.163,0.199,1.0,0.0,0.039,0.0,0.0,0.053,0.371,0.746,0.57,0.0,0.058,0.0,9
0.006,0.086,0.0,0.566,1.0,1.0,0.875,0.038,0.0,0.001,0.321,1.0,0.891,0.686,0.535,0.0,0.017,0.0,0.77,1.0,0.527,0.0,0.0,0.0,0.0,0.052,0.786,0.963,1.0,0.798,0.0,0.0,0.0,0.02,0.206,0.513,0.592,1.0,0.288,0.054,0.017,0.066,0.006,0.0,0.174,1.0,0.414,0.0,0.0,0.0,0.0,0.403,0.712,0.966,0.135,0.0,0.0,0.062,0.0,0.772,0.929,0.295,0.0,0.074,5
0.03,0.0,0.007,0.479,0.92,0.986,0.32,0.0,0.0,0.064,0.891,1.0,0.603,1.0,0.653,0.057,0.0,0.006,0.351,0.287,0.198,0.975,0.397,0.085,0.089,0.0,0.0,0.0,0.541,1.0,0.448,0.003,0.0,0.0,0.02,0.041,0.034,0.84,0.933,0.357,0.008,0.029,0.0,0.079,0.0,0.231,0.713,0.659,0.023,0.047,0.02,0.735,0.239,0.173,0.796,0.909,0.0,0.0,0.043,0.605,0.954,1.0,0.891,0.339,3
0.05,0.943,0.291,0.748,0.104,0.283,0.006,0.0,0.028,0.851,0.287,0.49,0.698,0.404,0.063,0.0,0.0,0.204,0.722,0.763,0.676,0.0,0.0,0.0,0.0,0.161,0.891,0.751,0.006,0.037,0.0,0.028,0.082,0.855,0.491,0.75,0.251,0.0,0.0,0.0,0.483,0.59,0.0,0.301,0.765,0.0,0.0,0.008,0.009,0.723,0.635,0.782,0.702,0.05,0.062,0.0,0.071,0.09,0.0,0.043,0.005,0.0,0.0,0.029,8
0.0,0.453,0.883,0.577,0.0,0.027,0.0,0.01,0.085,0.997,0.263,0.62,0.479,0.0,0.0,0.041,0.037,0.8,0.175,0.235,0.783,0.0,0.0,0.045,0.0,0.324,0.996,1.0,1.0,0.066,0.0,0.018,0.0,0.0,0.03,0.263,0.62,0.423,0.0,0.008,0.035,0.0,0.0,0.03,0.12,0.819,0.0,0.0,0.0,0.171,0.149,0.051,0.0,0.872,0.112,0.009,0.0,0.28,0.941,1.0,0.998,0.811,0.053,0.0,9
0.03,0.0,0.005,0.491,0.973,0.772,0.299,0.039,0.0,0.0,0.092,0.342,0.322,0.99,1.0,0.0,0.0,0.046,0.04,0.0,0.468,0.893,0.303,0.01,0.075,0.0,0.0,0.0,0.4,0.897,0.154,0.0,0.0,0.0,0.0,0.103,0.015,0.591,0.955,0.119,0.0,0.01,0.0,0.0,0.047,0.0,0.645,0.844,0.0,0.0,0.0,0.299,0.445,0.695,0.983,0.721,0.0,0.0,0.013,0.708,0.884,0.807,0.497,0.028,3
0.012,0.052,0.318,1.0,0.984,0.263,0.0,0.0,0.116,0.029,0.66,0.981,0.907,0.079,0.058,0.0,0.0,0.0,0.816,0.951,0.859,0.661,0.0,0.0,0.0,0.083,0.112,0.042,0.229,0.99,0.0,0.0,0.0,0.0,0.0,0.052,0.011,0.953,0.297,0.0,0.056,0.106,0.128,0.0,0.124,0.99,0.141,0.0,0.0,0.042,0.0,0.295,1.0,0.843,0.0,0.05,0.098,0.0,0.048,0.0,0.004,0.0,0.0,0.029,5
0.025,0.001,0.0,0.0,0.025,0.0,0.033,0.0,0.07,0.724,0.892,1.0,0.959,0.003,0.018,0.0,0.486,0.985,0.848,0.73,0.443,0.0,0.0,0.006,0.463,1.0,0.363,0.0,0.0,0.011,0.053,0.0,0.446,1.0,0.972,0.679,0.033,0.0,0.0,0.1,0.0,0.085,0.351,0.961,0.51,0.117,0.004,0.0,0.0,0.005,0.0,0.556,0.945,0.0,0.0,0.029,0.047,0.062,0.424,1.0,0.812,0.026,0.052,0.0,5
0.0,0.0,0.06,0.864,0.242,0.013,0.0,0.04,0.049,0.143,0.605,0.682,0.016,0.0,0.0,0.055,0.0,0.45,0.86,0.015,0.059,0.008,0.0,0.0,0.333,0.973,0.169,0.224,0.355,0.114,0.011,0.0,0.923,1.0,0.915,0.929,0.929,0.542,0.0,0.0,0.552,0.703,0.412,0.415,0.988,0.332,0.023,0.019,0.046,0.047,0.0,0.913,0.852,0.046,0.0,0.068,0.016,0.0,0.175,0.957,0.433,0.0,0.011,0.0,4
0.0,0.0,0.0,0.038,0.042,0.0,0.097,0.0,0.08,0.0,0.559,0.942,0.117,0.0,0.029,0.0,0.0,0.382,1.0,0.277,0.044,0.0,0.056,0.0,0.063,0.768,0.541,0.0,0.08,0.0,0.0,0.006,0.107,0.796,0.339,0.0,0.067,0.0,0.0,0.0,0.019,0.765,0.767,1.0,0.887,0.0,0.0,0.105,0.036,0.869,0.942,0.311,0.508,0.738,0.0,0.0,0.238,0.753,0.848,0.304,0.59,0.831,0.023,0.0,6
0.123,0.03,0.465,0.982,0.962,0.946,0.0,0.015,0.023,0.017,0.581,1.0,1.0,0.765,0.041,0.0,0.0,0.0,0.44,1.0,0.969,0.567,0.07,0.014,0.0,0.074,0.134,0.79,1.0,0.65,0.038,0.015,0.009,0.0,0.0,0.969,0.955,0.954,0.052,0.055,0.0,0.0,0.134,0.949,0.993,0.742,0.0,0.053,0.0,0.03,0.034,0.599,0.632,0.0,0.002,0.0,0.0,0.011,0.056,0.0,0.0,0.018,0.047,0.0,1
0.089,0.495,0.977,0.933,0.135,0.084,0.0,0.0,0.046,0.791,0.403,0.732,0.343,0.03,0.0,0.029,0.0,0.0,0.0,0.867,0.15,0.0,0.0,0.0,0.0,0.025,0.813,0.669,0.015,0.0,0.002,0.0,0.0,0.01,0.525,0.872,0.732,0.127,0.019,0.0,0.151,0.442,0.032,0.156,0.974,0.132,0.0,0.055,0.154,0.96,0.327,0.311,1.0,0.0,0.0,0.028,0.062,0.289,0.939,1.0,0.444,0.011,0.007,0.093,3
0.034,0.0,0.176,1.0,0.551,0.554,0.876,0.627,0.064,0.055,0.069,0.659,0.0,0.461,0.862,0.172,0.024,0.0,0.053,0.114,0.499,0.967,0.951,0.693,0.0,0.0,0.024,0.8,1.0,0.905,0.384,0.069,0.06,0.0,0.0,0.302,0.765,0.358,0.0,0.001,0.03,0.044,0.052,0.247,1.0,0.203,0.0,0.0,0.021,0.006,0.0,0.69,0.819,0.0,0.015,0.0,0.0,0.0,0.044,0.068,0.0,0.0,0.0,0.04,7
0.28,0.811,0.327,0.312,1.0,0.0,0.003,0.0,0.114,0.041,0.161,0.645,0.568,0.0,0.0,0.064,0.004,0.0,0.755,1.0,0.26,0.004,0.001,0.034,0.022,0.0,0.191,0.486,0.917,0.154,0.015,0.054,0.011,0.019,0.046,0.0,0.498,0.519,0.0,0.0,0.0,0.474,0.306,0.234,0.719,0.434,0.0,0.0,0.0,0.149,0.866,1.0,0.771,0.04,0.018,0.063,0.0,0.0,0.0,0.007,0.022,0.037,0.0,0.073,3
0.0,0.18,0.962,0.319,0.732,0.0,0.024,0.0,0.058,0.739,0.516,0.337,0.889,0.0,0.033,0.0,0.369,0.894,0.0,0.742,0.431,0.001,0.006,0.0,0.879,0.369,0.073,0.991,0.58,0.255,0.0,0.022,1.0,0.769,0.751,1.0,0.857,0.357,0.005,0.0,0.929,0.982,1.0,0.76,0.141,0.0,0.054,0.006,0.147,0.134,0.81,0.182,0.0,0.0,0.0,0.0,0.037,0.035,0.0,0.04,0.0,0.0,0.0,0.015,4
0.088,0.0,0.021,0.03,0.373,0.658,0.008,0.0,0.097,0.0,0.0,0.021,0.972,0.921,0.0,0.0,0.037,0.0,0.045,0.614,1.0,0.994,0.004,0.035,0.062,0.048,0.41,0.956,0.981,0.949,0.019,0.0,0.0,0.224,0.898,0.41,0.949,0.521,0.008,0.007,0.02,0.018,0.0,0.026,0.756,0.656,0.034,0.0,0.099,0.0,0.0,0.047,0.915,0.578,0.0,0.0,0.0,0.0,0.0,0.0,0.472,1.0,0.0,0.0,1
0.0,0.0,0.0,0.0,0.0,0.0,0.064,0.024,0.061,0.0,0.132,0.977,0.687,0.039,0.0,0.0,0.0,0.0,0.246,1.0,0.961,0.306,0.049,0.072,0.03,0.0,0.441,0.993,1.0,0.136,0.0,0.005,0.0,0.0,0.521,0.905,1.0,0.186,0.001,0.059,0.0,0.0,0.495,1.0,0.905,0.108,0.0,0.0,0.084,0.029,0.509,0.838,0.861,0.046,0.106,0.031,0.0,0.02,0.353,0.983,0.866,0.022,0.0,0.039,1
0.043,0.0,0.032,0.0,0.036,0.0,0.0,0.031,0.01,0.0,0.2,0.973,0.825,0.943,0.994,0.694,0.0,0.0,0.296,1.0,0.924,0.832,0.538,0.698,0.039,0.06,0.191,0.9,0.675,0.034,0.0,0.096,0.009,0.065,0.0,0.426,1.0,0.772,0.0,0.0,0.075,0.036,0.0,0.065,0.389,0.967,0.499,0.0,0.106,0.0,0.0,0.0,0.156,0.78,0.658,0.112,0.003,0.019,0.222,0.443,0.396,0.956,0.469,0.0,5
0.082,0.045,0.105,0.421,0.858,0.065,0.016,0.0,0.016,0.0,0.024,0.798,0.379,0.0,0.0,0.06,0.006,0.0,0.053,0.796,0.356,0.066,0.0,0.025,0.0,0.014,0.0,0.923,0.483,0.374,0.219,0.062,0.0,0.041,0.109,0.657,0.955,0.788,0.811,0.887,0.0,0.026,0.006,0.582,0.819,0.016,0.247,0.965,0.0,0.001,0.088,0.059,0.828,0.763,1.0,0.652,0.0,0.0,0.102,0.0,0.0,0.044,0.0,0.0,6
0.034,0.0,0.004,0.407,1.0,0.307,0.0,0.0,0.0,0.084,0.21,0.82,1.0,0.222,0.022,0.039,0.001,0.12,0.433,0.947,1.0,0.641,0.0,0.0,0.017,0.289,1.0,0.877,1.0,1.0,0.662,0.0,0.0,0.471,0.976,0.787,1.0,0.827,0.218,0.0,0.009,0.095,0.023,0.068,0.919,0.744,0.0,0.0,0.07,0.0,0.057,0.078,0.714,0.753,0.013,0.035,0.036,0.0,0.056,0.015,0.0,0.0,0.0,0.0,4
0.0,0.0,0.0,0.0,0.0,0.002,0.026,0.0,0.106,0.416,0.731,0.71,0.152,0.003,0.02,0.0,0.257,0.942,0.373,0.492,0.657,0.0,0.057,0.0,0.69,0.36,0.0,0.696,0.351,0.0,0.0,0.068,0.121,0.0,0.173,0.948,0.057,0.042,0.004,0.0,0.0,0.0,0.803,0.394,0.0,0.0,0.041,0.079,0.0,0.716,0.763,0.075,0.004,0.047,0.0,0.005,0.122,0.888,0.435,0.297,0.325,0.154,0.067,0.0,2
0.041,0.0,0.0,0.156,0.634,0.387,0.083,0.025,0.0,0.063,0.019,0.622,0.871,0.871,0.969,0.007,0.005,0.033,0.15,0.996,0.625,0.063,0.801,0.245,0.045,0.0,0.144,0.985,0.158,0.041,0.304,0.444,0.0,0.0,0.35,0.753,0.0,0.029,0.337,0.482,0.0,0.017,0.12,0.78,0.0,0.0,0.669,0.477,0.034,0.038,0.0,0.939,0.612,0.902,1.0,0.066,0.008,0.011,0.058,0.182,0.872,0.897,0.302,0.129,0
0.0,0.0,0.821,0.944,0.197,0.0,0.0,0.007,0.0,0.154,0.99,0.644,0.0,0.0,0.141,0.065,0.0,0.335,0.754,0.793,0.858,0.669,0.014,0.0,0.0,0.46,1.0,0.164,0.305,0.943,0.362,0.0,0.0,0.272,0.976,0.159,0.004,0.745,0.313,0.029,0.0,0.052,0.56,0.788,0.126,0.845,0.396,0.054,0.0,0.0,0.23,0.716,1.0,0.707,0.036,0.036,0.0,0.061,0.057,0.053,0.047,0.0,0.0,0.0,6
0.015,0.079,0.0,0.021,0.012,0.0,0.078,0.002,0.0,0.015,1.0,0.411,0.0,0.024,0.0,0.0,0.0,0.382,1.0,0.237,0.0,0.0,0.052,0.044,0.057,1.0,0.574,0.0,0.148,0.165,0.0,0.001,0.263,0.974,0.242,0.05,0.79,0.983,0.028,0.048,0.655,0.981,0.404,0.925,0.921,0.176,0.0,0.0,0.414,1.0,0.921,1.0,0.303,0.072,0.0,0.0,0.042,0.091,0.867,0.617,0.0,0.017,0.084,0.017,4
0.059,0.005,0.046,0.0,0.034,0.036,0.059,0.0,0.0,0.0,0.077,0.139,0.777,0.971,1.0,0.83,0.0,0.0,0.009,0.695,0.958,0.529,0.895,0.626,0.002,0.0,0.136,0.177,0.325,0.097,0.901,0.219,0.016,0.072,0.012,0.028,0.048,0.486,0.652,0.0,0.037,0.085,0.023,0.088,0.905,0.99,0.995,0.515,0.0,0.0,0.0,0.198,0.89,0.979,0.552,0.249,0.077,0.0,0.037,0.042,0.563,0.64,0.008,0.0,7
0.0,0.477,0.891,0.257,0.899,0.413,0.044,0.053,0.029,0.058,0.17,0.021,0.667,0.53,0.032,0.0,0.0,0.0,0.0,0.423,1.0,0.511,0.0,0.0,0.052,0.094,0.04,0.995,0.911,1.0,0.543,0.0,0.016,0.0,0.0,0.0,0.036,0.459,0.918,0.0,0.0,0.0,0.458,0.227,0.068,0.67,0.698,0.029,0.047,0.095,0.796,0.973,0.998,0.822,0.001,0.0,0.0,0.041,0.0,0.021,0.0,0.0,0.026,0.0,3
0.013,0.141,0.817,0.921,0.521,0.017,0.019,0.0,0.015,0.667,0.989,0.287,0.193,0.0,0.027,0.0,0.123,0.989,0.472,0.04,0.029,0.029,0.013,0.0,0.246,1.0,0.621,0.0,0.0,0.0,0.008,0.027,0.302,1.0,0.981,0.777,0.084,0.0,0.0,0.0,0.121,1.0,0.35,0.414,0.897,0.012,0.062,0.116,0.011,0.683,0.621,0.086,0.959,0.39,0.0,0.025,0.06,0.188,0.91,0.991,1.0,0.204,0.055,0.0,6
0.003,0.0,0.027,0.0,0.0,0.0,0.0,0.121,0.008,0.0,0.0,0.053,0.683,0.586,0.0,0.0,0.0,0.0,0.021,0.483,1.0,0.831,0.0,0.03,0.077,0.02,0.319,0.939,1.0,0.574,0.0,0.013,0.032,0.69,1.0,0.741,0.927,0.49,0.097,0.009,0.034,0.043,0.11,0.145,0.912,0.378,0.044,0.0,0.0,0.0,0.0,0.232,0.987,0.542,0.064,0.0,0.0,0.0,0.0,0.268,1.0,0.707,0.0,0.0,1
0.004,0.018,0.068,0.029,0.025,0.0,0.0,0.001,0.0,0.2,0.495,0.827,0.394,0.0,0.0,0.03,0.099,0.881,0.777,0.881,0.873,0.023,0.042,0.054,0.0,0.894,0.328,0.872,0.602,0.0,0.0,0.095,0.0,0.028,0.603,0.993,0.268,0.0,0.054,0.0,0.0,0.0,0.394,0.914,1.0,0.102,0.0,0.0,0.368,0.356,0.035,0.105,1.0,0.186,0.077,0.018,0.579,1.0,0.578,0.452,0.984,0.119,0.007,0.01,3
0.0,0.074,0.089,0.827,0.931,0.983,0.941,0.321,0.0,0.0,0.483,0.71,0.454,0.441,0.961,0.764,0.0,0.056,0.0,0.0,0.0,0.517,0.93,0.503,0.028,0.022,0.0,0.0,0.0,0.847,0.611,0.0,0.0,0.097,0.016,0.027,0.061,0.711,0.983,0.168,0.0,0.085,0.001,0.066,0.0,0.039,0.958,0.604,0.0,0.0,0.0,0.197,0.153,0.376,1.0,0.602,0.034,0.059,0.164,0.881,1.0,0.913,0.715,0.082,3
0.0,0.042,0.08,0.0,0.0,0.0,0.0,0.0,0.0,0.0,0.794,0.85,0.738,0.882,0.317,0.014,0.041,0.05,1.0,0.315,0.313,1.0,0.3,0.071,0.076,0.0,0.849,0.415,0.976,0.222,0.025,0.0,0.0,0.017,0.711,1.0,0.106,0.0,0.01,0.043,0.119,0.173,0.789,0.649,0.409,0.022,0.0,0.024,0.0,0.481,0.388,0.075,0.969,0.004,0.0,0.114,0.022,0.36,0.529,0.076,0.965,0.0,0.03,0.053,8
0.0,0.0,0.897,1.0,0.959,0.487,0.0,0.0,0.007,0.174,1.0,0.483,0.189,0.914,0.022,0.0,0.0,0.275,1.0,0.103,0.054,0.913,0.366,0.0,0.004,0.351,0.802,0.0,0.0,0.962,0.312,0.0,0.042,0.143,0.852,0.05,0.293,0.938,0.221,0.0,0.0,0.062,0.951,0.843,0.906,0.892,0.0,0.0,0.0,0.008,0.466,0.764,0.795,0.136,0.0,0.0,0.0,0.0,0.0,0.025,0.0,0.041,0.002,0.055,0
0.02,0.0,0.0,0.515,0.667,0.728,0.909,0.125,0.0,0.0,0.55,0.991,0.534,0.294,0.204,0.008,0.032,0.0,0.65,0.9,0.302,0.021,0.0,0.008,0.0,0.0,0.209,0.711,0.948,0.864,0.272,0.0,0.0,0.004,0.0,0.0,0.13,0.777,1.0,0.239,0.0,0.0,0.0,0.01,0.0,0.0,1.0,0.602,0.021,0.013,0.052,0.174,0.334,0.413,0.769,0.611,0.0,0.0,0.029,0.618,1.0,0.855,0.476,0.002,5
0.0,0.0,0.07,0.008,0.58,0.895,0.721,0.236,0.007,0.013,0.038,0.56,1.0,1.0,0.965,0.826,0.004,0.049,0.0,0.148,0.105,0.023,0.863,0.695,0.045,0.002,0.016,0.268,0.727,0.929,0.98,0.934,0.07,0.0,0.12,1.0,0.994,1.0,0.947,0.07,0.0,0.0,0.173,0.527,0.115,0.867,0.382,0.013,0.0,0.06,0.0,0.006,0.371,0.799,0.006,0.0,0.005,0.0,0.0,0.007,0.661,0.321,0.0,0.0,7
0.0,0.001,0.609,0.967,0.079,0.016,0.224,0.0,0.0,0.179,1.0,0.39,0.0,0.27,0.959,0.183,0.0,0.307,1.0,0.465,0.751,0.946,0.568,0.094,0.0,0.197,0.914,0.937,0.85,0.912,0.113,0.0,0.0,0.0,0.0,0.0,0.693,0.633,0.031,0.0,0.0,0.003,0.0,0.18,0.993,0.176,0.0,0.001,0.056,0.015,0.0,0.547,0.671,0.017,0.007,0.031,0.0,0.023,0.0,0.0,0.0,0.0,0.005,0.012,4
0.0,0.004,0.83,0.998,1.0,0.667,0.048,0.013,0.042,0.834,0.904,0.434,0.74,0.984,0.166,0.018,0.0,0.854,0.57,0.628,1.0,0.581,0.06,0.0,0.102,0.0,0.284,1.0,1.0,0.259,0.073,0.0,0.0,0.0,0.061,0.166,0.635,0.945,0.002,0.0,0.0,0.0,0.0,0.043,0.063,1.0,0.425,0.009,0.0,0.035,0.134,0.0,0.34,1.0,0.592,0.0,0.0,0.124,0.904,1.0,0.888,0.63,0.069,0.0,3
0.581,0.774,0.469,1.0,0.265,0.093,0.0,0.0,0.002,0.467,0.89,0.948,1.0,0.352,0.0,0.0,0.05,0.606,0.912,0.942,0.097,0.0,0.008,0.055,0.0,0.194,0.981,0.44,0.089,0.077,0.026,0.0,0.0,0.493,1.0,0.311,0.0,0.029,0.0,0.009,0.0,1.0,0.609,0.0,0.0,0.079,0.032,0.03,0.146,0.903,0.189,0.0,0.0,0.035,0.084,0.0,0.0,0.014,0.0,0.076,0.026,0.0,0.031,0.025,7
0.024,0.0,0.0,0.109,0.703,1.0,0.659,0.026,0.035,0.031,0.0,0.964,0.639,0.336,0.935,1.0,0.0,0.028,0.047,1.0,0.389,0.355,0.857,0.64,0.047,0.021,0.0,0.25,0.917,0.858,0.971,0.363,0.058,0.0,0.0,0.0,0.0,0.071,1.0,0.126,0.0,0.0,0.0,0.188,0.067,0.249,1.0,0.254,0.0,0.013,0.072,0.893,0.87,0.806,0.735,0.109,0.0,0.0,0.0,0.175,0.835,0.761,0.24,0.0,9
0.0,0.109,0.792,1.0,0.701,0.053,0.047,0.108,0.0,0.693,0.936,0.523,1.0,0.157,0.017,0.0,0.0,0.671,0.456,0.073,0.98,0.391,0.047,0.0,0.0,0.081,0.112,0.145,1.0,0.379,0.0,0.052,0.038,0.0,0.0,0.692,1.0,0.124,0.039,0.058,0.002,0.0,0.147,0.844,0.549,0.0,0.0,0.022,0.0,0.185,0.977,1.0,0.557,0.407,0.442,0.0,0.0,0.116,0.764,1.0,1.0,1.0,1.0,0.246,2
0.086,0.094,0.728,0.798,0.404,0.0,0.0,0.0,0.064,0.255,1.0,0.919,0.231,0.0,0.033,0.0,0.099,0.71,0.997,0.123,0.032,0.018,0.0,0.021,0.178,0.962,0.948,0.726,0.347,0.0,0.023,0.039,0.438,1.0,1.0,1.0,1.0,0.205,0.012,0.0,0.191,0.896,0.352,0.0,0.957,0.888,0.018,0.0,0.0,0.664,1.0,0.862,1.0,0.535,0.018,0.066,0.03,0.025,0.731,0.807,0.639,0.0,0.018,0.0,6
0.029,0.608,0.658,0.512,1.0,0.193,0.0,0.08,0.0,0.052,0.279,1.0,0.727,0.0,0.01,0.0,0.0,0.155,1.0,0.956,0.173,0.009,0.0,0.004,0.0,0.145,1.0,0.592,0.038,0.0,0.038,0.0,0.0,0.135,0.271,0.952,0.151,0.034,0.054,0.0,0.158,0.658,0.129,0.862,0.289,0.047,0.018,0.049,0.0,0.444,0.994,1.0,0.317,0.0,0.048,0.0,0.0,0.03,0.0,0.0,0.086,0.031,0.001,0.057,3
0.0,0.039,0.066,0.015,0.05,0.122,0.009,0.022,0.045,0.0,0.091,0.131,0.745,0.0,0.065,0.041,0.001,0.08,0.0,0.802,0.758,0.0,0.0,0.0,0.044,0.0,0.133,1.0,0.138,0.0,0.0,0.0,0.0,0.0,0.266,0.784,0.568,0.414,0.149,0.0,0.042,0.055,0.466,0.915,0.738,0.782,0.904,0.131,0.0,0.018,0.181,1.0,0.077,0.026,0.453,0.714,0.043,0.023,0.042,0.805,0.553,0.243,0.922,0.588,6
0.015,0.784,0.657,0.348,0.737,0.051,0.0,0.0,0.721,0.792,0.0,0.0,0.556,0.082,0.0,0.03,0.558,0.614,0.0,0.0,0.292,0.352,0.0,0.012,0.477,0.542,0.006,0.0,0.315,0.645,0.119,0.0,0.155,0.752,0.0,0.0,0.484,0.797,0.024,0.052,0.124,0.757,0.818,0.638,0.954,0.447,0.0,0.028,0.0,0.022,0.7,0.971,0.58,0.099,0.0,0.0,0.03,0.0,0.0,0.0,0.0,0.0,0.0,0.0,0
0.019,0.004,0.081,0.0,0.283,0.653,0.047,0.347,0.041,0.099,0.017,0.169,0.88,0.397,0.335,1.0,0.015,0.0,0.0,0.817,0.573,0.067,0.873,0.497,0.0,0.0,0.316,0.973,0.024,0.403,0.935,0.026,0.0,0.042,0.925,0.613,0.0,0.846,0.821,0.229,0.0,0.0,0.851,1.0,0.95,1.0,0.848,0.26,0.0,0.035,0.296,0.668,0.829,0.835,0.123,0.0,0.041,0.061,0.034,0.0,0.45,0.501,0.034,0.0,4
0.007,0.0,0.031,0.858,0.522,0.178,0.234,0.185,0.0,0.0,0.067,0.656,0.0,0.041,0.0,0.018,0.0,0.0,0.348,0.782,0.461,0.291,0.028,0.105,0.028,0.03,0.332,0.686,0.687,0.844,0.686,0.037,0.082,0.012,0.0,0.04,0.0,0.101,0.82,0.063,0.117,0.0,0.258,0.676,0.0,0.177,0.931,0.0,0.04,0.017,0.0,0.58,0.938,0.94,0.382,0.0,0.027,0.0,0.0,0.015,0.0,0.014,0.017,0.0,5
0.0,0.05,0.0,0.446,1.0,0.61,0.698,0.508,0.008,0.0,0.019,0.447,0.365,0.0,0.944,0.23,0.066,0.0,0.0,0.0,0.024,0.31,0.965,0.088,0.0,0.001,0.0,0.0,0.683,1.0,1.0,0.687,0.045,0.0,0.005,0.064,0.543,0.965,0.358,0.0,0.0,0.036,0.045,0.0,0.557,0.631,0.0,0.062,0.017,0.045,0.005,0.027,1.0,0.313,0.0,0.0,0.068,0.099,0.005,0.0,0.033,0.0,0.047,0.0,7
0.105,0.454,0.523,0.005,0.514,0.53,0.081,0.0,0.037,0.628,0.525,0.178,0.814,0.422,0.046,0.022,0.058,0.273,0.896,0.883,0.242,0.077,0.043,0.048,0.0,0.353,0.904,0.878,0.007,0.0,0.034,0.0,0.239,0.899,0.072,0.863,0.462,0.009,0.0,0.0,0.475,0.895,0.031,0.355,0.83,0.0,0.0,0.0,0.0,0.457,0.845,0.987,1.0,0.042,0.004,0.0,0.0,0.0,0.0,0.013,0.0,0.0,0.0,0.02,8
0.0,0.151,1.0,0.745,0.487,0.202,0.016,0.0,0.0,0.374,0.943,0.029,0.0,0.0,0.085,0.002,0.05,0.665,0.929,0.741,0.319,0.0,0.0,0.0,0.034,0.322,0.958,0.981,1.0,0.143,0.073,0.001,0.0,0.04,0.0,0.323,1.0,0.079,0.062,0.07,0.002,0.0,0.214,0.897,0.521,0.034,0.0,0.007,0.0,0.103,0.685,0.842,0.051,0.019,0.015,0.04,0.025,0.068,0.011,0.0,0.013,0.0,0.0,0.0,5
0.028,0.0,0.691,0.746,0.108,0.028,0.0,0.0,0.034,0.153,0.974,1.0,0.529,0.0,0.0,0.0,0.0,0.298,0.659,0.497,0.559,0.034,0.024,0.0,0.0,0.09,0.255,0.372,0.79,0.0,0.067,0.0,0.0,0.0,0.047,0.661,0.602,0.0,0.015,0.0,0.0,0.074,0.0,0.932,0.404,0.145,0.302,0.089,0.0,0.108,0.901,0.977,0.754,0.876,0.541,0.0,0.056,0.071,0.697,0.741,0.708,0.79,0.0,0.048,2
0.0,0.085,0.026,0.063,0.016,0.0,0.073,0.0,0.025,0.0,0.06,0.0,1.0,0.746,0.121,0.0,0.091,0.0,0.0,0.376,0.976,0.922,0.441,0.029,0.0,0.018,0.024,0.852,0.901,0.034,0.644,0.011,0.001,0.085,0.057,1.0,0.952,0.041,0.908,0.122,0.0,0.001,0.078,0.987,0.694,0.0,0.896,0.169,0.037,0.101,0.011,0.88,0.834,0.18,0.953,0.178,0.04,0.0,0.014,0.545,0.937,1.0,0.926,0.082,0
0.0,0.0,0.544,1.0,0.655,0.108,0.0,0.0,0.0,0.0,0.981,0.897,0.668,0.622,0.045,0.003,0.0,0.085,1.0,0.57,0.76,0.919,0.0,0.005,0.0,0.016,0.453,0.986,1.0,0.967,0.55,0.0,0.0,0.0,0.0,0.648,0.368,1.0,0.587,0.0,0.0,0.072,0.031,0.0,0.037,0.922,0.603,0.0,0.032,0.0,0.076,0.088,0.445,0.974,0.588,0.0,0.015,0.095,0.39,0.948,0.963,0.931,0.019,0.016,9
0.0,0.107,0.81,0.665,0.49,0.696,0.074,0.0,0.0,0.113,0.541,0.135,0.784,0.328,0.076,0.0,0.0,0.037,0.0,0.079,1.0,0.126,0.037,0.036,0.008,0.0,0.0,0.024,0.885,0.626,0.011,0.0,0.004,0.0,0.0,0.054,0.125,0.54,0.603,0.098,0.0,0.0,0.786,0.45,0.011,0.197,1.0,0.023,0.049,0.0,0.135,0.69,0.935,0.945,0.708,0.006,0.009,0.023,0.0,0.011,0.0,0.0,0.0,0.0,3
0.103,0.174,0.942,0.61,0.0,0.036,0.0,0.051,0.0,0.074,1.0,1.0,0.0,0.011,0.013,0.0,0.08,0.263,0.904,0.924,0.024,0.0,0.048,0.0,0.025,0.242,1.0,0.759,0.046,0.0,0.0,0.0,0.0,0.034,1.0,0.934,0.047,0.026,0.0,0.067,0.0,0.043,1.0,0.968,0.0,0.105,0.046,0.055,0.019,0.035,1.0,0.997,0.122,0.0,0.0,0.0,0.006,0.023,0.936,1.0,0.65,0.0,0.003,0.068,1
0.0,0.0,0.0,0.376,0.792,0.905,0.537,0.011,0.0,0.0,0.313,1.0,0.865,0.838,0.664,0.0,0.0,0.036,0.595,0.751,0.03,0.995,0.476,0.045,0.0,0.043,0.0,0.0,0.491,0.716,0.029,0.079,0.0,0.0,0.0,0.0,0.94,0.97,0.755,0.235,0.0,0.0,0.013,0.027,0.224,0.565,0.837,0.671,0.0,0.0,0.0,0.122,0.491,0.799,0.902,0.447,0.045,0.0,0.0,0.462,0.975,0.851,0.356,0.076,3
0.024,0.369,0.983,0.201,0.0,0.194,0.0,0.03,0.069,1.0,0.293,0.059,0.616,0.882,0.047,0.037,0.529,1.0,0.282,0.499,1.0,0.399,0.0,0.03,0.445,1.0,1.0,1.0,0.349,0.004,0.0,0.0,0.0,0.064,0.497,0.968,0.003,0.057,0.0,0.08,0.0,0.0,0.609,0.878,0.0,0.01,0.041,0.03,0.0,0.0,0.769,0.602,0.0,0.071,0.032,0.004,0.0,0.0,0.019,0.015,0.01,0.03,0.02,0.0,4
0.005,0.268,0.346,0.42,0.889,0.0,0.0,0.0,0.0,0.0,0.0,0.0,0.775,0.123,0.0,0.0,0.288,0.5,0.541,0.617,0.75,0.072,0.034,0.0,0.212,1.0,1.0,0.975,1.0,0.351,0.0,0.0,0.0,0.0,0.0,0.808,0.164,0.0,0.029,0.029,0.0,0.0,0.479,0.895,0.0,0.055,0.024,0.059,0.0,0.021,0.586,0.461,0.019,0.0,0.011,0.136,0.073,0.002,0.0,0.0,0.032,0.0,0.079,0.0,7
0.007,0.097,0.009,0.183,0.942,0.993,0.738,0.063,0.01,0.0,0.006,0.022,0.972,1.0,0.827,0.0,0.0,0.0,0.025,0.0,1.0,0.935,0.535,0.073,0.0,0.035,0.041,0.075,0.852,0.95,0.664,0.054,0.002,0.048,0.0,0.005,1.0,1.0,0.352,0.035,0.041,0.047,0.009,0.203,1.0,1.0,0.289,0.022,0.0,0.0,0.0,0.123,0.945,1.0,0.372,0.065,0.013,0.009,0.017,0.028,0.0,0.003,0.029,0.0,1
0.0,0.045,0.0,0.057,0.0,0.0,0.058,0.0,0.0,0.025,0.396,0.918,0.508,0.663,0.777,0.13,0.0,0.0,0.592,0.859,0.575,0.749,1.0,0.0,0.0,0.026,0.569,0.711,0.054,0.773,0.441,0.0,0.0,0.0,0.246,0.224,0.453,0.81,0.0,0.018,0.0,0.0,0.0,0.039,0.89,0.328,0.0,0.0,0.068,0.033,0.062,0.626,0.511,0.0,0.006,0.0,0.0,0.012,0.288,1.0,0.0,0.0,0.0,0.0,7
0.0,0.935,0.879,0.903,0.996,0.025,0.0,0.0,0.0,0.474,0.016,0.382,0.996,0.134,0.054,0.0,0.085,0.028,0.007,0.493,0.985,0.11,0.008,0.05,0.048,0.0,0.066,0.951,0.641,0.041,0.0,0.0,0.0,0.0,0.504,0.917,0.138,0.011,0.071,0.087,0.004,0.256,0.978,0.96,0.517,0.559,1.0,0.0,0.0,0.224,0.914,0.992,1.0,0.836,0.234,0.006,0.028,0.0,0.015,0.043,0.003,0.0,0.077,0.067,2
0.0,0.0,0.0,0.053,0.675,0.906,0.0,0.005,0.069,0.0,0.033,0.086,0.988,0.603,0.0,0.0,0.0,0.0,0.0,0.667,1.0,0.034,0.0,0.0,0.007,0.103,0.259,1.0,0.456,0.0,0.17,0.404,0.042,0.086,0.588,0.975,0.025,0.171,0.895,0.603,0.03,0.003,0.808,1.0,0.8,1.0,0.854,0.097,0.0,0.025,0.075,0.787,0.94,0.918,0.189,0.0,0.0,0.069,0.068,0.119,0.413,0.939,0.156,0.031,4
0.0,0.248,1.0,0.976,0.428,0.141,0.036,0.041,0.0,0.984,1.0,0.161,0.002,0.001,0.001,0.055,0.064,0.527,0.989,0.986,0.432,0.0,0.033,0.0,0.0,0.006,0.452,0.898,0.403,0.031,0.0,0.096,0.0,0.0,0.0,0.693,0.604,0.0,0.084,0.0,0.058,0.014,0.353,0.914,0.427,0.0,0.119,0.02,0.049,0.0,0.921,0.839,0.03,0.006,0.065,0.03,0.058,0.043,0.021,0.056,0.0,0.0,0.001,0.015,5
0.0,0.0,0.047,0.009,0.0,0.104,0.063,0.117,0.053,0.078,0.023,0.611,1.0,0.464,0.0,0.0,0.027,0.549,0.928,1.0,1.0,0.489,0.021,0.031,0.62,1.0,0.807,0.75,1.0,0.45,0.065,0.0,0.055,0.218,0.011,0.544,1.0,0.218,0.0,0.074,0.044,0.082,0.028,0.765,0.925,0.041,0.0,0.041,0.0,0.079,0.0,0.74,1.0,0.0,0.009,0.029,0.021,0.024,0.0,0.675,0.977,0.13,0.0,0.01,1
0.0,0.061,0.022,0.043,0.0,0.037,0.141,0.0,0.0,0.032,0.0,0.784,0.732,0.0,0.007,0.0,0.013,0.0,0.492,1.0,0.962,0.307,0.0,0.0,0.0,0.0,0.288,0.798,0.903,0.473,0.0,0.0,0.016,0.0,0.0,0.024,1.0,0.475,0.048,0.064,0.0,0.0,0.0,0.435,0.945,0.335,0.0,0.0,0.004,0.07,0.053,0.468,0.968,0.094,0.0,0.0,0.021,0.0,0.0,1.0,0.896,0.607,0.424,0.0,2
0.0,0.142,0.978,0.987,0.695,0.456,0.011,0.0,0.043,0.246,0.835,0.133,0.0,0.0,0.0,0.028,0.0,0.331,0.853,0.36,0.0,0.022,0.001,0.0,0.0,0.13,0.903,1.0,0.569,0.0,0.0,0.048,0.001,0.022,0.009,0.045,1.0,0.064,0.0,0.08,0.026,0.016,0.199,0.472,0.981,0.229,0.0,0.0,0.006,0.0,0.687,0.84,0.646,0.0,0.0,0.025,0.015,0.006,0.0,0.136,0.081,0.04,0.0,0.0,5
0.078,0.091,0.001,0.406,0.963,0.83,0.052,0.0,0.022,0.053,0.14,1.0,0.455,0.799,0.083,0.0,0.0,0.0,0.0,0.396,0.065,0.724,0.0,0.001,0.0,0.0,0.079,0.066,0.727,0.519,0.119,0.0,0.0,0.0,0.0,0.455,0.982,0.997,0.976,0.229,0.022,0.0,0.012,0.0,0.234,0.119,0.777,0.448,0.0,0.029,0.0,0.05,0.187,0.802,0.766,0.0,0.0,0.076,0.0,0.377,0.829,0.558,0.0,0.0,3
0.043,0.0,0.024,0.091,0.448,0.484,0.535,0.731,0.019,0.0,0.014,0.538,0.941,0.764,0.86,1.0,0.0,0.05,0.0,0.656,0.372,0.0,0.612,0.707,0.093,0.0,0.024,0.962,0.217,0.0,0.839,0.153,0.0,0.0,0.048,0.172,0.0,0.576,0.53,0.0,0.048,0.052,0.021,0.045,0.154,0.726,0.079,0.118,0.03,0.049,0.0,0.0,0.94,0.433,0.037,0.009,0.0,0.0,0.0,0.051,0.706,0.086,0.045,0.009,7
0.0,0.0,0.0,0.0,0.0,0.0,0.0,0.016,0.0,0.052,0.001,0.08,0.835,0.542,0.0,0.074,0.0,0.032,0.0,0.505,1.0,0.308,0.007,0.0,0.075,0.032,0.0,1.0,0.704,0.039,0.012,0.006,0.0,0.02,0.029,1.0,0.67,0.203,0.0,0.0,0.014,0.0,0.46,0.972,0.95,1.0,0.633,0.052,0.0,0.0,0.256,1.0,0.391,0.112,0.909,0.409,0.114,0.0,0.003,0.735,0.959,0.685,0.998,0.486,6
0.0,0.0,0.0,0.0,0.0,0.0,0.043,0.0,0.085,0.583,0.96,0.048,0.114,0.0,0.0,0.009,0.0,0.685,0.993,0.096,0.0,0.0,0.0,0.0,0.082,0.983,1.0,0.0,0.011,0.0,0.0,0.023,0.0,0.414,0.994,0.341,0.057,0.0,0.0,0.068,0.0,0.025,0.918,0.672,0.0,0.0,0.047,0.005,0.052,0.0,0.626,0.82,0.0,0.052,0.0,0.0,0.017,0.359,0.695,0.918,0.422,0.193,0.115,0.004,1
0.0,0.055,0.905,0.91,1.0,0.142,0.0,0.132,0.081,0.31,0.955,0.986,0.942,0.175,0.012,0.009,0.043,0.25,1.0,1.0,1.0,0.078,0.0,0.053,0.0,0.0,0.353,0.942,0.836,0.0,0.041,0.037,0.0,0.039,0.352,1.0,0.651,0.006,0.0,0.008,0.0,0.053,0.264,0.947,0.65,0.014,0.0,0.0,0.075,0.086,0.054,1.0,0.8,0.021,0.013,0.003,0.018,0.022,0.062,0.047,0.0,0.031,0.082,0.0,1
0.0,0.0,0.0,0.048,0.003,0.032,0.0,0.047,0.0,0.0,0.0,0.857,0.879,0.552,0.11,0.083,0.0,0.0,0.359,1.0,0.986,1.0,0.769,0.015,0.0,0.071,0.016,0.983,0.798,0.096,0.015,0.001,0.044,0.0,0.0,0.74,0.814,0.461,0.031,0.0,0.0,0.0,0.0,0.525,0.973,0.969,0.771,0.0,0.009,0.0,0.0,0.0,0.241,0.574,0.956,0.209,0.0,0.018,0.0,0.043,0.339,0.851,0.994,0.066,5
0.052,0.029,0.38,0.835,0.184,0.0,0.049,0.14,0.0,0.081,0.953,0.694,0.043,0.007,0.0,0.0,0.0,0.417,0.974,0.085,0.0,0.023,0.028,0.069,0.0,0.707,0.81,0.003,0.0,0.0,0.0,0.041,0.0,0.851,1.0,1.0,0.801,0.314,0.009,0.088,0.003,0.608,1.0,0.31,0.694,0.812,0.022,0.016,0.0,0.512,0.907,0.331,0.644,0.923,0.074,0.0,0.0,0.035,0.104,0.804,0.944,0.505,0.0,0.0,6
0.085,0.286,0.939,0.951,1.0,0.749,0.0,0.031,0.016,0.145,0.784,0.429,0.848,0.955,0.375,0.0,0.0,0.048,0.0,0.31,1.0,0.639,0.0,0.022,0.012,0.0,0.034,0.213,0.987,0.5,0.0,0.032,0.0,0.042,0.036,0.311,0.996,0.428,0.065,0.007,0.005,0.0,0.06,0.065,0.984,0.667,0.0,0.0,0.0,0.054,0.576,0.583,1.0,0.661,0.0,0.029,0.087,0.288,1.0,1.0,0.918,0.097,0.143,0.0,3
0.019,0.133,0.014,0.324,0.626,1.0,1.0,0.45,0.0,0.024,0.655,0.993,0.938,0.831,0.876,0.54,0.062,0.0,0.216,0.404,0.068,0.239,0.959,0.472,0.0,0.046,0.086,0.054,0.031,0.347,0.95,0.445,0.043,0.023,0.055,0.0,0.003,0.275,1.0,0.52,0.0,0.0,0.044,0.089,0.0,0.416,0.967,0.504,0.0,0.0,0.0,0.0,0.0,0.503,1.0,0.454,0.02,0.0,0.038,0.022,0.043,0.012,0.037,0.0,1
0.0,0.0,0.031,0.0,0.014,0.064,0.0,0.046,0.0,0.467,0.946,0.984,0.288,0.0,0.045,0.067,0.0,0.182,0.907,0.287,0.224,0.0,0.0,0.0,0.015,0.564,0.567,0.0,0.097,0.0,0.0,0.037,0.0,0.849,0.424,0.07,0.15,0.013,0.006,0.0,0.105,0.775,1.0,0.768,0.061,0.103,0.041,0.029,0.0,0.026,0.285,0.701,0.524,0.0,0.0,0.0,0.004,0.0,0.063,0.781,0.385,0.0,0.014,0.0,5
0.0,0.038,0.056,0.377,1.0,0.919,0.82,0.011,0.0,0.035,0.258,0.973,0.676,0.807,0.853,0.0,0.0,0.0,0.12,0.491,0.035,0.72,0.709,0.029,0.0,0.0,0.026,0.018,0.883,0.923,0.326,0.033,0.0,0.0,0.0,0.0,0.699,0.882,1.0,0.161,0.0,0.058,0.04,0.0,0.0,0.148,0.918,0.365,0.031,0.022,0.061,0.351,1.0,0.738,0.974,0.488,0.0,0.043,0.0,0.331,0.973,1.0,0.856,0.107,3
0.008,0.081,0.0,0.0,0.0,0.016,0.052,0.056,0.0,0.0,0.0,0.371,0.952,0.621,0.013,0.093,0.0,0.004,0.35,1.0,0.783,1.0,0.0,0.046,0.036,0.101,0.115,0.368,0.742,0.588,0.0,0.042,0.0,0.0,0.097,0.155,1.0,1.0,0.338,0.033,0.0,0.0,0.004,0.08,0.286,0.632,0.962,0.188,0.0,0.059,0.073,0.014,0.139,0.024,1.0,0.574,0.065,0.037,0.0,1.0,0.653,0.626,0.961,0.483,3
0.013,0.012,0.0,0.0,0.018,0.049,0.026,0.058,0.039,0.93,0.993,0.688,0.049,0.012,0.0,0.0,0.386,0.927,0.664,0.97,0.0,0.044,0.0,0.0,0.203,0.699,0.0,1.0,0.284,0.0,0.0,0.016,0.0,0.158,0.164,1.0,0.007,0.014,0.0,0.014,0.019,0.014,0.25,0.917,0.039,0.0,0.023,0.025,0.0,0.0,0.667,0.831,0.056,0.057,0.063,0.023,0.0,0.628,1.0,0.892,0.881,0.936,0.184,0.03,2
0.0,0.107,0.0,0.314,0.944,0.979,0.331,0.099,0.0,0.01,0.007,0.337,0.998,0.994,0.197,0.072,0.012,0.0,0.061,0.487,1.0,0.912,0.007,0.001,0.0,0.0,0.012,0.644,1.0,0.945,0.011,0.037,0.0,0.0,0.046,0.416,0.913,0.944,0.055,0.009,0.019,0.082,0.065,0.349,1.0,1.0,0.311,0.05,0.0,0.0,0.0,0.054,0.763,1.0,0.194,0.0,0.0,0.0,0.0,0.0,0.0,0.02,0.0,0.001,1
0.0,0.044,0.057,0.0,0.0,0.124,0.0,0.014,0.012,0.155,0.718,0.923,0.958,0.125,0.087,0.0,0.228,1.0,0.885,0.692,1.0,0.468,0.033,0.0,0.197,0.358,0.0,0.894,0.821,0.064,0.033,0.03,0.0,0.051,0.0,1.0,0.643,0.039,0.024,0.025,0.076,0.0,0.003,0.71,0.623,0.009,0.0,0.076,0.057,0.0,0.0,0.493,0.704,0.0,0.052,0.046,0.048,0.526,0.708,0.93,0.561,0.025,0.1,0.0,3
0.0,0.054,0.004,0.0,0.022,0.02,0.034,0.061,0.0,0.0,0.0,0.412,1.0,0.843,0.201,0.001,0.019,0.0,0.004,0.387,1.0,1.0,0.581,0.058,0.028,0.0,0.051,0.071,1.0,0.985,0.617,0.11,0.0,0.0,0.003,0.298,1.0,0.954,0.565,0.0,0.0,0.0,0.061,0.564,1.0,1.0,0.476,0.0,0.042,0.0,0.0,0.531,0.95,0.976,0.347,0.0,0.009,0.086,0.0,0.465,1.0,0.901,0.076,0.0,1
0.061,0.023,0.092,0.779,0.244,0.0,0.0,0.0,0.048,0.0,0.427,0.916,0.132,0.0,0.0,0.0,0.036,0.054,0.986,0.438,0.0,0.236,0.28,0.052,0.0,0.289,0.829,0.181,0.124,0.908,0.657,0.063,0.021,0.175,0.912,0.989,1.0,0.909,0.239,0.019,0.0,0.015,0.036,0.42,0.941,0.524,0.0,0.0,0.0,0.087,0.05,0.538,0.92,0.036,0.0,0.049,0.0,0.071,0.041,0.748,0.526,0.007,0.077,0.0,4
0.002,0.011,0.931,0.611,0.638,0.569,0.0,0.071,0.0,0.201,1.0,0.255,0.704,0.363,0.061,0.0,0.008,0.037,0.167,0.475,1.0,0.433,0.0,0.101,0.025,0.0,0.0,0.316,0.498,0.941,0.118,0.044,0.071,0.0,0.579,0.157,0.008,0.812,0.419,0.0,0.0,0.008,1.0,0.276,0.49,0.971,0.155,0.067,0.0,0.094,0.465,0.83,0.958,0.479,0.058,0.0,0.0,0.038,0.0,0.0,0.045,0.042,0.039,0.0,3
0.038,0.584,0.952,0.247,0.052,0.0,0.035,0.001,0.0,1.0,0.199,0.0,0.067,0.0,0.0,0.0,0.38,0.739,0.064,0.084,0.002,0.0,0.0,0.0,0.256,0.942,0.777,1.0,0.799,0.077,0.0,0.0,0.157,0.959,0.883,0.232,0.123,0.744,0.0,0.0,0.002,0.573,0.428,0.15,0.186,1.0,0.111,0.036,0.0,0.0,0.645,0.716,0.762,0.468,0.0,0.0,0.0,0.0,0.0,0.0,0.0,0.006,0.019,0.0,6
0.0,0.07,0.639,0.741,0.638,0.963,0.936,0.166,0.0,0.124,0.994,0.388,0.068,0.913,0.362,0.0,0.0,0.0,0.295,0.03,0.546,0.692,0.022,0.105,0.0,0.046,0.349,0.827,0.869,0.8,0.424,0.084,0.0,0.055,0.494,0.912,1.0,0.742,0.133,0.023,0.0,0.0,0.112,1.0,0.418,0.063,0.0,0.027,0.0,0.0,0.445,0.949,0.204,0.0,0.038,0.027,0.016,0.0,0.099,0.024,0.0,0.062,0.029,0.0,7
0.032,0.0,0.795,0.852,0.598,0.101,0.069,0.0,0.0,0.0,0.981,1.0,0.916,0.382,0.025,0.0,0.0,0.0,0.208,0.333,0.938,0.451,0.023,0.0,0.0,0.0,0.0,0.553,1.0,0.08,0.042,0.052,0.006,0.005,0.046,1.0,0.502,0.012,0.0,0.0,0.0,0.01,1.0,0.773,0.021,0.068,0.063,0.019,0.0,0.307,0.987,0.742,0.218,0.217,0.006,0.008,0.036,0.126,0.786,0.783,0.751,0.756,0.019,0.0,2
0.0,0.004,0.006,0.004,0.054,0.0,0.0,0.0,0.036,0.216,0.712,0.77,0.342,0.0,0.001,0.03,0.014,0.637,0.792,0.228,1.0,0.07,0.041,0.0,0.0,0.415,0.636,0.343,1.0,0.268,0.069,0.0,0.0,0.116,0.788,0.991,0.855,0.373,0.016,0.072,0.0,0.0,0.0,0.0,0.393,0.502,0.007,0.0,0.029,0.001,0.008,0.0,0.273,0.625,0.0,0.009,0.045,0.667,0.438,0.0,0.5,0.659,0.0,0.034,9
0.011,0.503,0.995,0.949,0.802,0.196,0.126,0.103,0.171,0.845,1.0,1.0,0.879,0.067,0.021,0.016,0.036,0.864,0.948,0.916,0.595,0.0,0.047,0.032,0.19,1.0,0.994,0.91,0.506,0.022,0.045,0.023,0.215,0.964,1.0,1.0,0.588,0.0,0.0,0.0,0.057,0.782,0.955,0.914,0.521,0.0,0.042,0.046,0.035,0.195,0.713,0.757,0.49,0.0,0.0,0.0,0.0,0.067,0.007,0.031,0.003,0.0,0.066,0.0,1
0.042,0.007,0.076,0.0,0.013,0.0,0.071,0.004,0.0,0.048,0.0,0.153,0.804,0.077,0.0,0.0,0.0,0.045,0.0,0.404,0.927,0.142,0.054,0.0,0.043,0.053,0.307,0.981,0.24,0.001,0.0,0.074,0.013,0.0,0.969,0.672,0.103,1.0,0.208,0.049,0.023,0.136,1.0,0.125,0.575,1.0,0.547,0.043,0.002,0.0,0.666,0.898,1.0,1.0,0.3,0.036,0.0,0.0,0.0,0.094,0.911,0.468,0.059,0.034,4
0.014,0.06,0.0,0.576,0.636,0.184,0.0,0.0,0.049,0.043,0.0,0.684,0.989,0.817,0.887,0.103,0.0,0.03,0.033,0.502,0.737,0.029,0.921,0.213,0.0,0.0,0.069,0.0,0.71,0.922,0.808,0.046,0.0,0.0,0.0,0.663,0.998,1.0,0.0,0.0,0.0,0.0,0.053,0.89,0.266,0.586,0.687,0.0,0.0,0.008,0.004,0.884,0.322,0.913,0.625,0.013,0.0,0.036,0.0,0.415,0.857,0.397,0.041,0.037,8
0.0,0.352,0.696,0.618,0.841,0.768,0.058,0.0,0.107,0.861,0.582,0.522,0.85,0.631,0.011,0.0,0.128,0.332,0.0,0.161,0.866,0.075,0.071,0.0,0.0,0.03,0.052,1.0,0.186,0.057,0.0,0.0,0.0,0.0,0.651,0.95,0.498,0.061,0.014,0.0,0.106,0.919,0.971,0.547,0.484,0.0,0.0,0.0,0.187,0.609,0.695,0.0,0.0,0.0,0.021,0.018,0.052,0.344,0.723,0.079,0.014,0.0,0.0,0.0,7
0.013,0.019,0.416,0.977,0.161,0.153,0.093,0.0,0.0,0.0,0.754,0.49,0.0,0.206,0.409,0.045,0.0,0.252,1.0,0.159,0.132,0.823,0.639,0.06,0.0,0.597,0.995,0.742,1.0,0.815,0.077,0.0,0.043,0.394,0.93,0.584,0.992,0.312,0.01,0.0,0.0,0.035,0.0,0.312,0.889,0.034,0.044,0.013,0.026,0.053,0.0,0.954,0.397,0.0,0.028,0.0,0.0,0.0,0.036,0.0,0.0,0.048,0.02,0.062,4
0.0,0.722,1.0,0.68,0.0,0.0,0.0,0.0,0.0,0.567,0.933,0.981,0.162,0.018,0.083,0.0,0.041,0.039,0.689,0.744,0.68,0.083,0.042,0.0,0.0,0.0,0.038,0.0,0.686,0.244,0.056,0.0,0.031,0.024,0.0,0.0,0.311,0.624,0.0,0.0,0.0,0.146,0.318,0.288,0.495,0.959,0.047,0.033,0.0,0.384,0.989,1.0,0.7,0.699,0.084,0.0,0.0,0.0,0.0,0.05,0.0,0.048,0.0,0.088,9
0.0,0.0,0.029,0.0,0.0,0.059,0.024,0.061,0.079,0.067,0.272,1.0,1.0,1.0,0.677,0.036,0.0,0.0,0.799,0.881,0.486,0.466,0.0,0.1,0.0,0.475,0.978,0.175,0.078,0.0,0.0,0.02,0.089,0.845,0.962,0.238,0.057,0.0,0.007,0.019,0.002,0.483,1.0,0.989,1.0,0.903,0.085,0.0,0.001,0.04,0.466,0.555,0.574,0.997,0.227,0.0,0.0,0.0,0.009,0.096,0.805,0.958,0.073,0.0,5
0.045,0.079,0.0,0.404,0.439,0.579,0.924,0.592,0.011,0.0,0.034,0.043,0.0,0.432,1.0,0.252,0.0,0.001,0.046,0.043,0.675,0.966,0.593,0.0,0.0,0.0,0.053,0.0,0.88,1.0,0.746,0.013,0.034,0.102,0.043,0.047,0.02,0.802,1.0,0.293,0.015,0.101,0.0,0.44,0.565,0.682,1.0,0.171,0.0,0.007,0.017,0.408,0.954,0.909,0.629,0.04,0.045,0.047,0.0,0.098,0.062,0.0,0.0,0.0,3
0.0,0.0,0.0,0.0,0.0,0.0,0.003,0.066,0.062,0.191,0.806,1.0,0.826,0.025,0.0,0.015,0.155,0.845,0.95,0.873,0.884,0.056,0.0,0.058,0.156,0.735,0.0,0.889,0.472,0.0,0.0,0.046,0.0,0.0,0.576,0.994,0.383,0.027,0.042,0.0,0.05,0.0,0.61,0.982,0.905,0.436,0.002,0.033,0.038,0.0,0.085,0.292,0.909,0.513,0.02,0.034,0.045,0.15,0.748,0.729,0.938,0.303,0.027,0.0,3
0.027,0.0,0.026,0.0,0.0,0.045,0.031,0.014,0.0,0.021,0.362,0.749,0.539,0.001,0.078,0.007,0.003,0.182,0.992,0.402,0.771,0.106,0.032,0.007,0.0,0.394,0.951,0.158,0.912,0.0,0.009,0.0,0.009,0.013,0.597,1.0,0.581,0.012,0.029,0.0,0.0,0.282,0.855,1.0,0.384,0.0,0.12,0.038,0.274,0.856,0.254,0.067,0.842,0.329,0.0,0.063,0.154,0.827,0.71,0.283,0.163,0.786,0.076,0.044,8
0.001,0.05,0.016,0.028,0.0,0.0,0.015,0.031,0.0,0.0,0.069,0.081,0.947,0.571,0.036,0.044,0.03,0.0,0.0,0.052,0.902,0.755,0.041,0.007,0.057,0.0,0.01,0.0,0.655,1.0,0.174,0.09,0.019,0.0,0.0,0.0,0.907,1.0,0.285,0.057,0.074,0.0,0.0,0.066,0.868,1.0,0.23,0.0,0.0,0.022,0.061,0.0,1.0,0.982,0.295,0.025,0.0,0.01,0.0,0.061,0.954,0.951,0.0,0.056,1
0.091,0.0,0.023,0.107,0.69,0.83,0.134,0.0,0.028,0.031,0.374,1.0,0.711,0.765,0.421,0.083,0.106,0.108,1.0,0.523,0.0,0.667,0.162,0.0,0.0,0.0,0.303,0.136,0.0,0.992,0.0,0.003,0.0,0.0,0.021,0.079,0.314,0.617,0.0,0.036,0.055,0.068,0.0,0.09,0.565,0.625,0.0,0.053,0.0,0.013,0.0,0.0,0.839,0.522,0.198,0.363,0.0,0.058,0.001,0.077,0.826,0.787,0.795,0.914,2
0.0,0.01,0.036,0.095,0.506,0.787,0.99,0.295,0.0,0.0,0.129,0.924,0.508,0.127,0.913,0.457,0.053,0.0,0.462,0.774,0.0,0.421,1.0,0.476,0.0,0.047,0.267,0.899,0.757,0.713,0.546,0.524,0.0,0.02,0.014,0.02,0.148,0.091,0.514,0.535,0.046,0.034,0.0,0.0,0.0,0.0,0.776,0.361,0.084,0.0,0.0,0.744,0.653,0.201,1.0,0.0,0.096,0.0,0.001,0.172,0.523,1.0,0.471,0.0,9
0.011,0.111,0.543,0.593,1.0,0.0,0.055,0.037,0.0,0.0,0.275,0.926,1.0,0.091,0.0,0.049,0.01,0.0,0.576,0.918,0.292,0.0,0.0,0.0,0.046,0.031,0.064,1.0,0.384,0.045,0.0,0.045,0.0,0.0,0.0,0.663,0.666,0.012,0.0,0.0,0.036,0.725,0.47,0.722,0.848,0.119,0.041,0.0,0.0,0.315,0.814,1.0,0.914,0.06,0.0,0.115,0.0,0.057,0.0,0.001,0.0,0.0,0.076,0.0,3
0.029,0.0,0.298,1.0,1.0,0.549,0.027,0.0,0.0,0.018,0.289,1.0,0.969,0.975,0.055,0.065,0.0,0.0,0.241,1.0,1.0,0.74,0.131,0.067,0.018,0.038,0.192,0.941,0.938,0.976,0.0,0.0,0.028,0.0,0.587,1.0,0.931,0.33,0.0,0.029,0.0,0.073,0.777,0.935,0.98,0.316,0.0,0.006,0.0,0.111,1.0,1.0,0.948,0.101,0.0,0.022,0.0,0.084,0.466,0.733,0.699,0.071,0.0,0.032,1
0.016,0.396,0.232,0.872,0.767,0.0,0.0,0.0,0.0,1.0,0.903,0.418,0.593,0.198,0.031,0.0,0.259,0.873,0.518,0.0,0.354,0.205,0.0,0.0,0.419,0.811,0.105,0.003,0.369,0.327,0.0,0.024,0.498,0.367,0.043,0.001,0.74,0.158,0.0,0.0,0.3,0.521,0.0,0.241,0.726,0.0,0.047,0.0,0.131,0.716,0.317,0.937,0.219,0.0,0.0,0.0,0.019,0.365,0.991,0.371,0.0,0.064,0.0,0.0,0
0.035,0.753,1.0,0.533,0.749,0.611,0.035,0.098,0.0,0.987,0.249,0.001,0.863,0.408,0.0,0.07,0.0,0.08,0.0,0.351,1.0,0.32,0.0,0.047,0.021,0.044,0.127,0.947,0.669,0.0,0.039,0.0,0.0,0.0,0.319,1.0,0.24,0.0,0.0,0.033,0.0,0.109,0.937,0.789,0.555,0.785,0.927,0.008,0.058,0.073,0.959,1.0,1.0,0.688,0.323,0.0,0.062,0.025,0.014,0.0,0.078,0.001,0.0,0.0,2
0.08,0.048,0.085,0.0,0.0,0.0,0.0,0.0,0.0,0.0,0.726,1.0,0.233,0.07,0.038,0.0,0.0,0.48,1.0,0.716,0.033,0.0,0.009,0.004,0.126,0.727,0.951,0.082,0.025,0.054,0.0,0.031,0.0,0.96,0.683,0.0,0.0,0.0,0.0,0.0,0.0,1.0,0.77,0.491,0.048,0.0,0.0,0.0,0.037,0.939,0.968,1.0,0.959,0.377,0.003,0.041,0.0,0.669,1.0,0.928,0.993,0.915,0.159,0.074,6
0.052,0.0,0.098,0.846,0.445,0.0,0.0,0.042,0.0,0.0,0.477,1.0,1.0,0.344,0.017,0.0,0.026,0.0,0.342,0.864,0.737,0.729,0.0,0.0,0.0,0.0,0.007,0.487,0.961,0.998,0.0,0.039,0.0,0.062,0.0,0.036,0.0,0.817,0.152,0.079,0.0,0.079,0.019,0.013,0.0,0.422,0.685,0.0,0.0,0.0,0.042,0.148,0.264,0.236,0.989,0.109,0.046,0.009,0.045,0.976,0.841,0.952,0.793,0.053,9
0.011,0.0,0.076,0.0,0.0,0.016,0.012,0.004,0.0,0.0,0.231,0.821,0.955,0.957,0.01,0.081,0.0,0.18,0.762,1.0,0.661,0.298,0.0,0.0,0.0,0.79,1.0,0.35,0.014,0.0,0.062,0.077,0.0,0.667,1.0,0.6,0.132,0.014,0.0,0.0,0.033,0.366,0.888,0.988,0.247,0.092,0.0,0.099,0.013,0.023,0.18,0.876,0.588,0.0,0.073,0.0,0.0,0.0,0.291,0.919,0.428,0.0,0.049,0.0,5
0.0,0.0,0.156,0.771,0.533,0.449,0.409,0.145,0.01,0.028,0.638,0.938,0.935,1.0,1.0,0.361,0.0,0.0,0.827,0.735,0.051,0.692,0.799,0.0,0.0,0.01,0.671,0.23,0.102,0.971,0.234,0.043,0.084,0.001,0.063,0.001,0.618,0.607,0.015,0.0,0.019,0.0,0.0,0.505,1.0,0.2,0.0,0.108,0.115,0.073,0.093,0.917,0.735,0.046,0.137,0.063,0.0,0.038,0.247,1.0,0.15,0.0,0.073,0.025,7
0.035,0.0,0.958,0.902,0.645,0.983,0.061,0.0,0.0,0.514,0.742,0.068,0.0,0.709,0.447,0.016,0.022,0.31,0.576,0.0,0.042,0.533,0.702,0.0,0.0,0.418,0.615,0.034,0.022,0.513,0.701,0.0,0.0,0.487,0.988,0.174,0.037,0.644,0.653,0.019,0.0,0.248,0.961,0.696,0.877,0.99,0.52,0.027,0.0,0.066,0.488,1.0,1.0,0.846,0.0,0.001,0.0,0.062,0.055,0.0,0.0,0.027,0.058,0.042,0
0.019,0.0,0.0,0.627,0.74,0.083,0.077,0.0,0.094,0.0,0.036,0.957,0.196,0.0,0.019,0.071,0.0,0.033,0.277,0.881,0.0,0.356,0.321,0.0,0.0,0.072,0.462,0.97,0.316,0.367,0.812,0.378,0.0,0.0,0.193,0.809,0.0,0.0,0.22,0.675,0.005,0.03,0.022,0.685,0.593,0.285,0.619,0.79,0.075,0.0,0.001,0.166,0.604,0.918,0.942,0.206,0.04,0.0,0.037,0.103,0.057,0.017,0.109,0.0,6
0.011,0.073,0.0,0.264,0.698,1.0,0.946,0.237,0.041,0.0,0.0,0.468,0.484,0.459,0.81,0.0,0.0,0.095,0.0,0.0,0.0,0.69,0.77,0.127,0.007,0.0,0.361,0.987,0.95,0.987,0.955,0.455,0.025,0.061,0.109,0.422,0.696,0.822,0.066,0.0,0.0,0.063,0.0,0.015,0.978,0.184,0.06,0.008,0.0,0.0,0.0,0.206,0.941,0.053,0.0,0.091,0.0,0.008,0.037,0.295,0.739,0.043,0.0,0.051,7
0.054,0.026,0.671,0.718,0.046,0.047,0.031,0.0,0.0,0.518,1.0,0.735,0.624,0.019,0.0,0.059,0.003,0.385,0.52,0.412,0.747,0.0,0.023,0.0,0.004,0.102,0.053,0.163,0.979,0.022,0.007,0.029,0.0,0.0,0.017,0.256,0.726,0.068,0.029,0.027,0.0,0.153,0.038,0.661,0.686,0.003,0.105,0.0,0.011,0.061,0.873,1.0,1.0,0.995,0.654,0.0,0.0,0.0,0.721,0.703,0.483,0.799,0.532,0.072,2
0.064,0.862,0.935,0.002,0.0,0.0,0.0,0.0,0.0,0.725,1.0,0.31,0.106,0.0,0.0,0.0,0.091,0.933,1.0,0.347,0.0,0.0,0.016,0.005,0.0,0.208,0.774,0.626,0.0,0.033,0.014,0.027,0.123,0.043,0.605,0.832,0.014,0.0,0.0,0.018,0.04,0.265,0.643,0.973,0.542,0.341,0.16,0.001,0.009,0.853,0.979,1.0,0.903,0.988,0.755,0.0,0.0,0.012,0.032,0.0,0.002,0.002,0.0,0.088,1
0.0,0.076,0.105,0.926,0.603,0.515,0.441,0.128,0.0,0.061,0.455,0.818,0.515,0.263,0.0,0.043,0.031,0.0,0.488,0.908,0.561,0.8,0.601,0.0,0.029,0.02,0.12,0.097,0.024,0.049,0.873,0.242,0.042,0.0,0.0,0.057,0.0,0.0,0.272,0.654,0.046,0.025,0.096,0.542,0.227,0.258,0.766,0.617,0.0,0.052,0.058,0.726,0.987,0.672,0.408,0.0,0.041,0.0,0.0,0.0,0.0,0.008,0.071,0.087,5
0.042,0.032,0.034,0.008,0.037,0.059,0.005,0.074,0.0,0.0,0.0,0.499,0.765,0.157,0.0,0.0,0.028,0.0,0.019,0.864,0.878,0.078,0.0,0.0,0.0,0.0,0.371,1.0,0.225,0.0,0.0,0.08,0.0,0.102,0.622,0.94,0.339,0.0,0.021,0.025,0.0,0.233,0.943,1.0,0.906,0.699,0.024,0.0,0.0,0.0,0.609,1.0,0.0,0.766,0.431,0.0,0.079,0.026,0.249,0.977,0.347,0.927,0.313,0.018,6
0.158,0.959,1.0,0.74,0.463,0.013,0.0,0.0,0.023,0.635,0.569,0.905,1.0,0.301,0.0,0.016,0.018,0.0,0.546,0.945,0.746,0.06,0.0,0.0,0.027,0.015,0.652,0.898,0.163,0.0,0.0,0.0,0.0,0.06,0.096,1.0,0.465,0.0,0.0,0.0,0.0,0.014,0.0,0.589,0.911,0.025,0.017,0.0,0.129,0.552,0.644,1.0,0.976,0.211,0.022,0.002,0.123,0.876,1.0,0.806,0.302,0.0,0.0,0.018,3
0.077,0.0,0.0,0.039,0.119,0.0,0.019,0.001,0.0,0.072,0.375,0.888,0.0,0.0,0.0,0.033,0.008,0.405,0.964,0.497,0.041,0.121,0.017,0.0,0.0,0.811,0.54,0.082,0.038,0.005,0.0,0.045,0.165,0.951,0.224,0.253,0.031,0.0,0.0,0.015,0.406,1.0,1.0,0.998,0.778,0.144,0.0,0.038,0.0,0.936,0.279,0.103,0.476,0.687,0.069,0.0,0.022,0.372,0.831,0.27,0.281,0.874,0.015,0.033,6
0.0,0.007,0.0,0.137,0.041,0.0,0.03,0.136,0.062,0.485,0.861,0.972,0.492,0.067,0.0,0.009,0.3,1.0,0.908,0.976,1.0,0.032,0.077,0.029,0.18,0.684,0.105,0.589,1.0,0.03,0.068,0.0,0.052,0.0,0.059,0.902,0.467,0.0,0.044,0.097,0.0,0.0,0.535,0.929,0.002,0.042,0.0,0.047,0.005,0.415,1.0,0.397,0.451,0.487,0.0,0.0,0.0,0.588,1.0,0.858,0.788,0.1,0.0,0.063,2
0.0,0.663,0.894,0.723,0.483,0.03,0.0,0.0,0.0,0.845,0.481,0.353,0.748,0.0,0.0,0.047,0.0,0.52,0.33,0.574,0.716,0.045,0.0,0.07,0.061,0.0,0.0,0.911,0.426,0.0,0.0,0.0,0.018,0.002,0.436,0.969,0.071,0.0,0.0,0.0,0.0,0.153,0.655,0.742,0.322,0.26,0.015,0.0,0.0,0.122,0.967,0.989,0.977,1.0,0.468,0.036,0.045,0.039,0.0,0.0,0.035,0.0,0.01,0.0,2
0.0,0.0,0.0,0.0,0.0,0.0,0.0,0.0,0.0,0.112,0.195,0.891,0.566,0.0,0.0,0.024,0.016,0.0,0.547,0.941,0.99,0.038,0.053,0.0,0.044,0.071,0.658,1.0,0.491,0.0,0.0,0.0,0.0,0.0,0.938,1.0,0.178,0.014,0.0,0.0,0.033,0.461,0.97,0.911,0.018,0.003,0.005,0.0,0.087,0.79,1.0,0.791,0.0,0.077,0.0,0.118,0.0,0.53,0.913,1.0,0.0,0.067,0.0,0.068,1
0.0,0.0,0.803,0.98,0.726,0.592,0.0,0.0,0.0,0.023,0.92,0.556,0.549,0.652,0.059,0.0,0.037,0.003,0.146,0.105,0.596,0.819,0.032,0.01,0.0,0.0,0.046,0.0,0.757,0.474,0.04,0.018,0.0,0.0,0.021,0.275,1.0,0.225,0.0,0.0,0.073,0.0,0.382,0.938,1.0,0.307,0.317,0.363,0.087,0.021,0.389,0.954,0.956,1.0,0.962,0.813,0.021,0.0,0.015,0.065,0.007,0.0,0.0,0.002,2
0.0,0.0,0.085,0.944,0.634,0.0,0.023,0.014,0.0,0.0,0.296,0.958,1.0,0.231,0.0,0.0,0.0,0.0,0.64,0.983,1.0,0.072,0.0,0.0,0.019,0.134,1.0,1.0,0.981,0.209,0.0,0.0,0.028,0.515,0.952,0.994,0.845,0.019,0.057,0.106,0.032,0.0,0.201,0.838,0.609,0.0,0.029,0.053,0.0,0.0,0.0,0.92,0.429,0.059,0.01,0.04,0.007,0.0,0.0,0.819,0.137,0.0,0.0,0.0,1
0.0,0.0,0.06,0.004,0.0,0.003,0.0,0.035,0.0,0.136,0.678,1.0,1.0,0.451,0.021,0.0,0.0,0.113,0.957,0.578,0.672,0.89,0.0,0.0,0.0,0.0,0.958,0.224,0.262,0.962,0.175,0.062,0.008,0.076,0.143,0.253,0.265,0.972,0.104,0.044,0.0,0.014,0.026,0.0,0.574,0.817,0.084,0.0,0.042,0.0,0.016,0.123,1.0,0.505,0.0,0.0,0.046,0.014,0.109,0.656,0.97,0.424,0.178,0.079,2
0.0,0.624,0.993,1.0,0.684,0.0,0.0,0.08,0.283,0.978,0.59,0.807,0.847,0.0,0.027,0.0,0.417,0.747,0.001,0.147,0.801,0.042,0.008,0.045,0.219,0.694,0.0,0.01,1.0,0.0,0.0,0.031,0.173,0.856,0.066,0.082,0.964,0.032,0.0,0.028,0.043,0.616,0.495,0.518,0.939,0.002,0.0,0.057,0.024,0.043,0.751,0.889,0.061,0.0,0.0,0.021,0.016,0.058,0.0,0.0,0.027,0.0,0.0,0.0,0
0.037,0.228,1.0,0.616,0.492,0.807,0.02,0.057,0.0,0.043,0.216,0.05,0.288,0.71,0.002,0.0,0.0,0.0,0.011,0.137,0.617,0.568,0.0,0.0,0.0,0.035,0.0,0.404,0.874,0.941,0.197,0.007,0.063,0.0,0.007,0.0,0.071,0.405,0.652,0.051,0.038,0.0,0.692,0.363,0.266,0.592,0.742,0.0,0.036,0.0,0.406,0.984,0.949,0.835,0.136,0.026,0.081,0.0,0.0,0.022,0.05,0.0,0.0,0.112,3
0.0,0.0,0.015,0.0,0.0,0.0,0.091,0.025,0.0,0.163,0.83,0.356,0.0,0.0,0.0,0.0,0.065,0.938,0.776,1.0,0.504,0.034,0.059,0.051,0.376,1.0,0.002,0.445,0.93,0.441,0.0,0.0,0.244,1.0,0.718,0.828,0.978,0.239,0.021,0.0,0.0,0.436,0.646,0.774,1.0,0.0,0.0,0.0,0.037,0.067,0.089,0.496,0.931,0.142,0.0,0.0,0.02,0.472,0.636,0.658,0.958,0.166,0.024,0.06,9
0.074,0.05,0.0,0.0,0.009,0.015,0.055,0.084,0.004,0.007,0.331,1.0,0.317,0.104,0.003,0.0,0.0,0.0,0.738,0.986,0.576,0.028,0.0,0.052,0.0,0.527,1.0,1.0,0.348,0.0,0.0,0.048,0.122,1.0,0.953,0.877,0.235,0.0,0.033,0.036,0.209,0.912,1.0,0.975,0.39,0.0,0.0,0.051,0.026,0.029,0.537,0.969,0.581,0.124,0.064,0.0,0.0,0.0,0.539,0.978,0.984,0.0,0.0,0.084,1
0.028,0.091,0.003,0.0,0.0,0.06,0.004,0.0,0.015,0.108,0.0,0.151,0.786,0.881,0.279,0.029,0.053,0.0,0.012,1.0,0.539,0.301,0.689,0.091,0.017,0.047,0.057,1.0,0.014,0.061,0.644,0.222,0.011,0.0,0.0,0.724,0.339,0.853,0.772,0.068,0.0,0.0,0.0,0.194,1.0,0.908,0.0,0.017,0.0,0.0,0.0,0.783,0.726,0.521,0.746,0.043,0.0,0.058,0.0,0.931,0.124,0.0,0.514,0.455,8
0.032,0.0,0.0,0.018,0.034,0.0,0.03,0.0,0.0,0.066,0.059,0.199,0.921,1.0,0.91,0.064,0.0,0.1,0.079,0.832,0.838,0.768,0.967,0.125,0.115,0.0,0.0,0.054,0.0,0.482,0.94,0.0,0.0,0.024,0.044,0.566,0.788,0.92,0.974,0.634,0.008,0.0,0.357,0.966,1.0,0.971,0.734,0.202,0.0,0.017,0.0,0.325,0.595,0.909,0.088,0.048,0.009,0.0,0.025,0.164,1.0,0.619,0.102,0.0,7
0.0,0.867,0.96,0.863,0.407,0.0,0.0,0.0,0.082,0.453,0.676,1.0,0.999,0.184,0.144,0.039,0.0,0.0,0.273,1.0,1.0,0.029,0.0,0.034,0.063,0.0,0.138,0.993,0.484,0.047,0.039,0.03,0.011,0.0,0.0,0.707,0.883,0.092,0.035,0.0,0.002,0.0,0.036,0.205,1.0,0.491,0.085,0.0,0.01,0.277,0.568,0.909,1.0,0.379,0.094,0.055,0.0,0.787,1.0,0.926,0.571,0.02,0.055,0.0,3
0.119,0.0,0.203,1.0,0.984,0.798,0.082,0.0,0.021,0.025,0.527,0.812,0.935,0.758,0.029,0.0,0.0,0.079,0.317,0.724,1.0,0.392,0.0,0.009,0.043,0.405,0.823,1.0,0.925,0.04,0.0,0.091,0.676,1.0,1.0,0.883,0.005,0.0,0.039,0.0,0.149,0.508,0.86,1.0,0.529,0.028,0.004,0.0,0.0,0.011,0.055,0.764,1.0,0.77,0.029,0.0,0.09,0.0,0.0,0.0,0.006,0.0,0.144,0.0,2
0.145,1.0,0.655,0.94,0.066,0.0,0.0,0.073,0.087,0.987,0.328,0.978,0.305,0.086,0.07,0.0,0.0,0.225,0.168,0.93,0.131,0.0,0.0,0.017,0.006,0.006,0.308,1.0,0.047,0.0,0.0,0.0,0.0,0.068,0.655,0.902,0.046,0.0,0.0,0.0,0.01,0.577,1.0,0.834,0.457,0.378,0.035,0.031,0.0,0.863,0.969,0.984,0.943,1.0,0.336,0.0,0.0,0.0,0.018,0.0,0.0,0.0,0.0,0.049,2
0.016,0.131,1.0,0.89,0.399,0.0,0.0,0.0,0.0,0.0,0.953,0.891,0.489,0.948,0.0,0.0,0.0,0.0,0.305,1.0,0.924,0.655,0.0,0.0,0.0,0.0,0.769,0.89,0.958,0.758,0.012,0.061,0.018,0.306,1.0,0.337,0.127,0.916,0.431,0.0,0.0,0.488,1.0,0.581,0.499,1.0,0.489,0.0,0.052,0.063,0.491,0.729,0.854,0.686,0.0,0.008,0.005,0.04,0.0,0.0,0.06,0.084,0.0,0.02,8
0.0,0.0,0.278,0.865,0.686,0.108,0.0,0.0,0.042,0.0,0.614,0.974,0.707,0.915,0.123,0.051,0.04,0.053,0.88,0.83,0.004,0.762,0.214,0.0,0.0,0.295,0.974,0.388,0.031,0.423,0.328,0.056,0.0,0.547,1.0,0.064,0.0,0.51,0.444,0.0,0.0,0.455,1.0,0.174,0.48,1.0,0.26,0.082,0.0,0.115,0.985,0.845,1.0,0.995,0.067,0.018,0.05,0.0,0.225,0.87,0.828,0.173,0.044,0.018,0
0.089,0.0,0.314,0.959,0.342,0.05,0.0,0.0,0.044,0.125,0.881,0.645,0.0,0.471,0.301,0.01,0.055,0.352,1.0,0.091,0.056,1.0,0.338,0.0,0.064,0.579,1.0,0.641,0.799,1.0,0.17,0.041,0.119,0.015,0.694,1.0,0.981,0.837,0.253,0.0,0.004,0.006,0.0,0.385,1.0,0.096,0.026,0.123,0.0,0.0,0.019,0.787,0.558,0.059,0.0,0.074,0.023,0.06,0.022,0.0,0.007,0.0,0.019,0.0,4
0.003,0.057,0.0,0.05,0.74,1.0,0.106,0.0,0.047,0.0,0.0,0.532,0.96,1.0,0.172,0.073,0.0,0.081,0.895,0.978,0.394,1.0,0.003,0.0,0.019,0.438,0.97,0.201,0.184,1.0,0.0,0.0,0.0,0.0,0.059,0.014,0.253,0.951,0.003,0.02,0.061,0.052,0.0,0.062,0.299,0.867,0.071,0.064,0.0,0.0,0.0,0.012,0.302,0.933,0.062,0.0,0.0,0.031,0.076,0.0,0.034,0.034,0.0,0.0,1
0.074,0.04,0.485,0.911,0.551,0.072,0.0,0.0,0.025,0.001,0.498,0.221,1.0,0.273,0.062,0.0,0.015,0.067,0.0,0.365,0.889,0.134,0.0,0.013,0.109,0.027,0.132,0.969,0.939,0.432,0.0,0.0,0.048,0.0,0.0,0.089,0.135,0.805,0.148,0.0,0.0,0.251,0.48,0.0,0.042,0.846,0.496,0.0,0.0,0.457,0.897,0.027,0.278,0.888,0.294,0.0,0.085,0.05,0.669,1.0,0.963,0.4,0.0,0.085,3
0.374,0.897,1.0,0.461,0.0,0.028,0.0,0.02,0.058,0.54,0.978,0.374,0.052,0.0,0.044,0.02,0.032,0.342,1.0,0.114,0.022,0.026,0.0,0.024,0.0,0.66,0.663,0.0,0.0,0.072,0.0,0.0,0.138,0.949,0.496,0.105,0.055,0.024,0.035,0.015,0.461,0.914,0.795,0.929,0.882,0.278,0.0,0.034,0.24,1.0,1.0,1.0,0.79,0.206,0.036,0.027,0.026,0.034,0.038,0.064,0.0,0.009,0.061,0.085,2
0.01,0.0,0.0,0.011,0.003,0.0,0.038,0.0,0.0,0.221,0.938,0.551,0.346,0.357,0.004,0.074,0.0,0.754,1.0,1.0,0.948,0.895,0.0,0.068,0.209,1.0,0.228,0.187,0.993,0.429,0.062,0.0,0.274,0.502,0.0,0.644,0.842,0.047,0.0,0.0,0.044,0.459,0.563,1.0,0.844,0.202,0.0,0.035,0.0,0.657,0.939,1.0,0.877,0.168,0.0,0.0,0.0,0.024,0.904,0.497,0.0,0.0,0.0,0.0,7
0.017,0.019,0.424,0.891,0.826,0.032,0.0,0.0,0.002,0.044,0.359,0.676,0.987,0.732,0.026,0.0,0.0,0.03,0.0,0.0,0.927,0.621,0.013,0.0,0.096,0.438,0.75,0.745,0.983,0.467,0.0,0.0,0.554,1.0,1.0,1.0,1.0,0.403,0.0,0.0,0.0,0.0,0.05,0.683,0.913,0.053,0.042,0.0,0.109,0.0,0.555,1.0,0.431,0.0,0.057,0.019,0.0,0.0,0.789,0.782,0.084,0.0,0.0,0.0,7
0.007,0.11,0.029,0.387,0.848,1.0,0.295,0.075,0.038,0.02,0.669,0.988,0.776,1.0,0.612,0.0,0.0,0.002,0.512,0.26,0.067,1.0,0.447,0.0,0.0,0.073,0.087,0.435,0.747,1.0,0.916,0.032,0.0,0.191,0.741,1.0,1.0,0.75,0.0,0.016,0.018,0.411,0.787,0.395,1.0,0.182,0.002,0.006,0.0,0.0,0.0,0.207,0.872,0.006,0.002,0.083,0.0,0.095,0.073,0.521,0.392,0.062,0.081,0.0,7
0.024,0.004,0.082,0.0,0.053,0.015,0.002,0.0,0.0,0.235,0.984,0.689,0.0,0.0,0.0,0.0,0.0,0.099,1.0,0.914,0.138,0.009,0.0,0.0,0.0,0.001,0.906,0.967,0.294,0.0,0.0,0.037,0.048,0.03,0.994,1.0,0.129,0.016,0.036,0.0,0.0,0.065,0.968,1.0,0.149,0.029,0.017,0.02,0.0,0.065,1.0,0.814,0.0,0.0,0.0,0.007,0.0,0.161,1.0,0.678,0.017,0.0,0.004,0.005,1
0.005,0.137,0.921,1.0,0.433,0.001,0.0,0.0,0.036,0.394,0.994,1.0,0.39,0.0,0.0,0.0,0.036,0.485,1.0,1.0,0.164,0.029,0.043,0.0,0.0,0.482,0.934,0.791,0.027,0.0,0.038,0.099,0.0,0.687,0.927,0.831,0.0,0.0,0.008,0.0,0.0,0.724,0.936,0.577,0.04,0.0,0.025,0.0,0.0,0.06,0.881,0.924,0.123,0.037,0.015,0.017,0.0,0.0,0.098,0.029,0.0,0.104,0.005,0.0,1
0.0,0.085,0.0,0.613,1.0,1.0,0.831,0.0,0.0,0.001,0.051,0.714,1.0,1.0,0.594,0.031,0.022,0.0,0.273,1.0,1.0,1.0,0.19,0.0,0.0,0.0,0.177,1.0,1.0,0.597,0.027,0.083,0.09,0.0,0.02,0.82,1.0,0.986,0.264,0.034,0.0,0.012,0.065,0.813,1.0,0.933,0.004,0.0,0.08,0.068,0.0,0.261,0.587,0.859,0.067,0.043,0.0,0.0,0.0,0.0,0.075,0.0,0.0,0.069,1
0.025,0.001,0.0,0.104,0.633,1.0,0.365,0.058,0.0,0.007,0.043,0.648,0.894,0.33,0.0,0.059,0.095,0.0,0.211,0.98,0.193,0.022,0.0,0.053,0.041,0.064,0.469,0.673,0.009,0.0,0.047,0.008,0.037,0.0,0.379,1.0,0.773,0.713,0.2,0.0,0.0,0.0,0.153,0.838,0.019,0.421,0.73,0.002,0.019,0.074,0.046,0.626,0.569,0.086,0.945,0.13,0.0,0.0,0.038,0.0,0.528,1.0,0.967,0.005,6
0.001,0.0,0.036,0.056,0.935,0.178,0.048,0.0,0.095,0.034,0.093,0.541,0.912,0.041,0.06,0.0,0.0,0.022,0.0,0.934,0.163,0.646,0.705,0.069,0.008,0.0,0.383,0.933,0.115,0.984,0.344,0.025,0.0,0.066,0.833,0.861,0.612,0.964,0.955,0.565,0.028,0.0,0.425,1.0,0.986,0.964,0.25,0.0,0.002,0.0,0.0,0.0,0.964,0.481,0.0,0.051,0.024,0.0,0.0,0.044,0.975,0.363,0.0,0.0,4
0.0,0.0,0.01,0.0,0.0,0.01,0.0,0.0,0.065,0.0,0.0,0.823,0.984,0.747,0.794,0.679,0.105,0.071,0.278,1.0,0.92,1.0,0.842,0.557,0.0,0.01,0.223,1.0,0.468,0.0,0.0,0.009,0.0,0.0,0.0,0.678,1.0,0.599,0.0,0.0,0.0,0.067,0.017,0.0,0.683,0.92,0.095,0.0,0.0,0.0,0.185,0.058,0.517,0.912,0.136,0.0,0.0,0.126,0.472,0.761,0.669,1.0,0.194,0.012,5
0.059,0.037,0.038,0.054,0.003,0.323,0.808,0.22,0.0,0.103,0.039,0.0,0.0,0.61,0.968,0.498,0.02,0.024,0.041,0.0,0.532,0.94,1.0,0.4,0.0,0.0,0.05,0.844,0.85,0.786,0.901,0.098,0.036,0.047,0.24,0.702,0.213,0.664,0.97,0.012,0.0,0.0,0.0,0.075,0.064,0.665,0.758,0.0,0.032,0.0,0.0,0.061,0.103,0.601,0.743,0.006,0.0,0.0,0.0,0.0,0.0,0.267,0.893,0.198,1
0.051,0.624,1.0,1.0,0.645,0.0,0.006,0.0,0.566,1.0,0.732,0.377,0.975,0.195,0.0,0.094,0.459,0.667,0.032,0.341,0.977,0.157,0.018,0.0,0.0,0.148,0.057,0.379,0.851,0.02,0.055,0.0,0.108,0.0,0.042,0.719,0.81,0.0,0.0,0.0,0.017,0.0,0.208,1.0,0.384,0.0,0.095,0.023,0.0,0.317,0.994,0.957,0.654,0.345,0.0,0.018,0.0,0.857,1.0,0.744,0.856,0.941,0.254,0.0,2
0.0,0.176,1.0,0.666,0.082,0.0,0.002,0.001,0.0,0.472,1.0,0.974,0.003,0.0,0.048,0.0,0.0,0.696,0.996,0.671,0.0,0.0,0.024,0.071,0.0,0.78,1.0,0.644,0.0,0.0,0.0,0.0,0.023,1.0,0.988,0.037,0.048,0.0,0.0,0.0,0.0,1.0,1.0,0.002,0.0,0.0,0.0,0.0,0.0,0.571,1.0,0.09,0.0,0.024,0.0,0.023,0.092,0.122,0.743,0.507,0.0,0.048,0.0,0.017,1
0.034,0.676,0.701,0.753,0.879,0.242,0.0,0.095,0.0,0.996,0.454,0.516,0.298,0.195,0.019,0.0,0.215,0.959,0.523,0.376,0.043,0.023,0.0,0.0,0.356,0.904,0.757,0.842,0.502,0.0,0.008,0.0,0.045,0.0,0.053,0.078,0.987,0.0,0.004,0.0,0.0,0.02,0.021,0.0,0.866,0.215,0.0,0.0,0.013,0.729,0.264,0.533,0.955,0.202,0.0,0.0,0.0,0.648,1.0,0.97,0.217,0.105,0.039,0.056,5
0.0,0.451,0.511,0.538,0.84,0.441,0.003,0.063,0.007,0.776,0.905,0.735,0.486,0.305,0.065,0.024,0.135,0.85,0.116,0.027,0.121,0.0,0.005,0.0,0.41,1.0,0.71,0.783,0.433,0.072,0.026,0.042,0.011,0.213,0.188,0.434,0.988,0.361,0.0,0.0,0.0,0.0,0.126,0.02,0.666,0.419,0.006,0.01,0.086,0.835,0.229,0.614,1.0,0.146,0.0,0.0,0.0,0.628,1.0,0.904,0.242,0.0,0.0,0.001,5
0.0,0.039,0.876,0.744,0.923,0.598,0.086,0.129,0.022,0.0,0.163,0.432,0.745,0.575,0.019,0.01,0.0,0.0,0.569,1.0,1.0,0.956,0.27,0.0,0.0,0.0,0.089,0.488,0.9,0.48,0.233,0.047,0.023,0.0,0.0,0.614,0.511,0.083,0.033,0.0,0.0,0.0,0.226,0.974,0.204,0.0,0.0,0.0,0.049,0.037,0.619,0.649,0.015,0.0,0.0,0.0,0.02,0.126,0.005,0.0,0.0,0.08,0.081,0.0,7
0.0,0.06,0.055,0.209,0.774,1.0,0.401,0.0,0.041,0.0,0.127,0.788,0.971,0.558,0.0,0.0,0.0,0.0,0.1,0.983,0.545,0.056,0.0,0.053,0.0,0.0,0.444,1.0,0.17,0.087,0.0,0.0,0.034,0.0,0.588,1.0,0.621,0.758,0.224,0.0,0.0,0.0,0.299,0.968,0.92,0.791,0.966,0.198,0.021,0.0,0.0,0.761,0.699,0.1,0.925,0.617,0.046,0.0,0.057,0.125,1.0,1.0,0.941,0.44,6
0.0,0.0,0.0,0.316,1.0,0.429,0.0,0.023,0.0,0.025,0.0,0.747,0.627,0.0,0.045,0.002,0.0,0.0,0.0,0.969,0.308,0.032,0.014,0.0,0.0,0.072,0.056,0.953,0.745,0.824,0.56,0.153,0.037,0.0,0.041,0.847,0.581,0.044,0.358,0.782,0.069,0.065,0.01,0.337,0.69,0.048,0.155,1.0,0.0,0.0,0.013,0.0,0.484,0.628,0.891,0.732,0.0,0.099,0.0,0.0,0.042,0.015,0.0,0.002,6
0.026,0.23,1.0,1.0,0.952,0.571,0.109,0.0,0.04,0.186,0.993,0.376,0.273,0.921,0.183,0.004,0.015,0.551,0.619,0.0,0.063,0.358,0.521,0.0,0.066,0.455,0.549,0.0,0.101,0.248,0.475,0.0,0.0,0.338,0.863,0.149,0.254,0.843,0.332,0.038,0.0,0.008,0.907,0.8,0.871,0.692,0.111,0.011,0.023,0.017,0.524,0.791,0.532,0.0,0.0,0.0,0.0,0.085,0.0,0.049,0.0,0.0,0.061,0.044,0
0.112,0.038,0.0,0.901,0.437,0.03,0.0,0.068,0.123,0.012,0.376,1.0,0.13,0.844,0.35,0.026,0.0,0.0,0.798,0.531,0.113,0.909,0.105,0.0,0.0,0.262,0.809,0.034,0.651,0.747,0.026,0.0,0.0,0.643,0.799,0.404,1.0,0.936,0.59,0.023,0.0,0.645,1.0,0.93,0.953,0.308,0.0,0.0,0.033,0.0,0.192,0.717,0.481,0.0,0.0,0.093,0.073,0.101,0.012,0.919,0.286,0.0,0.0,0.0,4
0.007,0.367,1.0,0.84,1.0,0.162,0.0,0.0,0.0,0.0,0.196,0.292,0.918,0.023,0.025,0.003,0.0,0.0,0.21,0.955,0.432,0.0,0.0,0.0,0.009,0.0,0.716,0.792,0.065,0.041,0.0,0.067,0.066,0.304,0.839,0.001,0.04,0.077,0.0,0.0,0.0,0.407,1.0,0.782,0.479,0.712,0.257,0.026,0.0,0.0,1.0,0.944,0.948,0.964,0.198,0.0,0.0,0.0,0.067,0.006,0.101,0.026,0.0,0.015,2
0.0,0.005,0.0,0.012,0.058,0.0,0.035,0.0,0.133,0.0,0.476,0.644,0.074,0.0,0.02,0.015,0.089,0.164,0.829,0.477,0.096,0.0,0.07,0.054,0.0,0.759,0.493,0.073,0.0,0.127,0.0,0.0,0.223,1.0,0.156,0.0,0.652,0.648,0.004,0.0,0.452,0.967,0.713,0.9,0.703,0.244,0.0,0.037,0.059,0.775,0.649,0.931,0.263,0.086,0.024,0.009,0.0,0.0,0.308,1.0,0.0,0.052,0.047,0.0,4
0.0,0.005,0.027,0.0,0.0,0.034,0.033,0.0,0.0,0.669,0.486,0.471,0.36,0.0,0.047,0.0,0.442,0.859,0.731,0.894,0.948,0.0,0.035,0.049,0.556,0.679,0.035,0.544,0.991,0.302,0.0,0.0,0.006,0.568,0.793,0.7,0.697,0.514,0.027,0.033,0.003,0.0,0.03,0.0,0.508,0.555,0.019,0.016,0.039,0.0,0.0,0.029,0.673,0.421,0.0,0.024,0.059,0.612,0.467,0.215,0.968,0.257,0.0,0.119,9
0.025,0.0,0.0,0.351,0.824,0.616,0.228,0.005,0.0,0.0,0.235,0.928,0.905,0.833,0.766,0.011,0.102,0.0,0.337,0.951,0.871,0.998,1.0,0.105,0.0,0.0,0.114,0.572,1.0,0.93,1.0,0.274,0.041,0.0,0.0,0.0,0.043,0.164,1.0,0.26,0.064,0.0,0.0,0.015,0.11,0.061,1.0,0.591,0.0,0.057,0.014,0.009,0.126,0.55,1.0,0.48,0.032,0.0,0.045,0.619,0.924,0.841,0.559,0.028,9
0.038,0.0,0.0,0.776,0.668,0.701,0.291,0.0,0.006,0.0,0.688,0.444,0.525,1.0,0.0,0.027,0.031,0.147,1.0,1.0,1.0,0.978,0.028,0.031,0.076,0.108,1.0,0.616,0.448,0.681,0.0,0.054,0.01,0.089,0.0,0.0,0.56,0.458,0.0,0.003,0.029,0.01,0.007,0.113,0.605,0.493,0.011,0.015,0.037,0.011,0.084,0.0,0.561,0.459,0.017,0.0,0.0,0.0,0.0,0.033,0.0,0.0,0.0,0.0,9
0.0,1.0,0.74,1.0,0.466,0.0,0.008,0.059,0.0,0.198,0.589,1.0,0.335,0.067,0.026,0.062,0.069,0.021,0.806,1.0,0.91,0.043,0.056,0.0,0.007,0.134,0.101,0.326,0.839,0.453,0.0,0.02,0.313,0.905,0.0,0.036,0.559,0.882,0.0,0.0,0.273,0.988,0.504,0.346,0.836,0.892,0.0,0.09,0.076,0.512,1.0,1.0,0.936,0.269,0.0,0.0,0.0,0.0,0.054,0.0,0.03,0.081,0.0,0.015,3
0.037,0.024,0.0,0.515,0.779,0.0,0.0,0.0,0.0,0.012,0.08,0.933,0.297,0.0,0.0,0.015,0.092,0.0,0.157,0.912,0.0,0.02,0.0,0.023,0.027,0.07,0.251,0.977,0.884,1.0,0.811,0.106,0.007,0.115,0.197,0.953,0.625,0.111,0.41,0.723,0.0,0.0,0.0,0.752,0.332,0.094,0.462,0.871,0.047,0.0,0.0,0.246,0.752,1.0,0.888,0.535,0.022,0.017,0.051,0.0,0.006,0.012,0.021,0.0,6
0.0,0.01,0.415,0.949,1.0,0.052,0.029,0.0,0.051,0.141,0.965,0.717,1.0,0.228,0.0,0.021,0.018,0.64,0.782,0.095,1.0,0.102,0.0,0.0,0.0,0.056,0.01,0.67,0.868,0.075,0.002,0.029,0.0,0.0,0.083,0.868,0.405,0.0,0.013,0.006,0.0,0.046,0.372,0.878,0.016,0.859,0.529,0.0,0.046,0.0,0.672,0.94,0.824,0.916,0.598,0.059,0.0,0.0,0.58,1.0,0.747,0.277,0.0,0.0,2
0.004,0.0,0.358,0.874,0.03,0.04,0.0,0.0,0.0,0.0,0.964,0.846,0.702,0.004,0.0,0.0,0.0,0.361,0.836,0.316,0.865,0.0,0.0,0.044,0.164,1.0,0.182,0.626,0.787,0.019,0.011,0.037,0.372,0.993,0.752,0.983,0.981,0.302,0.0,0.043,0.158,0.495,0.621,0.961,0.741,0.089,0.043,0.0,0.0,0.03,0.153,1.0,0.0,0.0,0.0,0.0,0.0,0.046,0.511,0.805,0.085,0.067,0.0,0.0,4
0.0,0.0,0.055,0.0,0.289,0.646,0.948,0.0,0.019,0.083,0.0,0.614,0.75,0.472,0.979,0.062,0.049,0.075,0.632,0.665,0.168,0.566,0.649,0.0,0.0,0.259,1.0,1.0,0.973,0.958,0.366,0.043,0.027,0.0,0.942,1.0,0.881,1.0,0.169,0.0,0.0,0.0,0.178,0.138,0.039,0.987,0.0,0.0,0.0,0.0,0.0,0.034,0.35,0.307,0.0,0.006,0.0,0.0,0.11,0.059,0.31,0.043,0.0,0.007,9
0.012,0.0,0.016,0.07,1.0,0.984,0.131,0.038,0.0,0.234,0.685,0.995,0.973,0.942,0.0,0.0,0.062,0.241,0.858,0.974,0.895,0.887,0.028,0.0,0.0,0.0,0.0,0.472,1.0,0.404,0.0,0.0,0.0,0.0,0.0,0.59,0.995,0.21,0.033,0.0,0.0,0.119,0.0,0.544,0.987,0.398,0.056,0.022,0.0,0.0,0.018,0.274,0.787,0.935,0.177,0.0,0.076,0.0,0.034,0.041,0.0,0.025,0.068,0.0,1
0.0,0.077,0.0,0.0,0.0,0.0,0.064,0.03,0.0,0.243,0.934,0.973,0.985,0.061,0.093,0.0,0.423,1.0,0.823,0.702,1.0,0.067,0.0,0.0,0.0,0.43,0.141,0.946,0.72,0.0,0.013,0.0,0.0,0.0,0.462,0.937,0.83,0.0,0.0,0.0,0.063,0.057,0.0,0.396,0.927,0.621,0.016,0.042,0.0,0.095,0.001,0.036,0.936,0.648,0.0,0.033,0.009,0.135,0.642,0.528,0.949,0.379,0.0,0.03,3
0.0,0.174,1.0,0.602,0.025,0.0,0.0,0.037,0.0,0.493,0.946,0.885,0.23,0.0,0.004,0.0,0.0,0.168,0.604,0.72,0.525,0.017,0.0,0.0,0.05,0.044,0.016,0.412,0.574,0.0,0.0,0.0,0.0,0.035,0.04,0.714,0.812,0.0,0.018,0.017,0.0,0.0,0.49,0.937,0.976,0.784,0.3,0.0,0.019,0.099,0.994,1.0,0.995,1.0,0.976,0.149,0.026,0.21,0.954,0.791,0.758,0.756,0.386,0.0,2
0.0,0.088,0.19,0.947,0.262,0.041,0.0,0.0,0.006,0.0,0.146,0.999,0.979,1.0,0.871,0.151,0.0,0.0,0.283,1.0,0.742,0.578,0.463,0.183,0.031,0.0,0.239,1.0,0.652,0.323,0.0,0.0,0.0,0.0,0.0,0.633,0.916,0.949,0.123,0.0,0.065,0.119,0.042,0.035,0.364,0.992,0.396,0.0,0.0,0.0,0.0,0.341,1.0,0.989,0.267,0.0,0.076,0.0,0.035,1.0,0.924,0.278,0.079,0.002,5
0.0,0.0,0.163,0.811,0.506,0.028,0.015,0.0,0.0,0.0,0.635,0.666,0.646,0.854,0.044,0.042,0.0,0.105,0.908,0.163,0.0,0.754,0.293,0.054,0.022,0.188,0.495,0.0,0.009,0.379,0.498,0.0,0.0,0.505,0.42,0.04,0.073,0.204,0.484,0.0,0.11,0.566,0.485,0.0,0.0,0.487,0.461,0.0,0.0,0.26,0.832,0.2,0.461,1.0,0.05,0.0,0.0,0.0,0.426,1.0,1.0,0.273,0.0,0.046,0
0.0,0.0,0.053,1.0,0.916,0.689,0.597,0.0,0.046,0.0,0.0,0.804,0.518,0.324,1.0,0.0,0.008,0.039,0.0,0.478,0.68,0.758,0.607,0.0,0.032,0.05,0.0,0.182,0.994,0.849,0.0,0.0,0.0,0.0,0.015,0.773,0.914,0.695,0.0,0.051,0.004,0.062,0.035,0.63,0.588,0.838,0.242,0.0,0.072,0.0,0.0,0.021,0.622,0.997,0.525,0.0,0.0,0.0,0.0,0.0,0.118,0.008,0.0,0.0,8
0.488,0.995,0.979,1.0,0.055,0.0,0.01,0.018,0.032,0.0,0.029,0.966,0.451,0.044,0.0,0.0,0.02,0.0,0.0,0.646,0.389,0.004,0.0,0.0,0.0,0.04,0.141,0.927,0.117,0.0,0.0,0.0,0.0,0.211,0.887,1.0,0.889,0.467,0.082,0.072,0.358,0.983,0.971,0.994,0.624,0.08,0.0,0.08,0.431,0.845,0.725,0.163,0.0,0.011,0.034,0.018,0.022,0.0,0.0,0.005,0.0,0.007,0.001,0.049,2
0.007,0.218,0.701,0.507,0.579,0.194,0.115,0.014,0.0,0.391,1.0,0.916,0.736,0.637,0.413,0.0,0.0,0.521,1.0,0.125,0.048,0.0,0.044,0.071,0.0,0.157,1.0,0.661,0.071,0.008,0.014,0.009,0.013,0.0,0.498,0.963,0.764,0.08,0.054,0.0,0.111,0.002,0.032,0.604,1.0,0.003,0.105,0.0,0.0,0.088,0.137,0.76,0.856,0.016,0.0,0.029,0.108,0.298,0.856,0.941,0.168,0.0,0.0,0.0,5
0.082,0.463,0.862,0.744,0.603,0.045,0.013,0.0,0.037,1.0,0.813,0.873,0.909,0.005,0.053,0.03,0.0,0.855,0.818,0.803,0.967,0.118,0.0,0.0,0.067,0.203,0.831,0.745,1.0,0.159,0.0,0.111,0.0,0.068,0.0,0.0,0.857,0.202,0.018,0.0,0.055,0.0,0.0,0.0,0.926,0.284,0.057,0.0,0.457,1.0,0.547,0.699,0.906,0.091,0.0,0.0,0.0,0.519,0.817,0.993,0.515,0.0,0.113,0.026,9
0.014,0.038,0.014,0.0,0.017,0.051,0.027,0.048,0.0,0.083,0.069,0.323,1.0,1.0,1.0,1.0,0.005,0.032,0.0,0.59,0.8,0.497,0.914,0.488,0.032,0.0,0.0,0.918,0.264,0.147,1.0,0.168,0.045,0.027,0.025,0.054,0.014,0.923,0.729,0.0,0.085,0.099,0.0,0.089,0.313,0.994,0.645,0.105,0.028,0.0,0.029,0.985,1.0,0.954,0.879,0.201,0.0,0.004,0.015,0.141,0.894,0.591,0.042,0.015,7
0.011,0.0,0.097,0.158,0.883,0.981,0.919,0.093,0.046,0.018,0.052,0.862,0.949,0.976,0.75,0.0,0.023,0.029,0.636,0.972,0.966,1.0,0.37,0.077,0.074,0.0,0.28,0.304,0.383,0.994,0.16,0.005,0.017,0.045,0.034,0.041,0.528,0.96,0.18,0.004,0.078,0.03,0.0,0.043,0.489,0.996,0.085,0.036,0.03,0.056,0.014,0.0,0.264,1.0,0.783,0.005,0.0,0.01,0.051,0.0,0.0,0.001,0.0,0.022,1
0.063,0.0,0.0,0.078,0.383,0.99,0.664,0.0,0.03,0.042,0.033,0.125,1.0,0.999,0.806,0.007,0.06,0.018,0.025,0.433,0.821,0.531,0.932,0.0,0.0,0.0,0.0,0.07,0.376,0.937,0.706,0.0,0.0,0.021,0.096,0.548,0.771,0.921,0.044,0.074,0.0,0.0,0.53,1.0,0.971,0.332,0.0,0.0,0.0,0.01,0.137,0.884,1.0,1.0,0.629,0.33,0.0,0.045,0.044,0.026,0.202,0.637,0.929,0.549,2
0.0,0.784,0.773,0.41,0.707,0.0,0.0,0.012,0.501,0.858,0.106,0.564,0.656,0.077,0.059,0.0,0.424,0.627,0.239,0.882,0.236,0.026,0.0,0.048,0.0,0.0,0.312,0.844,0.171,0.036,0.023,0.079,0.026,0.099,0.0,0.379,0.761,0.184,0.0,0.006,0.033,0.641,0.797,0.35,0.638,0.471,0.014,0.074,0.025,0.027,0.288,0.765,0.906,0.324,0.005,0.013,0.108,0.0,0.036,0.0,0.0,0.007,0.046,0.0,3
0.092,0.85,0.308,0.556,0.924,0.028,0.0,0.0,0.256,0.761,0.126,0.533,0.992,0.015,0.0,0.022,0.0,0.809,0.797,0.474,0.69,0.051,0.049,0.0,0.008,0.0,0.175,0.003,0.785,0.056,0.039,0.022,0.0,0.0,0.0,0.063,0.755,0.125,0.021,0.034,0.037,0.239,0.138,0.005,0.879,0.0,0.014,0.0,0.012,0.356,0.903,1.0,0.539,0.047,0.017,0.076,0.031,0.0,0.051,0.0,0.0,0.0,0.0,0.038,9
0.0,0.428,0.667,0.651,0.243,0.0,0.011,0.0,0.039,0.843,0.574,0.985,1.0,0.146,0.0,0.051,0.37,0.869,0.12,0.475,1.0,0.008,0.0,0.011,0.253,0.964,1.0,0.926,0.509,0.106,0.0,0.037,0.085,0.73,0.858,1.0,0.278,0.0,0.007,0.0,0.011,0.785,0.079,0.604,0.759,0.0,0.05,0.041,0.0,0.929,0.353,0.872,0.504,0.0,0.057,0.0,0.0,0.468,0.724,0.374,0.01,0.016,0.017,0.018,8
0.059,0.043,0.0,0.107,0.517,0.994,0.57,0.0,0.0,0.025,0.144,0.728,0.827,0.896,0.703,0.093,0.0,0.0,1.0,0.85,0.194,1.0,1.0,0.217,0.026,0.21,1.0,1.0,1.0,0.948,0.752,0.0,0.0,0.0,0.45,0.54,0.275,0.843,0.204,0.0,0.102,0.0,0.0,0.0,0.403,0.963,0.0,0.011,0.015,0.017,0.0,0.0,0.473,0.572,0.001,0.0,0.0,0.0,0.0,0.019,0.753,0.31,0.0,0.054,9
0.073,0.958,1.0,0.642,0.488,0.0,0.0,0.0,0.218,0.957,0.627,0.023,0.0,0.0,0.016,0.0,0.526,0.997,0.793,0.858,0.51,0.0,0.062,0.049,0.442,0.904,0.846,0.634,0.92,0.277,0.0,0.079,0.053,0.057,0.035,0.663,0.903,0.291,0.095,0.057,0.0,0.043,0.582,1.0,0.611,0.027,0.0,0.0,0.0,0.783,0.898,0.247,0.0,0.007,0.075,0.009,0.02,0.059,0.001,0.033,0.0,0.078,0.0,0.08,5
0.0,0.485,1.0,0.908,0.109,0.0,0.0,0.049,0.034,0.395,0.931,0.99,0.056,0.0,0.0,0.0,0.0,0.486,1.0,0.951,0.044,0.1,0.0,0.032,0.08,0.319,0.969,0.928,0.0,0.0,0.0,0.016,0.065,0.262,0.946,1.0,0.069,0.042,0.072,0.0,0.0,0.221,0.963,0.999,0.274,0.003,0.0,0.0,0.0,0.08,0.929,1.0,0.56,0.0,0.0,0.0,0.0,0.0,0.036,0.092,0.017,0.0,0.061,0.0,1
0.0,0.0,0.55,0.743,0.0,0.0,0.02,0.0,0.0,0.0,0.881,0.183,0.069,0.0,0.0,0.0,0.0,0.073,0.986,0.052,0.013,0.0,0.0,0.0,0.0,0.326,1.0,0.547,0.783,0.581,0.022,0.0,0.02,0.291,0.985,0.994,0.491,0.618,0.679,0.019,0.0,0.256,0.988,0.162,0.015,0.44,0.634,0.047,0.0,0.078,0.548,0.881,0.984,0.809,0.023,0.0,0.08,0.0,0.0,0.0,0.03,0.033,0.0,0.019,6
0.026,0.0,0.0,0.01,0.0,0.086,0.005,0.0,0.0,0.019,0.373,0.999,0.963,0.396,0.01,0.0,0.0,0.291,0.817,0.353,0.443,0.781,0.0,0.0,0.04,0.069,0.175,0.017,0.342,0.659,0.008,0.0,0.0,0.089,0.075,0.336,1.0,0.875,0.524,0.047,0.0,0.08,0.0,0.375,1.0,0.511,0.136,0.001,0.0,0.0,0.0,0.596,0.433,0.077,0.0,0.049,0.041,0.0,0.006,0.842,0.128,0.013,0.0,0.037,7
0.048,0.0,0.089,0.621,0.96,0.991,0.437,0.0,0.011,0.0,0.477,0.996,0.707,0.446,0.583,0.125,0.0,0.0,0.907,0.805,0.053,0.102,0.0,0.001,0.107,0.011,0.591,1.0,0.613,0.417,0.047,0.0,0.0,0.0,0.0,0.588,0.765,0.968,0.558,0.0,0.006,0.0,0.09,0.0,0.0,0.378,1.0,0.232,0.0,0.045,0.038,0.062,0.03,0.568,0.936,0.0,0.0,0.008,0.051,0.443,1.0,0.945,0.47,0.015,5
0.339,0.912,0.428,0.391,0.964,0.0,0.0,0.0,0.59,0.267,0.118,0.571,0.67,0.042,0.048,0.021,0.0,0.0,0.51,1.0,0.27,0.0,0.001,0.0,0.052,0.069,0.065,0.268,0.93,0.113,0.041,0.017,0.0,0.025,0.0,0.0,0.048,0.75,0.0,0.025,0.0,0.259,0.297,0.093,0.362,0.872,0.002,0.0,0.0,0.371,0.839,0.975,0.961,0.375,0.0,0.032,0.0,0.032,0.054,0.0,0.0,0.0,0.0,0.0,3
0.094,1.0,0.666,0.509,1.0,0.208,0.007,0.032,0.077,0.896,0.198,0.483,0.939,0.064,0.009,0.0,0.0,0.364,0.915,0.955,0.228,0.013,0.0,0.0,0.0,0.601,0.919,0.871,0.106,0.057,0.029,0.0,0.231,0.802,0.1,0.579,0.481,0.0,0.029,0.02,0.128,0.735,0.397,0.812,0.485,0.0,0.048,0.014,0.0,0.407,0.598,0.23,0.031,0.001,0.048,0.0,0.0,0.0,0.085,0.017,0.058,0.055,0.0,0.026,8
0.01,0.0,0.042,0.0,0.0,0.0,0.022,0.039,0.0,0.033,0.0,0.0,0.133,0.919,0.087,0.02,0.038,0.0,0.0,0.028,0.471,0.827,0.011,0.699,0.058,0.0,0.008,0.096,0.941,0.258,0.0,0.982,0.002,0.0,0.185,0.832,0.831,0.652,0.727,0.93,0.042,0.0,0.702,0.971,0.815,0.99,1.0,0.611,0.0,0.014,0.0,0.0,0.019,0.202,1.0,0.302,0.027,0.0,0.05,0.008,0.0,0.558,0.901,0.0,4
0.138,0.04,0.034,0.681,0.626,0.02,0.063,0.023,0.0,0.0,0.0,0.581,0.939,0.009,0.0,0.043,0.041,0.0,0.0,0.745,1.0,0.393,0.009,0.0,0.077,0.065,0.005,0.89,1.0,0.77,0.015,0.0,0.093,0.0,0.0,0.055,0.45,0.979,0.075,0.0,0.0,0.002,0.179,0.0,0.118,0.817,0.386,0.022,0.074,0.0,0.029,0.352,0.598,0.789,0.78,0.442,0.0,0.064,0.081,0.546,1.0,0.987,0.985,1.0,1
0.0,0.159,1.0,0.434,0.043,0.096,0.0,0.0,0.016,0.242,1.0,0.199,0.0,0.118,0.044,0.087,0.0,0.296,1.0,0.398,0.0,0.0,0.055,0.0,0.0,0.564,0.947,0.571,0.0,0.02,0.06,0.0,0.021,0.069,0.687,0.95,0.12,0.0,0.043,0.017,0.0,0.623,0.778,1.0,0.85,1.0,0.533,0.016,0.005,0.213,0.811,1.0,0.985,0.669,0.118,0.0,0.0,0.075,0.032,0.0,0.0,0.0,0.086,0.0,1
0.026,0.2,0.984,0.882,0.801,0.692,0.194,0.016,0.0,0.046,1.0,0.27,0.028,0.0,0.077,0.113,0.058,0.0,0.713,0.589,0.032,0.0,0.059,0.002,0.0,0.0,0.453,0.942,0.252,0.063,0.001,0.0,0.0,0.022,0.012,0.778,0.419,0.051,0.0,0.056,0.0,0.031,0.243,0.854,0.704,0.0,0.0,0.0,0.056,0.151,0.938,1.0,0.12,0.0,0.0,0.0,0.006,0.013,0.0,0.0,0.017,0.054,0.0,0.0,5
0.0,0.0,0.061,0.0,0.0,0.0,0.055,0.009,0.031,0.397,0.954,0.556,0.0,0.0,0.0,0.138,0.0,0.708,0.974,0.982,0.76,0.0,0.0,0.0,0.084,0.606,1.0,0.984,1.0,0.477,0.0,0.062,0.149,0.958,0.578,0.0,0.626,0.51,0.0,0.028,0.44,0.972,0.117,0.032,0.636,0.477,0.035,0.0,0.489,0.743,0.0,0.078,0.735,0.295,0.0,0.042,0.341,0.965,0.491,0.596,0.862,0.038,0.0,0.006,0
0.0,0.0,0.0,0.47,0.946,0.662,0.51,0.0,0.053,0.022,0.403,0.965,0.828,0.98,0.784,0.0,0.0,0.028,0.436,0.635,0.067,0.614,0.876,0.0,0.0,0.017,0.211,0.885,0.386,0.655,1.0,0.289,0.009,0.0,0.0,0.558,0.974,0.928,0.828,0.595,0.033,0.0,0.045,0.0,0.046,0.054,0.5,0.518,0.004,0.0,0.0,0.887,0.643,0.665,0.92,0.504,0.022,0.0,0.012,0.548,0.914,0.747,0.535,0.058,9
0.0,0.5,1.0,0.984,0.982,1.0,0.239,0.0,0.0,0.415,0.652,0.137,0.776,0.757,0.0,0.0,0.0,0.007,0.0,0.248,0.891,0.574,0.04,0.089,0.0,0.0,0.0,0.094,0.949,1.0,0.555,0.002,0.0,0.0,0.0,0.016,0.026,0.811,0.623,0.014,0.0,0.0,0.064,0.63,0.918,0.932,0.34,0.062,0.0,0.053,0.434,1.0,0.751,0.297,0.0,0.0,0.0,0.022,0.0,0.0,0.0,0.0,0.079,0.0,3
0.078,0.335,0.963,0.771,0.008,0.0,0.0,0.086,0.0,0.977,0.904,0.059,0.713,0.192,0.034,0.0,0.293,1.0,0.506,0.232,1.0,0.66,0.0,0.0,0.546,1.0,0.736,0.817,0.992,0.046,0.0,0.064,0.005,0.506,0.929,0.964,0.937,0.041,0.0,0.081,0.034,0.032,0.538,0.982,0.424,0.046,0.108,0.024,0.0,0.027,0.546,0.979,0.124,0.0,0.053,0.0,0.011,0.069,0.0,0.0,0.0,0.064,0.0,0.092,4
0.0,0.047,0.451,0.935,1.0,0.936,0.153,0.0,0.052,0.222,0.998,0.327,0.184,0.11,0.001,0.0,0.007,0.231,0.819,0.0,0.061,0.018,0.058,0.0,0.015,0.389,0.844,0.519,0.857,0.968,0.011,0.0,0.08,0.354,0.759,0.63,0.433,0.885,0.539,0.021,0.048,0.0,0.064,0.023,0.103,0.79,0.331,0.0,0.057,0.032,0.069,0.404,0.697,0.87,0.03,0.015,0.0,0.0,0.667,0.734,0.451,0.063,0.01,0.073,5
0.087,0.0,0.309,1.0,1.0,0.643,0.0,0.014,0.0,0.03,0.159,0.799,0.113,0.878,0.031,0.0,0.007,0.0,0.0,0.041,0.297,0.957,0.027,0.0,0.024,0.028,0.0,0.0,0.522,1.0,0.0,0.063,0.057,0.086,0.0,0.0,0.724,0.779,0.0,0.009,0.075,0.019,0.044,0.726,0.905,0.831,0.443,0.671,0.0,0.0,0.0,0.39,0.723,0.808,0.63,0.929,0.0,0.051,0.077,0.0,0.0,0.087,0.0,0.031,2
0.0,0.0,0.0,0.635,0.87,0.78,0.321,0.0,0.0,0.023,0.269,0.935,0.689,0.848,0.993,0.019,0.0,0.0,0.048,0.805,0.976,0.814,0.982,0.0,0.0,0.0,0.0,0.035,0.166,0.462,1.0,0.147,0.0,0.07,0.0,0.056,0.044,0.307,0.985,0.001,0.0,0.0,0.032,0.009,0.0,0.021,0.967,0.229,0.103,0.035,0.102,0.922,0.295,0.538,1.0,0.117,0.0,0.005,0.0,0.429,1.0,1.0,0.585,0.04,9
0.014,0.052,0.475,0.922,1.0,0.0,0.0,0.0,0.011,0.013,0.53,0.608,0.663,0.133,0.0,0.012,0.0,0.034,0.0,0.0,0.649,0.243,0.006,0.0,0.075,0.0,0.0,0.089,0.848,0.0,0.0,0.0,0.0,0.079,0.0,0.119,0.813,0.059,0.0,0.02,0.0,0.0,0.13,0.82,0.862,0.517,0.785,0.681,0.022,0.079,0.0,0.768,1.0,1.0,0.884,0.141,0.087,0.0,0.0,0.0,0.0,0.116,0.0,0.0,2
0.03,0.546,1.0,0.444,0.0,0.0,0.0,0.015,0.088,0.733,0.882,0.16,0.004,0.015,0.0,0.0,0.062,0.884,0.96,0.964,0.237,0.041,0.062,0.0,0.0,0.492,0.827,1.0,0.509,0.0,0.0,0.0,0.112,0.048,0.057,0.895,0.715,0.0,0.0,0.021,0.0,0.291,0.783,0.928,0.557,0.0,0.0,0.002,0.077,0.163,0.925,0.887,0.052,0.0,0.096,0.0,0.0,0.0,0.0,0.041,0.0,0.001,0.078,0.0,5
0.0,0.101,0.042,0.094,0.025,0.047,0.053,0.013,0.025,0.0,0.043,0.162,0.948,0.626,0.036,0.0,0.0,0.039,0.119,0.744,0.752,0.823,0.532,0.117,0.0,0.0,0.369,0.976,0.0,0.097,0.902,0.219,0.032,0.116,0.512,0.972,0.07,0.0,0.631,0.261,0.04,0.0,0.494,0.942,0.208,0.0,0.626,0.423,0.0,0.086,0.521,0.859,0.0,0.047,0.502,0.557,0.119,0.051,0.109,0.904,0.708,0.549,0.917,0.318,0
0.0,0.027,0.0,0.626,0.936,0.178,0.0,0.0,0.019,0.0,0.126,0.957,0.286,0.044,0.114,0.0,0.0,0.0,0.263,0.86,0.007,0.004,0.037,0.0,0.0,0.024,0.31,0.883,0.908,1.0,0.778,0.117,0.0,0.0,0.141,0.956,0.45,0.064,0.235,0.786,0.0,0.0,0.0,0.839,0.629,0.352,0.669,0.708,0.072,0.006,0.0,0.167,0.796,0.958,0.446,0.0,0.038,0.0,0.032,0.0,0.0,0.007,0.0,0.026,6
0.012,0.0,0.715,0.909,0.0,0.0,0.0,0.056,0.052,0.423,1.0,0.138,0.0,0.0,0.021,0.0,0.0,0.885,0.386,0.02,0.0,0.008,0.005,0.0,0.609,0.736,0.033,0.739,0.449,0.049,0.0,0.0,0.7,0.864,0.37,0.957,0.787,0.056,0.0,0.003,0.376,1.0,0.937,1.0,0.267,0.059,0.0,0.113,0.086,0.002,0.201,0.919,0.0,0.045,0.0,0.026,0.059,0.003,0.0,0.0,0.0,0.0,0.078,0.0,4
0.025,0.046,0.389,0.959,0.968,0.759,0.054,0.004,0.0,0.0,0.913,0.714,0.648,0.834,0.017,0.0,0.0,0.0,0.185,0.183,0.691,0.587,0.003,0.0,0.0,0.011,0.0,0.466,1.0,0.4,0.0,0.031,0.019,0.009,0.075,0.553,0.942,0.378,0.0,0.0,0.03,0.0,0.224,0.0,0.445,0.842,0.057,0.036,0.012,0.119,0.976,0.413,0.66,1.0,0.049,0.05,0.059,0.017,0.456,0.964,1.0,0.29,0.0,0.024,3
0.0,0.0,0.061,0.028,0.65,0.726,0.024,0.0,0.0,0.02,0.001,0.0,0.968,0.793,0.0,0.0,0.0,0.0,0.005,0.321,0.973,0.52,0.0,0.069,0.045,0.006,0.025,0.774,1.0,0.262,0.0,0.0,0.0,0.0,0.584,0.983,0.948,0.0,0.0,0.0,0.0,0.044,1.0,1.0,1.0,0.214,0.062,0.028,0.0,0.158,0.738,0.471,1.0,0.351,0.0,0.0,0.0,0.0,0.003,0.019,0.6,0.827,0.478,0.0,1
0.024,0.056,0.0,0.024,0.0,0.0,0.0,0.067,0.062,0.0,0.118,0.754,0.894,0.555,0.076,0.126,0.065,0.0,0.343,0.73,0.487,0.964,0.585,0.044,0.0,0.0,0.0,0.0,0.0,0.652,0.672,0.003,0.0,0.0,0.026,0.0,0.456,0.935,0.111,0.0,0.0,0.03,0.0,0.041,0.416,0.92,0.984,0.074,0.039,0.0,0.064,0.049,0.062,0.161,0.888,0.529,0.001,0.0,0.202,0.346,0.004,0.011,0.785,0.447,3
0.116,0.0,0.794,0.839,0.928,0.859,0.0,0.008,0.024,0.012,0.088,0.017,0.44,0.823,0.0,0.069,0.0,0.091,0.0,0.007,0.733,0.533,0.031,0.013,0.038,0.059,0.041,0.02,0.921,0.384,0.0,0.0,0.0,0.045,0.007,0.576,1.0,0.183,0.0,0.059,0.012,0.124,0.0,1.0,0.929,0.992,0.55,0.145,0.0,0.055,0.09,1.0,0.951,0.78,0.985,0.519,0.0,0.0,0.0,0.0,0.062,0.062,0.0,0.049,2
0.0,0.013,0.0,0.0,0.0,0.0,0.0,0.113,0.0,0.027,0.085,0.651,0.024,0.0,0.0,0.0,0.034,0.0,0.241,0.789,0.004,0.025,0.0,0.039,0.0,0.0,0.605,0.715,0.0,0.06,0.064,0.056,0.0,0.0,0.841,0.526,0.242,0.144,0.0,0.049,0.073,0.052,0.887,0.991,1.0,0.988,0.325,0.0,0.0,0.0,0.805,0.758,0.406,0.288,0.805,0.01,0.016,0.0,0.568,0.763,0.278,0.56,0.954,0.119,6
0.006,0.041,0.298,0.813,0.007,0.0,0.018,0.0,0.012,0.086,0.786,0.566,0.0,0.006,0.05,0.026,0.0,0.021,0.854,0.209,0.041,0.0,0.0,0.067,0.024,0.061,1.0,0.0,0.049,0.117,0.0,0.001,0.0,0.0,1.0,0.081,0.401,0.277,0.0,0.0,0.043,0.201,0.998,1.0,0.927,1.0,0.612,0.072,0.0,0.0,0.986,0.926,0.277,0.667,0.982,0.043,0.043,0.071,0.286,0.817,1.0,0.677,0.434,0.0,6
0.0,0.045,0.112,0.794,0.685,0.147,0.099,0.066,0.0,0.049,0.64,0.843,0.04,0.085,0.025,0.024,0.017,0.004,1.0,0.37,0.013,0.021,0.0,0.04,0.033,0.163,1.0,0.509,0.089,0.014,0.05,0.078,0.03,0.536,1.0,1.0,0.985,0.761,0.037,0.018,0.015,0.216,1.0,0.14,0.202,0.684,0.6,0.01,0.017,0.048,0.849,0.688,0.347,0.804,0.71,0.036,0.0,0.033,0.002,0.725,1.0,0.876,0.367,0.0,6
0.223,0.911,0.287,0.235,0.357,0.0,0.0,0.065,0.326,0.619,0.0,0.0,0.015,0.091,0.009,0.024,0.258,0.98,1.0,0.979,0.534,0.0,0.013,0.028,0.171,0.724,0.218,0.177,0.672,0.0,0.006,0.0,0.0,0.0,0.0,0.17,0.727,0.0,0.0,0.0,0.03,0.273,0.086,0.613,0.618,0.0,0.0,0.052,0.082,1.0,0.967,0.842,0.008,0.015,0.045,0.0,0.034,0.0,0.041,0.075,0.0,0.002,0.05,0.053,5
0.0,0.021,0.047,0.529,1.0,0.74,0.095,0.092,0.0,0.0,0.212,0.894,0.662,0.022,0.0,0.0,0.0,0.0,0.415,1.0,0.661,0.259,0.0,0.042,0.0,0.0,0.388,1.0,0.76,0.942,0.736,0.0,0.021,0.037,0.022,0.909,0.448,0.185,0.93,0.359,0.0,0.0,0.016,0.578,0.78,0.34,0.986,0.707,0.066,0.008,0.0,0.032,0.635,0.962,1.0,0.604,0.012,0.0,0.064,0.0,0.077,0.0,0.0,0.0,6
0.0,0.0,0.0,0.043,0.03,0.0,0.062,0.0,0.073,0.75,1.0,1.0,0.677,0.057,0.008,0.0,0.496,0.944,0.396,0.896,0.978,0.001,0.05,0.042,0.181,0.405,0.306,0.927,0.3,0.0,0.029,0.063,0.0,0.093,0.221,1.0,0.516,0.016,0.0,0.0,0.021,0.0,0.0,0.338,1.0,0.276,0.0,0.002,0.0,0.014,0.008,0.0,0.336,1.0,0.0,0.053,0.016,0.489,0.398,0.464,0.862,0.751,0.0,0.0,3
0.0,0.115,0.996,0.992,0.434,0.018,0.023,0.03,0.0,0.69,0.898,0.772,0.901,0.044,0.016,0.0,0.0,0.68,0.112,0.516,0.69,0.0,0.04,0.019,0.04,0.003,0.0,0.608,0.663,0.122,0.003,0.121,0.0,0.059,0.047,0.98,0.263,0.0,0.044,0.073,0.043,0.048,0.379,0.844,0.0,0.0,0.0,0.0,0.0,0.039,0.85,0.729,0.51,0.453,0.353,0.018,0.004,0.067,0.964,0.964,0.941,0.997,0.548,0.021,2
0.005,0.02,0.045,0.0,0.041,0.017,0.0,0.009,0.0,0.0,0.036,0.25,0.71,0.884,0.387,0.0,0.0,0.0,0.229,0.939,0.526,0.403,1.0,0.211,0.0,0.037,0.468,0.407,0.052,0.157,1.0,0.107,0.0,0.0,0.225,0.77,0.061,0.592,1.0,0.254,0.0,0.0,0.111,0.947,0.89,0.558,1.0,0.214,0.0,0.0,0.027,0.026,0.0,0.027,0.762,0.416,0.0,0.0,0.028,0.991,0.666,0.016,0.708,0.272,9
0.0,0.0,0.01,0.0,0.543,0.525,0.0,0.073,0.0,0.0,0.007,0.0,0.908,0.157,0.008,0.194,0.0,0.047,0.0,0.594,0.664,0.012,0.196,1.0,0.025,0.0,0.095,0.884,0.349,0.172,0.508,0.782,0.0,0.0,0.483,1.0,1.0,1.0,1.0,0.324,0.0,0.012,0.0,0.214,0.135,0.529,0.916,0.061,0.0,0.022,0.003,0.044,0.0,0.942,0.157,0.0,0.018,0.0,0.004,0.038,0.544,0.549,0.0,0.0,4
0.078,0.0,0.005,0.076,0.031,0.0,0.006,0.017,0.0,0.0,0.0,0.036,0.427,0.874,0.086,0.001,0.073,0.045,0.042,0.14,0.988,0.55,0.93,0.166,0.0,0.0,0.048,0.958,0.53,0.371,0.921,0.052,0.0,0.013,0.541,0.977,0.255,0.677,0.891,0.61,0.097,0.0,0.554,0.987,0.994,0.957,0.991,0.631,0.022,0.024,0.0,0.155,0.223,1.0,0.212,0.002,0.0,0.0,0.0,0.077,0.383,0.901,0.0,0.007,4
0.013,0.107,0.0,0.106,0.968,0.007,0.104,0.0,0.066,0.0,0.0,0.642,0.724,0.0,0.463,0.11,0.032,0.072,0.248,0.981,0.476,0.626,1.0,0.433,0.05,0.0,0.512,1.0,0.996,0.849,0.984,0.157,0.0,0.073,0.156,0.817,0.529,1.0,0.703,0.006,0.0,0.003,0.062,0.0,0.45,0.982,0.389,0.0,0.082,0.034,0.0,0.054,0.765,0.9,0.16,0.045,0.003,0.024,0.003,0.0,0.004,0.0,0.0,0.0,4
0.0,0.057,0.377,0.882,0.429,0.428,0.751,0.0,0.004,0.038,0.564,0.451,0.015,0.439,0.695,0.002,0.0,0.0,0.177,0.814,0.801,0.872,0.655,0.0,0.0,0.028,0.004,0.067,0.29,0.0,0.791,0.002,0.019,0.0,0.0,0.0,0.093,0.001,0.736,0.06,0.0,0.0,0.03,0.457,0.152,0.0,0.698,0.0,0.056,0.0,0.0,0.466,0.873,0.83,0.749,0.0,0.067,0.024,0.0,0.019,0.0,0.0,0.005,0.0,9
0.037,0.0,0.0,0.0,0.0,0.0,0.009,0.001,0.0,0.0,0.057,0.412,1.0,0.675,0.0,0.0,0.008,0.0,0.658,0.52,0.157,0.851,0.0,0.034,0.0,0.595,0.369,0.099,0.772,0.612,0.044,0.0,0.046,1.0,0.718,0.969,0.91,0.445,0.0,0.0,0.211,1.0,0.944,0.408,0.772,0.019,0.0,0.0,0.0,0.0,0.027,0.22,0.71,0.0,0.023,0.021,0.0,0.007,0.034,0.494,0.591,0.0,0.0,0.027,9
0.0,0.0,0.0,0.0,0.079,0.879,0.809,0.0,0.0,0.0,0.0,0.0,0.801,0.594,0.985,0.0,0.0,0.0,0.0,0.458,0.778,0.513,0.776,0.0,0.125,0.016,0.0,0.34,0.896,1.0,0.277,0.018,0.034,0.004,0.0,0.143,0.988,1.0,0.284,0.0,0.0,0.0,0.133,0.903,0.606,0.396,0.76,0.11,0.0,0.0,0.048,0.651,0.561,0.207,0.483,0.505,0.05,0.0,0.0,0.0,0.248,0.605,0.925,1.0,8
0.075,0.061,0.0,0.0,0.0,0.0,0.121,0.0,0.015,0.056,0.0,0.12,0.721,0.429,0.114,0.097,0.0,0.0,0.0,0.739,0.832,0.24,0.0,0.0,0.0,0.013,0.114,1.0,0.004,0.0,0.0,0.0,0.047,0.002,0.174,0.919,0.0,0.014,0.029,0.032,0.071,0.05,0.115,1.0,0.409,0.653,0.617,0.294,0.059,0.0,0.0,0.988,0.779,0.524,0.405,0.776,0.0,0.0,0.077,0.874,0.498,0.137,0.321,0.894,6
0.14,0.874,0.261,0.617,0.86,0.01,0.0,0.0,0.0,0.082,0.079,0.788,0.636,0.019,0.0,0.0,0.0,0.0,0.843,1.0,0.409,0.034,0.0,0.057,0.0,0.0,0.212,0.573,0.971,0.33,0.0,0.075,0.079,0.193,0.035,0.0,0.66,0.568,0.038,0.0,0.239,0.922,0.306,0.363,0.935,0.287,0.0,0.008,0.056,0.943,0.985,0.922,0.676,0.075,0.0,0.0,0.104,0.0,0.034,0.018,0.063,0.135,0.0,0.0,3
0.0,0.044,0.175,0.942,0.546,0.002,0.0,0.0,0.045,0.034,0.841,0.811,0.683,0.525,0.03,0.0,0.0,0.208,0.857,0.079,0.0,0.856,0.211,0.0,0.0,0.579,0.735,0.025,0.0,0.662,0.318,0.0,0.079,0.339,1.0,0.093,0.016,0.489,0.567,0.037,0.0,0.003,1.0,0.038,0.001,0.712,0.55,0.0,0.0,0.0,0.846,0.574,0.648,0.922,0.26,0.064,0.021,0.004,0.239,0.911,1.0,0.352,0.036,0.021,0
0.0,0.682,0.981,0.939,0.106,0.0,0.0,0.008,0.266,0.915,0.41,0.883,0.057,0.023,0.0,0.018,0.0,0.009,0.192,1.0,0.054,0.182,0.046,0.016,0.0,0.266,0.703,0.965,0.953,0.761,0.078,0.0,0.112,0.703,0.978,0.731,0.338,0.16,0.093,0.0,0.077,0.36,0.957,0.007,0.0,0.071,0.032,0.003,0.0,0.459,0.969,0.0,0.0,0.018,0.067,0.0,0.0,0.692,0.733,0.0,0.028,0.014,0.0,0.0,7
0.229,1.0,1.0,0.607,0.391,0.291,0.0,0.001,0.618,0.758,0.251,0.058,0.034,0.0,0.002,0.013,0.756,0.705,0.0,0.041,0.092,0.0,0.09,0.0,0.411,1.0,0.88,0.488,0.0,0.0,0.0,0.0,0.045,0.323,0.725,1.0,0.061,0.037,0.009,0.0,0.0,0.211,0.44,0.993,0.156,0.028,0.0,0.0,0.0,0.771,1.0,0.729,0.041,0.0,0.039,0.066,0.0,0.0,0.001,0.0,0.109,0.05,0.0,0.038,5
0.001,0.0,0.133,0.87,0.84,0.0,0.0,0.0,0.06,0.025,0.584,1.0,0.507,0.0,0.023,0.0,0.0,0.001,0.83,1.0,0.014,0.023,0.03,0.0,0.034,0.172,0.972,1.0,0.655,0.25,0.0,0.0,0.0,0.0,1.0,1.0,0.962,0.941,0.468,0.0,0.06,0.0,0.507,0.938,0.926,1.0,0.723,0.0,0.009,0.039,0.0,0.354,0.637,0.733,0.303,0.053,0.0,0.0,0.0,0.005,0.038,0.045,0.0,0.0,6
0.061,0.0,0.892,0.875,0.29,0.867,0.116,0.0,0.012,0.0,0.565,0.397,0.36,0.65,0.0,0.0,0.053,0.042,0.156,0.886,0.828,0.027,0.01,0.0,0.077,0.022,0.046,0.786,0.529,0.051,0.025,0.0,0.0,0.0,0.295,0.453,0.744,0.05,0.062,0.008,0.063,0.0,0.867,0.0,0.684,0.0,0.087,0.0,0.057,0.011,0.819,0.89,0.523,0.0,0.0,0.003,0.073,0.0,0.0,0.0,0.028,0.016,0.024,0.009,8
0.0,0.03,0.0,0.128,0.721,1.0,1.0,0.847,0.0,0.03,0.014,0.519,0.725,0.348,0.773,0.947,0.043,0.0,0.0,0.057,0.002,0.112,1.0,0.341,0.067,0.089,0.0,0.033,0.007,0.723,0.865,0.0,0.022,0.0,0.083,0.54,0.49,0.972,0.675,0.081,0.0,0.05,0.748,0.966,0.941,1.0,1.0,0.241,0.154,0.0,0.08,0.083,1.0,0.441,0.0,0.012,0.082,0.017,0.0,0.309,1.0,0.121,0.0,0.058,7
0.36,0.749,0.154,0.361,0.745,0.0,0.0,0.0,0.69,0.311,0.067,0.41,0.751,0.043,0.0,0.0,0.486,0.583,0.259,0.856,0.907,0.043,0.0,0.055,0.038,0.662,0.797,0.356,0.755,0.273,0.068,0.0,0.035,0.0,0.0,0.0,0.223,0.53,0.0,0.071,0.0,0.643,0.323,0.0,0.227,0.765,0.05,0.0,0.0,0.349,0.8,0.947,0.785,0.645,0.0,0.0,0.0,0.0,0.11,0.007,0.024,0.0,0.0,0.0,9
0.0,0.062,0.077,0.0,0.023,0.0,0.045,0.0,0.079,0.0,0.0,0.351,0.585,0.683,0.53,0.028,0.027,0.0,0.764,1.0,0.893,0.95,0.929,0.0,0.0,0.005,0.223,0.347,0.164,0.912,0.382,0.063,0.0,0.016,0.069,0.0,0.169,0.943,0.433,0.0,0.085,0.019,0.047,0.0,0.032,0.317,1.0,0.283,0.02,0.0,0.0,0.027,0.013,0.068,0.401,0.8,0.075,0.103,0.0,0.015,0.357,0.837,0.97,0.52,3
0.0,0.0,0.0,0.883,1.0,0.894,0.568,0.062,0.0,0.0,0.24,1.0,0.937,0.85,0.919,0.197,0.0,0.0,0.278,0.878,0.483,0.005,0.22,0.538,0.022,0.023,0.46,0.525,0.041,0.0,0.233,0.534,0.0,0.0,0.244,0.753,0.025,0.043,0.381,0.335,0.0,0.0,0.0,0.827,0.676,0.294,0.9,0.239,0.021,0.012,0.021,0.141,0.771,0.815,0.53,0.06,0.0,0.003,0.0,0.0,0.059,0.018,0.025,0.0,0
0.0,0.017,0.0,0.953,0.739,0.466,0.966,0.038,0.0,0.05,0.047,0.427,0.431,0.907,0.618,0.0,0.08,0.003,0.025,0.047,0.868,0.676,0.106,0.012,0.0,0.049,0.004,0.013,0.379,1.0,0.279,0.025,0.0,0.029,0.013,0.076,0.0,0.4,0.81,0.034,0.0,0.0,0.0,0.632,0.478,0.116,0.978,0.066,0.0,0.0,0.0,0.216,0.859,1.0,0.774,0.0,0.034,0.0,0.016,0.0,0.014,0.0,0.055,0.0,3
0.005,0.025,0.01,0.025,0.0,0.0,0.0,0.014,0.059,0.0,0.0,0.378,1.0,1.0,0.664,0.115,0.0,0.0,0.0,0.983,0.532,0.465,0.997,0.342,0.006,0.015,0.025,0.437,1.0,0.827,1.0,0.693,0.072,0.047,0.004,0.001,0.199,0.178,0.578,0.45,0.0,0.037,0.0,0.016,0.014,0.007,0.568,0.403,0.0,0.059,0.0,0.071,0.02,0.049,0.847,0.087,0.026,0.0,0.031,0.286,0.36,0.733,0.556,0.0,9
0.002,0.022,0.034,0.025,0.04,0.088,0.031,0.015,0.0,0.0,0.356,0.904,0.519,0.02,0.0,0.0,0.0,0.172,0.984,0.427,0.902,0.0,0.005,0.0,0.017,0.15,0.763,0.46,0.673,0.069,0.0,0.0,0.036,0.205,1.0,0.897,0.112,0.0,0.076,0.006,0.01,0.324,0.98,1.0,0.11,0.033,0.086,0.055,0.139,0.946,0.426,0.495,0.746,0.0,0.003,0.124,0.047,0.52,0.719,0.117,0.909,0.419,0.046,0.051,8
0.049,0.78,0.972,0.833,0.113,0.0,0.0,0.032,0.376,0.833,0.412,0.879,0.759,0.015,0.0,0.022,0.086,0.046,0.203,0.917,0.509,0.0,0.0,0.0,0.0,0.163,0.947,0.494,0.076,0.027,0.097,0.084,0.0,0.022,0.801,1.0,0.665,0.05,0.0,0.0,0.0,0.046,0.003,0.254,0.841,0.549,0.002,0.0,0.0,0.46,0.075,0.282,0.795,0.436,0.064,0.115,0.061,0.963,1.0,1.0,0.568,0.027,0.0,0.0,3
0.0,0.022,0.647,1.0,0.401,0.029,0.0,0.0,0.055,0.486,0.919,0.889,0.225,0.015,0.0,0.0,0.392,0.98,0.126,1.0,0.042,0.093,0.022,0.037,0.552,0.954,0.979,0.948,1.0,0.717,0.076,0.039,0.309,0.619,0.747,1.0,0.527,0.008,0.115,0.012,0.0,0.0,0.08,0.927,0.068,0.104,0.0,0.0,0.0,0.102,0.068,0.946,0.015,0.0,0.0,0.0,0.0,0.025,0.0,0.0,0.095,0.0,0.069,0.0,4
0.055,0.0,0.046,0.072,0.897,0.0,0.04,0.0,0.002,0.0,0.0,0.766,0.52,0.0,0.042,0.036,0.045,0.047,0.482,0.812,0.0,0.009,0.789,0.391,0.042,0.085,0.809,0.461,0.074,0.634,0.849,0.059,0.0,0.24,0.997,0.92,0.736,1.0,0.242,0.0,0.016,0.252,0.744,0.727,1.0,0.718,0.013,0.0,0.034,0.0,0.0,0.094,0.892,0.2,0.041,0.0,0.0,0.0,0.01,0.286,0.596,0.0,0.0,0.051,4
0.014,0.002,0.043,0.0,0.044,0.025,0.0,0.0,0.0,0.012,0.0,0.846,0.697,0.058,0.0,0.0,0.011,0.077,0.878,0.423,0.537,0.733,0.121,0.0,0.0,0.074,0.625,0.582,0.734,0.968,0.006,0.0,0.0,0.022,0.012,0.897,0.977,1.0,0.281,0.062,0.0,0.016,0.0,0.0,0.03,0.687,0.629,0.048,0.023,0.0,0.0,0.0,0.0,0.321,0.694,0.018,0.08,0.022,0.134,0.197,0.316,0.918,0.641,0.019,9
0.018,0.0,0.066,0.629,0.922,0.798,0.212,0.053,0.0,0.031,0.061,0.158,0.712,0.039,0.0,0.0,0.032,0.055,0.023,0.719,0.107,0.0,0.0,0.0,0.063,0.033,0.114,1.0,0.797,0.742,0.586,0.094,0.0,0.0,0.16,0.945,1.0,0.838,1.0,0.491,0.098,0.069,0.0,0.824,1.0,0.395,0.905,0.738,0.037,0.011,0.0,0.154,0.76,1.0,1.0,0.546,0.007,0.0,0.026,0.059,0.062,0.034,0.0,0.0,6
0.018,0.002,0.04,0.151,0.87,0.061,0.065,0.075,0.0,0.0,0.09,0.875,0.485,0.0,0.0,0.0,0.0,0.013,0.463,0.977,0.074,0.078,0.538,0.0,0.0,0.116,0.895,0.307,0.042,0.591,0.698,0.0,0.0,0.359,0.849,0.027,0.377,1.0,0.37,0.018,0.0,0.882,1.0,0.935,1.0,0.954,0.176,0.0,0.0,0.145,0.773,0.856,1.0,0.202,0.0,0.006,0.054,0.019,0.0,0.35,0.58,0.0,0.039,0.004,4
0.0,0.319,1.0,0.46,0.019,0.017,0.0,0.013,0.112,0.746,1.0,0.208,0.0,0.032,0.003,0.0,0.0,0.852,0.742,0.0,0.0,0.062,0.0,0.062,0.04,0.907,0.693,0.429,0.062,0.0,0.0,0.034,0.056,0.906,0.903,0.946,0.937,0.219,0.0,0.022,0.018,0.414,0.982,0.68,1.0,0.485,0.087,0.046,0.021,0.041,0.532,0.945,0.657,0.234,0.057,0.0,0.0,0.051,0.07,0.0,0.0,0.0,0.019,0.039,6
0.0,0.302,1.0,0.555,0.922,0.35,0.0,0.027,0.02,0.27,0.861,0.0,0.64,0.556,0.049,0.037,0.053,0.039,0.235,0.013,0.717,0.482,0.0,0.0,0.014,0.0,0.0,0.037,0.909,0.535,0.0,0.023,0.0,0.0,0.047,0.526,0.914,0.169,0.0,0.041,0.045,0.038,0.354,0.986,1.0,0.813,0.541,0.052,0.025,0.0,0.903,0.985,0.988,1.0,1.0,0.537,0.011,0.039,0.0,0.041,0.007,0.027,0.061,0.0,2
0.062,0.615,1.0,0.856,0.219,0.018,0.009,0.0,0.03,0.416,0.934,0.682,0.747,0.0,0.0,0.031,0.026,0.022,0.372,0.275,1.0,0.0,0.0,0.065,0.008,0.0,0.0,0.201,1.0,0.124,0.039,0.048,0.0,0.057,0.0,0.443,0.951,0.182,0.017,0.055,0.006,0.0,0.0,0.828,0.546,0.025,0.037,0.0,0.051,0.217,0.999,0.976,0.802,0.531,0.258,0.0,0.013,0.383,0.949,0.586,0.562,0.729,0.902,0.047,2
0.016,0.014,0.08,0.578,0.968,0.579,0.272,1.0,0.0,0.0,0.003,0.897,1.0,0.846,0.808,0.801,0.0,0.063,0.032,0.256,0.97,0.924,0.972,0.808,0.082,0.054,0.0,0.033,0.0,0.019,0.982,0.639,0.115,0.0,0.0,0.0,0.0,0.464,0.903,0.0,0.0,0.038,0.0,0.0,0.063,0.974,0.447,0.0,0.0,0.0,0.0,0.0,0.75,0.278,0.0,0.0,0.009,0.0,0.096,0.0,0.047,0.0,0.068,0.003,9
0.027,0.158,0.047,0.0,0.0,0.0,0.044,0.034,0.0,0.0,0.048,0.589,0.885,0.17,0.005,0.045,0.066,0.0,0.5,1.0,1.0,0.399,0.057,0.036,0.024,0.071,0.78,0.764,0.787,0.48,0.031,0.0,0.0,0.0,0.542,0.579,0.808,0.405,0.02,0.034,0.026,0.122,0.048,0.0,1.0,0.299,0.0,0.0,0.0,0.043,0.0,0.399,1.0,0.087,0.0,0.0,0.001,0.0,0.067,1.0,0.933,0.248,0.252,0.45,2
0.0,0.0,0.0,0.371,0.848,1.0,0.896,0.368,0.0,0.0,0.0,0.637,0.639,0.267,0.742,0.794,0.012,0.084,0.006,0.005,0.0,0.092,0.836,0.427,0.019,0.001,0.0,0.037,0.609,0.959,1.0,0.775,0.0,0.021,0.006,0.876,0.877,1.0,0.605,0.017,0.0,0.05,0.0,0.108,0.3,1.0,0.104,0.0,0.015,0.0,0.0,0.078,0.777,0.493,0.0,0.0,0.06,0.097,0.0,0.442,0.902,0.011,0.0,0.019,7
0.0,0.0,0.0,0.0,0.04,0.018,0.06,0.0,0.0,0.026,0.015,0.0,0.689,0.405,0.026,0.0,0.0,0.0,0.0,0.564,0.916,0.434,0.0,0.088,0.0,0.011,0.016,0.864,0.547,0.0,0.076,0.0,0.0,0.021,0.0,0.943,0.971,0.419,0.026,0.0,0.02,0.0,0.276,0.951,0.634,0.602,0.839,0.055,0.0,0.027,0.051,0.899,0.208,0.133,0.71,0.472,0.0,0.0,0.083,0.571,0.903,0.041,0.594,0.711,6
0.0,0.0,0.0,0.019,0.158,0.0,0.0,0.032,0.0,0.081,0.584,0.976,0.787,0.076,0.0,0.051,0.0,0.835,0.919,0.725,0.946,0.31,0.088,0.0,0.0,0.144,0.053,0.19,1.0,0.418,0.04,0.0,0.057,0.019,0.319,0.903,0.935,1.0,0.553,0.0,0.022,0.106,1.0,0.951,0.707,0.284,0.043,0.0,0.081,0.0,1.0,0.821,0.153,0.014,0.03,0.0,0.0,0.051,0.894,0.329,0.003,0.0,0.075,0.004,7
0.01,0.095,0.04,0.591,0.876,0.719,0.928,0.608,0.0,0.0,0.021,1.0,0.388,0.142,0.987,0.117,0.031,0.0,0.03,0.584,0.147,0.601,0.831,0.026,0.092,0.015,0.0,0.029,0.368,1.0,0.876,0.427,0.0,0.06,0.011,0.291,1.0,1.0,0.683,0.118,0.031,0.0,0.0,0.011,0.871,0.286,0.074,0.038,0.0,0.0,0.026,0.333,0.826,0.04,0.0,0.0,0.011,0.116,0.064,0.0,0.0,0.048,0.0,0.0,7
0.093,0.0,0.0,0.067,0.016,0.061,0.0,0.033,0.0,0.553,1.0,1.0,0.849,0.027,0.108,0.0,0.0,0.736,0.724,0.904,1.0,0.34,0.054,0.069,0.031,0.0,0.0,0.425,0.989,0.329,0.0,0.0,0.0,0.081,0.0,0.774,0.867,0.05,0.0,0.042,0.0,0.01,0.644,0.988,0.4,0.0,0.0,0.0,0.012,0.528,0.989,0.546,0.023,0.0,0.0,0.0,0.061,0.928,0.916,0.723,0.462,0.007,0.0,0.0,2
0.656,1.0,0.63,0.931,0.077,0.044,0.0,0.043,0.577,0.704,0.379,0.994,0.0,0.037,0.0,0.0,0.0,0.0,0.698,0.661,0.014,0.0,0.0,0.0,0.0,0.347,1.0,0.059,0.017,0.0,0.0,0.0,0.211,0.88,0.563,0.0,0.038,0.0,0.0,0.082,0.444,0.957,0.32,0.28,0.43,0.168,0.034,0.0,0.206,0.94,0.957,0.977,0.969,0.633,0.037,0.0,0.0,0.038,0.006,0.0,0.0,0.004,0.0,0.0,2
0.027,0.015,0.001,0.063,0.006,0.059,0.0,0.069,0.028,0.018,0.069,0.806,0.525,0.0,0.0,0.064,0.002,0.052,0.668,1.0,0.278,0.013,0.0,0.0,0.0,0.27,0.944,0.284,0.002,0.036,0.0,0.013,0.0,0.674,0.599,0.0,0.498,0.676,0.03,0.0,0.337,0.869,0.062,0.0,0.863,0.596,0.0,0.0,0.422,0.992,0.518,0.72,0.968,0.396,0.038,0.009,0.234,0.919,1.0,1.0,0.788,0.128,0.0,0.0,4
0.0,0.0,0.442,1.0,1.0,0.534,0.0,0.003,0.0,0.0,0.862,0.551,0.672,0.722,0.004,0.018,0.0,0.0,0.065,0.059,0.584,0.356,0.0,0.086,0.0,0.037,0.045,0.38,0.925,0.55,0.378,0.0,0.0,0.0,0.646,0.99,0.923,0.754,0.328,0.048,0.026,0.011,0.253,1.0,0.098,0.089,0.035,0.0,0.015,0.014,0.216,0.852,0.03,0.0,0.063,0.012,0.002,0.0,0.485,0.396,0.013,0.009,0.0,0.0,7
0.0,0.0,0.0,0.012,0.0,0.044,0.041,0.0,0.057,0.283,0.975,0.28,0.0,0.037,0.0,0.049,0.0,0.781,0.861,0.076,0.0,0.0,0.0,0.081,0.0,0.956,0.615,0.056,0.063,0.0,0.002,0.045,0.102,0.915,0.604,0.101,0.002,0.0,0.0,0.0,0.45,1.0,1.0,1.0,0.517,0.0,0.0,0.0,0.081,1.0,0.571,0.439,1.0,0.257,0.0,0.0,0.0,0.793,0.864,0.181,0.538,0.845,0.0,0.024,6
0.065,0.0,0.008,0.029,0.066,0.036,0.002,0.0,0.034,0.008,0.77,0.918,0.85,0.548,0.0,0.0,0.082,0.715,0.875,0.656,0.335,1.0,0.253,0.0,0.0,0.774,0.23,0.102,0.682,0.979,0.022,0.0,0.0,0.061,0.016,0.596,1.0,0.468,0.02,0.024,0.003,0.05,0.0,0.382,1.0,1.0,0.319,0.001,0.009,0.012,0.03,0.006,0.0,0.61,0.808,0.0,0.0,0.052,0.454,0.301,0.47,0.95,0.61,0.097,3
0.0,0.083,0.763,0.838,0.0,0.11,0.066,0.0,0.0,0.599,1.0,0.266,0.0,0.054,0.073,0.018,0.082,0.948,0.678,0.004,0.037,0.0,0.038,0.063,0.186,0.991,0.749,0.469,0.131,0.0,0.0,0.0,0.424,1.0,0.986,0.759,0.863,0.17,0.0,0.0,0.253,0.934,0.499,0.0,0.557,0.508,0.0,0.0,0.13,0.654,0.974,0.604,0.871,0.635,0.018,0.001,0.0,0.129,0.581,0.788,0.638,0.058,0.0,0.05,6
0.0,0.0,0.0,0.0,0.073,0.075,0.042,0.0,0.002,0.0,0.0,0.329,0.944,0.924,0.4,0.039,0.0,0.0,0.117,0.904,0.311,0.645,1.0,0.0,0.034,0.0,0.121,0.861,0.238,0.467,1.0,0.318,0.031,0.0,0.0,0.293,0.798,0.526,0.815,0.519,0.0,0.0,0.0,0.0,0.029,0.0,0.47,0.591,0.048,0.106,0.0,0.035,0.118,0.0,0.798,0.433,0.0,0.053,0.0,0.464,0.448,0.432,1.0,0.178,9
0.019,0.088,0.0,0.0,0.045,0.067,0.0,0.0,0.0,0.0,0.047,0.3,0.66,1.0,0.988,0.466,0.03,0.0,0.198,1.0,0.762,0.647,0.916,0.143,0.041,0.051,0.037,0.238,0.0,0.634,0.61,0.065,0.0,0.056,0.0,0.397,0.422,0.88,0.993,0.816,0.032,0.0,0.0,0.946,0.93,0.906,0.641,0.532,0.01,0.143,0.024,0.205,0.854,0.559,0.1,0.04,0.0,0.02,0.101,0.039,1.0,0.246,0.0,0.0,7
0.029,0.017,0.015,0.0,0.127,0.0,0.059,0.0,0.0,0.606,0.958,0.816,0.0,0.0,0.056,0.0,0.244,0.862,0.336,0.818,0.043,0.019,0.076,0.012,0.707,0.648,0.09,0.859,0.031,0.024,0.0,0.0,0.235,0.422,0.438,0.715,0.099,0.0,0.001,0.035,0.0,0.0,0.567,0.384,0.0,0.0,0.0,0.01,0.0,0.089,0.909,0.0,0.03,0.061,0.0,0.0,0.041,0.569,0.711,0.097,0.401,0.323,0.056,0.0,2
0.09,0.0,0.374,1.0,1.0,0.935,0.76,0.0,0.0,0.047,0.704,0.72,0.501,0.962,0.344,0.0,0.0,0.092,0.948,0.011,0.565,0.705,0.066,0.035,0.0,0.0,0.23,0.001,0.841,0.5,0.05,0.0,0.107,0.0,0.551,1.0,1.0,1.0,0.613,0.029,0.031,0.032,0.422,0.888,0.758,0.566,0.219,0.0,0.0,0.02,0.156,0.988,0.379,0.0,0.0,0.011,0.008,0.0,0.495,0.899,0.019,0.0,0.026,0.005,7
0.0,0.273,0.77,0.96,0.956,0.0,0.075,0.0,0.0,0.783,0.562,0.671,0.972,0.0,0.0,0.0,0.0,0.0,0.0,0.559,0.754,0.0,0.0,0.028,0.047,0.0,0.316,0.829,1.0,0.546,0.061,0.004,0.0,0.75,0.989,0.91,0.508,0.33,0.0,0.0,0.007,0.068,0.703,0.65,0.026,0.037,0.0,0.014,0.0,0.0,0.847,0.406,0.0,0.05,0.039,0.003,0.013,0.409,1.0,0.127,0.0,0.001,0.0,0.107,7
0.04,0.038,0.779,0.412,0.06,0.187,0.0,0.0,0.0,0.0,0.618,0.988,1.0,0.254,0.054,0.0,0.0,0.037,0.853,1.0,1.0,0.287,0.0,0.002,0.0,0.01,0.795,1.0,0.993,0.141,0.0,0.0,0.0,0.0,0.71,1.0,1.0,0.212,0.0,0.054,0.005,0.0,0.846,1.0,0.91,0.411,0.0,0.0,0.053,0.0,0.398,0.755,0.688,0.491,0.047,0.0,0.065,0.0,0.0,0.0,0.069,0.0,0.047,0.028,1
0.025,0.0,0.019,0.175,0.797,0.0,0.013,0.0,0.038,0.144,0.066,0.436,0.663,0.0,0.0,0.006,0.0,0.0,0.105,1.0,0.154,0.0,0.023,0.0,0.0,0.001,0.214,0.85,0.007,0.0,0.067,0.0,0.073,0.0,0.454,0.659,0.277,0.68,0.59,0.076,0.0,0.0,0.294,0.839,0.891,0.5,0.755,0.461,0.042,0.04,0.157,0.95,0.59,0.242,0.741,0.38,0.0,0.0,0.0,0.069,0.755,0.991,0.454,0.129,6
0.045,0.004,0.559,1.0,0.669,0.138,0.0,0.0,0.03,0.313,0.974,0.67,1.0,0.595,0.022,0.0,0.0,0.377,0.944,0.049,0.513,0.931,0.148,0.0,0.051,0.0,0.973,0.435,0.689,0.867,0.161,0.0,0.0,0.0,0.389,0.999,0.925,1.0,0.414,0.0,0.063,0.0,0.105,0.218,0.038,0.621,0.594,0.0,0.003,0.186,0.831,0.58,0.583,0.891,0.792,0.107,0.051,0.0,0.736,0.991,1.0,0.859,0.271,0.0,9
0.0,0.045,0.281,1.0,0.993,1.0,0.969,0.68,0.001,0.0,0.382,0.562,0.372,0.272,0.887,0.545,0.036,0.0,0.011,0.077,0.0,0.513,0.753,0.094,0.0,0.0,0.0,0.183,0.334,1.0,0.173,0.02,0.009,0.0,0.355,1.0,0.938,0.937,0.416,0.0,0.001,0.0,0.178,0.481,1.0,0.151,0.101,0.0,0.0,0.051,0.008,0.849,0.609,0.0,0.103,0.001,0.089,0.04,0.23,0.999,0.065,0.04,0.0,0.0,7
0.013,0.0,0.293,0.81,0.059,0.369,0.809,0.159,0.136,0.0,0.359,0.942,0.0,0.079,0.921,0.275,0.0,0.0,0.099,0.99,0.731,0.946,0.642,0.079,0.0,0.018,0.0,0.167,0.996,0.091,0.0,0.009,0.045,0.0,0.0,0.0,0.162,0.742,0.0,0.0,0.01,0.027,0.024,0.0,0.001,0.588,0.373,0.0,0.038,0.0,0.054,0.766,0.732,0.916,0.233,0.0,0.065,0.0,0.0,0.0,0.0,0.0,0.013,0.083,9
0.029,0.054,0.053,0.041,0.002,0.0,0.07,0.066,0.0,0.396,0.836,0.067,0.0,0.0,0.0,0.091,0.0,0.649,0.573,0.0,0.0,0.074,0.0,0.0,0.25,1.0,0.1,0.054,0.051,0.089,0.001,0.0,0.274,0.848,0.042,0.21,0.191,0.0,0.0,0.032,0.483,0.969,1.0,1.0,1.0,0.284,0.0,0.0,0.278,1.0,0.408,0.051,0.604,0.646,0.0,0.0,0.0,0.895,0.561,0.297,0.82,0.597,0.046,0.0,6
0.532,0.927,0.344,0.953,0.451,0.067,0.0,0.0,0.067,0.145,0.008,0.951,0.123,0.0,0.0,0.02,0.02,0.0,0.461,0.862,0.006,0.024,0.078,0.01,0.0,0.0,0.843,0.609,0.0,0.069,0.0,0.051,0.0,0.175,1.0,0.178,0.129,0.314,0.0,0.013,0.071,0.729,0.844,0.669,0.987,0.344,0.0,0.0,0.0,0.707,0.933,0.78,0.333,0.0,0.073,0.001,0.0,0.0,0.016,0.0,0.048,0.0,0.006,0.044,2
0.071,0.0,0.0,0.037,0.388,0.734,0.969,0.554,0.0,0.011,0.0,0.643,0.974,0.7,0.754,0.666,0.053,0.064,0.044,0.111,0.135,0.0,0.871,0.082,0.0,0.063,0.105,0.05,0.367,0.801,0.96,0.906,0.015,0.0,0.0,0.345,0.961,1.0,0.907,0.381,0.01,0.0,0.0,0.113,0.297,0.91,0.0,0.0,0.0,0.037,0.023,0.0,0.503,0.505,0.039,0.0,0.064,0.03,0.007,0.024,0.772,0.111,0.017,0.0,7
0.0,0.0,0.023,0.012,0.405,0.861,0.635,0.024,0.0,0.059,0.072,0.678,0.873,0.628,0.933,0.512,0.0,0.035,0.0,0.937,0.254,0.364,0.861,0.124,0.0,0.0,0.0,0.887,0.89,0.954,0.05,0.053,0.104,0.06,0.05,0.869,0.991,0.346,0.0,0.0,0.0,0.0,0.277,1.0,0.594,0.9,0.0,0.051,0.0,0.0,0.167,0.856,0.99,1.0,0.216,0.022,0.0,0.02,0.0,0.055,0.643,0.941,0.105,0.076,8
0.002,0.0,0.0,0.0,0.004,0.565,0.731,0.0,0.022,0.0,0.013,0.121,0.242,1.0,1.0,0.112,0.0,0.027,0.0,0.0,0.364,0.56,1.0,0.058,0.051,0.0,0.0,0.024,0.0,0.28,0.818,0.0,0.068,0.01,0.0,0.0,0.155,0.856,0.495,0.089,0.0,0.038,0.495,1.0,0.957,0.667,0.0,0.0,0.071,0.0,0.058,0.619,0.91,0.95,0.479,0.275,0.027,0.066,0.0,0.015,0.021,0.57,0.892,0.602,2
0.049,0.881,0.947,0.118,0.0,0.0,0.007,0.0,0.366,0.924,0.893,0.603,0.0,0.004,0.0,0.0,0.554,0.538,0.68,0.787,0.0,0.06,0.002,0.024,0.327,0.176,0.813,0.816,0.029,0.006,0.011,0.043,0.0,0.194,1.0,0.355,0.068,0.0,0.033,0.0,0.189,1.0,0.918,0.074,0.0,0.0,0.036,0.068,0.415,1.0,0.908,0.736,0.698,0.694,0.013,0.031,0.097,0.759,0.882,1.0,1.0,0.681,0.0,0.0,2
0.011,0.042,0.0,0.0,0.027,0.0,0.068,0.0,0.0,0.042,0.011,0.009,0.741,0.637,0.0,0.0,0.0,0.041,0.469,0.958,1.0,1.0,0.319,0.0,0.036,0.0,0.532,0.979,0.757,0.655,0.929,0.069,0.07,0.01,0.563,0.935,0.126,0.176,0.905,0.207,0.0,0.036,0.332,0.979,0.164,0.088,0.742,0.491,0.028,0.0,0.116,0.892,0.279,0.109,0.986,0.07,0.0,0.029,0.025,0.649,1.0,0.863,1.0,0.0,0
0.034,0.0,0.0,0.415,1.0,0.912,0.797,0.008,0.0,0.0,0.138,0.97,0.939,0.897,0.866,0.0,0.0,0.0,0.0,0.477,0.177,0.957,0.846,0.057,0.0,0.011,0.0,0.0,0.03,0.989,0.954,0.0,0.01,0.0,0.001,0.0,0.041,1.0,0.8,0.0,0.0,0.036,0.002,0.0,0.03,0.995,0.99,0.13,0.106,0.034,0.0,0.0,0.161,0.97,0.736,0.039,0.0,0.012,0.0,0.076,0.0,0.0,0.0,0.0,1
0.117,0.455,0.968,0.943,0.58,0.0,0.0,0.033,0.696,0.959,0.588,0.257,0.937,0.051,0.0,0.019,0.778,0.83,0.0,0.0,0.855,0.285,0.001,0.0,0.627,0.871,0.0,0.048,0.869,0.504,0.0,0.017,0.439,0.998,0.0,0.0,0.904,0.311,0.085,0.0,0.34,0.958,0.076,0.269,0.992,0.168,0.0,0.005,0.074,1.0,0.284,1.0,0.618,0.0,0.049,0.076,0.0,0.429,1.0,0.868,0.032,0.0,0.005,0.0,0
0.073,0.007,0.106,1.0,0.88,0.758,0.624,0.022,0.014,0.0,0.225,0.92,0.039,0.508,0.57,0.023,0.0,0.0,0.0,0.0,0.006,0.874,0.516,0.029,0.007,0.0,0.0,0.0,0.618,0.892,0.095,0.0,0.004,0.0,0.061,0.533,1.0,0.431,0.05,0.0,0.0,0.0,0.424,0.957,1.0,0.812,0.368,0.432,0.0,0.0,0.0,0.417,0.264,0.774,0.992,0.898,0.061,0.024,0.128,0.0,0.0,0.0,0.0,0.0,2
0.049,0.707,0.719,0.845,0.408,0.0,0.031,0.01,0.087,0.312,0.147,0.495,0.999,0.475,0.0,0.0,0.061,0.0,0.047,0.111,0.967,0.332,0.0,0.13,0.085,0.0,0.183,0.901,0.56,0.0,0.001,0.0,0.0,0.0,0.277,1.0,0.382,0.049,0.0,0.164,0.0,0.0,0.0,0.862,0.776,0.0,0.0,0.042,0.0,0.024,0.089,0.743,0.795,0.025,0.067,0.0,0.369,0.744,0.969,0.55,0.04,0.046,0.046,0.024,3
0.015,0.017,0.017,0.068,0.0,0.032,0.081,0.049,0.0,0.09,0.214,0.514,0.668,0.79,0.106,0.0,0.0,0.078,0.89,0.762,0.341,0.777,0.438,0.0,0.038,0.421,1.0,0.471,0.565,0.796,0.0,0.042,0.0,0.33,0.834,0.904,0.964,0.195,0.006,0.0,0.0,0.0,0.739,1.0,1.0,0.13,0.0,0.0,0.0,0.174,1.0,0.14,0.922,0.638,0.05,0.029,0.0,0.255,0.992,0.484,0.734,0.75,0.04,0.0,8
0.031,0.899,0.812,0.483,0.783,0.03,0.031,0.0,0.296,1.0,0.141,0.095,0.673,0.194,0.076,0.0,0.317,0.863,0.0,0.016,0.28,0.472,0.0,0.012,0.351,0.366,0.024,0.005,0.294,0.489,0.015,0.0,0.27,0.946,0.056,0.087,0.908,0.434,0.038,0.009,0.109,1.0,0.691,0.885,1.0,0.077,0.042,0.048,0.0,0.331,0.853,1.0,0.194,0.0,0.053,0.0,0.007,0.0,0.009,0.038,0.021,0.0,0.016,0.074,0
0.0,0.584,0.837,1.0,0.059,0.07,0.0,0.0,0.0,0.098,0.72,0.5,0.588,0.0,0.003,0.0,0.004,0.0,0.034,0.478,0.673,0.026,0.0,0.0,0.053,0.0,0.0,0.657,0.603,0.0,0.073,0.07,0.019,0.062,0.047,0.783,0.418,0.0,0.029,0.005,0.013,0.076,0.64,1.0,0.617,0.51,0.189,0.081,0.0,0.27,1.0,1.0,0.97,1.0,0.928,0.0,0.0,0.0,0.003,0.014,0.004,0.097,0.078,0.0,2
0.0,0.0,0.088,0.014,0.427,0.485,0.04,0.101,0.0,0.025,0.018,0.063,0.872,0.39,0.187,0.084,0.056,0.053,0.064,0.348,0.937,0.038,0.509,0.447,0.0,0.0,0.314,1.0,0.666,0.013,1.0,0.388,0.0,0.03,0.221,0.925,0.887,0.877,1.0,0.067,0.0,0.051,0.0,0.0,0.16,0.913,0.581,0.0,0.011,0.019,0.0,0.0,0.108,1.0,0.273,0.0,0.018,0.0,0.0,0.0,0.022,0.0,0.03,0.006,4
0.023,0.0,0.0,0.004,0.043,0.0,0.004,0.029,0.0,0.491,0.926,0.615,0.147,0.0,0.065,0.084,0.034,0.673,0.899,0.841,0.715,0.021,0.0,0.098,0.01,0.64,0.8,0.423,1.0,0.066,0.055,0.0,0.016,0.285,0.978,0.964,1.0,0.481,0.0,0.0,0.057,0.0,0.234,0.562,0.653,0.812,0.0,0.087,0.031,0.0,0.0,0.0,0.326,1.0,0.332,0.018,0.038,0.062,0.098,0.098,0.423,1.0,0.358,0.07,9
0.006,0.0,0.637,0.808,0.0,0.002,0.015,0.038,0.022,0.0,0.846,0.954,0.722,0.0,0.0,0.015,0.013,0.088,0.728,0.484,0.926,0.506,0.062,0.065,0.0,0.107,0.199,0.839,1.0,0.68,0.032,0.049,0.024,0.0,0.119,1.0,0.609,0.058,0.015,0.0,0.026,0.0,0.732,0.64,1.0,0.01,0.058,0.0,0.0,0.0,0.95,0.436,1.0,0.316,0.0,0.0,0.0,0.08,0.702,1.0,0.767,0.046,0.0,0.0,8
0.0,0.353,0.534,0.418,0.806,0.162,0.0,0.038,0.005,0.845,0.911,0.668,0.541,0.22,0.056,0.069,0.227,0.95,0.462,0.139,0.0,0.0,0.019,0.011,0.283,1.0,0.752,1.0,0.432,0.0,0.091,0.056,0.0,0.0,0.0,0.151,0.996,0.0,0.0,0.018,0.011,0.0,0.01,0.136,0.943,0.0,0.047,0.041,0.0,0.368,0.601,0.833,0.514,0.0,0.002,0.074,0.073,0.633,0.915,0.412,0.031,0.0,0.015,0.015,5
0.008,0.069,0.0,0.0,0.0,0.011,0.016,0.076,0.0,0.0,0.38,0.921,0.642,0.179,0.0,0.038,0.0,0.334,0.94,0.659,0.983,0.772,0.0,0.0,0.015,0.129,0.349,0.0,0.977,0.74,0.0,0.0,0.011,0.0,0.029,0.0,0.985,0.77,0.024,0.0,0.0,0.002,0.008,0.399,0.909,0.399,0.011,0.0,0.013,0.0,0.232,1.0,0.616,0.107,0.065,0.0,0.0,0.0,0.62,1.0,0.461,0.176,0.028,0.084,2
0.0,0.0,0.0,0.04,0.0,0.0,0.017,0.054,0.061,0.7,0.442,0.0,0.0,0.0,0.02,0.0,0.307,1.0,0.133,0.047,0.891,0.15,0.061,0.0,0.549,0.892,0.0,0.846,0.842,0.005,0.0,0.073,0.433,1.0,0.92,0.951,0.343,0.025,0.099,0.0,0.0,0.344,0.953,0.676,0.0,0.0,0.08,0.0,0.033,0.039,0.927,0.189,0.075,0.0,0.007,0.0,0.0,0.552,0.679,0.0,0.0,0.006,0.034,0.0,4
0.0,0.0,0.558,0.903,0.595,0.013,0.003,0.063,0.033,0.224,1.0,0.961,0.958,0.0,0.042,0.007,0.0,0.155,0.744,0.607,0.898,0.0,0.0,0.013,0.0,0.057,0.007,0.689,0.645,0.095,0.0,0.0,0.036,0.02,0.073,1.0,0.434,0.0,0.04,0.106,0.0,0.0,0.591,1.0,0.027,0.085,0.072,0.0,0.02,0.054,1.0,1.0,0.492,0.313,0.064,0.0,0.048,0.0,0.738,0.973,0.9,0.972,0.055,0.026,2
0.0,0.437,0.98,0.838,0.359,0.0,0.0,0.031,0.064,0.993,0.385,0.356,0.841,0.193,0.047,0.0,0.023,0.966,0.517,0.0,0.648,0.487,0.0,0.0,0.22,0.981,0.464,0.0,0.713,0.531,0.0,0.0,0.42,1.0,0.096,0.066,0.755,0.529,0.067,0.0,0.178,0.963,0.15,0.04,1.0,0.281,0.0,0.0,0.299,0.981,0.629,0.888,0.737,0.0,0.02,0.017,0.057,0.399,0.98,0.844,0.097,0.0,0.003,0.0,0
0.0,0.0,0.067,0.0,0.0,0.08,0.105,0.0,0.014,0.0,0.0,0.013,0.685,0.182,0.0,0.0,0.045,0.061,0.0,0.0,1.0,0.198,0.175,0.0,0.0,0.069,0.036,0.561,0.611,0.914,0.151,0.03,0.0,0.018,0.176,0.894,0.326,0.846,0.203,0.025,0.026,0.022,0.53,0.837,0.421,0.99,0.651,0.086,0.0,0.03,0.566,0.927,1.0,0.919,0.865,0.066,0.145,0.0,0.008,0.0,0.629,0.795,0.0,0.0,4
0.001,0.0,0.018,0.0,0.0,0.0,0.0,0.003,0.0,0.096,0.671,0.666,0.139,0.009,0.0,0.0,0.075,0.667,0.739,0.866,0.891,0.05,0.0,0.054,0.071,0.827,0.029,0.047,0.891,0.314,0.02,0.0,0.215,0.609,0.0,0.025,0.571,0.388,0.039,0.079,0.391,0.589,0.035,0.0,0.284,0.488,0.0,0.0,0.263,0.844,0.0,0.0,0.468,0.205,0.0,0.075,0.011,0.871,0.735,0.242,0.88,0.157,0.034,0.0,0
0.0,0.0,0.024,0.0,0.0,0.021,0.0,0.012,0.03,0.255,0.971,0.341,0.0,0.0,0.0,0.037,0.0,0.815,0.9,0.046,0.028,0.067,0.005,0.0,0.081,1.0,0.767,0.0,0.0,0.0,0.07,0.0,0.457,0.917,0.178,0.0,0.365,0.308,0.023,0.0,0.742,1.0,0.411,0.644,1.0,0.366,0.0,0.0,0.449,1.0,1.0,0.937,0.138,0.036,0.039,0.0,0.055,0.219,0.949,0.7,0.05,0.0,0.078,0.011,4
0.115,0.0,0.0,0.24,0.847,1.0,0.481,0.0,0.051,0.0,0.479,0.944,0.353,0.373,0.959,0.004,0.0,0.158,1.0,0.045,0.047,0.735,0.588,0.0,0.029,0.18,0.966,1.0,0.992,1.0,0.399,0.103,0.013,0.0,0.203,0.245,0.294,0.903,0.048,0.057,0.0,0.08,0.036,0.096,0.589,0.458,0.0,0.0,0.0,0.066,0.0,0.102,0.937,0.076,0.0,0.053,0.112,0.0,0.0,0.344,0.634,0.093,0.0,0.0,9
0.034,0.0,0.071,0.673,0.5,0.264,0.775,0.99,0.049,0.0,0.18,0.927,1.0,0.963,0.858,0.456,0.0,0.019,0.241,0.746,0.323,1.0,0.18,0.0,0.064,0.0,0.0,0.11,0.899,0.678,0.0,0.0,0.05,0.089,0.249,0.899,0.969,0.776,0.676,0.142,0.0,0.0,0.449,1.0,0.908,0.717,0.768,0.232,0.0,0.0,0.018,0.902,0.643,0.032,0.0,0.025,0.037,0.023,0.018,0.948,0.35,0.03,0.004,0.0,7
0.0,0.0,0.0,0.027,0.034,0.0,0.047,0.068,0.213,0.066,0.407,0.568,0.0,0.005,0.0,0.0,0.801,0.197,0.91,0.503,0.375,0.0,0.0,0.0,0.812,0.402,0.105,0.099,0.518,0.04,0.027,0.0,0.41,0.35,0.011,0.0,0.285,0.352,0.0,0.016,0.198,0.639,0.0,0.005,0.051,0.669,0.067,0.0,0.024,0.775,0.0,0.0,0.0,0.778,0.076,0.0,0.0,0.397,0.873,0.348,0.495,0.819,0.048,0.0,0
0.087,0.025,0.009,0.007,0.0,0.0,0.0,0.032,0.017,0.0,0.006,0.215,0.931,0.552,0.0,0.0,0.039,0.0,0.036,0.812,0.608,0.086,0.033,0.012,0.017,0.059,0.508,0.939,0.049,0.039,0.106,0.0,0.041,0.191,0.906,0.332,0.0,0.231,0.172,0.017,0.011,0.792,0.79,0.427,0.914,0.931,0.699,0.0,0.013,0.675,0.929,0.872,0.692,0.999,0.177,0.0,0.0,0.16,0.108,0.0,0.676,0.834,0.0,0.0,4
0.057,0.262,1.0,0.885,0.481,0.632,0.719,0.0,0.0,0.692,1.0,0.536,0.0,0.0,0.0,0.0,0.0,0.281,0.934,1.0,0.414,0.0,0.0,0.007,0.018,0.0,0.019,0.889,0.982,0.0,0.007,0.0,0.008,0.0,0.045,0.506,1.0,0.008,0.012,0.0,0.028,0.029,0.629,0.747,0.834,0.079,0.0,0.071,0.0,0.0,0.8,1.0,0.395,0.079,0.054,0.084,0.031,0.0,0.0,0.048,0.016,0.0,0.1,0.0,5
0.0,0.0,0.074,0.004,0.09,0.076,0.0,0.014,0.0,0.0,0.099,0.311,0.592,0.815,0.224,0.0,0.0,0.028,0.113,0.934,0.824,0.941,0.552,0.039,0.009,0.0,0.268,1.0,0.029,0.806,0.764,0.0,0.075,0.092,0.122,0.636,0.973,1.0,1.0,0.17,0.0,0.065,0.111,0.065,0.042,0.0,0.727,0.4,0.0,0.0,0.072,0.012,0.0,0.003,0.355,0.785,0.034,0.005,0.0,0.382,0.223,0.127,0.518,0.763,9
0.0,0.253,0.976,1.0,0.706,0.092,0.077,0.0,0.033,0.534,0.925,0.626,0.998,0.44,0.0,0.0,0.037,0.152,0.126,0.351,0.985,0.194,0.0,0.086,0.023,0.004,0.081,0.487,0.796,0.0,0.087,0.0,0.0,0.0,0.327,1.0,0.348,0.0,0.08,0.0,0.032,0.0,0.729,0.867,0.0,0.088,0.0,0.0,0.012,0.335,0.997,0.594,0.548,0.529,0.614,0.06,0.009,0.261,0.866,1.0,0.946,1.0,0.619,0.036,2
0.027,0.744,0.97,0.819,0.104,0.0,0.0,0.0,0.027,1.0,0.295,0.302,0.827,0.0,0.0,0.013,0.172,0.367,0.774,0.0,0.42,0.241,0.0,0.023,0.426,0.708,0.879,0.764,0.931,0.247,0.113,0.018,0.127,0.551,0.741,0.818,0.85,0.068,0.0,0.014,0.074,0.022,0.0,0.018,0.677,0.386,0.008,0.0,0.0,0.031,0.089,0.0,0.308,0.934,0.01,0.032,0.047,0.642,0.766,0.694,0.954,0.411,0.0,0.013,9
0.0,0.0,0.0,0.0,0.0,0.0,0.0,0.0,0.025,0.035,0.469,1.0,1.0,0.111,0.0,0.075,0.009,0.342,0.937,0.885,0.896,0.24,0.057,0.0,0.01,0.071,0.529,0.0,1.0,0.336,0.0,0.034,0.071,0.0,0.0,0.385,0.915,0.036,0.056,0.068,0.0,0.0,0.019,0.807,0.579,0.0,0.0,0.0,0.007,0.009,0.685,0.84,0.164,0.235,0.325,0.0,0.004,0.0,0.89,0.745,0.676,1.0,0.325,0.028,2
0.003,0.0,0.0,0.396,0.839,0.698,0.0,0.004,0.05,0.053,0.125,0.973,0.59,0.991,0.001,0.0,0.003,0.027,0.176,0.429,0.289,0.721,0.053,0.0,0.0,0.0,0.042,0.055,0.789,0.464,0.118,0.028,0.0,0.034,0.021,0.178,0.904,1.0,1.0,0.181,0.058,0.028,0.071,0.044,0.055,0.0,0.69,0.461,0.013,0.0,0.0,0.05,0.321,0.555,0.983,0.162,0.0,0.0,0.0,0.28,1.0,0.698,0.226,0.0,3
0.0,0.023,0.063,0.214,0.838,0.909,0.361,0.0,0.0,0.004,0.167,1.0,0.998,1.0,1.0,0.0,0.0,0.016,0.269,1.0,1.0,1.0,0.93,0.195,0.0,0.0,0.0,0.099,0.523,0.813,1.0,0.345,0.015,0.003,0.038,0.059,0.096,0.502,1.0,0.32,0.097,0.066,0.0,0.079,0.0,0.332,0.939,0.519,0.062,0.08,0.009,0.031,0.447,0.866,0.918,0.43,0.037,0.0,0.008,0.326,0.787,0.936,0.566,0.0,9
0.0,0.0,0.114,0.0,0.0,0.0,0.145,0.027,0.0,0.001,0.0,0.0,0.206,0.74,0.831,0.99,0.0,0.0,0.017,0.612,1.0,0.765,0.881,0.887,0.0,0.0,0.328,0.972,0.915,1.0,0.978,0.866,0.0,0.027,0.017,0.53,0.499,0.617,1.0,0.51,0.0,0.002,0.033,0.0,0.02,0.13,0.989,0.159,0.0,0.029,0.025,0.0,0.028,0.592,0.611,0.08,0.0,0.037,0.039,0.0,0.0,1.0,0.391,0.035,9
0.015,0.0,0.016,0.0,0.026,0.033,0.063,0.088,0.013,0.004,0.214,0.947,0.777,0.14,0.0,0.0,0.066,0.054,0.583,0.932,0.807,0.79,0.0,0.005,0.035,0.023,0.806,0.777,0.546,0.833,0.0,0.0,0.008,0.0,0.401,0.974,1.0,0.731,0.013,0.037,0.0,0.075,0.193,0.958,0.841,0.092,0.003,0.0,0.038,0.0,0.669,0.843,0.927,0.322,0.0,0.07,0.0,0.0,0.585,0.619,0.828,0.566,0.022,0.068,8
0.052,0.0,0.0,0.121,0.832,0.054,0.0,0.032,0.013,0.063,0.0,0.695,0.809,0.09,0.054,0.0,0.009,0.0,0.091,0.933,0.132,0.0,0.078,0.006,0.0,0.08,0.314,0.773,0.0,0.0,0.019,0.0,0.045,0.047,0.407,0.764,0.784,1.0,0.819,0.103,0.002,0.054,0.282,1.0,0.778,0.382,0.37,0.687,0.078,0.0,0.0,0.888,0.519,0.0,0.238,0.828,0.0,0.015,0.0,0.225,0.684,1.0,0.852,0.06,6
0.0,0.042,0.008,0.665,0.871,0.491,1.0,0.433,0.028,0.069,0.0,0.645,0.571,0.566,0.999,0.54,0.0,0.0,0.0,0.352,0.656,0.794,0.919,0.262,0.0,0.014,0.05,0.0,0.052,0.019,0.747,0.415,0.007,0.0,0.52,0.114,0.0,0.012,0.888,0.015,0.0,0.06,0.146,0.938,0.539,0.171,0.953,0.0,0.0,0.032,0.021,0.154,0.737,0.987,0.828,0.0,0.0,0.033,0.023,0.0,0.0,0.0,0.0,0.0,9
0.021,0.0,0.394,0.797,0.438,0.194,0.955,0.178,0.0,0.008,0.402,0.459,0.0,0.227,0.978,0.194,0.0,0.0,0.0,0.055,0.982,1.0,0.367,0.0,0.0,0.0,0.04,0.0,0.26,0.746,0.568,0.088,0.053,0.037,0.0,0.0,0.073,0.066,0.577,0.457,0.0,0.0,0.042,0.0,0.233,0.243,0.706,0.759,0.0,0.0,0.044,0.555,0.908,1.0,0.702,0.221,0.0,0.104,0.01,0.0,0.032,0.012,0.0,0.073,3
0.0,0.0,0.603,0.894,0.854,0.111,0.0,0.068,0.062,0.643,0.709,0.294,0.953,0.254,0.0,0.0,0.373,0.878,0.0,0.0,0.747,0.332,0.0,0.165,0.24,1.0,0.833,0.717,1.0,0.14,0.021,0.002,0.0,0.238,0.412,0.88,0.532,0.125,0.018,0.074,0.0,0.069,0.163,0.897,0.081,0.012,0.098,0.004,0.02,0.085,0.635,0.648,0.0,0.059,0.0,0.0,0.022,0.028,0.744,0.535,0.062,0.042,0.0,0.049,9
0.0,0.0,0.0,0.0,0.785,0.567,0.0,0.0,0.0,0.021,0.0,0.0,0.925,0.955,0.097,0.0,0.068,0.048,0.018,0.0,0.835,1.0,0.118,0.0,0.0,0.032,0.0,0.059,0.722,0.968,0.293,0.069,0.031,0.0,0.044,0.0,0.62,0.904,0.253,0.081,0.0,0.0,0.012,0.0,0.715,1.0,0.099,0.0,0.048,0.066,0.0,0.0,0.866,0.995,0.117,0.0,0.081,0.0,0.013,0.001,0.683,0.904,0.0,0.071,1
0.0,0.076,0.278,0.754,0.061,0.006,0.006,0.033,0.006,0.0,0.944,0.738,0.0,0.014,0.0,0.0,0.0,0.071,0.912,0.2,0.0,0.0,0.0,0.0,0.0,0.393,0.81,0.0,0.022,0.0,0.017,0.063,0.099,0.432,0.766,0.33,0.76,0.476,0.242,0.0,0.107,0.254,0.893,0.916,0.72,0.789,0.697,0.0,0.002,0.038,0.787,1.0,0.364,0.653,0.703,0.0,0.0,0.0,0.393,0.866,1.0,0.708,0.016,0.0,6
0.027,0.075,0.563,0.95,0.743,0.468,0.933,0.358,0.032,0.0,0.769,0.56,0.0,0.243,0.735,0.135,0.058,0.093,1.0,0.203,0.039,0.737,0.095,0.059,0.0,0.0,0.304,0.0,0.551,0.416,0.0,0.0,0.074,0.014,0.013,0.15,0.733,0.025,0.029,0.0,0.0,0.0,0.046,0.72,0.383,0.01,0.059,0.0,0.039,0.02,0.0,0.86,0.185,0.0,0.0,0.01,0.0,0.0,0.05,0.0,0.0,0.075,0.0,0.065,7
0.0,0.0,0.066,0.023,0.0,0.0,0.0,0.035,0.0,0.0,0.539,0.777,0.987,1.0,0.285,0.009,0.088,0.145,0.73,0.259,0.259,0.832,0.285,0.055,0.03,0.0,0.0,0.0,0.332,0.847,0.0,0.054,0.0,0.001,0.0,0.205,0.753,0.719,0.267,0.0,0.0,0.0,0.0,0.771,0.895,0.714,0.489,0.106,0.015,0.047,0.051,0.816,0.332,0.057,0.0,0.076,0.018,0.0,0.212,0.94,0.013,0.0,0.0,0.074,7
0.062,0.052,0.739,0.999,1.0,0.54,0.018,0.0,0.0,0.275,0.66,0.515,0.991,0.624,0.052,0.058,0.098,0.006,0.047,0.078,0.988,0.405,0.04,0.026,0.107,0.378,0.576,0.73,0.976,0.529,0.0,0.0,0.0,0.917,1.0,0.914,0.943,0.127,0.012,0.0,0.052,0.193,0.239,0.968,0.461,0.0,0.029,0.088,0.035,0.073,0.604,0.921,0.0,0.0,0.012,0.009,0.0,0.057,1.0,0.372,0.096,0.0,0.0,0.017,7
0.01,0.068,0.0,0.689,1.0,0.972,0.237,0.0,0.011,0.04,0.336,1.0,1.0,0.982,0.083,0.0,0.0,0.0,0.422,1.0,0.98,0.845,0.005,0.0,0.0,0.0,0.579,1.0,0.989,0.701,0.0,0.019,0.027,0.054,0.058,0.837,0.988,0.55,0.0,0.0,0.0,0.0,0.0,0.304,0.995,0.304,0.038,0.0,0.0,0.004,0.0,0.149,0.875,0.511,0.022,0.002,0.008,0.0,0.0,0.115,0.04,0.0,0.0,0.016,1
0.0,0.014,0.035,0.785,0.961,0.122,0.0,0.0,0.0,0.001,0.429,0.956,1.0,0.256,0.0,0.0,0.0,0.478,1.0,0.974,0.997,0.767,0.7,0.0,0.008,0.501,1.0,1.0,0.948,0.718,0.214,0.0,0.0,0.0,0.0,0.438,0.887,0.028,0.0,0.057,0.085,0.058,0.013,0.323,1.0,0.0,0.046,0.0,0.0,0.036,0.0,0.225,0.863,0.047,0.003,0.071,0.0,0.0,0.048,0.0,0.014,0.03,0.006,0.008,4
0.0,0.366,0.816,0.03,0.048,0.04,0.04,0.027,0.0,0.744,0.286,0.013,0.083,0.0,0.034,0.007,0.209,0.964,0.0,0.271,0.12,0.0,0.0,0.013,0.142,1.0,0.95,0.746,0.576,0.421,0.0,0.0,0.045,0.984,0.426,0.038,0.172,0.865,0.0,0.062,0.0,0.731,0.662,0.0,0.424,0.948,0.013,0.064,0.031,0.086,0.775,0.904,0.867,0.422,0.024,0.06,0.071,0.019,0.049,0.0,0.0,0.094,0.0,0.0,6
0.007,0.0,0.026,0.176,1.0,1.0,0.302,0.0,0.001,0.073,0.0,0.515,0.995,1.0,0.312,0.018,0.0,0.0,0.527,1.0,0.927,0.945,0.0,0.0,0.0,0.459,1.0,1.0,0.949,0.716,0.0,0.042,0.0,0.0,0.043,0.508,0.951,0.683,0.007,0.003,0.039,0.009,0.0,0.383,1.0,0.812,0.0,0.069,0.0,0.0,0.0,0.246,1.0,1.0,0.413,0.028,0.059,0.0,0.0,0.0,0.856,0.91,0.509,0.0,1
0.0,0.0,0.0,0.024,0.0,0.0,0.0,0.024,0.0,0.089,0.741,0.98,0.987,0.749,0.216,0.039,0.105,0.022,0.972,0.558,0.064,0.642,0.64,0.0,0.0,0.015,0.334,1.0,0.265,0.914,0.328,0.0,0.0,0.0,0.0,0.775,0.988,0.946,0.358,0.0,0.0,0.027,0.424,0.912,0.954,0.494,0.042,0.05,0.0,0.047,0.846,0.218,0.343,0.773,0.0,0.0,0.053,0.224,0.358,0.0,0.429,0.658,0.0,0.014,8
0.025,0.02,0.768,0.686,0.0,0.0,0.0,0.029,0.0,0.23,0.817,0.009,0.018,0.0,0.042,0.053,0.089,0.373,0.602,0.034,0.082,0.0,0.025,0.068,0.0,0.28,0.845,0.745,0.773,0.37,0.062,0.0,0.084,0.024,1.0,0.723,0.303,0.743,0.633,0.034,0.024,0.0,0.647,0.694,0.131,0.624,0.668,0.0,0.0,0.0,0.069,0.78,1.0,0.646,0.219,0.0,0.0,0.0,0.0,0.016,0.0,0.028,0.058,0.02,6
0.0,0.0,0.004,0.293,0.84,0.867,0.255,0.065,0.0,0.042,0.043,0.59,0.985,1.0,0.836,0.0,0.0,0.0,0.022,0.265,0.943,0.985,0.625,0.0,0.031,0.0,0.0,0.0,0.916,1.0,0.033,0.0,0.039,0.001,0.0,0.09,0.973,0.77,0.0,0.09,0.021,0.0,0.0,0.736,0.886,0.957,0.423,0.027,0.0,0.068,0.002,0.768,0.77,0.525,0.993,0.05,0.0,0.005,0.078,0.4,1.0,0.995,0.946,0.112,8
0.038,0.068,0.97,0.914,0.152,0.0,0.051,0.028,0.013,0.417,0.91,0.811,0.616,0.0,0.021,0.022,0.043,0.575,0.649,0.416,0.815,0.029,0.01,0.0,0.027,0.036,0.088,0.505,0.823,0.0,0.0,0.0,0.002,0.057,0.036,0.462,0.753,0.0,0.0,0.0,0.0,0.04,0.017,0.675,0.402,0.0,0.039,0.078,0.02,0.0,0.398,0.973,1.0,1.0,0.36,0.0,0.019,0.022,0.899,0.931,0.696,0.716,0.18,0.015,2
0.0,0.37,0.574,0.527,0.968,0.0,0.061,0.0,0.0,0.0,0.074,0.212,0.811,0.0,0.167,0.067,0.0,0.044,0.597,0.971,0.909,0.613,0.0,0.0,0.0,0.843,0.963,0.94,0.4,0.18,0.057,0.067,0.005,0.181,0.459,0.754,0.0,0.069,0.037,0.0,0.017,0.098,0.804,0.27,0.0,0.0,0.0,0.033,0.026,0.324,0.804,0.0,0.027,0.012,0.0,0.043,0.051,0.0,0.008,0.0,0.066,0.025,0.037,0.083,7
0.001,0.0,0.509,0.903,0.17,0.0,0.0,0.0,0.01,0.022,0.948,0.547,0.0,0.335,0.483,0.0,0.033,0.249,0.974,0.231,0.139,0.907,0.569,0.0,0.05,0.506,0.95,0.536,0.705,0.942,0.0,0.01,0.0,0.348,1.0,1.0,1.0,0.435,0.029,0.0,0.039,0.0,0.101,0.703,1.0,0.073,0.0,0.0,0.081,0.0,0.0,0.812,0.542,0.0,0.08,0.017,0.0,0.039,0.0,0.078,0.0,0.0,0.069,0.0,4
0.385,1.0,0.568,0.954,0.483,0.097,0.0,0.0,0.0,0.471,0.185,0.804,0.251,0.007,0.014,0.031,0.0,0.1,0.714,1.0,0.462,0.073,0.071,0.062,0.0,0.0,0.161,0.761,0.945,0.355,0.016,0.04,0.0,0.201,0.0,0.007,0.933,0.665,0.04,0.0,0.158,1.0,0.574,0.792,1.0,0.465,0.007,0.0,0.045,0.628,1.0,1.0,0.627,0.0,0.022,0.0,0.014,0.032,0.0,0.012,0.033,0.0,0.0,0.028,3
0.0,0.0,0.0,0.338,0.908,0.951,0.14,0.0,0.0,0.0,0.08,0.538,0.904,0.972,0.62,0.003,0.021,0.006,0.0,0.0,0.242,0.886,0.725,0.0,0.008,0.0,0.083,0.428,0.954,0.998,0.966,0.818,0.0,0.0,0.016,0.59,1.0,0.969,0.281,0.144,0.0,0.0,0.028,0.0,0.856,0.404,0.0,0.021,0.0,0.004,0.0,0.225,1.0,0.083,0.0,0.03,0.028,0.0,0.0,0.628,0.634,0.0,0.0,0.0,7
0.0,0.053,0.063,0.649,0.761,0.404,0.0,0.0,0.0,0.101,0.198,0.935,0.742,0.0,0.0,0.0,0.0,0.0,0.239,0.932,0.784,0.068,0.064,0.025,0.0,0.0,0.22,0.976,0.968,0.388,0.2,0.019,0.084,0.085,0.273,1.0,0.959,0.749,0.945,0.366,0.0,0.0,0.0,0.475,0.963,0.393,0.799,0.857,0.0,0.0,0.0,0.0,0.467,0.838,0.923,0.305,0.0,0.0,0.017,0.0,0.086,0.01,0.017,0.101,6
0.014,0.068,0.0,0.0,0.025,0.038,0.0,0.052,0.018,0.046,0.671,0.497,0.123,0.009,0.0,0.064,0.0,0.418,0.956,0.021,0.094,0.026,0.0,0.017,0.077,0.826,0.552,0.646,0.479,0.101,0.019,0.0,0.329,0.88,0.0,0.762,0.779,0.404,0.0,0.0,0.746,0.971,0.692,1.0,1.0,0.626,0.0,0.029,0.632,0.985,0.883,1.0,0.485,0.048,0.061,0.032,0.0,0.0,0.631,0.978,0.0,0.0,0.02,0.0,4
0.0,0.753,0.991,0.795,0.496,0.0,0.0,0.029,0.467,0.96,0.535,0.935,0.914,0.013,0.0,0.0,0.341,1.0,0.79,0.963,1.0,0.284,0.093,0.0,0.015,0.362,0.862,1.0,0.945,0.588,0.028,0.0,0.0,0.0,0.0,0.011,0.976,0.473,0.0,0.021,0.033,0.106,0.0,0.203,0.976,0.389,0.014,0.0,0.115,0.784,0.566,1.0,0.83,0.077,0.0,0.012,0.066,0.456,1.0,0.817,0.231,0.0,0.004,0.002,9
0.0,0.096,0.026,0.06,0.931,0.996,0.401,0.0,0.0,0.0,0.0,0.05,1.0,1.0,0.094,0.007,0.002,0.068,0.038,0.461,0.909,0.777,0.0,0.07,0.0,0.0,0.0,0.45,1.0,1.0,0.0,0.008,0.064,0.0,0.0,0.559,0.912,0.921,0.027,0.0,0.051,0.0,0.123,0.553,0.981,0.664,0.0,0.04,0.004,0.0,0.064,0.489,1.0,0.641,0.06,0.007,0.043,0.0,0.024,0.055,0.0,0.0,0.0,0.069,1
0.203,0.754,0.764,0.864,0.287,0.0,0.0,0.0,0.084,0.824,0.256,0.215,0.0,0.0,0.023,0.054,0.316,0.862,0.194,0.227,0.0,0.0,0.033,0.09,0.288,0.83,0.717,0.921,0.698,0.032,0.019,0.061,0.001,0.0,0.0,0.0,0.672,0.297,0.022,0.031,0.0,0.029,0.019,0.0,0.224,0.474,0.043,0.0,0.048,0.317,0.187,0.0,0.527,0.415,0.036,0.0,0.233,0.829,1.0,1.0,0.923,0.052,0.057,0.119,5
0.043,0.0,0.856,0.942,0.0,0.0,0.042,0.0,0.13,0.533,1.0,0.338,0.0,0.524,0.315,0.014,0.0,0.718,0.897,0.074,0.369,1.0,0.561,0.0,0.016,0.79,0.956,0.847,0.92,0.785,0.004,0.003,0.0,0.097,0.559,0.819,0.997,0.39,0.061,0.001,0.012,0.001,0.362,0.872,0.609,0.0,0.0,0.016,0.0,0.045,0.273,0.999,0.356,0.0,0.0,0.042,0.037,0.0,0.003,0.041,0.0,0.042,0.0,0.0,4
0.045,0.09,0.0,0.0,0.276,0.796,0.042,0.044,0.042,0.0,0.0,0.222,1.0,0.427,0.001,0.053,0.0,0.0,0.0,0.849,0.644,0.058,0.092,0.0,0.0,0.0,0.42,1.0,0.19,0.704,0.531,0.0,0.039,0.13,0.889,0.668,0.01,1.0,0.45,0.0,0.0,0.208,1.0,1.0,1.0,0.931,0.67,0.068,0.077,0.008,0.669,0.829,0.803,1.0,0.224,0.0,0.034,0.058,0.095,0.0,0.475,1.0,0.209,0.004,4
0.0,0.0,0.071,0.868,0.208,0.041,0.032,0.075,0.0,0.0,0.362,0.954,0.054,0.0,0.067,0.0,0.0,0.0,0.812,0.423,0.117,0.02,0.0,0.0,0.034,0.049,1.0,0.722,0.395,0.085,0.064,0.0,0.0,0.364,1.0,0.795,0.778,1.0,0.452,0.0,0.0,0.126,0.964,0.211,0.04,0.417,0.825,0.102,0.0,0.003,0.933,0.665,0.193,0.661,0.527,0.044,0.0,0.0,0.0,0.765,0.989,0.944,0.161,0.054,6
0.015,0.018,0.0,0.372,1.0,0.433,0.0,0.003,0.0,0.076,0.0,0.886,0.575,0.027,0.0,0.046,0.088,0.0,0.048,0.993,0.394,0.0,0.041,0.0,0.007,0.004,0.181,0.974,0.979,0.644,0.0,0.037,0.016,0.0,0.182,0.935,0.755,0.864,0.365,0.006,0.0,0.011,0.043,0.782,0.925,0.653,0.652,0.077,0.0,0.044,0.0,0.0,0.578,0.793,0.475,0.021,0.0,0.0,0.0,0.0,0.0,0.06,0.005,0.072,6
0.0,0.016,0.0,0.029,0.021,0.0,0.059,0.123,0.0,0.085,0.167,0.72,0.773,0.359,0.0,0.011,0.083,0.002,0.662,1.0,0.266,0.751,0.106,0.0,0.0,0.043,0.98,0.323,0.048,0.525,0.379,0.038,0.0,0.355,0.809,0.017,0.085,0.612,0.54,0.034,0.018,0.393,0.826,0.0,0.0,0.259,0.494,0.0,0.085,0.173,1.0,0.0,0.053,0.607,0.436,0.081,0.05,0.02,0.947,0.646,0.361,0.955,0.16,0.008,0
0.0,0.015,0.0,0.0,0.0,0.0,0.0,0.014,0.0,0.023,0.0,0.03,1.0,0.125,0.0,0.0,0.0,0.0,0.049,0.411,0.858,0.034,0.0,0.0,0.0,0.005,0.0,0.623,0.565,0.0,0.42,0.0,0.0,0.008,0.359,0.922,0.045,0.614,1.0,0.0,0.0,0.281,0.993,0.887,0.538,0.953,0.547,0.026,0.019,0.944,1.0,1.0,1.0,0.922,0.117,0.01,0.0,0.285,0.412,0.275,0.813,0.668,0.068,0.0,4
0.011,0.013,0.0,0.023,0.029,0.011,0.038,0.0,0.0,0.025,0.0,0.0,0.82,0.727,0.154,0.0,0.0,0.0,0.006,0.0,0.375,0.468,0.935,0.071,0.0,0.016,0.0,0.586,0.75,0.031,0.855,0.377,0.046,0.018,0.077,0.971,0.458,0.0,0.467,0.41,0.038,0.0,0.281,0.789,0.0,0.0,0.55,0.391,0.112,0.025,0.328,0.856,0.068,0.069,0.566,0.278,0.0,0.0,0.056,0.726,0.675,0.358,0.93,0.0,0
0.0,0.0,0.0,0.018,0.0,0.032,0.017,0.0,0.069,0.136,0.503,0.951,1.0,0.743,0.0,0.0,0.0,0.786,0.988,0.691,1.0,0.781,0.021,0.017,0.0,0.965,1.0,0.957,0.919,0.276,0.0,0.051,0.029,0.44,0.938,0.833,0.0,0.0,0.026,0.059,0.021,0.0,0.167,0.81,0.643,0.028,0.0,0.04,0.0,0.042,0.0,0.567,0.679,0.072,0.0,0.064,0.0,0.016,0.181,1.0,0.481,0.0,0.037,0.0,9
0.019,0.0,0.0,0.044,0.0,0.0,0.0,0.019,0.0,0.013,0.037,0.44,0.795,0.434,0.052,0.013,0.023,0.075,0.004,0.698,1.0,0.278,0.823,0.406,0.052,0.0,0.076,0.089,0.954,0.999,0.751,0.039,0.0,0.02,0.0,0.0,0.633,1.0,0.302,0.0,0.0,0.006,0.0,0.034,0.928,0.946,0.446,0.0,0.005,0.0,0.0,0.365,0.984,1.0,0.683,0.0,0.0,0.0,0.01,0.688,0.916,0.991,0.578,0.085,8
0.0,0.0,0.024,0.0,0.0,0.06,0.067,0.005,0.0,0.033,0.022,0.863,0.956,0.742,0.148,0.0,0.01,0.081,0.069,0.519,0.31,1.0,0.046,0.0,0.0,0.0,0.0,0.0,0.595,0.34,0.08,0.0,0.061,0.014,0.0,0.625,0.58,0.032,0.0,0.089,0.0,0.0,0.057,0.586,0.88,0.95,0.699,0.107,0.0,0.087,0.02,0.0,0.042,0.16,0.813,0.499,0.095,0.039,0.002,0.174,0.225,0.399,0.925,0.161,3
0.0,0.002,0.0,0.115,0.997,0.301,0.0,0.024,0.019,0.0,0.094,0.71,0.967,1.0,0.479,0.081,0.0,0.0,0.209,0.863,0.091,0.442,1.0,0.19,0.001,0.0,0.439,0.478,0.063,0.0,0.403,0.506,0.044,0.0,0.237,0.481,0.085,0.028,0.411,0.471,0.0,0.0,0.279,0.698,0.0,0.001,0.421,0.536,0.016,0.0,0.053,0.834,0.61,0.453,0.978,0.185,0.03,0.0,0.0,0.224,0.877,0.941,0.348,0.069,0
0.075,0.796,1.0,0.296,0.031,0.071,0.0,0.003,0.649,0.761,0.693,1.0,0.0,0.0,0.0,0.006,0.31,0.162,0.426,0.863,0.099,0.0,0.0,0.01,0.067,0.208,0.955,0.925,0.443,0.0,0.0,0.0,0.0,0.239,0.741,0.702,1.0,0.188,0.0,0.0,0.038,0.051,0.028,0.004,0.954,0.527,0.031,0.0,0.168,0.961,0.467,0.503,1.0,0.41,0.0,0.0,0.068,0.713,0.672,0.913,0.467,0.025,0.0,0.0,3
0.042,0.0,0.025,0.6,0.866,0.161,0.0,0.0,0.131,0.0,0.053,1.0,0.687,0.051,0.0,0.045,0.0,0.083,0.036,0.79,0.711,0.0,0.0,0.043,0.0,0.007,0.172,1.0,0.789,0.452,0.252,0.006,0.0,0.0,0.076,1.0,0.923,0.543,0.775,0.643,0.062,0.049,0.028,1.0,0.837,0.271,0.808,0.749,0.0,0.023,0.084,0.374,0.974,0.986,0.719,0.038,0.0,0.0,0.0,0.0,0.066,0.005,0.0,0.0,6
0.004,0.0,0.367,0.708,0.008,0.023,0.0,0.01,0.0,0.0,0.609,0.755,0.034,0.084,0.0,0.0,0.056,0.0,0.96,0.998,0.424,0.0,0.045,0.0,0.006,0.624,0.715,0.972,0.221,0.0,0.06,0.045,0.061,0.991,0.249,0.989,0.453,0.052,0.006,0.0,0.69,1.0,0.833,1.0,1.0,0.232,0.023,0.0,0.084,0.502,0.72,1.0,0.494,0.037,0.0,0.0,0.041,0.051,0.379,0.822,0.002,0.0,0.0,0.0,4
0.621,0.989,0.953,0.377,0.021,0.0,0.0,0.0,0.637,0.495,0.402,0.921,0.06,0.0,0.0,0.063,0.257,0.688,0.293,0.599,0.051,0.1,0.0,0.025,0.0,0.046,0.682,0.397,0.0,0.071,0.0,0.016,0.0,0.055,1.0,0.088,0.064,0.014,0.0,0.0,0.124,0.799,1.0,0.751,0.628,0.121,0.0,0.0,0.063,0.691,0.733,0.758,0.926,0.722,0.078,0.0,0.0,0.047,0.027,0.016,0.0,0.0,0.0,0.0,2
0.058,0.005,0.0,0.822,0.787,0.768,0.74,0.0,0.078,0.0,0.016,0.318,0.517,0.866,0.903,0.279,0.0,0.038,0.0,0.614,1.0,0.998,0.765,0.173,0.0,0.0,0.0,0.0,0.711,0.89,0.118,0.0,0.0,0.004,0.016,0.07,0.965,0.445,0.052,0.026,0.0,0.0,0.0,0.834,0.743,0.0,0.02,0.073,0.039,0.0,0.013,0.873,0.46,0.005,0.0,0.087,0.041,0.0,0.0,0.013,0.013,0.0,0.003,0.04,7
0.04,0.0,0.0,0.599,0.846,0.58,0.0,0.0,0.033,0.0,0.595,0.635,0.807,0.963,0.075,0.007,0.003,0.084,0.903,0.262,0.726,1.0,0.0,0.0,0.02,0.034,0.695,1.0,0.635,0.856,0.155,0.082,0.0,0.027,0.068,0.0,0.087,0.875,0.0,0.0,0.0,0.0,0.036,0.0,0.28,0.818,0.053,0.0,0.015,0.226,0.784,0.498,0.662,0.677,0.027,0.061,0.005,0.007,0.159,0.607,0.976,0.382,0.0,0.004,9
0.079,0.052,0.057,0.02,0.087,0.033,0.049,0.0,0.0,0.0,0.006,0.822,0.854,0.734,0.718,0.276,0.0,0.029,0.287,0.962,0.484,0.5,0.41,0.035,0.0,0.085,0.515,0.893,0.0,0.054,0.076,0.093,0.0,0.0,0.488,0.946,0.823,0.907,0.526,0.073,0.076,0.0,0.085,0.427,0.416,0.469,0.822,0.0,0.0,0.0,0.025,0.0,0.0,0.728,0.623,0.0,0.06,0.013,0.0,0.092,0.886,0.945,0.123,0.034,5
0.0,0.042,0.0,0.41,0.574,0.083,0.006,0.071,0.065,0.024,0.018,0.603,0.918,0.0,0.054,0.046,0.051,0.004,0.024,0.295,0.955,0.258,0.0,0.0,0.035,0.072,0.076,0.549,1.0,0.528,0.0,0.083,0.007,0.008,0.0,0.0,0.31,0.827,0.077,0.012,0.0,0.019,0.044,0.009,0.15,0.974,0.272,0.0,0.001,0.028,0.0,0.062,0.2,0.915,0.695,0.257,0.0,0.045,0.0,0.453,1.0,0.974,0.987,0.981,1
0.002,0.066,0.0,0.0,0.0,0.0,0.036,0.0,0.0,0.391,0.959,0.627,0.0,0.014,0.0,0.014,0.0,0.942,0.389,0.967,0.0,0.0,0.099,0.007,0.143,0.671,0.0,0.711,0.086,0.053,0.0,0.0,0.0,0.0,0.458,0.961,0.251,0.0,0.0,0.0,0.01,0.0,0.32,0.889,0.978,0.281,0.032,0.0,0.038,0.0,0.0,0.01,0.603,0.325,0.015,0.0,0.0,0.742,0.612,0.455,0.994,0.055,0.0,0.0,3
0.008,0.53,0.904,0.985,0.398,0.055,0.0,0.0,0.0,0.958,0.811,0.953,1.0,0.0,0.0,0.019,0.0,0.0,0.091,0.617,0.76,0.0,0.0,0.033,0.007,0.303,0.185,0.821,0.618,0.213,0.002,0.025,0.378,1.0,1.0,0.93,1.0,0.409,0.004,0.0,0.341,0.659,0.94,0.755,0.017,0.012,0.0,0.0,0.022,0.05,1.0,0.187,0.0,0.017,0.036,0.042,0.023,0.401,0.775,0.0,0.071,0.0,0.085,0.012,7
0.0,0.051,0.0,0.089,0.033,0.0,0.0,0.0,0.062,0.002,0.309,0.82,0.935,0.985,0.34,0.0,0.0,0.254,0.969,0.801,0.607,0.916,0.413,0.0,0.051,0.097,0.461,0.12,0.191,0.936,0.261,0.028,0.05,0.007,0.0,0.468,0.699,0.998,0.619,0.0,0.0,0.0,0.793,0.994,0.987,0.869,0.159,0.0,0.021,0.0,0.585,0.462,1.0,0.184,0.054,0.051,0.085,0.0,0.014,0.752,0.837,0.0,0.049,0.021,7
0.0,0.046,0.0,0.956,0.688,0.0,0.0,0.022,0.0,0.027,0.244,0.963,0.988,0.158,0.015,0.0,0.0,0.02,0.121,0.967,1.0,0.377,0.008,0.021,0.066,0.0,0.173,0.99,0.923,0.066,0.005,0.0,0.0,0.025,0.169,1.0,1.0,0.09,0.058,0.076,0.0,0.024,0.262,0.956,0.943,0.012,0.0,0.0,0.0,0.0,0.069,1.0,0.986,0.045,0.0,0.018,0.075,0.0,0.014,0.721,1.0,0.123,0.0,0.044,1
0.0,0.009,0.0,0.042,0.119,0.069,0.0,0.0,0.0,0.0,0.078,0.017,0.616,0.964,0.149,0.0,0.113,0.0,0.043,0.267,0.974,0.698,0.12,0.0,0.018,0.078,0.017,0.762,0.956,0.041,0.0,0.005,0.0,0.0,0.065,0.974,0.772,0.0,0.037,0.061,0.0,0.059,0.13,0.982,0.713,0.276,0.258,0.0,0.0,0.091,0.091,0.957,1.0,1.0,0.891,0.771,0.048,0.0,0.0,0.548,0.997,0.373,0.115,1.0,6
0.061,0.0,0.048,0.025,0.0,0.024,0.0,0.0,0.001,0.368,0.712,0.705,0.193,0.026,0.017,0.0,0.038,0.344,0.434,0.612,0.732,0.026,0.0,0.0,0.0,0.081,0.058,0.696,0.545,0.001,0.079,0.0,0.037,0.04,0.409,0.989,0.28,0.0,0.0,0.028,0.0,0.0,0.037,0.278,0.866,0.017,0.058,0.009,0.085,0.498,0.003,0.0,0.478,0.702,0.036,0.0,0.0,1.0,0.279,0.0,0.468,0.762,0.014,0.038,3
0.0,0.095,0.23,0.993,0.282,0.0,0.0,0.0,0.0,0.293,1.0,0.718,0.011,0.0,0.0,0.0,0.04,0.832,0.956,0.113,0.183,0.135,0.01,0.042,0.415,0.998,0.287,0.211,1.0,0.578,0.0,0.0,0.933,0.984,0.833,0.886,1.0,0.124,0.0,0.0,0.688,1.0,1.0,0.913,0.775,0.02,0.047,0.048,0.0,0.305,0.289,0.933,0.525,0.0,0.062,0.0,0.0,0.0,0.059,0.995,0.315,0.0,0.006,0.0,4
0.036,0.0,0.0,0.0,0.019,0.0,0.0,0.0,0.001,0.0,0.643,0.866,0.694,0.086,0.074,0.0,0.083,0.012,0.301,0.256,0.622,0.888,0.102,0.025,0.0,0.0,0.0,0.27,0.0,0.72,0.271,0.0,0.046,0.102,0.733,0.837,0.008,0.423,0.256,0.033,0.011,0.169,0.849,0.139,0.026,0.594,0.222,0.065,0.079,0.194,0.853,0.0,0.174,0.918,0.0,0.0,0.02,0.119,0.732,0.496,0.722,0.721,0.0,0.0,0
0.0,0.0,0.315,0.763,1.0,1.0,0.0,0.0,0.0,0.68,1.0,0.949,0.771,1.0,0.015,0.165,0.0,0.194,0.445,0.086,0.524,1.0,0.018,0.0,0.024,0.0,0.1,0.055,0.517,1.0,0.218,0.0,0.078,0.018,0.0,0.0,0.442,0.959,0.251,0.0,0.002,0.024,0.0,0.0,0.458,0.961,0.404,0.032,0.0,0.0,0.019,0.0,0.644,1.0,0.491,0.0,0.041,0.0,0.0,0.027,0.04,0.0,0.118,0.0,1
0.0,0.058,0.126,0.821,0.564,0.0,0.0,0.0,0.0,0.015,0.015,0.865,0.415,0.533,0.0,0.0,0.014,0.111,0.0,0.723,0.097,0.863,0.125,0.001,0.028,0.065,0.562,0.466,0.655,0.804,0.213,0.054,0.076,0.042,0.605,0.854,1.0,0.568,0.06,0.0,0.013,0.0,0.0,0.037,0.034,0.673,0.16,0.113,0.116,0.0,0.16,0.0,0.0,0.196,0.897,0.146,0.0,0.0,0.33,0.818,0.889,0.828,0.586,0.097,9
0.055,0.0,0.826,0.934,0.0,0.0,0.0,0.0,0.005,0.251,1.0,0.574,0.0,0.0,0.0,0.029,0.085,0.165,0.995,0.438,0.072,0.0,0.0,0.032,0.018,0.377,1.0,1.0,0.929,0.2,0.039,0.0,0.042,0.229,1.0,0.58,0.188,0.981,0.008,0.082,0.033,0.0,0.998,0.809,0.402,1.0,0.668,0.0,0.006,0.052,0.293,0.829,0.948,0.95,0.355,0.002,0.045,0.0,0.067,0.0,0.0,0.0,0.031,0.063,6
0.009,0.0,0.057,0.678,0.907,0.133,0.0,0.065,0.016,0.016,0.456,0.977,1.0,0.644,0.054,0.032,0.0,0.0,0.935,0.315,0.398,1.0,0.096,0.032,0.0,0.202,0.982,0.232,0.039,0.937,0.19,0.0,0.047,0.296,0.936,0.29,0.064,0.584,0.289,0.0,0.085,0.013,0.735,0.732,0.0,0.874,0.41,0.0,0.0,0.03,0.439,0.991,1.0,0.96,0.142,0.016,0.0,0.016,0.058,0.558,0.765,0.576,0.005,0.0,0
0.0,0.186,1.0,0.99,0.737,0.433,0.0,0.0,0.035,0.135,0.957,0.893,0.105,0.809,0.108,0.006,0.033,0.232,1.0,0.018,0.069,0.782,0.217,0.026,0.0,0.196,0.945,0.0,0.055,0.8,0.532,0.002,0.0,0.08,0.932,0.092,0.0,0.91,0.376,0.0,0.0,0.082,0.684,0.554,0.478,0.952,0.144,0.0,0.0,0.0,0.211,0.761,1.0,0.508,0.072,0.054,0.0,0.0,0.027,0.0,0.0,0.0,0.12,0.0,0
0.0,0.039,0.079,0.019,0.642,1.0,0.528,0.034,0.008,0.0,0.21,0.64,1.0,0.918,0.426,0.0,0.002,0.0,0.772,1.0,0.697,0.993,0.411,0.0,0.0,0.0,0.046,0.096,0.06,0.908,0.439,0.0,0.036,0.024,0.0,0.0,0.064,1.0,0.229,0.064,0.084,0.039,0.0,0.0,0.048,0.973,0.403,0.0,0.0,0.0,0.0,0.048,0.107,1.0,0.539,0.066,0.0,0.088,0.046,0.004,0.006,0.0,0.0,0.06,1
0.089,0.0,0.0,0.0,0.081,0.007,0.0,0.0,0.0,0.185,0.904,0.836,0.978,0.971,0.624,0.0,0.006,0.553,0.867,0.614,0.402,0.116,0.0,0.104,0.0,0.638,0.949,0.674,0.033,0.0,0.0,0.0,0.004,0.019,0.445,0.947,0.492,0.0,0.0,0.066,0.028,0.0,0.0,0.448,0.929,0.0,0.008,0.061,0.0,0.035,0.0,0.348,0.932,0.0,0.032,0.0,0.055,0.027,0.027,0.688,0.533,0.001,0.015,0.043,5
0.0,0.0,0.0,0.873,1.0,0.92,0.0,0.0,0.0,0.054,0.061,0.694,1.0,0.934,0.023,0.0,0.06,0.06,0.047,1.0,0.987,0.864,0.024,0.0,0.0,0.0,0.0,0.938,1.0,0.841,0.01,0.029,0.0,0.0,0.043,1.0,1.0,0.674,0.058,0.008,0.0,0.032,0.018,0.985,0.936,1.0,0.309,0.0,0.012,0.035,0.033,0.906,1.0,0.896,0.488,0.049,0.0,0.071,0.0,0.052,0.005,0.035,0.015,0.076,1
0.0,0.004,0.0,0.256,0.907,0.106,0.007,0.0,0.031,0.021,0.107,0.755,0.791,0.0,0.018,0.0,0.0,0.004,0.277,1.0,0.402,0.0,0.578,0.03,0.054,0.0,0.762,0.78,0.032,0.403,1.0,0.098,0.051,0.31,1.0,0.229,0.017,0.836,0.577,0.0,0.11,0.999,0.792,0.496,0.47,1.0,0.15,0.058,0.475,0.923,0.95,0.973,1.0,0.889,0.0,0.0,0.0,0.0,0.087,0.395,0.947,0.374,0.077,0.0,4
0.0,0.053,0.05,0.542,1.0,0.419,0.041,0.021,0.05,0.107,0.152,1.0,0.416,0.905,0.089,0.0,0.096,0.0,0.483,0.701,0.587,0.726,0.05,0.042,0.034,0.05,0.439,0.982,0.838,0.129,0.0,0.0,0.0,0.0,0.78,0.988,0.806,0.018,0.0,0.0,0.0,0.399,0.792,0.183,0.814,0.589,0.0,0.034,0.014,0.27,0.988,0.689,0.4,0.769,0.225,0.0,0.0,0.041,0.165,0.523,0.898,1.0,0.533,0.0,8
0.022,0.0,0.039,0.0,0.0,0.0,0.039,0.099,0.036,0.013,0.22,0.794,0.826,0.074,0.0,0.041,0.0,0.0,0.547,0.818,0.322,0.008,0.0,0.086,0.0,0.0,0.823,0.366,0.081,0.015,0.054,0.0,0.0,0.018,0.959,0.155,0.062,0.0,0.028,0.0,0.0,0.044,0.915,0.642,0.56,0.56,0.097,0.0,0.0,0.0,1.0,0.631,0.564,0.701,0.755,0.0,0.0,0.08,0.75,0.726,0.09,0.261,0.794,0.091,6
0.562,1.0,0.754,0.521,0.572,0.165,0.005,0.0,0.731,1.0,0.515,0.0,0.056,0.0,0.0,0.0,0.477,0.968,0.934,0.677,0.0,0.0,0.0,0.071,0.42,0.762,0.537,1.0,0.293,0.0,0.0,0.021,0.043,0.0,0.119,1.0,0.295,0.004,0.014,0.001,0.104,0.14,0.686,1.0,0.036,0.015,0.0,0.001,0.053,0.829,0.994,0.394,0.0,0.0,0.111,0.018,0.071,0.031,0.0,0.03,0.015,0.0,0.0,0.0,5
0.059,0.371,0.396,0.8,0.851,0.015,0.0,0.0,0.391,0.999,0.935,0.77,0.443,0.0,0.024,0.01,0.518,0.96,0.901,0.252,0.0,0.0,0.0,0.0,0.032,0.582,0.477,0.895,0.602,0.012,0.0,0.0,0.0,0.053,0.002,0.02,0.861,0.157,0.0,0.008,0.016,0.006,0.036,0.0,0.915,0.314,0.037,0.078,0.127,0.61,0.594,0.756,0.879,0.119,0.0,0.054,0.0,0.444,0.992,0.741,0.131,0.022,0.111,0.0,5
0.119,0.102,0.957,0.963,0.333,0.012,0.005,0.0,0.08,0.289,1.0,1.0,0.561,0.015,0.0,0.0,0.058,0.548,0.982,0.942,0.728,0.02,0.0,0.059,0.0,0.008,0.266,1.0,0.408,0.0,0.0,0.01,0.015,0.057,0.452,0.934,0.251,0.1,0.0,0.043,0.022,0.081,0.766,0.806,0.006,0.009,0.056,0.0,0.0,0.235,0.99,0.939,0.846,1.0,0.373,0.042,0.076,0.09,0.894,1.0,0.844,0.527,0.013,0.05,2
0.0,0.0,0.013,0.003,0.0,0.0,0.019,0.0,0.101,0.0,0.045,0.019,0.566,0.943,0.169,0.059,0.0,0.078,0.06,0.12,0.911,0.729,0.026,0.0,0.006,0.001,0.0,0.783,1.0,0.061,0.0,0.0,0.0,0.0,0.205,1.0,0.906,0.0,0.0,0.044,0.021,0.077,0.123,1.0,0.888,0.329,0.029,0.0,0.002,0.0,0.183,0.957,1.0,0.742,0.898,0.369,0.015,0.0,0.073,0.651,1.0,0.286,0.312,0.888,6
0.077,0.0,0.0,0.91,0.756,0.545,0.398,0.005,0.059,0.0,0.101,1.0,0.284,0.0,0.0,0.0,0.036,0.041,0.339,1.0,0.723,0.935,0.762,0.043,0.0,0.0,0.137,0.856,1.0,0.761,1.0,0.536,0.0,0.0,0.04,0.204,0.016,0.046,0.877,0.286,0.119,0.0,0.0,0.068,0.328,1.0,0.67,0.076,0.0,0.0,0.0,0.679,0.996,0.495,0.065,0.0,0.145,0.05,0.0,0.009,0.0,0.027,0.0,0.0,5
0.222,0.941,0.83,0.557,0.532,0.104,0.0,0.0,0.242,1.0,0.708,0.0,0.0,0.054,0.0,0.051,0.074,0.764,0.925,0.36,0.062,0.0,0.002,0.0,0.033,0.343,1.0,0.818,0.007,0.031,0.055,0.0,0.0,0.028,0.554,0.989,0.305,0.0,0.0,0.004,0.003,0.198,0.761,0.853,0.11,0.048,0.024,0.022,0.207,0.931,0.941,0.633,0.041,0.004,0.0,0.012,0.0,0.0,0.0,0.0,0.0,0.0,0.0,0.081,5
0.0,0.499,0.815,0.908,0.396,0.0,0.0,0.0,0.866,0.956,0.91,0.296,0.0,0.0,0.0,0.037,0.998,0.941,0.808,0.0,0.134,0.0,0.0,0.006,0.635,1.0,0.89,0.413,0.0,0.023,0.0,0.0,0.0,0.149,0.472,0.738,0.051,0.059,0.0,0.0,0.04,0.0,0.601,0.954,0.012,0.022,0.073,0.0,0.0,0.192,0.803,0.945,0.0,0.0,0.037,0.0,0.003,0.347,1.0,0.398,0.0,0.014,0.0,0.018,5
0.0,0.043,0.058,0.049,0.0,0.001,0.0,0.007,0.013,0.004,0.233,0.777,0.923,0.962,0.336,0.0,0.0,0.0,0.747,0.809,0.598,1.0,0.738,0.0,0.0,0.0,0.913,0.604,0.0,0.879,0.341,0.055,0.0,0.0,0.925,0.134,0.37,0.857,0.0,0.0,0.0,0.102,0.048,0.331,0.83,0.949,0.326,0.0,0.0,0.013,0.0,1.0,0.908,0.625,0.135,0.017,0.0,0.0,0.0,0.752,0.665,0.0,0.019,0.069,7
0.111,0.328,0.898,0.978,0.737,0.167,0.0,0.0,0.065,0.793,0.802,0.643,1.0,0.212,0.09,0.041,0.076,1.0,0.145,0.58,0.703,0.018,0.0,0.0,0.031,0.401,0.169,1.0,0.229,0.0,0.102,0.005,0.035,0.0,0.415,0.919,0.238,0.005,0.096,0.0,0.0,0.616,1.0,1.0,0.916,0.215,0.0,0.0,0.0,0.164,1.0,0.477,0.066,0.0,0.0,0.0,0.0,0.325,0.973,0.177,0.028,0.011,0.0,0.0,7
0.032,0.0,0.0,0.0,0.05,0.0,0.0,0.045,0.0,0.0,0.0,0.073,0.908,0.874,0.143,0.0,0.01,0.0,0.064,0.503,0.971,0.921,0.501,0.065,0.0,0.0,0.516,0.687,0.583,0.119,0.825,0.123,0.0,0.006,0.521,0.627,0.003,0.0,0.458,0.345,0.0,0.0,0.424,0.533,0.045,0.089,0.192,0.635,0.0,0.067,0.0,1.0,0.131,0.018,0.511,0.701,0.002,0.0,0.0,0.589,0.85,0.786,0.948,0.411,0
0.049,0.014,0.216,0.95,0.345,0.995,0.0,0.002,0.015,0.026,0.502,0.756,0.45,0.731,0.0,0.0,0.018,0.0,0.091,0.965,1.0,0.315,0.017,0.0,0.0,0.053,0.07,0.976,0.873,0.119,0.0,0.054,0.0,0.223,1.0,0.467,0.497,0.654,0.0,0.007,0.002,0.0,0.736,0.772,0.261,0.704,0.45,0.0,0.042,0.0,0.0,0.531,0.837,1.0,0.863,0.071,0.0,0.077,0.0,0.151,0.018,0.0,0.098,0.035,8
0.024,0.0,0.406,0.917,0.362,0.134,0.709,0.571,0.0,0.004,0.296,0.95,0.122,0.528,0.983,0.147,0.073,0.0,0.009,0.73,0.85,1.0,0.216,0.0,0.0,0.0,0.024,0.024,1.0,0.753,0.065,0.028,0.079,0.0,0.0,0.24,0.653,0.878,0.186,0.009,0.019,0.071,0.098,0.552,0.122,0.734,0.449,0.098,0.0,0.017,0.0,0.26,0.773,0.788,0.216,0.0,0.068,0.0,0.0,0.06,0.0,0.0,0.02,0.013,8
0.0,0.082,0.007,0.0,0.577,0.568,0.0,0.0,0.011,0.0,0.047,0.422,0.853,0.0,0.0,0.551,0.056,0.05,0.03,0.946,0.703,0.0,0.368,0.95,0.004,0.0,0.35,0.973,0.457,0.301,1.0,0.406,0.01,0.029,0.779,1.0,1.0,1.0,0.771,0.023,0.0,0.014,0.174,0.291,0.66,1.0,0.463,0.0,0.001,0.077,0.054,0.051,0.53,0.981,0.082,0.0,0.012,0.0,0.019,0.041,0.848,0.785,0.0,0.0,4
0.007,0.289,0.981,1.0,1.0,1.0,0.667,0.069,0.0,0.254,0.572,0.261,0.218,0.277,0.0,0.0,0.036,0.614,0.562,0.0,0.0,0.0,0.0,0.0,0.0,0.181,0.888,0.877,0.418,0.058,0.0,0.048,0.088,0.0,0.133,0.453,0.815,0.899,0.076,0.009,0.0,0.07,0.0,0.051,0.055,1.0,0.336,0.006,0.0,0.084,0.265,0.103,0.68,0.989,0.0,0.0,0.024,0.32,0.961,1.0,0.716,0.11,0.0,0.0,5
0.137,0.935,0.699,0.985,1.0,0.455,0.025,0.0,0.197,0.927,0.304,0.113,0.988,0.478,0.0,0.026,0.0,0.82,0.953,1.0,0.651,0.007,0.017,0.014,0.072,0.357,1.0,1.0,0.446,0.035,0.06,0.0,0.04,0.99,0.557,0.87,0.628,0.0,0.0,0.061,0.0,0.881,0.729,1.0,0.457,0.0,0.0,0.0,0.023,0.403,0.88,0.845,0.117,0.04,0.037,0.013,0.0,0.0,0.0,0.04,0.004,0.093,0.004,0.088,8
0.0,0.016,0.0,0.027,0.031,0.021,0.0,0.0,0.0,0.031,0.083,0.146,0.709,0.693,0.062,0.04,0.0,0.0,0.192,0.877,0.506,0.634,0.757,0.005,0.019,0.0,0.526,0.345,0.044,0.135,0.941,0.063,0.028,0.0,0.414,0.524,0.277,0.791,1.0,0.064,0.054,0.0,0.0,0.542,0.652,0.11,0.677,0.115,0.0,0.0,0.024,0.055,0.0,0.0,0.679,0.225,0.01,0.0,0.034,0.684,0.192,0.083,0.87,0.0,9
0.258,0.863,0.506,0.429,0.211,0.039,0.001,0.024,0.31,0.617,0.013,0.024,0.0,0.018,0.0,0.0,0.305,0.966,0.85,0.7,0.273,0.0,0.105,0.0,0.129,0.479,0.484,0.656,0.973,0.042,0.0,0.04,0.0,0.0,0.014,0.278,1.0,0.059,0.006,0.0,0.0,0.472,0.333,0.843,0.78,0.014,0.0,0.001,0.0,0.935,0.945,0.61,0.126,0.0,0.022,0.0,0.0,0.034,0.0,0.0,0.0,0.0,0.0,0.009,5
0.0,0.458,0.985,0.212,0.0,0.012,0.0,0.102,0.018,0.764,0.714,0.986,0.0,0.0,0.0,0.022,0.0,0.639,0.0,0.843,0.199,0.0,0.0,0.057,0.0,0.159,0.078,0.907,0.084,0.0,0.044,0.001,0.0,0.019,0.573,0.78,0.007,0.008,0.021,0.0,0.014,0.183,0.929,0.266,0.0,0.0,0.029,0.077,0.0,0.913,0.956,0.47,0.459,0.19,0.0,0.0,0.021,0.441,0.695,0.716,0.804,0.771,0.083,0.041,2
0.0,0.11,0.016,0.0,0.052,0.0,0.0,0.0,0.0,0.0,0.0,0.089,0.87,1.0,0.816,0.142,0.0,0.0,0.0,0.76,0.684,0.527,1.0,0.152,0.001,0.0,0.0,0.629,0.256,0.148,1.0,0.242,0.0,0.03,0.0,0.0,0.027,0.608,0.763,0.011,0.0,0.032,0.0,0.178,0.709,0.998,0.791,0.206,0.0,0.021,0.0,0.235,0.932,1.0,0.743,0.174,0.001,0.0,0.034,0.0,0.918,0.529,0.128,0.0,7
0.018,0.0,0.132,0.803,0.893,0.316,0.0,0.0,0.0,0.0,0.116,1.0,0.237,0.0,0.01,0.0,0.145,0.057,0.316,0.954,0.026,0.232,0.0,0.0,0.084,0.0,0.185,0.934,0.948,0.941,0.943,0.147,0.008,0.045,0.147,1.0,0.72,0.066,0.541,0.564,0.012,0.0,0.02,0.672,0.754,0.326,0.755,0.691,0.053,0.013,0.069,0.007,0.373,1.0,0.92,0.168,0.091,0.085,0.0,0.0,0.0,0.014,0.095,0.0,6
0.0,0.0,0.034,0.046,0.004,0.028,0.0,0.035,0.0,0.001,0.03,0.109,0.582,1.0,0.775,0.056,0.013,0.0,0.107,0.998,0.578,0.073,1.0,0.035,0.0,0.004,0.58,0.869,0.0,0.103,0.957,0.437,0.0,0.0,0.33,1.0,0.712,0.967,0.967,0.54,0.0,0.0,0.0,0.149,0.236,0.519,0.719,0.08,0.039,0.0,0.0,0.0,0.109,0.85,0.207,0.008,0.0,0.0,0.021,0.01,0.528,0.588,0.0,0.001,9
0.0,0.0,0.013,0.0,0.034,0.012,0.0,0.095,0.024,0.021,0.0,0.11,0.697,0.893,1.0,1.0,0.0,0.061,0.0,0.268,0.665,0.462,0.535,1.0,0.0,0.0,0.083,0.039,0.0,0.0,0.902,0.317,0.107,0.0,0.004,0.125,0.618,0.829,0.961,0.804,0.0,0.051,0.0,0.733,1.0,1.0,0.528,0.145,0.0,0.032,0.0,0.026,0.205,0.817,0.0,0.0,0.0,0.021,0.0,0.0,0.739,0.521,0.0,0.029,7
0.0,0.0,0.001,0.0,0.0,0.022,0.092,0.0,0.0,0.001,0.307,0.764,0.873,0.245,0.0,0.024,0.0,0.0,0.565,0.866,1.0,0.536,0.0,0.01,0.038,0.0,0.0,0.754,0.956,0.563,0.063,0.0,0.0,0.0,0.0,0.417,1.0,0.42,0.025,0.0,0.0,0.072,0.0,0.597,1.0,0.409,0.0,0.0,0.012,0.0,0.078,0.701,1.0,0.196,0.0,0.0,0.0,0.015,0.063,0.893,0.976,0.118,0.023,0.0,1
0.0,0.584,1.0,0.55,0.706,0.964,0.506,0.0,0.039,0.219,0.042,0.0,0.912,0.859,0.054,0.019,0.0,0.0,0.045,0.176,0.975,0.673,0.0,0.0,0.019,0.0,0.025,0.161,1.0,0.823,0.0,0.034,0.058,0.0,0.0,0.006,0.4,0.928,0.452,0.0,0.0,0.035,0.531,0.442,0.379,0.954,0.592,0.12,0.0,0.051,0.283,0.963,0.997,0.708,0.125,0.0,0.0,0.0,0.077,0.023,0.066,0.089,0.099,0.03,3
0.067,0.707,0.844,0.0,0.0,0.0,0.034,0.0,0.003,0.749,1.0,0.573,0.0,0.0,0.026,0.0,0.087,0.448,0.947,1.0,0.0,0.0,0.0,0.02,0.0,0.137,0.056,1.0,0.081,0.0,0.067,0.023,0.0,0.0,0.086,1.0,0.079,0.08,0.0,0.018,0.0,0.256,0.527,0.871,0.119,0.0,0.0,0.0,0.022,1.0,0.968,0.969,0.833,0.63,0.018,0.116,0.054,0.453,0.867,0.514,0.587,0.897,0.098,0.005,2
0.061,0.052,0.086,0.995,0.433,0.5,0.469,0.309,0.015,0.0,0.359,0.792,0.0,0.0,0.0,0.062,0.059,0.004,0.5,0.991,0.796,0.607,0.453,0.0,0.0,0.022,0.086,0.19,0.244,0.482,0.973,0.393,0.0,0.044,0.0,0.0,0.0,0.004,0.43,0.515,0.062,0.009,0.01,0.671,0.263,0.338,0.892,0.459,0.0,0.032,0.0,0.745,1.0,0.992,0.467,0.118,0.064,0.019,0.0,0.064,0.011,0.097,0.041,0.019,5
0.022,0.003,0.0,0.0,0.0,0.0,0.0,0.05,0.0,0.0,0.023,0.118,0.91,0.943,0.196,0.049,0.057,0.015,0.0,0.837,0.941,0.581,0.085,0.0,0.0,0.056,0.343,1.0,0.266,0.115,0.025,0.0,0.0,0.0,0.42,0.942,0.263,0.254,0.265,0.067,0.0,0.085,0.537,1.0,1.0,0.952,0.864,0.114,0.0,0.064,0.184,0.89,0.43,0.065,0.903,0.496,0.018,0.0,0.093,0.697,0.748,0.046,0.627,0.793,6
0.0,0.0,0.0,0.012,0.021,0.0,0.0,0.0,0.0,0.0,0.0,0.0,0.88,0.9,0.164,0.007,0.0,0.034,0.007,0.033,0.89,0.949,0.222,0.024,0.0,0.007,0.022,0.0,0.621,1.0,0.137,0.0,0.099,0.029,0.056,0.0,0.648,0.927,0.332,0.0,0.0,0.0,0.029,0.13,0.905,1.0,0.305,0.0,0.0,0.0,0.0,0.0,0.912,1.0,0.244,0.007,0.008,0.0,0.053,0.039,0.653,1.0,0.785,0.064,1
0.074,0.896,1.0,1.0,0.247,0.003,0.074,0.05,0.537,0.958,0.427,0.807,0.491,0.095,0.065,0.05,0.329,0.608,0.019,0.726,0.545,0.0,0.0,0.0,0.065,0.0,0.454,0.958,0.265,0.018,0.0,0.0,0.0,0.328,0.997,0.589,0.09,0.028,0.038,0.103,0.096,0.961,0.748,0.075,0.0,0.07,0.012,0.0,0.187,0.999,0.774,0.451,0.562,0.253,0.002,0.0,0.003,0.707,0.888,1.0,0.985,0.975,0.056,0.0,2
0.0,0.265,0.868,1.0,0.952,0.0,0.051,0.018,0.4,1.0,0.513,0.252,1.0,0.477,0.0,0.027,0.526,0.843,0.015,0.241,0.953,0.747,0.0,0.0,0.414,0.962,0.971,0.953,0.803,0.216,0.056,0.035,0.0,0.363,0.785,0.996,0.233,0.043,0.032,0.006,0.027,0.019,0.615,0.754,0.019,0.0,0.0,0.0,0.075,0.036,1.0,0.419,0.0,0.117,0.0,0.032,0.046,0.199,0.971,0.113,0.036,0.0,0.0,0.0,9
0.0,0.079,0.0,0.352,0.8,0.799,0.088,0.0,0.034,0.0,0.009,0.652,1.0,1.0,0.006,0.016,0.051,0.009,0.202,0.825,0.983,0.781,0.045,0.014,0.0,0.005,0.557,1.0,1.0,0.307,0.048,0.0,0.001,0.245,0.879,0.959,0.991,0.287,0.0,0.0,0.03,0.323,1.0,1.0,0.942,0.37,0.01,0.073,0.0,0.108,0.581,0.93,0.985,0.461,0.0,0.019,0.069,0.005,0.019,0.247,0.893,0.757,0.0,0.0,1
0.0,0.016,0.254,1.0,0.492,0.09,0.018,0.022,0.0,0.006,0.439,1.0,0.847,0.076,0.0,0.0,0.047,0.0,0.752,1.0,0.921,0.0,0.074,0.0,0.0,0.016,0.91,0.826,1.0,0.087,0.0,0.0,0.007,0.0,0.142,0.087,0.906,0.578,0.0,0.0,0.0,0.0,0.329,0.523,0.893,0.966,0.857,0.382,0.0,0.082,0.315,0.975,1.0,0.992,0.936,0.175,0.0,0.0,0.0,0.0,0.014,0.0,0.0,0.015,1
0.0,0.0,0.841,1.0,0.518,0.095,0.0,0.005,0.04,0.09,0.993,0.178,0.844,0.575,0.465,0.0,0.0,0.008,0.654,0.5,0.834,0.903,0.232,0.068,0.032,0.016,0.289,0.982,0.934,0.246,0.014,0.032,0.056,0.017,0.0,0.882,0.821,0.0,0.0,0.0,0.0,0.018,0.449,0.612,0.685,0.149,0.01,0.013,0.0,0.0,0.78,0.062,0.74,0.074,0.0,0.0,0.017,0.009,0.855,0.946,0.81,0.155,0.0,0.0,8
0.0,0.0,0.645,0.99,0.667,0.797,0.046,0.014,0.02,0.0,0.572,0.696,0.01,1.0,0.005,0.0,0.016,0.0,0.0,0.129,0.141,1.0,0.018,0.0,0.0,0.0,0.012,0.019,0.281,0.763,0.011,0.0,0.0,0.02,0.057,0.14,0.804,0.477,0.0,0.0,0.0,0.002,0.0,0.89,1.0,0.858,0.814,0.917,0.0,0.017,0.226,0.808,0.981,0.762,0.762,0.528,0.057,0.0,0.047,0.001,0.0,0.0,0.0,0.074,2
0.0,0.0,0.2,0.959,0.172,0.072,0.0,0.058,0.028,0.032,0.718,0.826,0.149,0.225,0.018,0.0,0.031,0.132,0.935,0.383,0.699,0.967,0.044,0.0,0.038,0.531,0.959,0.188,0.974,0.632,0.431,0.0,0.032,0.779,1.0,1.0,0.96,0.674,0.236,0.097,0.027,0.183,0.58,1.0,0.192,0.0,0.0,0.002,0.0,0.0,0.138,1.0,0.088,0.089,0.019,0.0,0.0,0.0,0.393,0.849,0.073,0.0,0.0,0.0,4
0.0,0.596,0.942,0.279,0.0,0.0,0.0,0.06,0.084,1.0,0.624,0.025,0.102,0.302,0.0,0.0,0.42,0.999,0.387,0.117,0.775,0.834,0.0,0.0,0.649,1.0,0.817,0.632,0.945,0.306,0.02,0.0,0.315,0.87,0.952,0.933,0.521,0.012,0.0,0.0,0.048,0.0,0.727,0.997,0.042,0.0,0.011,0.0,0.037,0.0,0.85,0.839,0.0,0.104,0.032,0.0,0.07,0.082,0.027,0.015,0.0,0.0,0.0,0.006,4
0.024,0.045,0.08,0.025,0.022,0.0,0.068,0.0,0.0,0.0,0.0,0.728,0.622,0.21,0.0,0.0,0.0,0.024,0.409,1.0,0.977,0.487,0.0,0.0,0.069,0.0,0.682,0.957,1.0,0.226,0.0,0.0,0.0,0.001,0.918,1.0,1.0,0.172,0.002,0.0,0.0,0.026,0.853,0.945,0.938,0.305,0.0,0.079,0.0,0.09,0.901,0.909,0.911,0.177,0.035,0.0,0.057,0.0,0.67,0.965,1.0,0.509,0.0,0.0,1
0.04,0.0,0.425,0.822,0.383,0.927,0.239,0.0,0.0,0.0,0.0,0.166,0.829,0.825,0.066,0.058,0.0,0.0,0.039,0.101,0.973,0.704,0.008,0.0,0.0,0.063,0.0,0.0,0.049,0.762,0.768,0.032,0.0,0.0,0.04,0.025,0.011,0.0,0.609,0.457,0.076,0.038,0.0,0.461,0.258,0.377,0.928,0.542,0.0,0.0,0.0,0.443,0.79,0.901,0.525,0.015,0.0,0.071,0.0,0.0,0.029,0.0,0.0,0.044,3
0.0,0.0,0.0,0.019,0.0,0.0,0.0,0.0,0.008,0.024,0.0,0.046,0.618,0.731,0.069,0.016,0.0,0.05,0.005,0.24,0.927,0.253,0.0,0.007,0.0,0.086,0.149,0.78,0.573,0.0,0.32,0.923,0.026,0.0,0.425,0.929,0.619,0.751,1.0,0.543,0.019,0.0,0.35,0.993,0.88,0.797,0.787,0.0,0.051,0.0,0.0,0.0,0.029,0.995,0.449,0.0,0.021,0.0,0.079,0.0,0.257,0.952,0.087,0.0,4
0.0,0.0,0.892,0.774,0.049,0.0,0.0,0.0,0.071,0.692,1.0,0.911,0.13,0.0,0.142,0.0,0.094,0.202,0.688,1.0,0.301,0.0,0.042,0.111,0.0,0.082,0.039,0.844,0.635,0.0,0.0,0.007,0.069,0.0,0.072,0.67,0.918,0.059,0.0,0.058,0.028,0.0,0.556,0.82,1.0,0.731,0.395,0.0,0.049,0.0,0.752,1.0,0.971,0.879,0.998,0.497,0.0,0.069,0.031,0.0,0.0,0.0,0.045,0.028,1
0.041,0.149,0.763,0.953,0.489,0.0,0.036,0.0,0.092,0.792,0.401,0.493,0.767,0.0,0.0,0.0,0.077,0.352,0.024,0.487,0.848,0.178,0.0,0.017,0.053,0.012,0.568,1.0,1.0,0.82,0.0,0.015,0.0,0.464,0.861,0.976,0.095,0.056,0.057,0.0,0.008,0.101,0.25,0.735,0.005,0.012,0.0,0.09,0.051,0.0,0.724,0.206,0.0,0.0,0.0,0.088,0.0,0.151,0.952,0.009,0.0,0.049,0.048,0.0,7
0.0,0.04,0.079,0.045,0.0,0.039,0.108,0.0,0.0,0.021,0.987,0.925,0.656,0.083,0.073,0.039,0.016,0.021,0.966,0.342,0.539,0.654,0.0,0.0,0.011,0.0,0.627,0.631,0.091,0.914,0.26,0.01,0.0,0.049,0.339,0.926,0.934,1.0,0.117,0.0,0.144,0.065,0.0,0.309,0.743,0.089,0.0,0.0,0.01,0.0,0.124,0.08,0.387,0.374,0.0,0.047,0.061,0.088,0.0,0.0,0.032,0.695,0.003,0.0,9
0.0,0.038,0.0,0.0,0.746,1.0,0.407,0.034,0.0,0.003,0.001,0.608,1.0,1.0,0.213,0.029,0.0,0.068,0.578,1.0,1.0,0.976,0.311,0.032,0.06,0.292,0.997,0.39,0.5,1.0,0.335,0.0,0.012,0.043,0.212,0.036,0.719,0.984,0.057,0.0,0.0,0.064,0.0,0.0,0.444,0.987,0.056,0.0,0.004,0.0,0.001,0.0,0.228,1.0,0.075,0.058,0.013,0.0,0.067,0.036,0.019,0.053,0.0,0.036,1
0.0,0.274,1.0,0.112,0.0,0.054,0.04,0.0,0.061,0.127,0.82,0.43,0.0,0.0,0.0,0.085,0.044,0.053,0.839,0.683,0.0,0.073,0.0,0.0,0.068,0.164,1.0,0.956,0.191,0.058,0.0,0.0,0.033,0.064,0.592,0.965,0.404,0.0,0.024,0.0,0.0,0.019,0.086,0.372,0.859,0.017,0.0,0.054,0.0,0.016,0.594,0.699,0.978,0.301,0.281,0.017,0.0,0.15,0.902,1.0,1.0,1.0,0.968,0.061,1
0.505,1.0,0.793,0.464,0.455,0.155,0.0,0.0,0.174,1.0,0.249,0.044,0.0,0.0,0.0,0.0,0.054,0.962,0.615,0.0,0.0,0.082,0.027,0.009,0.018,0.791,1.0,0.181,0.0,0.014,0.0,0.03,0.0,0.073,0.863,0.589,0.014,0.0,0.012,0.0,0.161,0.583,0.958,0.608,0.024,0.0,0.065,0.0,0.189,0.956,0.92,0.137,0.0,0.0,0.029,0.0,0.0,0.037,0.0,0.0,0.086,0.0,0.0,0.01,5
0.018,0.097,0.086,0.038,0.093,0.032,0.0,0.013,0.009,0.0,0.0,0.008,0.092,0.795,1.0,0.625,0.0,0.085,0.102,0.248,1.0,0.724,0.554,1.0,0.0,0.077,0.254,0.92,0.536,0.412,0.699,0.925,0.0,0.0,0.282,1.0,1.0,0.949,1.0,0.751,0.0,0.002,0.0,0.445,0.533,0.398,1.0,0.063,0.0,0.035,0.0,0.0,0.038,0.51,0.865,0.052,0.028,0.0,0.0,0.003,0.042,0.879,0.612,0.0,9
0.065,0.0,0.569,0.681,0.546,0.305,0.0,0.075,0.02,0.903,0.384,0.073,0.849,0.563,0.016,0.073,0.139,0.712,0.225,0.803,0.521,0.657,0.0,0.0,0.0,0.898,0.735,0.304,0.297,0.54,0.085,0.0,0.0,0.0,0.007,0.0,0.279,0.514,0.0,0.038,0.029,0.217,0.236,0.057,0.513,0.333,0.0,0.0,0.0,0.793,0.353,0.183,0.644,0.055,0.0,0.0,0.0,0.19,0.873,0.984,0.086,0.0,0.0,0.118,9
0.014,0.178,0.9,0.724,0.715,0.997,0.289,0.099,0.046,0.025,1.0,0.062,0.637,0.506,0.0,0.0,0.0,0.029,0.119,0.385,1.0,0.294,0.028,0.013,0.065,0.0,0.155,0.963,1.0,0.925,0.0,0.0,0.0,0.007,0.429,0.98,0.135,0.0,0.0,0.009,0.0,0.049,0.403,0.818,0.0,0.071,0.0,0.0,0.0,0.0,0.684,0.425,0.0,0.019,0.05,0.0,0.02,0.027,0.0,0.0,0.0,0.11,0.001,0.036,7
0.018,0.0,0.048,0.001,0.0,0.0,0.0,0.047,0.054,0.737,0.907,0.306,0.0,0.049,0.0,0.0,0.325,1.0,1.0,0.908,0.196,0.092,0.0,0.0,0.235,1.0,1.0,1.0,0.628,0.05,0.035,0.058,0.131,0.393,0.99,0.875,0.994,0.0,0.0,0.0,0.041,0.019,0.075,0.031,0.971,0.215,0.005,0.013,0.0,0.012,0.0,0.03,0.852,0.431,0.0,0.0,0.059,0.03,0.16,0.5,0.91,0.634,0.041,0.0,9
0.0,0.169,0.868,0.715,0.728,0.717,0.027,0.003,0.046,0.233,1.0,0.069,0.307,1.0,0.176,0.0,0.046,0.102,1.0,0.363,0.405,1.0,0.39,0.0,0.024,0.04,0.499,1.0,0.978,1.0,0.617,0.036,0.061,0.0,0.0,0.01,0.0,0.83,0.586,0.0,0.0,0.067,0.145,0.241,0.404,0.971,0.303,0.064,0.041,0.0,0.452,0.958,0.793,0.413,0.034,0.071,0.05,0.0,0.032,0.0,0.04,0.0,0.0,0.0,9
0.027,0.0,0.0,0.015,0.565,0.733,0.0,0.033,0.054,0.066,0.0,0.088,0.917,0.568,0.06,0.005,0.047,0.0,0.0,0.671,0.961,0.096,0.226,0.501,0.0,0.03,0.348,0.997,0.197,0.0,0.826,0.656,0.0,0.042,0.751,0.961,0.206,0.735,1.0,0.25,0.025,0.0,0.515,1.0,0.971,0.97,0.633,0.0,0.0,0.042,0.085,0.388,0.623,0.948,0.482,0.0,0.003,0.027,0.0,0.026,0.581,1.0,0.241,0.068,4
0.014,0.0,0.138,0.755,0.345,0.595,0.993,0.515,0.0,0.044,0.345,0.767,0.164,0.828,1.0,0.0,0.0,0.03,0.185,0.842,1.0,0.809,1.0,0.052,0.0,0.062,0.0,0.011,0.0,0.059,0.979,0.035,0.145,0.0,0.075,0.13,0.037,0.0,0.841,0.0,0.0,0.0,0.278,0.93,0.478,0.189,0.931,0.051,0.0,0.0,0.071,0.217,0.638,0.957,0.972,0.0,0.0,0.0,0.0,0.013,0.042,0.0,0.0,0.0,9
0.0,0.056,0.033,0.083,0.24,0.887,0.0,0.207,0.0,0.0,0.0,0.0,0.867,0.518,0.083,1.0,0.0,0.003,0.037,0.267,1.0,0.161,0.293,0.916,0.0,0.0,0.4,0.973,1.0,1.0,0.946,0.55,0.036,0.0,0.909,0.81,0.874,0.919,0.975,0.134,0.05,0.082,0.0,0.0,0.0,0.759,0.706,0.007,0.0,0.0,0.009,0.075,0.199,0.988,0.305,0.0,0.0,0.033,0.0,0.059,0.001,0.0,0.0,0.0,4
0.0,0.539,0.989,0.822,0.015,0.081,0.0,0.059,0.545,1.0,0.574,0.624,0.451,0.0,0.0,0.062,0.752,0.596,0.015,0.48,0.593,0.0,0.0,0.0,0.105,0.283,0.006,0.691,0.644,0.001,0.019,0.0,0.066,0.047,0.044,0.785,0.567,0.0,0.019,0.0,0.0,0.0,0.201,1.0,0.153,0.027,0.0,0.0,0.0,0.241,0.904,0.995,0.499,0.305,0.053,0.0,0.0,0.392,1.0,1.0,0.993,1.0,0.74,0.047,2
0.026,0.0,0.003,0.01,0.0,0.054,0.07,0.049,0.006,0.245,1.0,0.614,0.0,0.039,0.09,0.0,0.016,0.0,0.98,1.0,0.393,0.042,0.0,0.0,0.036,0.032,0.853,0.945,0.589,0.016,0.06,0.05,0.018,0.021,0.755,1.0,0.664,0.0,0.125,0.075,0.023,0.0,0.678,0.976,0.32,0.091,0.0,0.0,0.057,0.174,1.0,0.983,0.103,0.0,0.0,0.031,0.0,0.285,1.0,1.0,0.033,0.01,0.0,0.0,1
0.0,0.056,0.352,0.869,0.968,0.265,0.017,0.0,0.0,0.255,1.0,0.726,0.908,0.52,0.037,0.0,0.0,0.0,0.277,0.017,0.917,0.397,0.037,0.0,0.0,0.0,0.0,0.123,0.984,0.305,0.102,0.011,0.023,0.085,0.245,0.844,1.0,0.972,0.429,0.0,0.042,0.01,0.938,0.969,0.412,0.036,0.0,0.066,0.001,0.0,0.39,1.0,0.0,0.055,0.022,0.002,0.04,0.0,0.393,0.558,0.035,0.0,0.061,0.0,7
0.022,0.052,0.0,0.005,0.0,0.0,0.0,0.0,0.079,0.0,0.0,0.524,1.0,0.936,0.487,0.048,0.0,0.017,0.0,1.0,0.949,0.684,0.508,0.0,0.01,0.0,0.079,0.992,0.613,0.0,0.092,0.048,0.0,0.11,0.385,1.0,0.68,0.382,0.02,0.052,0.0,0.0,0.105,0.698,1.0,0.934,0.657,0.0,0.038,0.0,0.0,0.011,0.058,0.456,1.0,0.017,0.043,0.0,0.0,0.639,0.384,0.827,0.887,0.0,5
0.004,0.005,0.0,0.037,0.001,0.041,0.035,0.11,0.0,0.041,0.0,0.372,0.763,0.906,0.299,0.009,0.0,0.05,0.0,0.437,1.0,1.0,0.767,0.03,0.04,0.071,0.052,0.444,1.0,0.92,0.211,0.0,0.0,0.026,0.003,0.438,1.0,0.256,0.034,0.014,0.0,0.016,0.05,0.327,1.0,0.066,0.0,0.0,0.002,0.029,0.0,0.485,0.975,0.422,0.0,0.0,0.03,0.022,0.046,0.725,0.702,0.842,0.0,0.0,8
0.297,0.938,0.553,1.0,0.0,0.059,0.0,0.0,0.14,0.515,0.281,1.0,0.027,0.0,0.029,0.093,0.0,0.259,0.917,1.0,0.459,0.0,0.0,0.0,0.093,0.086,0.472,0.527,0.973,0.29,0.0,0.0,0.384,0.456,0.041,0.0,0.695,0.516,0.0,0.0,0.044,1.0,0.309,0.414,0.882,0.276,0.02,0.0,0.026,0.452,0.936,1.0,0.635,0.0,0.062,0.07,0.0,0.0,0.0,0.004,0.0,0.0,0.0,0.013,3
0.0,0.069,0.911,1.0,1.0,1.0,0.298,0.031,0.0,0.425,0.956,0.982,0.779,0.617,0.054,0.0,0.011,0.881,1.0,0.219,0.0,0.0,0.099,0.053,0.085,0.326,1.0,0.687,0.045,0.0,0.0,0.03,0.022,0.051,0.651,1.0,0.363,0.0,0.03,0.0,0.1,0.006,0.048,0.966,0.657,0.116,0.037,0.0,0.0,0.078,0.292,0.867,0.768,0.042,0.002,0.031,0.0,0.172,0.92,1.0,0.436,0.0,0.011,0.044,5
0.0,0.022,0.0,0.0,0.0,0.0,0.027,0.091,0.0,0.231,0.874,0.871,0.723,0.58,0.046,0.0,0.022,0.72,0.911,0.99,1.0,1.0,0.62,0.006,0.023,0.669,0.947,0.63,0.005,0.014,0.0,0.0,0.084,0.162,0.929,1.0,0.451,0.0,0.0,0.003,0.046,0.0,0.214,0.753,0.841,0.0,0.055,0.0,0.031,0.0,0.0,0.508,0.958,0.031,0.067,0.059,0.011,0.059,0.032,0.647,0.717,0.0,0.071,0.0,5
0.017,0.496,0.914,0.547,0.0,0.054,0.004,0.014,0.05,1.0,0.633,0.965,0.576,0.064,0.017,0.0,0.113,0.363,0.062,0.938,1.0,0.02,0.0,0.0,0.119,0.468,0.531,0.996,0.896,0.0,0.051,0.0,0.0,0.417,0.27,0.771,0.316,0.158,0.059,0.052,0.0,0.0,0.0,0.535,0.808,0.065,0.003,0.051,0.0,0.075,0.079,0.089,0.939,0.26,0.0,0.03,0.0,0.546,0.837,0.754,0.632,0.052,0.0,0.0,9
0.029,0.026,0.782,0.652,0.391,0.815,0.074,0.0,0.0,0.019,0.569,0.162,0.245,0.687,0.025,0.055,0.08,0.0,0.0,0.0,0.401,0.665,0.0,0.0,0.0,0.0,0.0,0.0,0.856,0.486,0.045,0.0,0.034,0.0,0.0,0.15,0.972,0.0,0.021,0.062,0.095,0.0,0.019,0.808,0.889,0.64,0.038,0.0,0.0,0.005,0.317,1.0,0.475,0.634,0.644,0.005,0.012,0.004,0.047,0.0,0.0,0.022,0.0,0.081,2
0.072,0.02,0.001,0.0,0.008,0.0,0.021,0.0,0.013,0.0,0.045,0.66,0.931,0.939,0.805,0.0,0.0,0.079,0.187,0.973,0.886,0.779,0.265,0.0,0.0,0.0,0.488,0.972,0.225,0.0,0.0,0.023,0.013,0.0,0.239,0.955,0.72,0.343,0.021,0.044,0.012,0.041,0.0,0.509,0.918,1.0,0.815,0.155,0.034,0.008,0.0,0.096,0.062,0.438,0.872,0.731,0.0,0.115,0.006,0.024,0.358,0.825,0.941,0.574,5
0.026,0.0,0.33,1.0,0.938,0.665,0.079,0.0,0.0,0.0,0.401,0.52,0.263,0.891,0.059,0.0,0.0,0.06,0.0,0.094,0.543,0.971,0.31,0.0,0.0,0.038,0.0,0.09,0.584,1.0,0.797,0.034,0.002,0.01,0.006,0.016,0.022,0.137,0.841,0.413,0.0,0.104,0.047,0.609,0.631,0.226,0.699,0.812,0.024,0.0,0.0,0.599,0.934,0.959,0.926,0.417,0.0,0.053,0.0,0.046,0.0,0.0,0.086,0.0,3
0.007,0.015,0.165,0.784,0.999,0.958,0.175,0.0,0.0,0.133,1.0,1.0,0.743,0.881,0.305,0.0,0.0,0.471,0.804,0.056,0.575,0.98,0.095,0.0,0.0,0.316,0.313,0.166,0.981,0.28,0.009,0.0,0.092,0.005,0.0,0.722,0.716,0.005,0.0,0.029,0.0,0.0,0.151,1.0,0.241,0.112,0.171,0.031,0.05,0.0,0.255,1.0,0.792,0.806,0.434,0.021,0.0,0.0,0.0,0.828,0.999,0.554,0.0,0.001,2
0.74,0.653,0.308,0.474,0.851,0.016,0.005,0.0,0.446,0.251,0.09,0.754,0.515,0.024,0.0,0.026,0.0,0.22,0.923,0.833,0.129,0.0,0.0,0.009,0.0,0.127,0.177,0.455,0.813,0.257,0.034,0.032,0.026,0.0,0.0,0.028,0.441,0.757,0.065,0.028,0.0,0.069,0.0,0.049,0.631,0.65,0.0,0.0,0.067,0.713,0.951,0.948,0.492,0.145,0.02,0.06,0.015,0.0,0.0,0.0,0.015,0.057,0.03,0.046,3
0.046,0.061,0.0,0.592,0.952,0.954,0.691,0.181,0.017,0.0,0.06,0.519,0.35,0.527,1.0,0.574,0.059,0.024,0.0,0.0,0.0,0.902,0.877,0.011,0.006,0.063,0.0,0.0,0.706,0.843,0.0,0.0,0.0,0.051,0.047,0.0,0.34,0.927,0.332,0.0,0.044,0.072,0.098,0.0,0.089,0.673,0.949,0.0,0.054,0.087,0.0,0.0,0.225,0.458,0.963,0.221,0.096,0.011,0.082,0.351,0.689,0.933,0.562,0.029,3
0.023,0.0,0.0,0.041,0.093,0.0,0.085,0.02,0.048,0.017,0.0,0.422,0.958,0.376,0.0,0.0,0.0,0.0,0.058,0.12,0.878,0.856,0.255,0.019,0.005,0.0,0.0,0.025,0.321,0.98,0.422,0.0,0.014,0.0,0.0,0.075,0.34,1.0,0.562,0.171,0.0,0.001,0.407,0.857,1.0,0.983,0.739,0.242,0.0,0.065,0.298,0.376,0.78,0.615,0.049,0.009,0.0,0.011,0.015,0.288,0.918,0.074,0.011,0.029,7
0.0,0.019,0.005,0.0,0.0,0.0,0.0,0.018,0.057,0.058,0.117,0.482,0.812,0.854,0.149,0.0,0.0,0.0,0.533,0.775,0.063,0.357,0.637,0.0,0.09,0.0,0.81,0.321,0.025,0.576,1.0,0.007,0.052,0.01,0.469,0.68,0.519,0.826,0.953,0.084,0.0,0.08,0.08,0.099,0.216,0.056,0.815,0.235,0.007,0.006,0.0,0.043,0.0,0.0,0.872,0.117,0.004,0.085,0.017,0.424,0.0,0.375,0.935,0.029,9
0.016,0.0,0.021,0.0,0.046,0.0,0.019,0.033,0.0,0.0,0.253,0.817,0.102,0.0,0.0,0.041,0.063,0.0,0.867,0.602,0.062,0.112,0.0,0.0,0.009,0.295,0.92,0.115,0.0,0.02,0.0,0.0,0.045,0.507,0.46,0.01,0.02,0.0,0.012,0.002,0.0,0.839,0.525,0.161,0.379,0.126,0.042,0.0,0.0,0.751,1.0,0.811,0.675,0.727,0.0,0.007,0.019,0.747,0.911,0.277,0.296,0.935,0.19,0.0,6
0.0,0.02,0.0,0.012,0.064,0.0,0.067,0.076,0.0,0.015,0.079,0.526,1.0,0.658,0.199,0.0,0.0,0.034,0.697,0.637,0.075,0.693,0.321,0.035,0.124,0.0,0.839,0.491,0.405,0.94,0.415,0.0,0.0,0.054,0.35,0.705,0.843,0.94,0.262,0.03,0.0,0.0,0.0,0.0,0.044,0.734,0.343,0.0,0.021,0.329,0.368,0.0,0.0,0.882,0.382,0.018,0.032,0.05,0.725,0.581,0.204,1.0,0.226,0.053,9
0.037,0.004,0.006,0.801,1.0,0.802,0.029,0.004,0.0,0.0,0.731,1.0,0.885,0.804,0.04,0.049,0.0,0.644,0.933,0.662,0.836,0.879,0.0,0.076,0.023,0.212,0.469,0.0,0.687,0.857,0.0,0.013,0.038,0.021,0.04,0.024,0.652,0.854,0.022,0.0,0.0,0.0,0.052,0.0,0.935,0.809,0.0,0.0,0.0,0.007,0.062,0.103,0.833,0.915,0.006,0.041,0.022,0.0,0.0,0.129,0.121,0.018,0.02,0.0,1
0.0,0.07,0.909,0.581,0.0,0.075,0.0,0.0,0.0,0.46,1.0,0.129,0.0,0.0,0.0,0.011,0.0,1.0,0.421,0.015,0.019,0.022,0.0,0.0,0.198,0.925,0.46,0.36,0.356,0.0,0.07,0.0,0.097,0.939,0.854,0.517,0.777,0.687,0.035,0.005,0.0,0.478,0.778,0.43,0.401,0.869,0.195,0.0,0.0,0.0,0.314,0.7,0.877,0.769,0.169,0.0,0.01,0.012,0.162,0.059,0.058,0.0,0.075,0.0,6
0.0,0.024,0.04,0.034,0.581,0.619,0.0,0.0,0.061,0.0,0.032,0.441,1.0,0.374,0.015,0.073,0.008,0.0,0.007,0.887,0.805,0.107,0.001,0.0,0.02,0.043,0.0,0.966,0.414,0.124,0.008,0.0,0.004,0.0,0.302,1.0,0.945,0.739,0.539,0.0,0.0,0.005,0.076,0.937,0.772,0.253,0.669,0.682,0.032,0.0,0.04,0.546,0.911,0.253,0.485,0.826,0.0,0.0,0.016,0.027,0.302,0.716,0.848,0.595,6
0.0,0.012,0.119,0.581,0.605,0.008,0.0,0.021,0.0,0.0,0.606,0.929,0.27,0.016,0.0,0.0,0.0,0.096,1.0,0.325,0.103,0.0,0.034,0.02,0.0,0.198,1.0,0.073,0.226,0.864,0.188,0.0,0.0,0.248,0.965,0.78,0.884,1.0,0.319,0.028,0.008,0.0,0.04,0.379,0.984,0.598,0.007,0.042,0.0,0.011,0.031,0.168,1.0,0.214,0.047,0.0,0.011,0.002,0.0,0.66,0.856,0.044,0.0,0.07,4
0.03,0.24,0.984,0.983,0.984,0.711,0.0,0.053,0.014,0.0,0.718,0.686,0.063,0.356,0.053,0.0,0.0,0.019,0.744,0.833,0.645,0.145,0.0,0.0,0.019,0.0,0.012,0.499,0.734,0.773,0.0,0.0,0.0,0.007,0.024,0.0,0.528,0.869,0.0,0.017,0.086,0.0,0.292,0.464,0.992,0.356,0.0,0.0,0.006,0.042,0.538,0.887,0.327,0.0,0.068,0.034,0.016,0.0,0.011,0.0,0.0,0.0,0.0,0.069,5
0.003,0.0,0.052,0.702,0.144,0.0,0.0,0.041,0.0,0.0,0.544,0.978,0.0,0.0,0.0,0.0,0.0,0.13,1.0,0.323,0.055,0.16,0.157,0.0,0.004,0.4,0.934,0.21,0.0,0.822,0.605,0.006,0.092,0.596,0.995,0.495,1.0,0.916,0.026,0.061,0.0,0.203,0.498,0.719,0.91,0.0,0.0,0.002,0.004,0.0,0.0,0.867,0.564,0.021,0.032,0.0,0.0,0.025,0.18,1.0,0.43,0.0,0.068,0.011,4
0.072,0.338,0.925,0.239,0.094,0.02,0.015,0.023,0.062,0.913,0.709,0.014,0.0,0.0,0.0,0.06,0.407,1.0,0.163,0.203,0.0,0.0,0.012,0.014,0.837,0.688,0.405,0.795,0.054,0.032,0.0,0.0,0.909,1.0,0.893,0.951,0.836,0.215,0.046,0.105,0.255,0.543,0.851,0.965,0.434,0.029,0.0,0.0,0.0,0.031,0.667,0.848,0.019,0.0,0.0,0.009,0.045,0.025,0.053,0.0,0.012,0.0,0.0,0.0,4
0.001,0.0,0.0,0.0,0.0,0.0,0.001,0.019,0.037,0.0,0.301,0.853,0.159,0.0,0.026,0.044,0.0,0.138,0.993,0.235,0.0,0.102,0.0,0.0,0.04,0.421,0.761,0.0,0.0,0.819,0.0,0.029,0.193,0.992,0.106,0.076,0.642,0.572,0.019,0.073,0.619,0.822,0.064,0.18,0.904,0.253,0.027,0.0,0.774,0.988,1.0,1.0,0.732,0.0,0.008,0.001,0.25,0.837,0.874,0.971,0.265,0.0,0.039,0.0,4
0.0,0.039,0.0,0.6,0.966,0.965,0.809,0.153,0.066,0.0,0.281,0.91,0.3,0.333,0.921,0.43,0.0,0.0,0.0,0.076,0.0,0.061,1.0,0.396,0.044,0.006,0.083,0.0,0.043,0.541,0.99,0.0,0.021,0.013,0.083,0.016,0.009,0.64,0.929,0.016,0.0,0.031,0.03,0.034,0.04,0.223,1.0,0.467,0.0,0.03,0.103,0.076,0.104,0.805,0.713,0.0,0.034,0.013,0.048,0.919,0.779,0.431,0.068,0.0,3
0.0,0.052,0.0,0.562,0.926,0.069,0.0,0.0,0.0,0.0,0.0,0.936,0.464,0.0,0.074,0.0,0.076,0.0,0.024,0.986,0.306,0.0,0.0,0.051,0.0,0.029,0.015,0.985,0.295,0.665,0.571,0.222,0.0,0.0,0.0,0.823,1.0,0.798,0.548,0.891,0.0,0.016,0.039,0.464,0.928,0.064,0.025,0.927,0.038,0.042,0.031,0.031,0.678,1.0,1.0,0.787,0.066,0.0,0.0,0.0,0.059,0.0,0.019,0.054,6
0.004,0.088,0.0,0.755,0.786,0.0,0.411,0.032,0.0,0.0,0.066,0.974,0.221,0.611,0.833,0.073,0.08,0.058,0.501,0.662,0.343,1.0,0.091,0.093,0.003,0.013,0.709,0.645,0.774,0.9,0.711,0.631,0.0,0.004,0.639,1.0,1.0,0.926,0.506,0.135,0.031,0.022,0.012,0.524,0.961,0.0,0.08,0.001,0.06,0.008,0.0,0.332,0.927,0.07,0.03,0.032,0.113,0.0,0.0,0.042,0.0,0.019,0.0,0.0,4
0.009,0.0,0.067,0.046,0.036,0.0,0.001,0.036,0.0,0.0,0.064,0.673,0.606,0.105,0.066,0.0,0.0,0.0,0.478,0.938,0.404,0.064,0.03,0.014,0.07,0.169,1.0,0.537,0.264,0.621,0.0,0.049,0.0,0.641,0.851,0.0,0.663,1.0,0.0,0.007,0.0,0.73,0.85,0.308,0.882,0.989,0.479,0.0,0.05,0.104,0.841,0.818,0.979,0.655,0.193,0.028,0.021,0.011,0.0,0.642,0.725,0.0,0.027,0.0,4
0.07,0.005,0.103,0.512,0.908,0.009,0.037,0.082,0.0,0.0,0.051,0.832,0.499,0.0,0.095,0.0,0.084,0.025,0.442,0.849,0.019,0.586,0.661,0.0,0.0,0.034,0.979,0.407,0.0,0.958,0.643,0.008,0.0,0.502,0.937,0.0,0.397,0.968,0.113,0.0,0.0,0.602,0.981,0.573,1.0,0.82,0.044,0.0,0.0,0.325,0.948,0.859,0.975,0.351,0.0,0.0,0.0,0.026,0.0,0.497,0.996,0.146,0.002,0.0,4
0.0,0.021,0.041,0.129,0.0,0.009,0.0,0.0,0.0,0.0,0.0,0.0,0.353,0.875,0.083,0.0,0.034,0.0,0.02,0.081,0.898,0.682,0.044,0.041,0.0,0.042,0.0,0.067,1.0,0.279,0.0,0.0,0.0,0.0,0.041,0.691,0.816,0.061,0.019,0.021,0.018,0.0,0.0,0.677,1.0,0.895,0.231,0.0,0.008,0.0,0.0,0.683,0.678,0.273,0.877,0.017,0.027,0.068,0.014,0.307,0.814,0.429,0.997,0.011,6
0.005,0.0,0.0,0.012,0.0,0.045,0.159,0.0,0.0,0.647,0.382,0.678,0.926,0.068,0.0,0.064,0.06,0.985,0.878,0.572,0.374,0.035,0.037,0.0,0.546,0.606,0.0,0.05,0.0,0.0,0.0,0.0,0.28,0.91,0.959,0.926,0.339,0.0,0.03,0.014,0.081,0.389,0.267,0.541,0.541,0.0,0.0,0.057,0.0,0.0,0.059,0.253,0.781,0.0,0.027,0.0,0.0,0.583,0.267,0.744,0.524,0.033,0.026,0.009,5
0.0,0.149,0.0,0.0,0.041,0.048,0.044,0.0,0.0,0.048,0.0,0.524,0.936,0.376,0.0,0.039,0.004,0.0,0.283,1.0,0.95,0.925,0.0,0.053,0.0,0.029,0.791,0.992,0.258,1.0,0.213,0.005,0.011,0.115,0.856,0.268,0.0,0.746,0.511,0.057,0.03,0.409,0.877,0.025,0.074,0.9,0.384,0.003,0.054,0.066,0.664,0.827,0.879,0.966,0.254,0.027,0.0,0.034,0.164,0.982,1.0,0.842,0.096,0.0,0
0.0,0.714,0.819,0.564,0.949,0.2,0.0,0.11,0.376,0.649,0.011,0.148,0.774,0.469,0.169,0.0,0.236,1.0,0.371,0.906,0.72,0.0,0.0,0.045,0.0,0.362,0.89,0.949,0.224,0.102,0.052,0.0,0.004,0.061,0.91,0.402,1.0,0.08,0.0,0.0,0.056,0.268,0.751,0.451,0.595,0.0,0.0,0.051,0.065,0.024,0.935,1.0,0.223,0.0,0.0,0.067,0.019,0.0,0.0,0.015,0.0,0.115,0.014,0.031,8
0.0,0.0,0.004,0.0,0.0,0.0,0.0,0.0,0.0,0.054,0.813,0.828,0.138,0.0,0.002,0.0,0.0,0.425,0.937,0.698,0.784,0.823,0.033,0.04,0.0,0.418,0.836,0.056,0.931,0.971,0.314,0.003,0.0,0.247,0.864,0.861,0.892,0.929,0.684,0.0,0.0,0.083,0.45,0.711,0.21,0.573,0.8,0.056,0.0,0.032,0.0,0.006,0.0,0.256,0.985,0.0,0.043,0.085,0.429,0.011,0.047,0.582,1.0,0.056,9
0.0,0.167,0.85,0.777,0.0,0.089,0.0,0.058,0.097,0.936,0.491,0.947,0.184,0.0,0.157,0.0,0.244,0.733,0.176,1.0,0.0,0.04,0.088,0.0,0.127,0.614,0.908,1.0,0.661,0.07,0.012,0.053,0.0,0.0,0.704,0.545,0.999,0.409,0.0,0.0,0.0,0.366,0.0,0.007,0.726,0.524,0.0,0.0,0.0,0.934,0.577,0.304,0.984,0.437,0.003,0.012,0.002,0.256,0.877,1.0,0.694,0.06,0.0,0.0,3
0.027,0.17,1.0,1.0,0.892,0.051,0.0,0.039,0.0,0.143,0.748,0.828,0.989,0.257,0.064,0.115,0.0,0.09,0.0,0.363,1.0,0.243,0.0,0.0,0.0,0.061,0.054,0.934,0.662,0.0,0.005,0.012,0.02,0.004,0.33,0.93,0.287,0.036,0.0,0.087,0.086,0.197,0.887,0.635,0.0,0.028,0.035,0.0,0.0,0.233,0.862,0.63,0.512,0.72,0.103,0.013,0.061,0.203,1.0,1.0,0.946,0.724,0.166,0.0,2
0.0,0.097,0.975,0.79,0.101,0.034,0.0,0.0,0.0,0.779,0.774,0.842,0.447,0.0,0.004,0.031,0.066,0.517,0.366,0.435,0.749,0.03,0.029,0.0,0.0,0.0,0.0,0.324,0.933,0.0,0.0,0.0,0.016,0.057,0.072,0.681,0.617,0.032,0.0,0.067,0.021,0.0,0.198,1.0,0.312,0.0,0.04,0.009,0.025,0.0,0.647,1.0,0.823,0.854,0.769,0.044,0.0,0.152,0.933,0.89,0.507,0.457,0.479,0.0,2
0.101,0.063,0.0,0.062,0.02,0.025,0.014,0.0,0.005,0.714,0.995,0.952,0.713,0.019,0.0,0.0,0.0,0.405,0.275,0.694,0.697,0.0,0.033,0.0,0.0,0.0,0.0,0.786,0.568,0.055,0.0,0.014,0.057,0.258,0.632,1.0,0.918,0.617,0.06,0.0,0.138,1.0,1.0,0.698,0.192,0.068,0.038,0.0,0.0,0.474,0.845,0.0,0.0,0.035,0.023,0.0,0.071,0.699,0.48,0.024,0.013,0.087,0.012,0.0,7
0.012,0.0,0.013,0.183,0.801,0.344,0.0,0.0,0.046,0.0,0.0,0.826,0.677,0.961,0.381,0.106,0.055,0.0,0.082,0.93,0.055,0.892,0.972,0.127,0.0,0.104,0.042,0.742,0.798,0.707,0.87,0.308,0.031,0.077,0.0,0.125,0.515,0.119,0.524,0.6,0.058,0.0,0.082,0.0,0.0,0.0,0.573,0.301,0.021,0.021,0.008,0.511,0.305,0.206,0.962,0.156,0.0,0.012,0.0,0.251,0.943,0.781,0.416,0.094,9
0.027,0.064,0.0,0.037,0.355,1.0,0.999,0.206,0.0,0.0,0.0,0.054,0.892,1.0,0.832,0.0,0.003,0.0,0.032,0.681,0.968,1.0,0.826,0.05,0.014,0.0,0.208,0.813,0.888,1.0,0.464,0.027,0.0,0.049,0.069,0.0,0.221,1.0,0.927,0.09,0.0,0.0,0.0,0.076,0.271,0.994,0.9,0.022,0.0,0.023,0.005,0.0,0.066,0.762,0.938,0.032,0.004,0.0,0.012,0.004,0.0,0.002,0.0,0.045,1
0.03,0.014,0.0,0.0,0.0,0.037,0.0,0.036,0.027,0.08,0.072,0.485,0.746,0.829,0.824,0.297,0.0,0.047,0.465,1.0,0.638,0.585,1.0,0.278,0.028,0.111,0.905,0.179,0.007,0.406,0.856,0.0,0.0,0.312,0.927,0.005,0.055,0.88,0.361,0.046,0.0,0.224,0.527,0.0,0.746,0.66,0.034,0.015,0.0,0.058,0.024,0.123,0.986,0.233,0.029,0.0,0.0,0.018,0.058,0.494,0.961,0.005,0.0,0.0,7
0.097,0.095,1.0,0.98,0.833,0.694,0.548,0.012,0.0,0.0,0.988,0.49,0.056,0.014,0.0,0.0,0.035,0.226,1.0,1.0,0.943,0.061,0.104,0.018,0.043,0.094,0.229,0.289,0.823,0.459,0.0,0.0,0.0,0.009,0.346,0.0,0.788,0.594,0.007,0.0,0.042,0.025,0.752,0.656,0.922,0.248,0.041,0.049,0.04,0.038,0.662,0.826,0.559,0.052,0.02,0.0,0.0,0.068,0.09,0.017,0.015,0.0,0.0,0.0,5
0.039,0.0,0.224,0.97,0.78,0.878,0.865,0.0,0.016,0.0,0.098,0.063,0.101,0.602,0.737,0.015,0.0,0.0,0.071,0.264,0.39,0.827,0.951,0.0,0.0,0.28,1.0,0.908,0.98,0.935,0.263,0.0,0.056,0.461,0.706,0.415,0.868,0.776,0.007,0.0,0.015,0.0,0.039,0.226,0.938,0.263,0.031,0.046,0.0,0.032,0.156,0.637,0.464,0.042,0.006,0.0,0.061,0.0,0.151,0.008,0.0,0.011,0.0,0.0,7
0.065,0.106,0.715,0.753,0.136,0.0,0.007,0.0,0.055,0.577,0.768,0.347,0.855,0.0,0.033,0.0,0.017,0.851,0.212,0.0,0.658,0.108,0.0,0.0,0.144,0.919,0.206,0.0,0.509,0.31,0.004,0.061,0.261,0.791,0.0,0.0,0.503,0.112,0.0,0.0,0.11,0.81,0.001,0.0,0.911,0.0,0.012,0.0,0.107,0.796,0.376,0.498,0.63,0.0,0.022,0.012,0.035,0.151,0.842,0.711,0.021,0.003,0.037,0.0,0
0.005,0.066,0.0,0.713,0.808,0.752,1.0,0.388,0.0,0.0,0.007,0.112,0.067,0.312,0.891,0.049,0.151,0.0,0.058,0.124,0.319,0.764,0.673,0.124,0.052,0.0,0.0,0.606,0.949,0.968,0.955,0.393,0.078,0.0,0.0,0.239,0.769,0.806,0.478,0.101,0.0,0.0,0.001,0.0,0.809,0.347,0.014,0.0,0.041,0.0,0.086,0.245,1.0,0.111,0.0,0.0,0.0,0.022,0.018,0.034,0.096,0.0,0.031,0.063,7
0.0,0.093,0.006,0.832,0.869,0.411,0.316,0.0,0.007,0.0,0.386,1.0,0.321,0.051,0.048,0.081,0.0,0.073,0.947,0.999,0.506,0.363,0.044,0.006,0.087,0.019,0.287,0.785,0.822,1.0,0.851,0.092,0.0,0.0,0.075,0.009,0.0,0.048,1.0,0.456,0.074,0.0,0.0,0.361,0.316,0.347,1.0,0.282,0.051,0.0,0.057,0.382,1.0,0.867,0.667,0.108,0.0,0.0,0.085,0.017,0.035,0.063,0.025,0.043,5
0.0,0.0,0.528,0.993,0.695,0.477,0.261,0.003,0.0,0.146,0.302,0.914,0.813,0.07,0.043,0.0,0.064,0.079,0.074,0.48,0.986,0.5,0.0,0.0,0.0,0.0,0.0,0.0,0.563,0.991,0.057,0.0,0.0,0.0,0.0,0.012,0.567,0.928,0.0,0.0,0.023,0.0,0.018,0.143,0.801,0.762,0.003,0.0,0.061,0.045,0.024,0.984,0.982,0.394,0.0,0.011,0.009,0.0,0.0,0.0,0.004,0.019,0.044,0.0,5
0.029,0.0,0.018,0.043,0.0,0.0,0.089,0.095,0.0,0.031,0.0,0.073,0.966,0.803,0.0,0.0,0.0,0.0,0.0,0.237,1.0,0.916,0.056,0.01,0.012,0.0,0.044,0.297,0.961,0.812,0.01,0.0,0.046,0.013,0.0,0.431,0.978,0.569,0.028,0.0,0.0,0.0,0.0,0.298,1.0,0.525,0.041,0.0,0.017,0.0,0.0,0.415,0.942,0.494,0.0,0.0,0.0,0.0,0.0,0.268,0.973,0.574,0.0,0.0,1
0.0,0.0,0.0,0.0,0.065,0.0,0.0,0.0,0.0,0.014,0.0,0.026,0.159,0.968,0.42,0.08,0.0,0.023,0.094,0.016,0.624,0.986,0.072,0.246,0.0,0.014,0.138,0.323,1.0,0.478,0.45,1.0,0.0,0.066,0.105,1.0,0.611,0.281,0.764,0.791,0.0,0.0,0.868,0.992,1.0,1.0,0.993,0.667,0.0,0.005,0.404,0.251,0.233,0.617,0.889,0.313,0.052,0.011,0.0,0.048,0.0,0.812,0.883,0.133,4
0.052,0.189,1.0,0.806,0.078,0.0,0.0,0.044,0.0,0.686,1.0,1.0,0.169,0.013,0.009,0.051,0.079,0.307,0.823,0.979,0.336,0.0,0.045,0.039,0.0,0.035,0.452,1.0,0.259,0.078,0.022,0.055,0.0,0.037,0.57,0.917,0.214,0.0,0.0,0.0,0.0,0.0,0.758,1.0,0.007,0.005,0.0,0.027,0.0,0.045,1.0,1.0,1.0,0.933,0.352,0.054,0.0,0.064,1.0,0.93,0.97,0.77,0.375,0.0,2
0.039,0.037,0.0,0.044,0.996,0.274,0.0,0.0,0.002,0.012,0.0,0.246,0.98,0.72,0.039,0.0,0.08,0.0,0.044,0.781,1.0,0.686,0.042,0.018,0.0,0.435,0.773,1.0,1.0,0.424,0.0,0.014,0.048,0.313,0.509,0.828,0.894,0.254,0.0,0.055,0.02,0.0,0.003,0.471,0.989,0.101,0.0,0.0,0.0,0.0,0.064,0.677,1.0,0.012,0.0,0.0,0.0,0.0,0.031,0.196,0.747,0.324,0.036,0.0,1
0.0,0.0,0.75,0.78,0.137,0.03,0.0,0.0,0.098,0.373,1.0,0.118,0.034,0.016,0.0,0.0,0.138,0.893,0.445,0.065,0.23,0.108,0.0,0.0,0.593,0.861,0.042,0.372,1.0,0.237,0.004,0.123,0.99,0.865,0.619,1.0,1.0,0.178,0.02,0.033,0.586,0.828,0.582,1.0,0.609,0.0,0.039,0.0,0.0,0.0,0.354,1.0,0.003,0.0,0.0,0.016,0.0,0.07,0.0,0.0,0.015,0.043,0.0,0.04,4
0.0,0.0,0.144,0.982,0.308,0.127,0.0,0.0,0.049,0.0,0.746,0.917,0.449,0.0,0.027,0.079,0.0,0.377,1.0,0.687,0.96,0.0,0.0,0.0,0.166,0.789,0.468,0.546,0.859,0.0,0.003,0.0,0.548,1.0,0.926,0.925,0.966,0.417,0.07,0.062,0.145,0.285,0.326,0.857,0.982,0.0,0.02,0.0,0.0,0.069,0.0,0.91,0.724,0.0,0.0,0.093,0.128,0.071,0.002,0.771,0.571,0.0,0.0,0.0,4
0.0,0.06,0.12,0.869,0.555,0.474,0.872,0.272,0.057,0.016,0.335,0.705,0.06,0.161,0.816,0.053,0.0,0.0,0.0,0.547,0.807,0.913,0.403,0.069,0.092,0.0,0.0,0.04,0.714,0.913,0.645,0.041,0.073,0.0,0.0,0.198,0.737,0.174,0.859,0.3,0.0,0.047,0.013,0.34,0.692,0.14,0.643,0.67,0.0,0.039,0.002,0.007,0.575,1.0,0.82,0.077,0.0,0.042,0.087,0.0,0.038,0.081,0.051,0.0,8
0.0,0.081,0.079,0.061,0.0,0.0,0.0,0.027,0.0,0.373,0.876,0.967,0.435,0.0,0.068,0.0,0.114,0.896,0.382,0.151,0.911,0.157,0.0,0.0,0.198,0.876,0.0,0.061,0.951,0.277,0.0,0.0,0.029,0.708,0.563,0.484,1.0,0.37,0.0,0.0,0.0,0.049,0.477,0.597,0.857,0.223,0.057,0.0,0.034,0.007,0.0,0.0,0.47,0.682,0.0,0.011,0.082,0.723,0.309,0.0,0.698,0.654,0.0,0.0,9
0.002,0.154,0.741,0.859,0.316,1.0,0.033,0.035,0.0,0.016,0.482,0.611,0.242,0.873,0.0,0.026,0.0,0.133,0.259,0.934,0.912,0.276,0.0,0.0,0.0,0.053,0.341,0.963,0.861,0.018,0.0,0.0,0.026,0.061,0.868,0.465,0.612,0.568,0.017,0.0,0.05,0.003,0.818,0.358,0.102,0.735,0.317,0.015,0.024,0.033,0.136,0.762,0.983,1.0,0.781,0.0,0.03,0.0,0.017,0.0,0.0,0.081,0.0,0.067,8
0.0,0.0,0.0,0.035,0.0,0.0,0.0,0.0,0.0,0.0,0.012,0.407,1.0,0.694,0.374,0.0,0.0,0.0,0.015,0.472,0.972,1.0,0.856,0.087,0.016,0.0,0.026,0.413,0.949,1.0,0.738,0.068,0.0,0.045,0.0,0.535,0.964,1.0,0.614,0.02,0.0,0.0,0.041,1.0,1.0,1.0,0.294,0.0,0.024,0.046,0.282,0.932,1.0,1.0,0.0,0.023,0.024,0.0,0.227,0.847,0.934,1.0,0.162,0.0,1
0.0,0.015,0.848,0.812,0.955,0.693,0.0,0.016,0.003,0.0,0.429,0.067,0.49,0.989,0.06,0.0,0.052,0.043,0.0,0.034,0.762,0.363,0.0,0.005,0.052,0.0,0.0,0.217,0.985,0.288,0.07,0.008,0.0,0.0,0.0,0.779,0.761,0.0,0.0,0.0,0.0,0.0,0.129,1.0,0.724,0.523,0.065,0.037,0.0,0.005,0.128,1.0,0.67,0.533,0.024,0.0,0.021,0.067,0.069,0.033,0.058,0.05,0.015,0.001,2
0.0,0.0,0.083,0.384,0.613,0.953,0.139,0.0,0.017,0.0,0.45,1.0,0.836,0.26,0.133,0.0,0.0,0.0,0.754,0.417,0.0,0.0,0.004,0.0,0.0,0.08,0.591,1.0,0.974,0.667,0.119,0.0,0.038,0.0,0.039,0.289,0.226,0.325,0.759,0.215,0.0,0.028,0.0,0.006,0.052,0.049,0.31,0.674,0.0,0.0,0.0,0.0,0.401,0.016,0.614,0.698,0.04,0.0,0.036,0.21,0.823,0.962,0.894,0.082,5
0.022,0.0,0.118,0.936,0.917,0.865,0.521,0.0,0.024,0.0,0.461,0.884,0.938,0.712,0.417,0.022,0.0,0.24,0.95,0.489,0.034,0.04,0.0,0.0,0.0,0.533,0.927,0.291,0.308,0.014,0.0,0.0,0.062,0.334,0.97,1.0,1.0,0.828,0.152,0.0,0.0,0.0,0.349,0.386,0.51,1.0,0.2,0.0,0.001,0.028,0.03,0.049,0.792,0.668,0.048,0.0,0.038,0.0,0.125,1.0,0.835,0.047,0.018,0.0,5
0.008,0.099,0.074,0.0,0.0,0.035,0.002,0.0,0.083,0.69,0.857,0.942,0.552,0.0,0.163,0.0,0.032,0.796,0.584,0.26,0.768,0.308,0.0,0.0,0.251,0.847,0.056,0.016,0.297,0.538,0.024,0.102,0.243,0.48,0.0,0.0,0.334,0.489,0.0,0.0,0.54,0.276,0.039,0.0,0.832,0.208,0.0,0.039,0.44,0.2,0.0,0.481,0.61,0.028,0.003,0.054,0.243,0.766,0.741,0.811,0.064,0.023,0.022,0.004,0
0.022,0.0,0.359,0.984,0.01,0.019,0.0,0.11,0.021,0.052,0.688,0.706,0.0,0.0,0.052,0.023,0.0,0.178,0.972,0.495,0.0,0.309,0.233,0.008,0.012,0.632,1.0,0.385,0.763,0.959,0.577,0.0,0.024,0.352,0.988,0.936,0.922,0.904,0.0,0.082,0.0,0.002,0.167,0.534,1.0,0.341,0.017,0.0,0.026,0.036,0.044,0.867,0.618,0.0,0.0,0.0,0.029,0.0,0.322,0.968,0.168,0.054,0.0,0.0,4
0.068,0.072,0.0,0.044,0.064,0.0,0.005,0.0,0.0,0.0,0.394,1.0,1.0,0.504,0.0,0.0,0.0,0.0,1.0,0.449,0.373,0.902,0.187,0.005,0.037,0.364,1.0,0.011,0.409,0.809,0.232,0.0,0.0,0.004,1.0,0.141,0.494,0.908,0.428,0.074,0.078,0.026,0.753,0.916,0.806,0.397,0.091,0.0,0.0,0.083,0.538,0.931,0.344,0.015,0.084,0.0,0.0,0.0,0.714,0.179,0.923,0.199,0.02,0.042,8
0.193,0.92,0.617,0.742,0.664,0.0,0.013,0.006,0.744,0.615,0.109,0.868,0.392,0.0,0.0,0.028,0.418,0.571,0.255,0.969,0.299,0.069,0.001,0.0,0.0,0.0,0.0,0.439,0.773,0.0,0.0,0.0,0.0,0.0,0.045,0.003,0.534,0.743,0.0,0.004,0.008,0.544,0.757,0.175,0.0,0.846,0.205,0.0,0.0,0.058,0.541,0.986,0.956,0.838,0.29,0.036,0.0,0.0,0.026,0.0,0.008,0.0,0.034,0.0,3
0.0,0.0,0.0,0.0,0.0,0.018,0.003,0.021,0.0,0.0,0.0,0.526,0.741,0.859,0.587,0.064,0.104,0.04,0.024,0.983,0.246,0.385,0.993,0.302,0.0,0.0,0.0,0.81,0.364,0.565,1.0,0.445,0.0,0.028,0.0,0.164,0.48,0.338,0.583,0.512,0.0,0.0,0.094,0.0,0.0,0.0,0.559,0.383,0.026,0.084,0.0,0.0,0.031,0.0,0.682,0.341,0.054,0.014,0.023,0.841,0.358,0.562,0.734,0.029,9
0.022,0.0,0.008,1.0,0.797,0.804,1.0,0.188,0.011,0.026,0.07,0.767,0.0,0.529,0.641,0.0,0.017,0.02,0.0,0.057,0.274,1.0,0.508,0.157,0.0,0.0,0.0,0.591,1.0,0.945,0.949,0.564,0.0,0.022,0.0,0.082,0.964,0.417,0.0,0.053,0.071,0.0,0.0,0.215,1.0,0.056,0.006,0.024,0.0,0.009,0.0,0.432,0.616,0.0,0.026,0.018,0.0,0.0,0.0,0.0,0.0,0.0,0.109,0.012,7
0.012,0.034,0.02,0.0,0.0,0.051,0.0,0.055,0.0,0.0,0.041,0.649,1.0,0.094,0.003,0.0,0.079,0.009,0.491,1.0,0.447,0.098,0.0,0.153,0.0,0.0,0.973,0.371,0.0,0.0,0.0,0.0,0.036,0.014,0.965,0.262,0.242,0.213,0.0,0.022,0.038,0.0,0.999,0.921,1.0,1.0,0.323,0.033,0.0,0.0,0.852,0.668,0.137,0.415,0.706,0.0,0.038,0.003,0.618,1.0,0.28,0.6,0.919,0.0,6
0.066,0.018,0.642,0.835,0.667,0.017,0.062,0.053,0.014,0.0,1.0,0.899,1.0,0.814,0.0,0.001,0.0,0.146,0.842,0.486,0.153,1.0,0.079,0.004,0.073,0.058,0.456,1.0,0.84,1.0,0.217,0.0,0.094,0.0,0.0,0.745,1.0,0.478,0.0,0.0,0.0,0.051,0.005,0.891,1.0,0.783,0.0,0.059,0.0,0.0,0.635,0.999,0.821,0.967,0.0,0.0,0.044,0.038,0.463,0.872,0.866,0.696,0.041,0.025,8
0.0,0.104,0.744,1.0,0.979,0.888,0.0,0.0,0.003,0.172,0.982,1.0,0.935,0.747,0.051,0.001,0.0,0.335,1.0,1.0,0.966,0.388,0.0,0.019,0.0,0.256,1.0,0.986,0.973,0.477,0.0,0.0,0.037,0.324,0.951,0.943,1.0,0.345,0.0,0.0,0.098,0.287,0.88,1.0,0.917,0.761,0.0,0.0,0.0,0.056,0.418,0.721,0.761,0.706,0.011,0.012,0.0,0.089,0.021,0.001,0.032,0.0,0.0,0.062,1
0.0,0.0,0.069,0.027,0.099,0.059,0.0,0.006,0.016,0.287,0.711,0.813,0.193,0.0,0.0,0.0,0.281,1.0,0.869,1.0,0.575,0.139,0.0,0.029,0.289,0.913,0.0,0.859,0.7,0.045,0.0,0.002,0.136,0.928,0.884,1.0,1.0,0.115,0.02,0.0,0.0,0.379,0.595,0.423,0.827,0.452,0.0,0.0,0.079,0.0,0.0,0.0,0.824,0.463,0.0,0.0,0.0,0.594,0.906,0.517,0.8,0.431,0.079,0.0,9
0.039,0.101,0.782,1.0,0.493,0.03,0.007,0.0,0.106,0.874,1.0,0.829,0.0,0.0,0.055,0.008,0.0,0.711,0.945,0.922,0.521,0.0,0.008,0.0,0.0,0.031,0.483,0.758,0.91,0.0,0.0,0.0,0.047,0.066,0.075,0.382,0.898,0.042,0.0,0.0,0.0,0.0,0.451,0.919,1.0,0.193,0.0,0.0,0.0,0.0,0.24,0.967,0.502,0.011,0.0,0.0,0.0,0.056,0.0,0.005,0.009,0.021,0.0,0.015,5
0.0,0.007,0.299,1.0,0.624,0.712,0.714,0.0,0.0,0.0,0.46,0.973,0.111,0.072,0.944,0.328,0.0,0.014,0.099,0.987,0.331,0.52,1.0,0.542,0.0,0.0,0.0,0.264,0.708,0.727,0.873,0.575,0.0,0.0,0.021,0.018,0.011,0.067,0.624,0.602,0.03,0.0,0.007,0.0,0.004,0.009,0.673,0.743,0.06,0.0,0.0,0.641,1.0,0.973,0.989,0.351,0.01,0.0,0.093,0.007,0.0,0.0,0.0,0.086,9
0.0,0.294,0.966,0.449,0.112,0.074,0.0,0.0,0.011,0.786,0.484,0.0,0.063,0.0,0.025,0.0,0.0,0.896,0.39,0.408,0.227,0.0,0.0,0.029,0.067,0.946,1.0,0.773,0.888,0.436,0.0,0.0,0.0,0.916,0.3,0.001,0.206,0.736,0.028,0.0,0.054,0.306,0.51,0.489,0.58,0.935,0.0,0.016,0.02,0.0,0.673,0.817,0.834,0.152,0.0,0.105,0.0,0.072,0.032,0.062,0.0,0.0,0.0,0.038,6
0.02,0.062,0.032,0.0,0.649,0.917,1.0,0.495,0.0,0.0,0.0,0.695,0.798,0.348,0.812,0.487,0.0,0.0,0.26,0.966,0.105,0.092,0.961,0.129,0.0,0.0,0.246,0.868,0.776,1.0,0.936,0.028,0.0,0.038,0.0,0.099,0.082,0.839,0.422,0.041,0.0,0.0,0.0,0.014,0.265,0.935,0.109,0.0,0.023,0.051,0.0,0.042,0.662,0.489,0.0,0.0,0.0,0.012,0.042,0.0,0.787,0.199,0.0,0.0,9
0.0,0.024,0.519,0.493,0.194,0.828,0.774,0.066,0.0,0.0,0.04,0.0,0.0,0.681,0.874,0.0,0.13,0.022,0.091,0.046,0.155,0.989,0.355,0.0,0.0,0.0,0.035,0.0,0.874,0.369,0.0,0.039,0.0,0.0,0.08,0.724,0.429,0.0,0.077,0.048,0.004,0.032,0.44,0.921,0.451,0.229,0.0,0.026,0.118,0.0,0.225,0.718,0.827,0.557,0.026,0.022,0.0,0.041,0.0,0.009,0.109,0.0,0.038,0.041,2
0.041,0.053,0.041,0.0,0.0,0.018,0.001,0.0,0.019,0.007,0.068,0.236,0.919,0.955,0.835,0.191,0.0,0.0,0.0,0.793,0.826,0.554,1.0,0.359,0.0,0.059,0.023,0.0,0.027,0.395,1.0,0.113,0.0,0.0,0.007,0.0,0.076,0.539,0.681,0.0,0.022,0.041,0.0,0.426,0.799,0.878,0.762,0.089,0.0,0.005,0.062,0.492,0.851,0.917,0.755,0.188,0.117,0.0,0.047,0.043,0.938,0.197,0.116,0.0,7
0.0,0.301,0.86,0.0,0.056,0.014,0.0,0.052,0.029,0.819,0.672,0.038,0.101,0.08,0.012,0.05,0.349,1.0,0.152,0.957,0.572,0.041,0.052,0.093,0.596,0.828,0.394,1.0,1.0,0.567,0.0,0.025,0.872,0.898,0.955,1.0,0.537,0.18,0.0,0.0,0.039,0.392,0.781,0.595,0.024,0.053,0.172,0.007,0.033,0.013,0.785,0.705,0.116,0.046,0.023,0.085,0.034,0.062,0.037,0.0,0.046,0.0,0.0,0.0,4
0.019,0.0,0.0,0.0,0.028,0.088,0.0,0.0,0.08,0.04,0.013,0.546,1.0,0.979,0.098,0.0,0.029,0.0,0.855,0.746,0.404,1.0,0.524,0.0,0.0,0.015,0.178,0.011,0.071,0.94,0.463,0.0,0.0,0.001,0.0,0.0,0.421,0.995,0.229,0.0,0.0,0.0,0.327,0.793,0.963,0.948,0.463,0.064,0.045,0.106,1.0,0.925,1.0,0.339,0.011,0.0,0.056,0.0,0.099,0.499,1.0,0.058,0.0,0.0,7
0.046,0.118,0.953,0.637,0.022,0.0,0.0,0.01,0.0,0.546,0.723,0.52,0.744,0.036,0.0,0.0,0.157,0.938,0.03,0.437,0.94,0.183,0.0,0.04,0.107,0.727,0.0,0.032,0.695,0.403,0.0,0.087,0.202,0.584,0.0,0.0,0.687,0.2,0.063,0.0,0.143,0.895,0.049,0.0,0.622,0.192,0.0,0.029,0.059,0.829,0.1,0.078,0.755,0.139,0.0,0.0,0.0,0.031,0.864,1.0,0.841,0.043,0.005,0.038,0
0.592,0.978,0.724,0.97,1.0,0.159,0.1,0.013,0.022,0.233,0.482,1.0,0.845,0.0,0.0,0.0,0.0,0.0,0.693,1.0,0.185,0.0,0.021,0.0,0.107,0.027,0.2,0.948,0.602,0.0,0.062,0.0,0.0,0.0,0.012,0.701,0.865,0.024,0.007,0.0,0.035,0.191,0.369,0.94,0.947,0.0,0.062,0.0,0.011,0.837,1.0,1.0,0.293,0.058,0.0,0.0,0.032,0.076,0.001,0.048,0.05,0.041,0.0,0.027,3
0.024,0.0,0.716,1.0,0.826,0.609,0.264,0.15,0.0,0.007,0.354,1.0,0.466,0.039,0.001,0.015,0.033,0.0,0.005,0.604,0.978,0.048,0.0,0.046,0.076,0.022,0.0,0.139,1.0,0.389,0.0,0.012,0.0,0.027,0.079,0.0,0.836,0.693,0.049,0.057,0.0,0.016,0.32,0.565,0.853,0.567,0.046,0.03,0.0,0.0,0.183,0.949,0.899,0.099,0.065,0.0,0.0,0.0,0.012,0.0,0.062,0.0,0.0,0.013,5
0.007,0.501,0.788,1.0,0.17,0.101,0.131,0.044,0.082,0.04,0.042,1.0,0.171,0.012,0.0,0.0,0.0,0.067,0.63,0.974,0.384,0.125,0.0,0.0,0.007,0.596,0.993,0.976,0.939,0.504,0.0,0.0,0.0,0.055,1.0,0.452,0.248,0.0,0.033,0.052,0.0,0.29,0.877,0.019,0.0,0.043,0.0,0.0,0.0,0.666,0.448,0.0,0.037,0.058,0.048,0.0,0.0,0.0,0.005,0.074,0.0,0.043,0.027,0.0,7
0.012,0.0,0.756,0.908,0.242,0.0,0.019,0.076,0.0,0.09,0.665,0.952,0.538,0.021,0.0,0.0,0.001,0.25,0.904,0.985,0.418,0.057,0.033,0.08,0.368,1.0,1.0,0.988,0.103,0.0,0.0,0.0,0.006,0.091,0.977,1.0,0.189,0.086,0.044,0.0,0.0,0.057,1.0,1.0,0.322,0.055,0.0,0.019,0.012,0.0,1.0,0.972,0.383,0.009,0.031,0.0,0.0,0.0,0.567,0.898,0.608,0.02,0.05,0.017,1
0.04,0.041,0.0,0.865,0.546,0.0,0.0,0.055,0.08,0.0,0.2,1.0,0.186,0.0,0.012,0.0,0.0,0.021,0.711,0.558,0.501,0.486,0.038,0.029,0.0,0.344,0.883,0.146,0.991,0.723,0.395,0.0,0.0,0.743,0.833,0.47,1.0,1.0,0.417,0.0,0.0,0.554,0.909,0.99,1.0,0.281,0.026,0.0,0.0,0.0,0.042,0.671,0.806,0.0,0.035,0.0,0.0,0.011,0.06,0.883,0.849,0.0,0.0,0.0,4
0.065,0.091,0.0,0.0,0.081,0.015,0.0,0.0,0.033,0.0,0.0,0.01,0.832,0.597,0.0,0.0,0.004,0.0,0.03,0.543,0.981,0.207,0.0,0.096,0.0,0.0,0.035,0.83,0.507,0.019,0.017,0.107,0.047,0.023,0.158,0.992,0.179,0.0,0.116,0.007,0.023,0.05,0.001,0.9,0.838,0.957,1.0,0.35,0.058,0.0,0.113,1.0,0.715,0.26,0.453,0.87,0.059,0.005,0.059,0.774,0.692,0.295,0.918,0.567,6
0.0,0.045,0.431,0.947,0.037,0.0,0.0,0.0,0.012,0.039,0.864,0.713,0.034,0.004,0.035,0.016,0.0,0.0,0.885,0.39,0.0,0.032,0.035,0.048,0.095,0.192,1.0,0.616,0.392,0.163,0.0,0.008,0.0,0.0,0.967,0.776,0.732,0.799,0.469,0.0,0.0,0.012,0.888,0.568,0.258,0.808,0.699,0.018,0.0,0.048,0.092,0.786,0.892,0.715,0.263,0.006,0.0,0.032,0.0,0.0,0.0,0.011,0.0,0.093,6
0.043,0.0,0.0,0.028,0.064,0.024,0.0,0.0,0.104,0.067,0.882,0.791,0.091,0.034,0.02,0.0,0.0,0.33,0.978,0.929,0.939,0.0,0.013,0.041,0.0,0.734,0.558,0.342,1.0,0.297,0.036,0.0,0.068,0.061,0.0,0.351,0.98,0.0,0.049,0.021,0.107,0.03,0.0,0.817,0.675,0.0,0.0,0.0,0.008,0.0,0.22,0.973,0.525,0.611,0.153,0.021,0.047,0.033,0.815,1.0,1.0,0.957,0.705,0.0,2
0.0,0.0,1.0,0.667,0.584,0.466,0.004,0.072,0.0,0.0,0.775,0.601,0.422,0.652,0.04,0.0,0.006,0.041,0.353,0.972,0.914,1.0,0.109,0.061,0.001,0.053,0.0,0.016,0.048,0.658,0.353,0.0,0.0,0.057,0.0,0.078,0.0,0.462,0.55,0.08,0.01,0.033,0.165,0.225,0.312,0.653,0.589,0.01,0.022,0.089,0.396,0.641,0.952,0.717,0.05,0.0,0.124,0.005,0.0,0.0,0.044,0.0,0.0,0.0,9
0.0,0.174,0.864,0.446,0.0,0.0,0.13,0.152,0.265,0.927,0.364,0.886,0.017,0.0,0.036,0.013,0.628,0.431,0.134,0.841,0.0,0.147,0.0,0.0,0.511,0.739,0.286,0.887,0.0,0.0,0.0,0.0,0.0,0.0,0.312,0.731,0.036,0.0,0.058,0.0,0.005,0.0,0.487,0.492,0.0,0.0,0.01,0.0,0.06,0.0,0.742,0.653,0.451,0.401,0.131,0.0,0.0,0.192,0.929,0.812,0.755,0.801,0.458,0.093,2
0.0,0.063,0.0,0.872,0.901,0.483,0.0,0.0,0.0,0.036,0.296,0.986,0.992,0.531,0.0,0.0,0.0,0.1,0.7,1.0,0.977,0.476,0.066,0.0,0.388,0.861,0.915,1.0,0.945,0.313,0.045,0.084,0.085,0.282,0.372,1.0,1.0,0.562,0.002,0.0,0.0,0.0,0.137,1.0,1.0,0.489,0.035,0.063,0.0,0.002,0.155,1.0,0.989,0.183,0.0,0.019,0.027,0.0,0.0,1.0,1.0,0.031,0.0,0.0,1
0.0,0.0,0.615,1.0,0.745,0.153,0.0,0.045,0.0,0.038,0.795,0.645,0.002,0.014,0.021,0.057,0.061,0.31,1.0,0.275,0.597,0.726,0.169,0.052,0.0,0.561,0.969,0.898,0.997,0.939,0.659,0.0,0.0,0.386,1.0,0.613,0.404,0.969,0.379,0.0,0.0,0.055,0.12,0.23,0.963,0.533,0.007,0.023,0.042,0.028,0.188,1.0,0.417,0.0,0.0,0.006,0.0,0.081,0.046,0.0,0.0,0.0,0.066,0.015,5
0.046,0.0,0.0,0.428,0.96,0.864,0.259,0.035,0.048,0.0,0.0,0.71,0.964,0.927,0.726,0.0,0.016,0.034,0.0,0.294,1.0,0.984,0.914,0.015,0.047,0.071,0.0,0.0,0.075,0.49,0.964,0.237,0.0,0.0,0.026,0.014,0.006,0.122,0.652,0.667,0.0,0.0,0.0,0.0,0.0,0.035,0.618,0.681,0.0,0.0,0.02,0.038,0.0,0.37,1.0,0.562,0.046,0.0,0.0,0.428,0.954,1.0,1.0,0.117,9
0.011,0.025,0.0,0.0,0.012,0.023,0.019,0.027,0.059,0.129,0.899,0.863,0.272,0.0,0.093,0.048,0.0,0.64,0.887,0.749,0.912,0.157,0.064,0.071,0.181,0.951,0.204,0.088,0.687,0.371,0.019,0.037,0.228,0.466,0.046,0.0,0.567,0.638,0.0,0.0,0.678,0.655,0.0,0.0,0.504,0.745,0.0,0.0,0.474,0.962,0.131,0.016,0.754,0.852,0.0,0.005,0.072,0.936,0.942,0.77,0.852,0.608,0.081,0.0,0
0.024,0.0,0.001,0.034,0.018,0.0,0.0,0.028,0.0,0.044,0.849,0.724,0.109,0.139,0.0,0.097,0.0,0.372,1.0,0.294,0.018,0.005,0.0,0.0,0.146,1.0,0.603,0.001,0.037,0.061,0.0,0.0,0.343,0.906,0.676,0.0,0.0,0.031,0.0,0.032,0.447,0.937,0.933,0.391,0.006,0.05,0.0,0.038,0.187,1.0,0.853,0.802,0.627,0.191,0.09,0.0,0.022,0.731,0.991,0.785,1.0,0.801,0.0,0.0,6
0.042,0.115,0.691,0.817,0.934,1.0,0.425,0.0,0.004,0.388,1.0,0.925,0.778,0.45,0.044,0.0,0.0,0.738,0.935,0.141,0.055,0.012,0.01,0.0,0.075,0.167,0.88,0.935,0.0,0.001,0.0,0.039,0.146,0.017,0.052,0.953,0.333,0.102,0.159,0.0,0.033,0.039,0.0,0.924,0.506,0.0,0.0,0.02,0.0,0.275,0.431,0.946,0.449,0.0,0.0,0.002,0.079,0.122,1.0,1.0,0.294,0.0,0.0,0.013,5
0.0,0.263,0.962,0.555,1.0,0.228,0.0,0.0,0.0,0.193,0.756,0.196,0.916,0.164,0.011,0.0,0.037,0.021,0.05,0.351,0.942,0.122,0.002,0.0,0.0,0.0,0.072,0.957,0.8,0.0,0.047,0.035,0.047,0.05,0.544,1.0,0.298,0.021,0.0,0.097,0.0,0.0,0.986,0.821,0.347,0.186,0.184,0.0,0.039,0.026,0.877,1.0,1.0,1.0,0.897,0.13,0.0,0.0,0.053,0.014,0.0,0.0,0.0,0.027,2
0.0,0.0,0.0,0.0,0.0,0.004,0.057,0.0,0.0,0.567,0.826,0.992,0.608,0.0,0.033,0.11,0.486,0.961,0.803,0.476,0.283,0.0,0.0,0.0,0.281,0.989,0.05,0.044,0.073,0.0,0.005,0.0,0.545,0.669,0.0,0.0,0.022,0.04,0.039,0.0,0.069,0.779,1.0,0.438,0.037,0.0,0.075,0.066,0.0,0.108,0.156,0.786,0.479,0.0,0.002,0.057,0.0,0.0,0.443,0.663,0.733,0.0,0.0,0.032,5
0.035,0.022,0.0,0.25,0.825,0.84,0.41,0.045,0.0,0.042,0.048,1.0,0.965,0.67,0.972,0.126,0.0,0.077,0.332,1.0,0.109,0.05,0.428,0.186,0.0,0.06,0.295,0.795,0.011,0.114,0.313,0.407,0.0,0.034,0.49,0.826,0.0,0.016,0.438,0.396,0.0,0.0,0.364,0.917,0.0,0.035,0.458,0.455,0.005,0.069,0.019,1.0,0.453,0.29,0.946,0.176,0.0,0.0,0.027,0.318,0.826,0.988,0.653,0.035,0
0.032,0.0,0.0,0.0,0.0,0.0,0.0,0.0,0.0,0.0,0.902,0.978,1.0,0.844,0.151,0.07,0.0,0.0,0.618,0.792,0.457,0.317,0.0,0.0,0.056,0.22,0.97,0.654,0.266,0.031,0.059,0.0,0.0,0.246,1.0,0.977,0.99,0.447,0.032,0.0,0.0,0.033,0.081,0.075,0.566,0.967,0.017,0.0,0.006,0.0,0.0,0.076,0.661,0.743,0.048,0.0,0.128,0.036,0.371,0.752,0.983,0.276,0.0,0.034,5
0.03,0.305,0.679,1.0,0.66,0.0,0.052,0.148,0.259,0.896,0.568,0.649,0.936,0.0,0.0,0.019,0.0,0.0,0.034,0.874,0.474,0.041,0.024,0.024,0.066,0.0,0.45,0.869,0.09,0.0,0.027,0.018,0.0,0.0,0.36,0.932,0.426,0.008,0.0,0.0,0.0,0.026,0.106,0.123,1.0,0.284,0.06,0.0,0.013,0.029,0.278,0.306,0.935,0.509,0.0,0.0,0.0,0.319,0.976,0.807,0.652,0.106,0.022,0.0,3
0.0,0.107,0.942,1.0,0.403,0.068,0.0,0.0,0.0,0.304,0.99,0.946,0.883,0.019,0.0,0.062,0.132,0.284,0.827,0.572,0.843,0.0,0.0,0.028,0.0,0.0,0.0,0.766,0.75,0.094,0.013,0.0,0.0,0.0,0.079,1.0,0.443,0.038,0.0,0.042,0.0,0.0,0.689,0.917,0.079,0.0,0.0,0.004,0.0,0.133,0.998,0.711,0.441,0.395,0.001,0.0,0.0,0.086,1.0,0.972,0.997,1.0,0.374,0.0,2
0.0,0.0,0.0,0.0,0.0,0.0,0.019,0.0,0.018,0.062,0.0,0.0,0.698,1.0,0.098,0.02,0.0,0.0,0.0,0.372,1.0,0.641,0.035,0.0,0.005,0.049,0.0,0.755,0.901,0.075,0.0,0.046,0.0,0.0,0.0,0.942,0.886,0.532,0.206,0.024,0.028,0.0,0.097,0.988,0.925,0.61,0.892,0.347,0.008,0.0,0.104,0.931,0.615,0.0,0.183,0.907,0.01,0.0,0.0,0.497,0.68,0.225,0.42,0.931,6
0.0,0.0,0.005,0.015,0.0,0.0,0.004,0.0,0.079,0.0,0.243,0.73,0.854,0.157,0.015,0.069,0.0,0.215,0.926,0.936,0.996,0.904,0.075,0.028,0.013,0.259,1.0,0.485,0.991,0.781,0.039,0.048,0.012,0.105,0.56,1.0,0.848,0.085,0.035,0.024,0.0,0.092,0.816,0.946,0.933,0.276,0.0,0.027,0.018,0.183,0.941,0.309,0.682,1.0,0.026,0.044,0.061,0.181,0.941,0.387,0.877,0.858,0.0,0.0,8
0.0,0.0,0.724,0.994,0.774,0.964,0.882,0.041,0.019,0.0,0.239,0.442,0.083,0.958,0.56,0.011,0.03,0.0,0.028,0.0,0.486,1.0,0.234,0.07,0.0,0.0,0.047,0.021,0.396,0.975,1.0,0.282,0.0,0.058,0.023,0.0,0.039,0.177,0.846,0.702,0.054,0.0,0.044,0.264,0.516,0.895,1.0,0.528,0.051,0.0,0.0,0.386,1.0,0.766,0.385,0.011,0.0,0.009,0.0,0.0,0.0,0.0,0.0,0.03,3
0.0,0.0,0.115,0.492,0.942,0.195,0.069,0.034,0.0,0.013,0.038,1.0,0.675,0.046,0.0,0.0,0.014,0.028,0.32,0.965,1.0,0.902,0.019,0.0,0.0,0.015,0.408,0.965,0.472,0.427,0.595,0.125,0.0,0.0,0.636,1.0,0.293,0.021,0.998,0.051,0.0,0.017,0.131,0.479,0.726,0.821,0.802,0.0,0.054,0.0,0.0,0.025,0.617,1.0,0.682,0.08,0.0,0.077,0.0,0.0,0.0,0.031,0.021,0.0,6
0.067,0.712,1.0,0.96,0.148,0.029,0.0,0.0,0.249,0.979,0.727,0.673,0.793,0.0,0.0,0.0,0.284,0.757,0.149,0.41,1.0,0.0,0.0,0.0,0.0,0.0,0.0,0.803,0.658,0.046,0.046,0.0,0.0,0.006,0.0,0.971,0.482,0.0,0.075,0.0,0.0,0.0,0.64,0.946,0.0,0.0,0.015,0.076,0.0,0.765,0.961,0.945,0.621,0.0,0.0,0.0,0.0,0.828,0.872,0.481,0.726,0.976,0.474,0.0,2
0.006,0.0,0.0,0.281,1.0,0.922,1.0,0.309,0.009,0.0,0.006,0.431,0.536,0.639,0.956,0.708,0.005,0.0,0.054,0.031,0.0,0.102,0.97,0.348,0.002,0.0,0.052,0.0,0.174,0.895,0.953,0.545,0.0,0.0,0.0,0.377,1.0,1.0,0.782,0.197,0.001,0.055,0.0,0.491,0.914,0.762,0.0,0.0,0.034,0.013,0.01,0.343,0.997,0.409,0.009,0.031,0.081,0.025,0.009,0.485,0.831,0.207,0.056,0.0,7
0.061,0.0,0.0,0.0,0.0,0.068,0.025,0.0,0.0,0.062,0.064,0.414,0.997,1.0,0.927,0.187,0.0,0.0,0.036,0.777,1.0,0.319,0.418,0.092,0.02,0.0,0.185,0.905,0.321,0.042,0.0,0.002,0.102,0.098,0.703,0.984,0.439,0.209,0.0,0.02,0.0,0.0,0.04,0.662,0.726,0.977,0.583,0.0,0.0,0.037,0.0,0.0,0.016,0.25,1.0,0.0,0.092,0.035,0.0,0.0,0.305,0.803,0.797,0.0,5
0.103,0.0,0.047,0.01,0.0,0.0,0.0,0.0,0.033,0.0,0.164,0.875,0.072,0.061,0.0,0.046,0.063,0.0,0.483,0.906,0.069,0.022,0.0,0.0,0.032,0.0,0.841,0.816,0.523,0.326,0.023,0.0,0.0,0.078,0.983,0.919,0.722,0.897,0.38,0.0,0.0,0.5,0.973,0.205,0.077,0.746,0.416,0.0,0.024,0.051,1.0,0.396,0.0,0.755,0.266,0.0,0.0,0.08,0.249,0.932,0.323,0.886,0.264,0.0,6
0.0,0.026,0.017,0.762,0.531,0.03,0.0,0.0,0.061,0.006,0.0,0.904,0.984,0.0,0.0,0.006,0.0,0.019,0.064,0.934,1.0,0.121,0.0,0.0,0.054,0.0,0.0,0.941,0.912,0.142,0.035,0.002,0.016,0.015,0.0,0.904,0.98,0.041,0.033,0.0,0.027,0.054,0.0,0.859,0.938,0.074,0.0,0.053,0.019,0.026,0.036,0.898,1.0,0.072,0.046,0.0,0.02,0.089,0.0,0.373,1.0,0.139,0.0,0.0,1
0.035,0.0,0.031,0.0,0.0,0.084,0.0,0.008,0.0,0.303,0.636,0.929,1.0,0.253,0.069,0.0,0.012,0.714,0.918,0.531,1.0,0.282,0.0,0.0,0.064,0.082,0.08,0.405,0.908,0.0,0.0,0.0,0.0,0.072,0.258,0.823,0.869,0.024,0.0,0.0,0.408,1.0,1.0,0.978,0.873,0.499,0.058,0.009,0.297,0.55,0.795,0.926,0.029,0.0,0.0,0.013,0.127,0.257,0.914,0.553,0.002,0.0,0.012,0.0,7
0.0,0.0,0.29,0.683,0.695,0.0,0.0,0.0,0.0,0.319,1.0,0.3,0.111,0.0,0.021,0.022,0.009,0.902,0.303,0.094,0.0,0.018,0.006,0.104,0.374,0.791,0.118,0.444,0.296,0.029,0.0,0.032,0.457,0.946,1.0,0.935,0.912,0.125,0.0,0.004,0.19,0.997,0.568,0.011,0.091,0.815,0.058,0.02,0.0,0.616,0.793,0.157,0.287,0.821,0.0,0.009,0.031,0.034,0.462,0.95,0.91,0.311,0.047,0.0,6
0.0,0.007,0.086,0.972,0.742,0.0,0.0,0.037,0.0,0.0,0.306,0.962,0.339,0.04,0.072,0.018,0.0,0.0,0.642,1.0,0.521,0.025,0.034,0.0,0.004,0.0,0.519,0.925,1.0,0.898,0.323,0.084,0.0,0.0,0.47,1.0,0.0,0.306,0.866,0.0,0.0,0.0,0.482,0.984,0.178,0.543,0.977,0.244,0.022,0.0,0.024,0.696,0.97,1.0,0.609,0.022,0.0,0.0,0.0,0.06,0.016,0.036,0.063,0.0,6
0.053,0.646,0.95,1.0,0.263,0.0,0.025,0.0,0.591,1.0,0.615,0.824,0.416,0.0,0.027,0.0,0.799,0.466,0.0,0.931,0.409,0.0,0.021,0.0,0.0,0.025,0.0,1.0,0.24,0.005,0.0,0.109,0.0,0.071,0.496,0.793,0.054,0.0,0.004,0.008,0.011,0.085,0.895,0.458,0.0,0.021,0.0,0.034,0.028,0.74,1.0,0.537,0.797,0.322,0.0,0.004,0.008,0.852,0.965,1.0,1.0,0.89,0.012,0.06,2
0.056,0.967,0.803,0.967,0.6,0.042,0.0,0.0,0.067,0.695,0.677,0.43,0.367,0.207,0.001,0.103,0.118,0.779,0.127,0.046,0.019,0.12,0.106,0.103,0.278,0.897,0.74,0.629,0.251,0.0,0.073,0.0,0.23,0.699,0.545,0.745,1.0,0.277,0.04,0.0,0.0,0.036,0.0,0.036,0.853,0.49,0.0,0.073,0.281,1.0,0.598,0.669,0.758,0.072,0.045,0.0,0.053,0.694,0.882,0.994,0.191,0.104,0.014,0.0,5
0.0,0.036,0.171,0.679,0.996,0.269,0.0,0.065,0.019,0.64,0.987,1.0,0.954,0.306,0.0,0.01,0.0,1.0,1.0,0.601,0.074,0.102,0.0,0.0,0.0,0.906,0.973,0.974,0.433,0.043,0.0,0.042,0.0,0.272,0.733,0.326,0.915,0.176,0.0,0.0,0.066,0.037,0.058,0.032,0.662,0.602,0.065,0.023,0.0,0.008,0.224,0.647,1.0,0.53,0.04,0.0,0.07,0.0,0.101,1.0,0.955,0.037,0.0,0.0,5
0.022,0.378,1.0,0.477,0.469,1.0,0.34,0.109,0.038,0.733,0.282,0.041,0.678,0.918,0.0,0.0,0.0,0.1,0.019,0.28,1.0,0.348,0.0,0.0,0.076,0.0,0.0,0.116,0.672,0.865,0.116,0.0,0.0,0.0,0.0,0.0,0.035,0.735,0.404,0.0,0.051,0.0,0.318,0.239,0.484,0.89,0.19,0.0,0.0,0.071,0.647,0.746,0.736,0.15,0.0,0.008,0.008,0.0,0.016,0.0,0.097,0.0,0.063,0.051,3
0.0,0.455,1.0,1.0,0.994,0.514,0.005,0.0,0.0,0.778,0.88,0.903,1.0,0.702,0.026,0.0,0.0,0.0,0.206,0.863,0.959,0.079,0.06,0.004,0.0,0.114,0.846,0.691,0.061,0.047,0.092,0.093,0.063,0.036,0.972,0.868,0.295,0.0,0.0,0.0,0.034,0.0,0.099,0.806,0.919,0.008,0.0,0.0,0.013,0.018,0.207,0.886,0.825,0.02,0.0,0.0,0.0,0.661,0.965,0.605,0.368,0.031,0.002,0.032,3
0.0,0.0,0.015,0.014,0.0,0.032,0.107,0.01,0.0,0.048,0.018,0.337,0.92,0.0,0.007,0.033,0.04,0.0,0.332,0.89,0.271,0.0,0.057,0.041,0.001,0.051,0.855,0.634,0.185,0.543,0.0,0.0,0.0,0.395,0.786,0.018,0.825,0.622,0.402,0.144,0.086,0.899,0.884,0.548,0.996,1.0,0.579,0.022,0.031,0.512,0.937,0.996,0.961,0.429,0.035,0.064,0.031,0.0,0.0,0.335,0.999,0.0,0.0,0.0,4
0.044,0.0,0.0,0.916,1.0,0.607,0.0,0.0,0.0,0.066,0.0,0.737,0.327,1.0,0.16,0.0,0.0,0.08,0.074,0.319,0.059,0.901,0.323,0.028,0.012,0.009,0.063,0.0,0.001,0.741,0.536,0.0,0.091,0.037,0.0,0.0,0.427,0.949,0.261,0.238,0.004,0.072,0.0,0.443,1.0,1.0,0.97,0.98,0.052,0.0,0.0,0.389,0.918,0.409,0.541,0.503,0.024,0.009,0.075,0.0,0.042,0.0,0.0,0.0,2
0.122,0.312,0.836,0.951,0.441,0.069,0.0,0.048,0.01,0.028,0.018,0.867,0.549,0.0,0.0,0.0,0.0,0.056,0.193,1.0,0.41,0.077,0.022,0.0,0.043,0.0,0.393,1.0,0.184,0.0,0.073,0.0,0.0,0.024,0.869,0.59,0.0,0.002,0.088,0.0,0.0,0.659,1.0,0.52,0.583,0.499,0.159,0.005,0.0,0.485,1.0,1.0,0.974,1.0,0.298,0.034,0.0,0.0,0.0,0.065,0.0,0.0,0.026,0.064,2
0.0,0.473,1.0,1.0,0.218,0.0,0.03,0.091,0.458,1.0,0.516,0.878,0.378,0.018,0.01,0.071,0.702,0.542,0.11,0.883,0.284,0.01,0.0,0.0,0.142,0.22,0.211,0.995,0.159,0.0,0.0,0.033,0.018,0.0,0.775,0.646,0.011,0.017,0.043,0.005,0.007,0.259,0.977,0.196,0.0,0.002,0.0,0.017,0.019,0.793,0.878,0.532,0.403,0.176,0.0,0.0,0.0,0.689,1.0,0.946,1.0,0.655,0.045,0.065,2
0.0,0.085,0.156,0.035,0.0,0.045,0.03,0.014,0.003,0.198,0.907,0.564,0.03,0.0,0.016,0.0,0.165,0.894,0.824,0.888,0.91,0.12,0.0,0.0,0.325,0.765,0.0,0.22,0.872,0.439,0.0,0.014,0.365,0.737,0.0,0.0,0.692,0.471,0.0,0.0,0.218,0.91,0.0,0.0,0.77,0.442,0.043,0.0,0.037,0.949,0.234,0.148,1.0,0.169,0.0,0.017,0.0,0.466,0.785,0.788,0.757,0.0,0.0,0.018,0
0.0,0.023,0.0,0.0,0.0,0.0,0.0,0.026,0.08,0.003,0.654,0.752,0.883,0.438,0.0,0.073,0.0,0.056,0.887,0.331,0.0,0.003,0.011,0.016,0.0,0.192,0.98,0.033,0.0,0.09,0.0,0.015,0.0,0.546,1.0,0.791,1.0,0.598,0.016,0.064,0.0,0.053,0.451,0.358,0.102,0.798,0.444,0.0,0.0,0.0,0.003,0.0,0.05,0.655,0.359,0.128,0.0,0.058,0.0,0.0,0.389,0.912,0.05,0.009,5
0.0,0.0,0.0,0.0,0.531,0.998,1.0,0.217,0.059,0.0,0.06,0.529,0.959,1.0,0.972,0.107,0.032,0.0,0.316,0.96,1.0,0.937,1.0,0.0,0.0,0.0,0.006,0.392,0.697,0.969,1.0,0.0,0.104,0.006,0.0,0.0,0.313,1.0,1.0,0.11,0.0,0.114,0.033,0.0,0.004,0.611,0.952,0.022,0.0,0.0,0.0,0.0,0.051,0.558,0.539,0.0,0.0,0.0,0.034,0.025,0.027,0.0,0.063,0.007,1
0.004,0.0,0.0,0.057,0.0,0.015,0.0,0.037,0.052,0.0,0.015,0.793,0.714,0.071,0.01,0.0,0.0,0.061,0.044,1.0,1.0,0.369,0.0,0.001,0.025,0.085,0.956,0.982,0.919,0.417,0.0,0.0,0.008,0.866,0.969,0.839,0.939,0.467,0.023,0.0,0.28,0.732,0.099,0.535,0.904,0.412,0.0,0.02,0.031,0.005,0.018,0.538,0.931,0.262,0.009,0.0,0.0,0.0,0.073,0.455,0.969,0.029,0.0,0.021,1
0.0,0.091,0.004,0.034,0.0,0.0,0.0,0.0,0.015,0.0,0.0,0.113,0.92,0.783,0.492,0.004,0.0,0.0,0.0,0.653,0.89,0.733,0.762,0.0,0.089,0.013,0.0,0.653,0.305,0.391,1.0,0.272,0.155,0.03,0.075,0.334,1.0,0.93,0.986,0.48,0.023,0.001,0.075,0.0,0.163,0.187,0.772,0.533,0.05,0.03,0.0,0.0,0.0,0.0,0.742,0.548,0.0,0.009,0.165,0.789,0.45,0.033,0.712,0.662,9
0.046,0.01,0.0,0.115,0.959,0.609,0.022,0.0,0.0,0.0,0.021,0.463,0.965,0.109,0.068,0.26,0.043,0.0,0.167,1.0,0.406,0.0,0.444,1.0,0.118,0.0,0.517,0.964,0.344,0.399,1.0,0.791,0.0,0.0,0.298,0.943,1.0,1.0,0.918,0.168,0.021,0.038,0.0,0.126,0.209,1.0,0.587,0.021,0.031,0.025,0.0,0.071,0.536,1.0,0.045,0.005,0.041,0.0,0.016,0.0,1.0,1.0,0.0,0.0,4
0.057,0.99,0.387,0.922,0.776,0.104,0.0,0.0,0.0,0.021,0.025,0.358,0.926,0.057,0.0,0.0,0.0,0.082,0.575,0.914,0.446,0.0,0.0,0.023,0.0,0.303,0.922,0.803,0.528,0.011,0.0,0.004,0.003,0.13,0.005,0.273,1.0,0.287,0.0,0.017,0.223,0.758,0.159,0.042,1.0,0.241,0.037,0.039,0.0,0.599,0.926,1.0,0.658,0.134,0.0,0.0,0.0,0.0,0.0,0.0,0.0,0.018,0.0,0.054,3
0.057,0.011,0.399,0.971,0.494,0.086,0.0,0.0,0.032,0.0,0.816,0.79,0.0,0.0,0.0,0.0,0.006,0.097,1.0,0.468,0.21,0.23,0.0,0.0,0.007,0.209,0.93,1.0,1.0,0.891,0.165,0.0,0.03,0.014,0.969,0.818,0.252,0.435,1.0,0.193,0.041,0.058,0.81,0.486,0.197,0.361,0.978,0.389,0.105,0.0,0.088,0.879,0.833,0.925,0.668,0.023,0.057,0.028,0.0,0.044,0.0,0.028,0.025,0.0,6
0.0,0.301,0.923,0.74,0.232,0.0,0.03,0.0,0.0,0.561,0.91,0.891,0.009,0.019,0.083,0.07,0.0,0.802,1.0,0.915,0.0,0.0,0.015,0.064,0.04,0.671,1.0,0.671,0.156,0.004,0.0,0.036,0.002,0.5,1.0,0.897,0.033,0.13,0.0,0.122,0.038,0.634,0.954,0.741,0.0,0.0,0.019,0.0,0.0,0.635,0.999,0.794,0.0,0.0,0.008,0.023,0.0,0.274,0.727,0.789,0.0,0.058,0.097,0.0,1
0.012,0.008,0.0,0.0,0.0,0.0,0.06,0.0,0.0,0.113,0.492,0.929,0.961,0.287,0.049,0.0,0.0,0.529,0.992,1.0,1.0,0.129,0.0,0.026,0.021,0.38,0.972,0.476,0.976,0.331,0.0,0.06,0.0,0.0,0.0,0.584,0.937,0.069,0.038,0.062,0.041,0.022,0.074,0.937,0.57,0.0,0.0,0.0,0.097,0.019,0.389,0.97,0.16,0.0,0.037,0.0,0.0,0.0,0.487,0.944,0.451,0.709,0.558,0.0,2
0.356,1.0,0.585,0.644,1.0,0.171,0.003,0.0,0.376,0.927,0.071,0.55,0.963,0.064,0.039,0.0,0.038,0.801,0.588,0.869,1.0,0.449,0.0,0.0,0.0,0.15,0.67,0.629,0.895,0.203,0.016,0.0,0.0,0.058,0.012,0.039,1.0,0.306,0.0,0.0,0.057,0.217,0.154,0.742,1.0,0.022,0.06,0.015,0.041,0.763,1.0,0.795,0.305,0.071,0.0,0.088,0.0,0.0,0.0,0.045,0.0,0.048,0.087,0.0,9
0.054,0.091,0.43,0.879,0.67,0.002,0.0,0.014,0.03,0.011,0.917,0.278,0.394,0.895,0.0,0.0,0.0,0.253,0.93,0.067,0.0,0.584,0.145,0.0,0.0,0.497,0.552,0.007,0.104,0.264,0.587,0.0,0.0,0.507,0.465,0.043,0.009,0.224,0.542,0.0,0.0,0.194,0.474,0.0,0.071,0.537,0.265,0.0,0.0,0.041,0.884,0.089,0.16,0.836,0.0,0.0,0.004,0.0,0.305,0.803,0.926,0.163,0.075,0.023,0
0.0,0.036,0.027,0.0,0.0,0.0,0.0,0.001,0.052,0.0,0.142,0.607,0.824,0.019,0.021,0.062,0.022,0.034,0.593,0.884,0.671,0.204,0.0,0.0,0.0,0.0,1.0,0.127,0.18,0.0,0.052,0.054,0.0,0.129,0.785,0.027,0.105,0.0,0.045,0.01,0.0,0.222,0.843,0.012,0.301,0.622,0.212,0.0,0.008,0.191,1.0,0.935,0.759,0.637,0.677,0.0,0.005,0.0,0.638,1.0,0.249,0.297,0.871,0.0,6
0.0,0.0,0.289,0.969,0.611,0.318,0.0,0.091,0.0,0.0,0.308,0.854,0.0,0.0,0.034,0.077,0.0,0.063,0.26,0.975,0.794,0.259,0.0,0.0,0.0,0.0,0.409,0.73,0.729,0.991,0.0,0.0,0.002,0.0,0.038,0.0,0.2,0.915,0.192,0.0,0.0,0.0,0.0,0.056,0.859,0.549,0.003,0.0,0.0,0.009,0.091,1.0,0.812,0.024,0.0,0.039,0.026,0.0,0.0,0.031,0.102,0.007,0.031,0.004,5
0.043,0.01,0.0,0.628,0.864,0.023,0.0,0.0,0.025,0.001,0.129,0.921,0.222,0.0,0.0,0.028,0.0,0.002,0.836,0.776,0.027,0.0,0.0,0.0,0.0,0.001,1.0,0.739,0.527,0.322,0.0,0.0,0.012,0.078,0.857,1.0,0.454,0.768,0.401,0.037,0.047,0.0,0.884,0.781,0.071,0.008,0.962,0.007,0.0,0.043,0.438,0.737,0.0,0.296,0.994,0.018,0.0,0.022,0.0,0.543,0.789,0.78,0.659,0.123,6
0.026,0.089,0.0,0.0,0.08,0.002,0.0,0.016,0.069,0.0,0.087,0.0,0.239,0.926,0.498,0.0,0.002,0.07,0.0,0.138,0.957,0.986,0.526,0.076,0.039,0.0,0.159,0.969,0.984,0.955,0.739,0.09,0.054,0.411,0.972,0.556,0.561,0.988,0.468,0.0,0.0,0.0,0.082,0.021,0.562,1.0,0.231,0.057,0.0,0.0,0.0,0.063,0.671,1.0,0.064,0.0,0.003,0.0,0.043,0.04,0.521,0.96,0.079,0.0,1
0.083,0.651,0.682,0.546,0.477,0.328,0.0,0.053,0.09,0.762,0.082,0.034,0.0,0.0,0.0,0.009,0.158,0.6,0.507,0.468,0.279,0.0,0.0,0.034,0.559,1.0,0.977,0.608,0.87,0.083,0.024,0.0,0.11,0.375,0.051,0.159,0.725,0.154,0.057,0.069,0.082,0.309,0.428,0.823,0.423,0.0,0.049,0.0,0.0,0.396,0.791,0.301,0.022,0.0,0.05,0.0,0.0,0.005,0.0,0.0,0.021,0.03,0.0,0.059,5
0.018,0.0,0.0,0.0,0.042,0.0,0.0,0.06,0.0,0.0,0.639,0.783,0.0,0.041,0.047,0.0,0.049,0.547,0.986,0.483,0.189,0.011,0.02,0.016,0.0,0.214,0.245,0.015,0.034,0.012,0.064,0.0,0.074,0.039,0.17,0.403,0.159,0.0,0.027,0.013,0.361,0.993,0.99,1.0,0.869,0.156,0.0,0.034,0.127,1.0,0.66,0.201,0.821,0.399,0.0,0.034,0.0,0.698,0.976,0.356,0.932,0.581,0.005,0.0,6
0.044,0.047,0.0,0.159,1.0,0.556,0.557,1.0,0.0,0.0,0.0,0.864,0.922,0.45,0.937,0.55,0.09,0.039,0.115,0.963,0.988,1.0,1.0,0.043,0.0,0.0,0.183,0.783,0.563,0.825,0.506,0.0,0.0,0.045,0.0,0.0,0.004,0.88,0.258,0.0,0.055,0.013,0.036,0.034,0.181,0.93,0.132,0.082,0.0,0.009,0.081,0.064,0.195,0.986,0.077,0.024,0.019,0.051,0.062,0.0,0.006,0.045,0.0,0.0,9
0.0,0.0,0.267,0.971,0.945,0.963,0.728,0.0,0.008,0.048,0.285,0.794,0.656,0.962,0.871,0.006,0.0,0.0,0.0,0.053,0.08,0.899,0.609,0.0,0.0,0.032,0.132,0.434,0.633,1.0,0.585,0.039,0.0,0.039,0.425,0.75,1.0,0.807,0.302,0.0,0.072,0.055,0.021,0.14,1.0,0.249,0.103,0.026,0.0,0.0,0.073,0.643,0.953,0.0,0.036,0.046,0.038,0.011,0.123,1.0,0.539,0.03,0.06,0.036,7
0.0,0.049,0.0,0.382,0.727,0.761,0.14,0.0,0.092,0.0,0.049,0.964,0.291,0.042,0.942,0.017,0.0,0.026,0.244,1.0,0.797,0.747,1.0,0.121,0.087,0.053,0.07,0.726,1.0,0.761,0.89,0.231,0.0,0.052,0.0,0.0,0.047,0.0,0.469,0.467,0.014,0.021,0.044,0.108,0.076,0.0,0.505,0.52,0.0,0.013,0.228,1.0,0.046,0.0,0.648,0.432,0.018,0.005,0.0,0.297,0.697,0.96,0.86,0.123,9
0.0,0.0,0.007,0.0,0.542,0.891,0.278,0.046,0.0,0.024,0.0,0.287,0.965,0.644,0.623,0.0,0.0,0.047,0.0,0.405,0.703,0.653,0.843,0.023,0.08,0.0,0.048,0.638,1.0,1.0,0.551,0.063,0.0,0.0,0.028,1.0,0.683,0.616,0.33,0.0,0.006,0.0,0.067,0.905,0.0,0.123,0.603,0.0,0.055,0.0,0.0,0.559,0.49,0.065,0.74,0.0,0.058,0.06,0.043,0.0,0.508,0.864,0.586,0.036,8
0.0,0.063,0.464,1.0,1.0,1.0,0.825,0.028,0.0,0.0,0.459,0.602,0.433,0.986,0.896,0.0,0.0,0.0,0.041,0.0,0.198,1.0,0.515,0.0,0.019,0.0,0.242,0.611,0.76,1.0,0.406,0.098,0.0,0.114,1.0,1.0,0.93,0.847,0.459,0.0,0.0,0.0,0.203,0.445,1.0,0.146,0.0,0.072,0.042,0.0,0.0,0.967,0.851,0.092,0.0,0.038,0.0,0.0,0.488,1.0,0.238,0.005,0.0,0.047,7
0.003,0.021,0.285,0.949,0.965,0.922,0.041,0.097,0.0,0.0,0.13,0.907,0.766,1.0,0.089,0.0,0.0,0.009,0.056,0.038,0.244,1.0,0.187,0.025,0.0,0.008,0.032,0.0,0.261,0.996,0.455,0.0,0.013,0.069,0.043,0.06,0.466,1.0,0.568,0.127,0.0,0.0,0.0,0.686,1.0,0.982,1.0,0.934,0.052,0.073,0.0,0.733,0.947,0.654,0.243,0.862,0.025,0.0,0.0,0.0,0.043,0.0,0.0,0.0,2
0.065,0.0,0.0,0.009,0.0,0.0,0.0,0.024,0.0,0.662,1.0,0.98,0.56,0.0,0.078,0.053,0.915,1.0,0.551,0.774,0.971,0.053,0.0,0.0,0.9,0.257,0.073,0.853,0.801,0.019,0.034,0.0,0.066,0.0,0.402,0.985,0.553,0.0,0.0,0.0,0.027,0.067,0.005,0.506,0.997,0.233,0.0,0.033,0.026,0.0,0.0,0.088,0.785,0.736,0.0,0.001,0.033,0.094,0.305,0.349,0.851,0.802,0.0,0.001,3
0.018,0.025,0.0,0.007,0.0,0.051,0.073,0.104,0.019,0.0,0.509,0.973,0.907,0.398,0.0,0.0,0.088,0.364,0.936,0.283,0.226,0.944,0.005,0.0,0.0,0.411,0.83,0.048,0.025,0.981,0.129,0.006,0.0,0.059,0.803,0.657,0.869,0.599,0.0,0.0,0.0,0.0,0.193,1.0,0.962,0.255,0.0,0.0,0.003,0.0,0.677,0.638,0.317,0.804,0.049,0.0,0.0,0.0,0.917,0.198,0.071,0.81,0.535,0.085,8
0.0,0.059,0.017,0.0,0.0,0.0,0.0,0.08,0.035,0.023,0.447,0.987,0.956,0.397,0.059,0.035,0.0,0.0,0.127,0.766,0.744,0.783,0.069,0.0,0.0,0.034,0.0,0.055,0.805,0.818,0.043,0.013,0.0,0.0,0.052,0.178,0.926,0.659,0.0,0.053,0.011,0.0,0.019,0.0,0.832,0.626,0.029,0.032,0.01,0.0,0.0,0.08,0.629,0.85,0.069,0.003,0.026,0.0,0.418,0.373,0.769,0.932,0.024,0.0,3
0.0,0.643,0.586,0.519,0.764,0.04,0.053,0.024,0.032,1.0,0.784,0.74,0.725,0.089,0.057,0.077,0.31,0.803,0.065,0.0,0.142,0.0,0.0,0.0,0.539,0.936,0.914,0.809,0.493,0.033,0.0,0.0,0.0,0.229,0.205,0.523,0.964,0.458,0.0,0.041,0.079,0.0,0.056,0.052,0.572,0.506,0.0,0.0,0.0,0.589,0.2,0.503,0.954,0.254,0.0,0.118,0.0,0.824,1.0,0.935,0.455,0.0,0.046,0.0,5
0.031,0.62,0.872,0.888,0.106,0.016,0.007,0.0,0.254,0.964,0.013,0.705,0.657,0.134,0.04,0.0,0.219,0.827,0.008,0.23,0.942,0.097,0.014,0.0,0.397,0.725,0.01,0.0,0.685,0.615,0.046,0.0,0.192,0.93,0.062,0.071,0.937,0.457,0.098,0.067,0.135,0.962,0.96,0.962,0.96,0.084,0.009,0.011,0.08,0.398,0.853,0.849,0.288,0.0,0.046,0.0,0.0,0.008,0.0,0.071,0.0,0.0,0.004,0.026,0
0.087,0.0,0.0,0.078,0.0,0.042,0.073,0.064,0.005,0.01,0.111,0.777,0.051,0.0,0.058,0.018,0.0,0.002,0.495,0.812,0.004,0.0,0.0,0.0,0.046,0.229,1.0,0.435,0.081,0.0,0.028,0.0,0.0,0.067,0.899,0.43,0.037,0.0,0.007,0.017,0.0,0.33,1.0,0.994,0.531,0.157,0.0,0.0,0.013,0.161,0.898,0.653,0.822,0.741,0.128,0.0,0.07,0.0,0.592,0.951,0.623,0.993,1.0,0.058,6
0.0,0.096,0.395,0.845,0.367,0.516,0.832,0.0,0.0,0.0,0.141,0.886,0.196,0.716,0.976,0.212,0.071,0.0,0.079,0.218,0.75,0.563,0.575,0.222,0.0,0.022,0.05,0.0,0.021,0.0,0.548,0.529,0.0,0.0,0.014,0.073,0.0,0.0,0.423,0.481,0.009,0.0,0.017,0.101,0.149,0.143,0.797,0.38,0.039,0.024,0.043,0.327,0.943,1.0,0.546,0.066,0.035,0.018,0.061,0.0,0.004,0.0,0.024,0.039,9
0.0,0.136,0.701,0.917,0.0,0.025,0.0,0.0,0.004,0.633,0.859,0.335,0.019,0.0,0.0,0.058,0.156,0.966,0.051,0.0,0.0,0.0,0.0,0.0,0.314,0.749,0.045,0.0,0.04,0.0,0.0,0.007,0.47,0.886,1.0,0.964,0.863,0.198,0.027,0.089,0.193,0.977,0.675,0.134,0.426,0.723,0.014,0.0,0.0,0.907,0.634,0.254,0.476,0.777,0.0,0.031,0.067,0.075,0.657,0.922,0.925,0.353,0.0,0.0,6
0.0,0.044,0.0,0.0,0.0,0.0,0.0,0.021,0.0,0.01,0.037,0.048,0.419,0.552,0.096,0.0,0.098,0.0,0.072,0.483,0.956,0.916,0.754,0.012,0.0,0.054,0.0,0.571,0.963,1.0,0.72,0.0,0.059,0.002,0.0,0.611,1.0,1.0,0.243,0.0,0.0,0.05,0.0,0.393,0.969,0.976,0.071,0.054,0.004,0.04,0.026,0.816,1.0,0.967,0.09,0.0,0.068,0.008,0.0,0.745,0.957,0.909,0.007,0.0,1
0.048,0.052,0.382,0.66,0.886,0.828,0.386,0.0,0.014,0.134,1.0,1.0,0.972,1.0,0.739,0.0,0.03,0.03,0.0,0.094,0.322,1.0,0.361,0.032,0.0,0.0,0.0,0.669,0.931,0.272,0.0,0.0,0.01,0.0,0.643,1.0,0.06,0.051,0.0,0.011,0.002,0.0,0.88,1.0,0.802,0.025,0.001,0.0,0.051,0.0,0.0,0.313,1.0,0.895,0.0,0.014,0.0,0.002,0.279,0.753,0.674,0.36,0.054,0.0,3
0.038,0.25,0.983,0.584,1.0,0.291,0.078,0.031,0.022,0.045,0.433,0.017,0.931,0.575,0.022,0.017,0.0,0.02,0.04,0.375,0.994,0.342,0.011,0.0,0.038,0.029,0.034,0.58,1.0,0.0,0.021,0.0,0.0,0.047,0.137,0.869,0.384,0.029,0.0,0.0,0.0,0.0,0.662,1.0,0.256,0.236,0.463,0.014,0.0,0.026,0.81,0.988,1.0,1.0,0.853,0.47,0.0,0.035,0.075,0.0,0.008,0.065,0.004,0.0,2
0.012,0.0,0.448,0.959,0.63,0.0,0.0,0.034,0.0,0.059,0.761,0.954,0.09,0.044,0.043,0.0,0.0,0.069,1.0,0.633,0.0,0.024,0.0,0.029,0.024,0.113,1.0,0.571,0.0,0.021,0.01,0.0,0.002,0.17,0.979,1.0,0.975,0.601,0.0,0.055,0.0,0.0,0.776,1.0,0.645,1.0,0.448,0.0,0.0,0.117,0.212,0.986,0.958,1.0,0.35,0.0,0.081,0.048,0.057,0.0,0.005,0.0,0.002,0.0,6
0.003,0.071,0.839,0.222,0.774,0.6,0.061,0.001,0.0,0.0,0.87,0.256,0.74,0.756,0.025,0.0,0.12,0.032,0.117,0.455,0.414,0.859,0.141,0.008,0.0,0.01,0.135,0.0,0.0,0.704,0.294,0.0,0.0,0.0,0.0,0.0,0.0,0.279,0.753,0.0,0.023,0.0,0.133,0.102,0.0,0.465,0.631,0.036,0.051,0.002,0.679,0.954,1.0,0.879,0.14,0.011,0.0,0.064,0.0,0.0,0.097,0.109,0.053,0.006,9
0.008,0.082,0.0,0.005,0.032,0.0,0.0,0.009,0.024,0.717,1.0,0.667,0.104,0.0,0.0,0.0,0.406,1.0,0.286,0.686,0.851,0.0,0.0,0.029,0.043,0.157,0.006,0.214,1.0,0.069,0.019,0.0,0.0,0.0,0.221,0.743,0.642,0.005,0.0,0.027,0.0,0.0,0.629,1.0,0.704,0.128,0.0,0.055,0.04,0.112,0.014,0.215,0.916,0.518,0.0,0.077,0.236,1.0,0.382,0.332,0.861,0.515,0.0,0.0,3
0.0,0.366,1.0,0.929,0.728,0.706,0.299,0.0,0.0,0.165,0.907,0.894,0.311,0.0,0.0,0.082,0.0,0.0,0.573,0.939,0.905,0.14,0.067,0.0,0.018,0.038,0.013,0.189,1.0,0.358,0.038,0.007,0.0,0.052,0.0,0.226,1.0,0.36,0.0,0.0,0.04,0.0,0.414,0.62,0.972,0.332,0.0,0.008,0.0,0.044,0.93,0.957,0.616,0.017,0.0,0.0,0.001,0.072,0.065,0.01,0.0,0.0,0.12,0.0,5
0.0,0.181,0.984,0.803,0.166,0.0,0.0,0.0,0.0,0.678,0.977,0.021,0.016,0.061,0.0,0.0,0.178,1.0,1.0,0.821,0.384,0.137,0.007,0.0,0.206,1.0,0.74,0.424,0.998,0.084,0.1,0.079,0.0,0.863,0.558,0.045,0.975,0.344,0.0,0.0,0.001,0.5,0.834,0.319,0.995,0.154,0.0,0.0,0.021,0.046,0.681,1.0,0.653,0.069,0.052,0.0,0.0,0.02,0.01,0.0,0.058,0.007,0.025,0.0,6
0.001,0.0,0.074,0.0,0.027,0.0,0.03,0.0,0.005,0.027,0.735,0.902,0.946,0.762,0.18,0.041,0.086,0.012,0.899,0.944,0.965,0.783,0.046,0.0,0.0,0.095,0.997,0.949,1.0,0.518,0.004,0.0,0.048,0.0,1.0,0.99,0.983,0.153,0.0,0.078,0.022,0.508,1.0,0.951,0.831,0.113,0.026,0.0,0.0,0.364,0.973,1.0,0.644,0.033,0.009,0.049,0.0,0.124,0.759,0.954,0.803,0.041,0.008,0.0,1
0.056,0.0,0.032,0.581,1.0,0.267,0.26,0.0,0.043,0.03,0.007,0.891,0.601,0.0,0.03,0.0,0.0,0.0,0.582,0.87,0.547,0.538,0.117,0.039,0.036,0.0,0.185,0.661,0.689,0.795,0.959,0.234,0.083,0.041,0.0,0.07,0.0,0.101,0.635,0.742,0.022,0.011,0.0,0.06,0.097,0.085,0.669,0.694,0.0,0.0,0.0,0.524,1.0,0.987,0.984,0.301,0.058,0.0,0.0,0.009,0.021,0.0,0.0,0.0,5
0.067,0.0,0.0,0.0,0.03,0.04,0.0,0.005,0.031,0.075,0.0,0.448,0.982,0.976,0.637,0.0,0.023,0.0,0.0,0.601,0.609,0.583,0.998,0.0,0.0,0.059,0.0,0.0,0.073,0.389,0.882,0.0,0.0,0.042,0.066,0.0,0.137,1.0,0.466,0.052,0.0,0.052,0.0,0.1,0.779,0.969,0.237,0.005,0.036,0.056,0.0,0.296,0.982,1.0,0.431,0.016,0.025,0.0,0.0,0.0,0.35,0.981,0.209,0.029,3
0.003,0.156,0.576,0.909,0.23,0.023,0.019,0.0,0.352,0.85,0.199,0.581,0.414,0.0,0.015,0.0,0.339,0.684,0.726,0.848,0.172,0.014,0.031,0.0,0.028,0.643,1.0,0.983,0.129,0.0,0.0,0.004,0.088,0.478,0.415,0.622,0.765,0.061,0.0,0.086,0.0,0.76,0.005,0.0,0.931,0.311,0.0,0.0,0.0,0.739,0.344,0.068,0.396,0.523,0.0,0.022,0.047,0.09,0.883,1.0,0.945,0.188,0.067,0.0,8
0.018,0.0,0.043,1.0,0.798,0.323,0.816,0.29,0.0,0.0,0.178,0.84,0.225,0.042,0.138,0.481,0.0,0.022,0.585,0.159,0.021,0.0,0.158,0.53,0.014,0.0,0.52,0.268,0.0,0.0,0.515,0.395,0.034,0.0,0.367,0.383,0.0,0.0,0.686,0.176,0.016,0.001,0.011,0.749,0.216,0.227,0.787,0.056,0.0,0.025,0.028,0.439,0.891,0.979,0.414,0.03,0.015,0.009,0.024,0.0,0.02,0.0,0.008,0.049,0
0.0,0.028,0.0,0.188,0.675,0.053,0.087,0.042,0.0,0.063,0.0,0.785,0.639,0.0,0.052,0.019,0.041,0.0,0.0,0.847,0.015,0.0,0.012,0.045,0.045,0.0,0.177,0.855,0.0,0.008,0.0,0.0,0.0,0.042,0.273,1.0,0.968,0.953,0.867,0.224,0.01,0.0,0.052,0.989,0.505,0.314,0.572,0.673,0.074,0.0,0.095,1.0,0.601,0.388,0.58,0.814,0.07,0.0,0.0,0.293,0.644,0.715,0.958,0.457,6
0.037,0.0,0.0,0.025,0.083,0.092,0.037,0.038,0.0,0.486,1.0,0.907,0.055,0.082,0.0,0.007,0.105,0.722,0.57,1.0,0.277,0.0,0.0,0.0,0.08,0.0,0.184,0.95,0.441,0.036,0.0,0.032,0.107,0.0,0.306,1.0,0.044,0.03,0.017,0.004,0.259,0.655,0.871,0.969,0.804,0.409,0.058,0.0,0.761,0.975,1.0,0.817,0.784,0.381,0.063,0.0,0.086,0.47,0.763,0.0,0.008,0.0,0.0,0.0,7
0.0,0.033,0.772,0.945,0.487,0.933,0.121,0.078,0.038,0.532,0.979,0.284,0.313,0.97,0.0,0.064,0.0,0.074,0.122,0.0,0.784,0.468,0.006,0.006,0.0,0.003,0.0,0.203,0.913,0.048,0.0,0.085,0.009,0.0,0.041,0.759,0.411,0.024,0.176,0.034,0.009,0.001,0.079,1.0,0.496,0.802,0.579,0.0,0.0,0.089,0.106,0.918,1.0,0.723,0.083,0.081,0.003,0.0,0.0,0.0,0.0,0.041,0.0,0.0,2
0.026,0.032,0.452,0.816,0.39,0.536,1.0,0.027,0.0,0.012,0.0,0.078,0.05,0.459,0.881,0.0,0.0,0.001,0.036,0.498,1.0,1.0,1.0,0.68,0.038,0.049,0.158,0.983,0.784,0.868,0.243,0.199,0.0,0.0,0.063,0.097,0.759,0.382,0.0,0.031,0.023,0.0,0.035,0.096,1.0,0.117,0.036,0.045,0.008,0.064,0.0,0.816,0.591,0.008,0.062,0.0,0.0,0.044,0.0,0.085,0.032,0.0,0.0,0.0,7
0.0,0.071,0.02,0.019,0.068,0.817,0.911,0.218,0.014,0.0,0.006,0.06,0.614,0.718,0.725,0.514,0.102,0.004,0.0,0.0,0.402,0.055,0.831,0.52,0.079,0.007,0.0,0.02,0.023,0.448,0.939,0.115,0.0,0.0,0.315,0.482,0.781,1.0,0.3,0.0,0.066,0.0,0.338,1.0,1.0,0.434,0.049,0.013,0.0,0.0,0.0,0.08,0.709,0.7,0.225,0.199,0.0,0.0,0.025,0.032,0.06,0.756,1.0,0.239,2
0.026,0.0,0.0,0.67,0.402,0.385,0.952,0.048,0.0,0.0,0.086,0.001,0.001,0.645,0.723,0.036,0.044,0.01,0.062,0.71,0.959,1.0,1.0,0.759,0.034,0.0,0.133,0.781,0.911,0.893,0.085,0.009,0.0,0.0,0.0,0.173,0.846,0.299,0.024,0.0,0.0,0.01,0.064,0.53,0.793,0.0,0.0,0.024,0.0,0.0,0.0,0.722,0.466,0.0,0.0,0.0,0.0,0.024,0.036,0.014,0.048,0.004,0.0,0.0,7
0.0,0.0,0.0,0.029,0.275,0.692,0.453,0.374,0.008,0.0,0.0,0.302,0.961,0.947,0.989,0.332,0.0,0.0,0.0,0.757,1.0,0.951,0.587,0.058,0.028,0.0,0.257,1.0,1.0,1.0,0.308,0.0,0.0,0.0,0.075,0.847,1.0,0.49,0.009,0.0,0.0,0.104,0.207,0.991,0.998,0.422,0.004,0.0,0.012,0.0,0.0,0.503,1.0,0.474,0.0,0.005,0.032,0.033,0.0,0.0,0.446,0.293,0.0,0.041,1
0.0,0.1,0.443,1.0,0.933,0.93,0.289,0.03,0.0,0.0,0.056,0.0,0.521,1.0,0.0,0.0,0.0,0.0,0.6,0.859,1.0,0.968,0.791,0.041,0.056,0.113,0.989,0.999,0.986,0.5,0.141,0.0,0.0,0.051,0.097,0.873,0.653,0.0,0.0,0.0,0.0,0.034,0.201,0.916,0.258,0.0,0.0,0.0,0.0,0.028,0.395,0.73,0.0,0.0,0.0,0.017,0.0,0.0,0.0,0.0,0.1,0.035,0.002,0.001,7
0.039,0.083,0.16,0.881,0.453,0.0,0.0,0.035,0.028,0.182,0.989,0.742,0.086,0.0,0.0,0.054,0.056,0.81,0.702,0.0,0.104,0.768,0.0,0.0,0.603,0.915,0.029,0.0,0.808,0.758,0.108,0.019,0.662,0.944,0.706,0.987,0.921,0.375,0.0,0.0,0.321,0.632,0.489,1.0,0.761,0.0,0.046,0.062,0.024,0.0,0.071,1.0,0.274,0.0,0.0,0.003,0.008,0.02,0.314,0.921,0.049,0.089,0.0,0.0,4
0.0,0.0,0.0,0.023,0.0,0.039,0.0,0.011,0.0,0.0,0.004,0.537,0.707,0.698,0.791,0.43,0.0,0.066,0.0,0.936,0.327,0.273,0.233,0.148,0.0,0.07,0.254,0.903,0.556,0.229,0.001,0.0,0.058,0.0,0.163,0.751,0.602,0.951,0.658,0.099,0.028,0.0,0.0,0.04,0.081,0.046,0.681,0.435,0.0,0.0,0.0,0.004,0.006,0.02,0.473,0.505,0.0,0.0,0.309,0.694,0.177,0.231,0.86,0.173,5
0.0,0.022,0.0,0.0,0.0,0.02,0.072,0.051,0.0,0.005,0.482,0.881,0.684,0.0,0.0,0.0,0.0,0.504,0.775,0.36,0.043,0.078,0.014,0.0,0.052,0.968,0.073,0.052,0.0,0.073,0.0,0.053,0.265,0.62,0.0,0.044,0.0,0.0,0.0,0.0,0.256,1.0,0.861,0.746,0.608,0.179,0.023,0.0,0.0,0.968,0.099,0.0,0.614,0.614,0.0,0.0,0.033,0.657,0.57,0.169,0.772,0.199,0.028,0.028,6
0.0,0.0,0.0,0.08,0.0,0.0,0.034,0.0,0.0,0.106,0.698,0.938,0.836,0.091,0.006,0.0,0.044,0.468,0.863,0.349,0.925,0.54,0.055,0.022,0.043,0.104,1.0,0.133,0.668,0.736,0.067,0.0,0.0,0.022,0.459,1.0,0.885,1.0,0.179,0.0,0.0,0.058,0.0,0.0,0.0,0.876,0.446,0.0,0.0,0.107,0.062,0.005,0.0,0.731,0.544,0.063,0.0,0.106,0.496,0.246,0.403,0.908,0.399,0.009,9
0.008,0.0,0.412,0.997,1.0,0.975,0.586,0.048,0.02,0.5,1.0,0.79,0.567,0.535,0.345,0.004,0.0,0.524,0.873,0.47,0.035,0.005,0.0,0.0,0.0,0.483,0.989,0.986,0.807,0.082,0.039,0.054,0.047,0.404,0.767,0.52,0.956,0.274,0.012,0.038,0.0,0.0,0.021,0.0,0.967,0.331,0.0,0.0,0.0,0.0,0.004,0.51,0.872,0.123,0.078,0.0,0.024,0.004,0.712,0.92,0.327,0.0,0.0,0.0,5
0.0,0.0,0.0,0.198,1.0,0.973,0.621,0.0,0.0,0.0,0.014,0.221,0.706,0.674,1.0,0.0,0.0,0.037,0.0,0.018,0.104,0.742,0.762,0.0,0.0,0.0,0.012,0.0,0.535,0.978,0.687,0.0,0.02,0.002,0.182,0.227,0.03,0.379,1.0,0.419,0.051,0.048,0.7,0.786,0.131,0.0,0.742,0.8,0.0,0.0,0.237,1.0,0.762,0.449,0.954,0.433,0.0,0.068,0.0,0.289,0.979,0.969,0.685,0.0,3
0.0,0.017,0.078,0.428,0.593,0.005,0.0,0.0,0.0,0.0,0.068,0.873,0.859,0.09,0.037,0.045,0.0,0.0,0.398,0.87,0.757,0.802,0.0,0.016,0.002,0.17,0.972,0.225,0.594,0.592,0.003,0.0,0.025,0.4,0.593,0.0,0.825,0.601,0.161,0.006,0.028,0.759,1.0,1.0,0.969,0.957,0.182,0.0,0.0,0.0,0.248,0.494,0.915,0.0,0.0,0.0,0.042,0.0,0.0,0.608,0.564,0.0,0.0,0.049,4
0.122,0.461,0.908,0.521,0.547,0.982,0.385,0.07,0.048,0.0,0.176,0.048,0.639,0.932,0.031,0.003,0.004,0.0,0.0,0.17,1.0,0.394,0.0,0.098,0.05,0.0,0.019,0.413,0.965,0.242,0.0,0.103,0.0,0.0,0.021,0.0,0.828,0.825,0.1,0.029,0.015,0.0,0.212,0.365,0.866,0.858,0.027,0.078,0.013,0.229,0.921,0.97,0.877,0.353,0.0,0.023,0.023,0.0,0.0,0.067,0.0,0.0,0.0,0.0,3
0.0,0.517,1.0,0.388,0.0,0.0,0.0,0.043,0.0,0.991,0.859,0.048,0.052,0.005,0.056,0.0,0.0,0.849,0.647,0.002,0.028,0.033,0.059,0.0,0.007,1.0,0.688,0.422,0.197,0.009,0.103,0.023,0.0,0.734,0.944,1.0,1.0,0.667,0.017,0.057,0.0,0.46,1.0,0.816,0.742,1.0,0.406,0.0,0.0,0.0,0.587,0.926,0.769,0.295,0.0,0.102,0.0,0.153,0.029,0.063,0.0,0.0,0.0,0.0,6
0.008,0.304,0.913,0.63,0.0,0.0,0.0,0.016,0.373,0.998,0.755,0.712,0.778,0.137,0.078,0.102,0.75,1.0,0.633,0.935,1.0,0.551,0.0,0.05,0.321,0.926,0.955,1.0,0.757,0.143,0.027,0.0,0.042,0.0,0.86,0.794,0.0,0.042,0.0,0.029,0.01,0.0,0.846,0.692,0.035,0.0,0.05,0.0,0.0,0.059,0.626,0.74,0.034,0.04,0.074,0.004,0.0,0.0,0.0,0.019,0.031,0.049,0.0,0.003,4
0.0,0.0,0.0,0.01,0.569,0.95,0.61,0.0,0.0,0.025,0.0,0.0,0.0,0.365,0.962,0.071,0.086,0.051,0.028,0.0,0.004,0.058,1.0,0.37,0.0,0.009,0.041,0.0,0.021,0.474,0.798,0.024,0.087,0.0,0.005,0.19,0.579,0.779,0.953,0.007,0.017,0.035,0.0,0.516,1.0,1.0,0.737,0.223,0.0,0.018,0.0,0.074,0.763,1.0,0.865,1.0,0.038,0.0,0.067,0.075,0.0,0.005,0.069,0.0,2
0.0,0.002,0.397,0.956,0.629,0.078,0.048,0.0,0.0,0.692,0.765,0.287,0.547,0.517,0.038,0.066,0.0,0.659,0.358,0.012,0.444,0.969,0.037,0.051,0.0,0.307,0.754,0.66,0.847,0.958,0.009,0.059,0.032,0.073,0.0,0.492,0.022,0.652,0.331,0.0,0.024,0.0,0.0,0.0,0.005,0.581,0.314,0.094,0.043,0.054,0.301,0.216,0.069,0.826,0.268,0.0,0.0,0.0,0.311,0.876,0.928,0.757,0.085,0.0,9
0.026,0.068,0.026,0.093,0.0,0.0,0.0,0.0,0.0,0.0,0.0,0.322,0.874,0.063,0.0,0.0,0.024,0.0,0.0,0.707,0.547,0.331,0.795,0.0,0.05,0.0,0.0,1.0,0.303,0.739,0.833,0.062,0.0,0.0,0.0,0.998,0.804,0.898,0.471,0.044,0.002,0.103,0.0,0.221,0.887,0.972,0.088,0.0,0.026,0.075,0.0,0.0,0.816,0.524,0.107,0.02,0.0,0.034,0.0,0.135,1.0,0.244,0.01,0.017,4
0.044,0.0,0.008,0.0,0.093,1.0,0.41,0.0,0.0,0.0,0.0,0.132,0.851,0.772,0.265,0.017,0.007,0.012,0.051,0.581,0.715,0.07,0.023,0.0,0.081,0.0,0.075,0.968,0.373,0.051,0.393,0.715,0.0,0.054,0.44,0.9,0.0,0.06,0.933,0.469,0.023,0.0,0.541,0.92,0.624,0.881,1.0,0.266,0.017,0.006,0.0,0.729,0.97,0.999,0.632,0.023,0.007,0.0,0.053,0.012,0.151,0.948,0.241,0.0,4
0.008,0.043,0.0,0.108,0.0,0.02,0.0,0.0,0.106,0.845,1.0,0.984,0.041,0.0,0.026,0.012,0.963,0.823,0.363,0.988,0.301,0.06,0.045,0.066,0.671,0.091,0.089,0.985,0.257,0.0,0.012,0.0,0.0,0.0,0.616,0.965,0.866,0.53,0.004,0.047,0.01,0.972,0.968,0.86,0.443,0.114,0.0,0.07,0.0,0.625,0.953,0.041,0.0,0.008,0.0,0.054,0.0,0.769,0.624,0.0,0.0,0.0,0.11,0.0,7
0.11,0.241,0.932,0.484,0.63,0.974,0.267,0.065,0.08,0.0,0.0,0.03,0.296,1.0,0.208,0.0,0.016,0.047,0.0,0.143,0.765,0.88,0.066,0.0,0.0,0.0,0.117,0.602,0.876,0.368,0.0,0.002,0.021,0.0,0.347,0.99,0.664,0.0,0.02,0.0,0.052,0.028,0.808,0.975,0.443,0.629,0.697,0.02,0.037,0.0,0.804,0.906,0.97,0.951,0.485,0.096,0.0,0.0,0.0,0.023,0.093,0.024,0.0,0.052,2
0.0,0.045,1.0,0.74,0.129,0.0,0.0,0.056,0.02,0.038,0.933,0.512,0.846,0.002,0.0,0.038,0.055,0.0,0.77,0.632,0.978,0.011,0.0,0.019,0.0,0.084,0.403,1.0,0.217,0.565,0.391,0.005,0.091,0.0,0.0,0.729,0.932,0.672,0.0,0.03,0.0,0.0,0.059,0.721,0.841,0.742,0.02,0.0,0.0,0.0,0.734,0.479,0.0,0.554,0.345,0.0,0.0,0.0,0.977,0.144,0.397,0.746,0.399,0.0,8
0.0,0.01,0.0,0.0,0.003,0.021,0.029,0.0,0.0,0.041,0.673,0.627,0.0,0.0,0.0,0.0,0.0,0.416,0.849,0.23,0.0,0.0,0.0,0.003,0.0,0.96,0.341,0.246,0.035,0.0,0.026,0.036,0.451,1.0,0.136,0.96,0.172,0.229,0.0,0.007,0.709,0.697,0.348,1.0,0.872,0.671,0.089,0.0,0.673,0.94,1.0,0.981,0.574,0.094,0.035,0.01,0.202,0.559,0.734,0.715,0.0,0.0,0.0,0.048,4
0.043,0.0,0.0,0.0,0.004,0.132,0.021,0.036,0.0,0.632,1.0,0.241,0.15,0.039,0.053,0.026,0.273,1.0,0.941,0.549,0.0,0.0,0.048,0.007,0.682,0.71,0.559,0.714,0.03,0.0,0.0,0.0,0.102,0.021,0.452,0.77,0.045,0.0,0.003,0.0,0.042,0.013,0.63,0.442,0.0,0.075,0.006,0.0,0.048,0.129,0.874,0.316,0.01,0.133,0.0,0.037,0.065,0.61,0.929,0.887,0.859,0.759,0.0,0.03,2
0.063,0.057,0.0,0.095,0.754,0.499,0.389,0.0,0.043,0.0,0.0,0.442,0.795,0.951,1.0,0.0,0.0,0.0,0.0,0.352,0.561,0.185,0.931,0.166,0.018,0.0,0.011,0.321,0.867,0.954,0.985,0.313,0.0,0.0,0.0,0.022,0.267,0.073,0.779,0.292,0.037,0.0,0.0,0.225,0.042,0.0,0.734,0.384,0.0,0.0,0.077,0.717,0.369,0.002,0.692,0.392,0.057,0.076,0.011,0.173,0.733,0.961,1.0,0.008,9
0.106,0.0,0.0,0.0,0.0,0.0,0.023,0.0,0.01,0.069,0.135,0.995,0.316,0.0,0.0,0.0,0.0,0.0,0.793,0.97,0.029,0.0,0.059,0.0,0.0,0.235,1.0,0.207,0.632,0.765,0.031,0.097,0.059,0.875,0.467,0.0,0.995,0.827,0.0,0.0,0.678,1.0,0.622,0.459,0.98,0.639,0.0,0.015,0.989,0.998,1.0,0.898,0.883,0.195,0.0,0.013,0.0,0.013,0.141,0.958,0.777,0.0,0.041,0.0,4
0.0,0.977,0.921,0.191,0.0,0.0,0.019,0.0,0.02,0.476,0.941,0.618,0.0,0.092,0.0,0.0,0.007,0.0,0.742,0.912,0.0,0.001,0.0,0.0,0.0,0.408,0.71,1.0,0.763,0.65,0.0,0.021,0.491,0.988,1.0,1.0,0.657,0.316,0.0,0.0,0.0,0.503,0.932,0.826,0.0,0.0,0.108,0.0,0.056,0.536,0.92,0.153,0.026,0.05,0.0,0.0,0.089,0.974,0.303,0.0,0.075,0.007,0.055,0.06,7
0.0,0.0,0.0,0.0,0.0,0.0,0.085,0.035,0.092,0.44,0.875,0.974,0.517,0.011,0.0,0.062,0.813,0.865,0.424,0.926,0.995,0.0,0.097,0.0,0.456,0.072,0.518,0.954,0.569,0.067,0.056,0.0,0.056,0.128,0.996,0.565,0.0,0.027,0.0,0.0,0.014,0.027,0.783,0.984,0.391,0.068,0.0,0.0,0.09,0.0,0.0,0.498,0.977,0.661,0.0,0.053,0.057,0.284,0.0,0.0,0.651,0.937,0.103,0.011,3
0.0,0.002,0.073,0.059,0.0,0.063,0.0,0.0,0.0,0.0,0.76,1.0,0.751,0.452,0.0,0.052,0.016,0.318,0.981,1.0,0.682,0.82,0.254,0.0,0.0,0.268,0.978,0.287,0.0,0.0,0.002,0.094,0.009,0.205,1.0,0.502,0.0,0.0,0.0,0.0,0.079,0.042,0.999,0.994,0.205,0.0,0.037,0.007,0.04,0.08,0.178,0.957,0.924,0.0,0.0,0.005,0.02,0.085,0.582,0.94,0.931,0.0,0.031,0.039,5
0.033,0.0,0.441,0.81,0.207,0.641,0.743,0.086,0.0,0.041,0.192,0.765,0.0,0.421,0.906,0.048,0.0,0.0,0.097,0.867,0.932,1.0,0.908,0.091,0.0,0.0,0.0,0.008,0.246,0.203,0.528,0.378,0.0,0.009,0.06,0.08,0.0,0.0,0.199,0.733,0.0,0.0,0.0,0.272,0.146,0.0,0.138,0.813,0.0,0.035,0.0,0.703,1.0,0.957,1.0,0.629,0.0,0.126,0.022,0.08,0.033,0.0,0.0,0.021,9
0.067,0.048,0.31,1.0,1.0,1.0,0.482,0.069,0.0,0.006,0.804,0.721,0.021,0.959,0.565,0.103,0.0,0.0,0.102,0.074,0.369,1.0,0.848,0.101,0.062,0.033,0.0,0.0,0.042,0.753,1.0,0.731,0.0,0.044,0.0,0.007,0.053,0.0,0.719,0.795,0.0,0.0,0.0,0.065,0.755,0.86,1.0,0.356,0.0,0.039,0.006,0.113,0.991,0.921,0.527,0.0,0.002,0.0,0.007,0.081,0.0,0.0,0.0,0.0,3
0.037,0.061,0.0,0.857,0.835,0.093,0.05,0.0,0.0,0.0,0.329,0.94,0.614,0.0,0.055,0.0,0.02,0.003,0.719,0.998,0.067,0.119,0.053,0.036,0.0,0.08,0.948,1.0,0.862,0.081,0.024,0.059,0.0,0.34,1.0,0.674,0.502,0.681,0.471,0.0,0.087,0.055,1.0,0.515,0.048,0.457,1.0,0.037,0.015,0.053,0.597,0.826,0.583,0.855,0.979,0.125,0.0,0.0,0.082,0.99,1.0,0.937,0.21,0.031,6
0.064,0.047,0.132,0.729,0.954,0.936,0.077,0.042,0.08,0.017,0.696,0.973,0.973,1.0,0.225,0.025,0.106,0.0,0.168,0.162,0.098,0.983,0.182,0.097,0.019,0.0,0.027,0.0,0.629,0.737,0.03,0.0,0.0,0.004,0.0,0.337,1.0,0.246,0.0,0.042,0.0,0.0,0.0,0.765,0.717,0.272,0.683,0.532,0.007,0.0,0.0,0.941,1.0,1.0,1.0,0.389,0.0,0.019,0.052,0.909,0.849,0.761,0.297,0.08,2
0.005,0.251,0.976,0.47,0.634,0.417,0.034,0.0,0.0,0.662,0.989,0.99,0.981,0.413,0.0,0.0,0.195,0.979,0.281,0.379,0.943,0.0,0.028,0.0,0.103,0.574,0.0,0.823,0.463,0.099,0.0,0.0,0.031,0.337,0.984,1.0,0.81,0.365,0.027,0.054,0.0,0.313,0.877,0.841,0.556,0.26,0.035,0.0,0.014,0.019,0.929,0.368,0.0,0.0,0.0,0.0,0.001,0.272,1.0,0.121,0.105,0.0,0.0,0.0,7
0.065,0.0,0.09,0.0,0.0,0.098,0.039,0.047,0.004,0.0,0.012,0.7,0.924,0.299,0.0,0.054,0.004,0.0,0.977,0.894,0.457,0.865,0.049,0.0,0.008,0.606,0.868,0.036,0.0,1.0,0.244,0.029,0.05,0.354,0.81,0.0,0.379,1.0,0.099,0.11,0.0,0.068,1.0,0.952,0.991,0.755,0.0,0.0,0.065,0.024,0.27,0.823,0.236,0.815,0.237,0.023,0.008,0.001,0.161,0.868,0.384,1.0,0.112,0.031,8
0.0,0.0,0.0,0.0,1.0,0.151,0.0,0.05,0.0,0.0,0.097,0.308,0.842,0.0,0.0,0.028,0.009,0.0,0.032,0.608,0.651,0.044,0.111,0.007,0.117,0.0,0.0,0.825,0.589,0.92,0.893,0.601,0.005,0.0,0.078,0.782,0.959,0.492,0.029,0.866,0.0,0.0,0.01,0.389,0.984,0.279,0.547,0.871,0.0,0.067,0.04,0.022,0.544,0.889,0.826,0.206,0.0,0.018,0.006,0.0,0.008,0.111,0.0,0.032,6
0.0,0.0,0.0,0.0,0.88,0.353,0.0,0.081,0.026,0.048,0.0,0.145,0.99,0.627,0.0,0.0,0.109,0.048,0.0,0.609,0.971,0.565,0.016,0.066,0.0,0.058,0.0,0.818,1.0,0.445,0.05,0.08,0.041,0.008,0.708,1.0,0.9,0.302,0.046,0.064,0.0,0.019,0.764,0.741,0.91,0.281,0.0,0.024,0.0,0.0,0.0,0.289,0.983,0.617,0.0,0.037,0.091,0.046,0.0,0.004,0.874,0.627,0.022,0.0,1
0.0,0.0,0.045,0.0,0.0,0.044,0.0,0.034,0.0,0.0,0.0,0.706,0.911,0.227,0.0,0.0,0.0,0.071,0.273,1.0,0.986,0.293,0.025,0.0,0.0,0.341,0.965,0.886,0.971,0.207,0.023,0.0,0.062,0.678,0.655,0.6,0.979,0.035,0.0,0.023,0.0,0.0,0.0,0.7,0.865,0.023,0.024,0.0,0.036,0.033,0.0,0.637,0.79,0.0,0.112,0.051,0.005,0.0,0.002,0.637,1.0,0.11,0.0,0.041,1
0.021,0.0,0.0,0.086,0.0,0.016,0.0,0.0,0.007,0.0,0.085,0.57,0.865,0.0,0.075,0.094,0.025,0.0,0.563,0.718,0.255,0.0,0.0,0.0,0.073,0.195,0.963,0.093,0.048,0.0,0.019,0.0,0.021,0.428,0.73,0.233,0.281,0.072,0.0,0.064,0.0,0.255,0.992,0.987,0.954,0.892,0.304,0.0,0.0,0.0,1.0,0.233,0.0,0.602,0.471,0.0,0.0,0.056,0.44,0.797,0.292,0.759,0.527,0.0,6
0.047,0.173,0.873,0.158,0.022,0.0,0.0,0.031,0.054,0.0,0.921,0.741,0.008,0.027,0.0,0.0,0.0,0.0,0.858,0.95,0.181,0.0,0.008,0.042,0.053,0.0,0.781,1.0,0.527,0.0,0.0,0.042,0.0,0.06,0.494,0.832,0.933,0.0,0.09,0.067,0.078,0.068,0.0,0.267,1.0,0.261,0.0,0.007,0.063,0.169,0.517,0.894,1.0,0.793,0.283,0.0,0.002,0.287,0.94,1.0,0.986,0.982,0.988,0.0,1
0.0,0.098,0.0,0.0,0.011,0.0,0.0,0.0,0.0,0.0,0.0,0.538,1.0,1.0,0.243,0.0,0.0,0.0,0.0,0.987,0.962,1.0,0.777,0.0,0.0,0.08,0.0,0.067,0.176,1.0,0.693,0.0,0.0,0.0,0.063,0.125,0.432,0.852,0.745,0.635,0.022,0.046,0.146,0.885,0.921,0.976,0.681,0.187,0.0,0.057,0.264,0.878,0.977,0.612,0.0,0.084,0.0,0.021,0.073,0.425,0.998,0.147,0.0,0.0,7
0.0,0.017,0.168,0.986,0.652,0.485,0.875,0.443,0.026,0.055,0.434,0.955,0.047,0.157,0.868,0.228,0.04,0.0,0.186,0.82,1.0,1.0,0.929,0.01,0.0,0.0,0.0,0.0,0.06,0.89,0.341,0.058,0.022,0.128,0.025,0.057,0.429,0.871,0.0,0.002,0.0,0.035,0.0,0.071,0.961,0.251,0.077,0.0,0.012,0.0,0.0,0.19,1.0,0.18,0.038,0.051,0.0,0.027,0.04,0.0,0.0,0.02,0.004,0.0,9
0.118,0.04,0.0,0.0,0.048,0.0,0.0,0.0,0.004,0.001,0.0,0.0,0.324,0.871,0.155,0.0,0.036,0.02,0.0,0.181,1.0,0.643,0.045,0.0,0.057,0.008,0.0,0.729,0.884,0.097,0.0,0.0,0.0,0.047,0.079,0.945,0.757,0.106,0.065,0.0,0.08,0.043,0.134,1.0,1.0,0.97,0.482,0.021,0.028,0.0,0.328,1.0,0.891,0.551,0.8,0.507,0.0,0.0,0.0,0.74,1.0,0.289,0.682,0.612,6
0.016,0.167,0.914,1.0,1.0,0.401,0.0,0.0,0.0,0.198,0.867,0.493,0.939,0.198,0.077,0.057,0.0,0.065,0.0,0.216,0.876,0.043,0.005,0.092,0.0,0.107,0.519,0.96,0.983,0.835,0.062,0.001,0.0,0.48,1.0,0.805,0.407,0.15,0.0,0.0,0.0,0.011,0.531,0.511,0.0,0.021,0.0,0.055,0.0,0.086,0.969,0.125,0.007,0.014,0.061,0.006,0.0,0.338,0.704,0.042,0.015,0.044,0.051,0.0,7
0.056,0.0,0.057,0.0,0.016,0.802,0.482,0.009,0.0,0.061,0.02,0.06,0.304,0.776,0.0,0.0,0.034,0.023,0.028,0.164,0.856,0.211,0.625,0.584,0.009,0.027,0.08,0.891,0.946,0.661,1.0,0.331,0.0,0.047,0.824,0.888,0.779,0.961,1.0,0.105,0.0,0.055,0.197,0.0,0.015,0.498,0.921,0.085,0.0,0.0,0.0,0.0,0.0,0.312,0.563,0.0,0.041,0.061,0.0,0.0,0.0,0.0,0.0,0.0,4
0.003,0.116,0.044,0.06,0.801,0.0,0.057,0.0,0.041,0.0,0.0,0.314,0.954,0.079,0.0,0.077,0.0,0.083,0.034,0.748,0.686,0.346,0.531,0.038,0.0,0.0,0.711,0.914,0.085,0.82,0.345,0.0,0.085,0.631,0.965,0.44,0.529,0.979,0.364,0.0,0.0,0.419,0.782,0.716,0.78,0.946,0.0,0.028,0.0,0.05,0.0,0.034,0.591,0.627,0.02,0.0,0.02,0.0,0.0,0.053,0.733,0.142,0.0,0.036,4
0.0,0.583,0.844,0.0,0.009,0.0,0.0,0.0,0.0,0.592,1.0,0.085,0.0,0.0,0.005,0.042,0.05,0.548,0.997,0.016,0.0,0.071,0.045,0.002,0.0,0.757,1.0,0.341,0.072,0.028,0.043,0.055,0.0,0.904,1.0,0.631,0.0,0.0,0.0,0.036,0.0,0.219,0.626,0.936,0.0,0.0,0.038,0.0,0.0,0.402,0.666,0.91,0.801,0.786,0.337,0.039,0.044,0.444,1.0,1.0,0.945,0.983,0.665,0.0,1
0.105,0.071,0.229,0.829,0.684,0.219,0.043,0.0,0.0,0.065,0.08,1.0,0.936,0.392,0.054,0.0,0.0,0.019,0.006,1.0,1.0,0.582,0.001,0.023,0.0,0.0,0.133,0.838,0.976,0.136,0.0,0.0,0.0,0.026,0.405,0.948,0.997,0.208,0.0,0.0,0.048,0.0,0.478,0.92,0.879,0.001,0.045,0.0,0.024,0.023,0.368,0.989,0.752,0.0,0.002,0.004,0.0,0.0,0.365,0.996,0.89,0.274,0.084,0.0,1
0.01,0.028,0.534,0.911,0.488,0.765,0.483,0.0,0.016,0.017,0.488,0.325,0.092,0.929,0.262,0.0,0.0,0.049,0.062,0.0,0.794,0.75,0.009,0.021,0.044,0.0,0.0,0.515,0.941,0.024,0.071,0.005,0.0,0.001,0.045,0.903,0.452,0.0,0.025,0.074,0.0,0.0,0.233,1.0,0.554,0.557,0.518,0.053,0.0,0.024,0.148,0.935,1.0,0.93,0.994,0.882,0.0,0.06,0.038,0.0,0.045,0.017,0.0,0.0,2
0.003,0.0,0.045,0.0,0.0,0.0,0.079,0.032,0.0,0.141,0.927,1.0,0.729,0.453,0.0,0.049,0.003,0.11,0.615,0.468,0.767,1.0,0.089,0.0,0.0,0.042,0.052,0.026,0.581,0.978,0.099,0.047,0.0,0.0,0.01,0.106,1.0,0.835,0.005,0.075,0.0,0.027,0.034,0.181,0.958,0.705,0.051,0.0,0.0,0.047,0.009,0.045,0.706,1.0,0.086,0.0,0.0,0.002,0.439,0.653,0.943,0.958,0.096,0.01,3
0.062,0.014,0.036,0.457,0.961,0.411,0.303,0.858,0.0,0.0,0.0,0.649,0.363,0.0,0.2,0.888,0.0,0.01,0.002,0.842,0.029,0.0,0.736,0.335,0.093,0.0,0.0,0.222,0.0,0.339,0.838,0.0,0.0,0.0,0.008,0.009,0.052,0.78,0.22,0.0,0.0,0.0,0.0,0.0,0.414,0.893,0.0,0.004,0.064,0.0,0.0,0.005,0.968,0.419,0.078,0.0,0.05,0.015,0.0,0.0,0.0,0.037,0.106,0.0,7
0.04,0.06,0.0,0.0,0.0,0.0,0.003,0.053,0.0,0.079,0.055,0.759,0.985,0.302,0.0,0.016,0.052,0.0,0.729,0.996,1.0,0.819,0.104,0.0,0.0,0.021,0.475,0.361,0.37,0.846,0.085,0.024,0.0,0.046,0.0,0.01,0.0,0.762,0.146,0.023,0.0,0.0,0.025,0.0,0.269,0.792,0.113,0.0,0.0,0.0,0.035,0.03,0.788,0.307,0.012,0.008,0.037,0.001,0.003,0.639,1.0,0.664,0.493,0.223,2
0.07,0.0,0.024,0.093,0.303,0.71,0.082,0.0,0.0,0.0,0.0,0.049,0.83,0.896,0.18,0.0,0.0,0.032,0.0,0.254,0.955,0.268,0.0,0.0,0.029,0.0,0.031,0.494,0.954,0.12,0.0,0.0,0.0,0.0,0.045,0.65,0.804,0.0,0.0,0.048,0.013,0.041,0.004,0.851,1.0,0.903,0.516,0.0,0.0,0.034,0.0,0.373,1.0,0.532,0.877,0.346,0.077,0.0,0.058,0.0,0.457,0.918,1.0,0.476,6
0.639,1.0,0.983,0.721,0.0,0.05,0.0,0.008,0.417,0.613,0.798,0.952,0.0,0.014,0.005,0.069,0.067,0.109,0.36,0.968,0.037,0.026,0.046,0.0,0.0,0.038,0.679,0.742,0.0,0.0,0.0,0.0,0.0,0.244,0.959,0.336,0.0,0.049,0.0,0.0,0.0,0.837,0.974,0.891,0.706,0.767,0.02,0.0,0.373,1.0,1.0,0.951,0.829,0.163,0.051,0.0,0.016,0.0,0.028,0.021,0.0,0.083,0.048,0.0,2
0.0,0.0,0.0,0.369,1.0,0.239,0.676,0.204,0.0,0.0,0.08,1.0,0.287,0.571,0.875,0.098,0.026,0.0,0.493,0.907,0.0,0.841,0.632,0.155,0.003,0.022,0.616,0.972,0.786,1.0,1.0,0.568,0.0,0.0,0.343,0.959,1.0,0.919,0.619,0.054,0.037,0.0,0.0,0.019,0.801,0.41,0.0,0.062,0.0,0.037,0.039,0.047,1.0,0.0,0.0,0.05,0.0,0.003,0.0,0.013,0.016,0.0,0.0,0.005,4
0.0,0.015,0.0,0.004,0.0,0.053,0.094,0.0,0.014,0.052,0.689,1.0,0.909,0.406,0.035,0.017,0.0,0.723,0.831,0.527,0.917,0.833,0.01,0.048,0.057,0.418,0.0,0.0,0.773,0.605,0.03,0.063,0.0,0.0,0.0,0.115,1.0,0.497,0.074,0.061,0.089,0.0,0.113,0.712,0.858,0.077,0.0,0.056,0.0,0.049,0.333,0.901,0.317,0.122,0.002,0.0,0.0,0.061,0.917,0.578,0.166,0.236,0.277,0.039,2
0.0,0.313,0.59,0.932,0.988,0.463,0.025,0.0,0.0,0.807,0.81,0.392,1.0,0.316,0.0,0.0,0.026,0.042,0.0,0.37,1.0,0.229,0.031,0.0,0.0,0.138,0.676,0.868,0.934,0.981,0.069,0.045,0.0,0.426,0.975,1.0,0.317,0.028,0.0,0.0,0.0,0.064,0.684,0.563,0.047,0.0,0.099,0.0,0.0,0.135,1.0,0.206,0.003,0.0,0.0,0.019,0.069,0.389,0.904,0.005,0.006,0.049,0.0,0.01,7
0.027,0.262,0.552,0.777,0.963,1.0,0.193,0.009,0.0,0.728,0.808,0.637,0.793,0.961,0.019,0.001,0.033,0.051,0.114,0.091,0.915,0.342,0.0,0.0,0.0,0.082,0.504,0.803,1.0,0.574,0.0,0.046,0.033,0.507,0.979,0.989,0.631,0.257,0.0,0.085,0.0,0.051,0.453,0.683,0.119,0.0,0.044,0.0,0.013,0.041,0.857,0.422,0.0,0.0,0.066,0.037,0.031,0.05,0.964,0.369,0.076,0.0,0.029,0.071,7
0.009,0.0,0.99,0.394,0.363,0.101,0.0,0.0,0.0,0.268,0.842,0.431,0.503,0.196,0.043,0.0,0.132,0.333,0.971,0.593,0.605,0.917,0.079,0.015,0.0,0.134,0.031,0.0,0.0,0.652,0.394,0.0,0.0,0.065,0.0,0.023,0.0,0.473,0.572,0.087,0.0,0.07,0.654,0.003,0.0,0.628,0.485,0.045,0.0,0.0,0.396,0.85,0.943,0.925,0.065,0.054,0.0,0.0,0.0,0.029,0.0,0.027,0.031,0.0,5
0.019,0.0,0.104,0.832,0.502,0.536,0.131,0.0,0.032,0.062,0.664,0.747,0.491,1.0,0.12,0.0,0.07,0.162,1.0,0.184,0.651,0.71,0.0,0.094,0.0,0.434,0.914,0.349,0.932,0.967,0.883,0.0,0.039,0.178,0.968,1.0,0.92,0.502,0.147,0.078,0.122,0.008,0.145,0.707,0.72,0.077,0.004,0.0,0.007,0.0,0.028,0.888,0.315,0.042,0.043,0.0,0.057,0.1,0.0,0.774,0.019,0.028,0.043,0.027,4
0.0,0.017,0.615,0.617,0.989,0.661,0.022,0.034,0.106,0.854,0.936,0.808,0.995,0.353,0.007,0.0,0.0,0.335,0.022,0.379,0.932,0.091,0.0,0.0,0.018,0.028,0.176,0.622,0.787,0.037,0.019,0.0,0.0,0.114,0.996,1.0,0.849,0.524,0.0,0.0,0.0,0.166,0.806,0.902,0.157,0.039,0.0,0.0,0.055,0.0,0.892,0.64,0.05,0.0,0.049,0.0,0.015,0.049,1.0,0.259,0.0,0.003,0.032,0.004,7
0.0,0.0,0.035,0.029,0.0,0.02,0.0,0.077,0.0,0.047,0.044,0.542,0.776,0.821,0.227,0.0,0.025,0.0,0.309,0.77,0.205,0.669,0.52,0.031,0.016,0.05,0.349,0.763,0.047,0.691,0.851,0.0,0.036,0.025,0.013,0.46,0.992,0.687,0.756,0.214,0.03,0.001,0.0,0.042,0.048,0.054,0.367,0.544,0.0,0.02,0.0,0.065,0.0,0.083,0.311,0.41,0.028,0.0,0.009,0.038,0.158,0.007,0.628,0.37,9
0.0,0.022,0.0,0.113,0.572,0.75,0.717,0.283,0.023,0.071,0.0,0.806,0.822,0.254,0.24,0.672,0.0,0.0,0.228,0.938,0.548,0.273,0.842,0.406,0.0,0.0,0.137,0.988,0.863,0.929,0.32,0.008,0.0,0.046,0.042,0.074,0.568,1.0,0.0,0.021,0.0,0.033,0.077,0.0,0.24,0.942,0.0,0.0,0.0,0.08,0.0,0.032,0.815,0.26,0.0,0.038,0.045,0.0,0.059,0.063,0.84,0.0,0.039,0.0,9
0.0,0.04,0.0,0.107,0.804,0.037,0.019,0.0,0.09,0.013,0.087,0.577,0.596,0.047,0.053,0.0,0.0,0.057,0.023,0.953,0.496,0.766,0.0,0.0,0.049,0.004,0.759,0.364,0.73,0.379,0.025,0.016,0.0,0.352,1.0,0.667,0.891,0.974,0.392,0.0,0.04,0.497,0.808,0.544,1.0,0.834,0.148,0.0,0.012,0.0,0.0,0.04,1.0,0.254,0.027,0.0,0.004,0.0,0.019,0.0,0.999,0.308,0.0,0.0,4
0.0,0.062,0.544,0.535,0.0,0.033,0.037,0.053,0.033,0.241,0.954,0.325,0.0,0.03,0.0,0.0,0.0,0.481,0.858,0.0,0.122,0.0,0.077,0.067,0.03,0.422,0.883,0.34,0.03,0.0,0.003,0.0,0.009,0.359,1.0,0.913,1.0,0.109,0.041,0.002,0.0,0.39,1.0,0.444,0.842,0.569,0.012,0.035,0.0,0.185,0.97,0.506,1.0,0.513,0.035,0.0,0.011,0.0,0.49,0.948,0.763,0.044,0.0,0.0,6
0.0,0.0,0.0,0.031,0.0,0.827,0.619,0.098,0.065,0.031,0.0,0.023,0.29,1.0,0.18,0.0,0.07,0.014,0.06,0.0,0.821,0.608,0.136,0.637,0.0,0.007,0.021,0.745,0.866,0.0,0.669,0.931,0.034,0.0,0.736,0.978,0.32,0.355,0.812,0.647,0.0,0.049,0.962,0.933,0.962,1.0,0.884,0.2,0.0,0.0,0.241,0.202,0.211,0.621,0.91,0.0,0.004,0.0,0.0,0.012,0.0,0.935,0.464,0.044,4
0.055,0.125,0.017,0.0,0.0,0.0,0.0,0.0,0.001,0.193,0.996,0.91,0.068,0.0,0.034,0.0,0.0,0.687,0.975,0.953,0.392,0.007,0.009,0.028,0.044,0.795,0.548,0.848,0.55,0.0,0.037,0.028,0.0,0.025,0.273,0.647,0.625,0.075,0.0,0.044,0.074,0.0,0.043,0.894,0.619,0.042,0.007,0.036,0.0,0.0,0.283,0.959,0.554,0.26,0.487,0.044,0.004,0.071,0.849,0.977,0.96,1.0,1.0,0.009,2
0.0,0.0,0.041,0.0,0.027,0.0,0.0,0.0,0.0,0.067,0.0,0.559,0.998,0.405,0.113,0.087,0.013,0.0,0.515,0.909,0.719,0.367,0.0,0.037,0.1,0.187,0.931,0.541,0.0,0.064,0.0,0.0,0.037,0.356,1.0,0.372,0.064,0.05,0.0,0.0,0.081,0.48,1.0,1.0,1.0,0.405,0.011,0.034,0.013,0.099,0.997,0.402,0.529,1.0,0.196,0.033,0.002,0.014,0.632,0.848,0.237,0.87,0.537,0.056,6
0.0,0.035,0.108,0.618,1.0,1.0,0.364,0.139,0.0,0.0,0.469,0.837,0.672,0.742,0.815,0.0,0.0,0.028,0.022,0.14,0.258,1.0,0.291,0.016,0.006,0.036,0.0,0.228,1.0,0.903,0.211,0.003,0.043,0.018,0.0,0.05,0.666,0.959,1.0,0.402,0.0,0.024,0.082,0.0,0.0,0.0,0.741,0.746,0.049,0.0,0.0,0.456,0.366,0.802,1.0,0.301,0.036,0.0,0.082,1.0,1.0,0.743,0.321,0.0,3
0.047,0.0,0.303,0.756,0.755,0.081,0.0,0.0,0.021,0.015,0.2,1.0,0.943,0.27,0.033,0.055,0.0,0.018,0.505,1.0,0.622,0.119,0.0,0.0,0.003,0.519,1.0,0.983,0.643,0.241,0.01,0.022,0.072,0.0,0.242,0.543,1.0,1.0,0.52,0.0,0.031,0.011,0.0,0.0,0.097,0.858,0.867,0.05,0.0,0.081,0.1,0.257,0.812,0.991,0.654,0.083,0.034,0.033,0.29,1.0,0.795,0.441,0.035,0.052,3
0.0,0.0,0.0,0.717,0.938,0.909,0.034,0.043,0.0,0.0,0.0,1.0,0.847,0.301,0.0,0.0,0.0,0.0,0.155,1.0,0.503,0.235,0.0,0.0,0.027,0.0,0.271,1.0,0.957,0.983,0.809,0.133,0.0,0.0,0.098,0.559,0.248,0.046,1.0,0.23,0.031,0.0,0.015,0.0,0.0,0.087,0.986,0.38,0.031,0.002,0.042,0.472,0.5,0.855,1.0,0.201,0.0,0.03,0.0,0.346,0.845,0.592,0.243,0.029,5
0.033,0.0,0.197,0.833,0.094,0.101,0.0,0.0,0.0,0.058,0.5,0.817,0.141,0.016,0.054,0.069,0.028,0.257,1.0,0.977,0.462,0.051,0.0,0.046,0.0,0.823,0.586,0.888,0.439,0.0,0.0,0.0,0.298,0.876,0.003,0.8,0.441,0.053,0.073,0.025,0.657,0.94,0.639,1.0,1.0,0.273,0.0,0.0,0.168,0.53,0.577,1.0,0.577,0.022,0.043,0.088,0.0,0.0,0.046,0.85,0.098,0.0,0.0,0.0,4
0.044,0.039,0.005,0.491,0.885,0.142,0.0,0.0,0.091,0.033,0.011,0.455,1.0,0.403,0.087,0.037,0.0,0.0,0.048,0.31,1.0,0.82,0.0,0.0,0.036,0.0,0.0,0.097,0.254,0.878,0.425,0.04,0.02,0.0,0.0,0.0,0.048,0.497,0.712,0.0,0.06,0.0,0.0,0.531,0.761,0.531,1.0,0.366,0.022,0.0,0.0,0.529,1.0,1.0,0.994,0.994,0.035,0.013,0.0,0.002,0.014,0.004,0.0,0.111,1
0.0,0.038,0.501,0.936,0.884,0.102,0.045,0.0,0.0,0.099,0.732,0.167,0.985,0.284,0.061,0.0,0.041,0.021,0.0,0.006,1.0,0.169,0.011,0.0,0.036,0.05,0.778,0.89,0.993,1.0,0.707,0.0,0.049,0.118,0.787,0.966,0.696,0.322,0.111,0.006,0.004,0.0,0.264,0.99,0.003,0.0,0.12,0.0,0.0,0.0,0.313,0.89,0.0,0.0,0.051,0.083,0.0,0.115,0.693,0.446,0.0,0.005,0.007,0.0,7
0.007,0.084,0.0,0.033,0.03,0.0,0.042,0.0,0.013,0.034,0.047,0.292,0.628,0.549,0.155,0.0,0.0,0.016,0.071,0.323,0.976,1.0,0.711,0.0,0.0,0.053,0.0,0.595,0.967,1.0,0.321,0.0,0.0,0.0,0.014,0.448,0.989,1.0,0.633,0.041,0.05,0.005,0.055,0.683,1.0,1.0,0.56,0.053,0.0,0.055,0.045,0.52,1.0,1.0,0.541,0.0,0.001,0.014,0.04,0.637,0.989,1.0,0.336,0.0,1
0.025,0.16,0.864,0.587,0.637,0.458,0.034,0.166,0.0,0.6,0.689,0.093,0.836,0.453,0.065,0.046,0.041,0.394,0.329,0.134,0.803,0.181,0.002,0.0,0.044,0.05,0.0,0.71,0.508,0.0,0.0,0.072,0.015,0.046,0.042,0.126,0.506,0.617,0.023,0.021,0.0,0.0,0.314,0.431,0.0,0.666,0.333,0.0,0.002,0.016,0.154,0.737,1.0,1.0,0.296,0.027,0.038,0.086,0.023,0.0,0.0,0.0,0.0,0.052,3
0.006,0.009,0.032,0.02,0.035,0.0,0.0,0.02,0.0,0.0,0.0,0.027,0.898,0.423,0.025,0.066,0.05,0.078,0.024,0.0,0.95,0.914,0.048,0.025,0.0,0.0,0.002,0.165,0.946,0.909,0.144,0.0,0.0,0.011,0.087,0.489,1.0,0.914,0.002,0.083,0.0,0.044,0.042,0.588,0.956,0.851,0.0,0.0,0.052,0.0,0.092,0.461,1.0,0.913,0.117,0.0,0.0,0.0,0.0,0.307,0.984,1.0,0.384,0.0,1
0.024,0.004,0.106,0.635,0.833,0.307,0.727,0.154,0.047,0.042,0.086,0.823,0.04,0.008,0.639,0.395,0.0,0.0,0.228,0.547,0.07,0.106,0.403,0.405,0.0,0.039,0.384,0.52,0.004,0.0,0.526,0.362,0.01,0.0,0.125,0.699,0.0,0.007,0.547,0.326,0.0,0.0,0.0,0.464,0.753,0.272,0.841,0.206,0.004,0.0,0.018,0.095,0.707,0.987,0.734,0.0,0.0,0.0,0.072,0.0,0.0,0.0,0.0,0.0,0
0.002,0.064,0.0,0.047,0.11,0.038,0.013,0.009,0.073,0.007,0.089,0.807,0.579,0.517,0.933,0.127,0.022,0.052,0.699,0.381,0.0,0.0,0.693,0.094,0.0,0.0,0.565,0.395,0.016,0.536,0.331,0.0,0.0,0.0,0.076,0.826,0.573,0.621,0.006,0.0,0.009,0.0,0.012,0.585,0.982,0.104,0.043,0.011,0.02,0.0,0.061,0.756,0.332,0.737,0.07,0.108,0.019,0.0,0.354,0.578,0.0,0.573,0.311,0.068,8
0.063,0.0,0.094,0.977,0.481,0.109,0.0,0.0,0.001,0.0,0.069,0.952,0.811,0.0,0.0,0.006,0.049,0.038,0.101,0.932,0.957,0.377,0.053,0.0,0.0,0.0,0.024,0.487,0.931,0.585,0.025,0.016,0.063,0.0,0.0,0.0,1.0,0.774,0.037,0.0,0.0,0.0,0.0,0.0,0.638,0.948,0.151,0.02,0.105,0.0,0.038,0.322,0.758,0.999,0.672,0.549,0.029,0.011,0.011,0.707,0.967,0.973,0.984,1.0,1
0.053,0.001,0.088,0.285,0.704,0.865,0.585,0.092,0.0,0.07,0.395,0.873,0.246,0.288,1.0,0.142,0.018,0.047,0.653,0.536,0.164,0.905,0.936,0.262,0.0,0.0,0.325,0.928,0.931,0.421,0.641,0.406,0.0,0.0,0.019,0.085,0.144,0.0,0.805,0.584,0.003,0.0,0.045,0.0,0.0,0.122,0.672,0.164,0.0,0.031,0.05,0.457,0.211,0.348,0.844,0.008,0.0,0.04,0.0,0.272,0.922,0.957,0.255,0.015,9
0.048,0.012,0.078,1.0,0.992,0.314,0.0,0.0,0.0,0.032,0.364,0.952,1.0,0.01,0.049,0.0,0.065,0.003,0.838,0.956,0.838,0.039,0.0,0.0,0.0,0.407,1.0,1.0,0.829,0.025,0.0,0.0,0.0,0.043,0.654,1.0,0.848,0.0,0.0,0.008,0.046,0.042,0.086,1.0,0.981,0.0,0.0,0.0,0.05,0.0,0.099,0.926,0.947,0.142,0.0,0.048,0.0,0.065,0.06,0.0,0.0,0.02,0.038,0.0,1
0.0,0.329,0.999,0.668,0.837,0.624,0.035,0.016,0.075,0.472,0.95,0.034,0.66,1.0,0.041,0.014,0.0,0.072,0.911,0.75,0.945,0.943,0.21,0.086,0.021,0.0,0.295,0.431,0.377,1.0,0.175,0.088,0.0,0.0,0.0,0.028,0.313,1.0,0.281,0.0,0.0,0.0,0.201,0.414,0.942,0.593,0.025,0.0,0.0,0.008,0.962,0.982,0.692,0.091,0.0,0.05,0.0,0.005,0.038,0.0,0.091,0.0,0.0,0.039,9
0.04,0.0,0.0,0.001,0.004,0.0,0.0,0.0,0.024,0.079,0.21,0.938,0.978,1.0,0.811,0.091,0.049,0.058,0.08,0.646,0.494,0.986,0.97,0.531,0.037,0.0,0.0,0.048,0.029,1.0,0.974,0.08,0.009,0.0,0.013,0.054,0.098,1.0,0.496,0.045,0.035,0.0,0.0,0.0,0.0,0.909,0.882,0.0,0.0,0.0,0.018,0.012,0.038,0.742,1.0,0.046,0.0,0.0,0.139,0.865,0.72,0.925,1.0,0.083,3
0.0,0.0,0.064,0.0,0.416,0.706,0.0,0.023,0.044,0.118,0.0,0.104,0.861,0.427,0.0,0.0,0.015,0.0,0.0,0.82,0.518,0.057,0.114,0.346,0.0,0.015,0.222,0.937,0.0,0.095,0.87,0.522,0.0,0.0,0.43,0.941,0.154,0.371,0.927,0.08,0.0,0.0,0.498,1.0,1.0,0.968,0.397,0.0,0.0,0.0,0.067,0.409,0.482,1.0,0.115,0.0,0.0,0.01,0.0,0.04,0.198,0.649,0.008,0.0,4
0.0,0.723,0.985,0.892,0.779,0.047,0.0,0.045,0.029,0.893,0.585,0.131,0.926,0.137,0.0,0.084,0.491,0.984,0.325,0.0,0.704,0.522,0.0,0.0,0.421,1.0,0.301,0.0,0.624,0.481,0.023,0.043,0.289,0.932,0.002,0.109,0.939,0.463,0.0,0.0,0.084,0.81,0.808,0.907,0.91,0.077,0.0,0.0,0.0,0.167,0.868,0.9,0.34,0.096,0.009,0.0,0.0,0.069,0.0,0.017,0.081,0.077,0.0,0.035,0
0.014,0.207,0.794,0.899,0.854,0.9,0.0,0.0,0.078,0.34,0.611,0.086,0.63,0.8,0.0,0.0,0.06,0.039,0.258,0.329,1.0,0.642,0.054,0.065,0.083,0.0,1.0,1.0,1.0,0.934,0.714,0.032,0.031,0.009,0.535,0.83,0.83,0.43,0.202,0.065,0.002,0.054,0.0,0.623,0.758,0.027,0.054,0.0,0.044,0.0,0.018,0.694,0.541,0.023,0.0,0.017,0.115,0.0,0.0,0.0,0.011,0.0,0.019,0.0,7
0.0,0.318,0.992,0.725,0.696,0.038,0.0,0.0,0.0,0.029,0.292,0.303,0.913,0.0,0.0,0.0,0.0,0.0,0.08,0.542,1.0,0.032,0.031,0.0,0.044,0.047,0.0,0.735,0.807,0.009,0.002,0.0,0.012,0.0,0.347,1.0,0.619,0.26,0.065,0.033,0.003,0.095,1.0,0.967,0.998,0.972,0.501,0.061,0.031,0.382,0.975,0.699,0.589,0.277,0.081,0.051,0.04,0.0,0.0,0.0,0.035,0.0,0.0,0.036,2
0.105,0.0,0.099,0.909,0.953,0.52,0.0,0.081,0.038,0.0,0.241,0.641,0.958,0.727,0.071,0.0,0.025,0.0,0.049,0.0,1.0,0.777,0.074,0.022,0.0,0.033,0.0,0.142,1.0,0.565,0.013,0.0,0.029,0.09,0.28,0.556,0.994,0.716,0.048,0.0,0.052,1.0,1.0,1.0,1.0,0.794,0.119,0.0,0.037,0.276,0.264,0.9,0.734,0.0,0.0,0.0,0.0,0.0,0.008,0.999,0.477,0.0,0.046,0.0,7
0.0,0.0,0.0,0.074,0.03,0.0,0.126,0.0,0.0,0.0,0.103,0.674,0.03,0.032,0.0,0.0,0.015,0.02,0.623,0.693,0.114,0.011,0.0,0.0,0.06,0.148,1.0,0.218,0.0,0.0,0.0,0.0,0.082,0.388,0.945,0.582,0.669,0.294,0.032,0.013,0.006,0.353,1.0,1.0,0.738,0.94,0.36,0.088,0.039,0.153,0.967,0.225,0.0,0.533,0.759,0.038,0.051,0.0,0.871,0.604,0.237,0.733,0.791,0.0,6
0.074,0.0,0.01,0.0,0.073,0.039,0.0,0.0,0.0,0.109,0.0,0.0,0.798,0.97,0.54,0.0,0.088,0.0,0.02,0.195,0.978,0.944,0.607,0.0,0.076,0.0,0.033,0.111,1.0,1.0,0.535,0.0,0.015,0.01,0.034,0.213,1.0,0.956,0.118,0.018,0.071,0.0,0.0,0.714,0.976,0.87,0.0,0.022,0.0,0.052,0.113,1.0,0.983,0.624,0.015,0.009,0.0,0.062,0.0,0.817,1.0,0.902,0.149,0.033,1
0.0,0.111,0.172,0.932,0.406,0.1,0.914,0.0,0.0,0.103,0.929,0.622,0.329,0.917,0.457,0.0,0.0,0.271,1.0,0.914,0.801,0.954,0.333,0.0,0.0,0.038,0.365,0.19,0.012,0.935,0.0,0.018,0.0,0.0,0.058,0.0,0.278,0.772,0.0,0.0,0.026,0.027,0.026,0.038,0.366,0.567,0.0,0.019,0.0,0.033,0.06,0.0,0.484,0.703,0.0,0.0,0.0,0.0,0.031,0.05,0.0,0.02,0.0,0.028,9
0.013,0.039,0.525,0.811,0.244,0.369,0.055,0.033,0.0,0.099,1.0,0.316,0.218,1.0,0.192,0.0,0.0,0.431,0.874,0.0,0.913,0.671,0.267,0.017,0.065,0.798,0.781,0.28,0.947,0.953,0.621,0.0,0.0,0.736,0.975,1.0,0.861,0.408,0.0,0.059,0.039,0.0,0.195,0.791,0.88,0.0,0.019,0.0,0.0,0.0,0.01,0.985,0.695,0.0,0.0,0.0,0.022,0.121,0.015,0.0,0.062,0.033,0.009,0.12,4
0.0,0.0,0.0,0.207,0.982,0.892,0.094,0.0,0.0,0.012,0.097,1.0,1.0,1.0,0.14,0.0,0.107,0.028,0.874,0.709,0.332,0.911,0.0,0.007,0.017,0.0,0.36,0.082,0.715,0.554,0.073,0.018,0.0,0.0,0.074,0.363,0.86,0.197,0.0,0.076,0.0,0.277,0.514,1.0,0.474,0.0,0.031,0.002,0.22,1.0,1.0,1.0,0.995,0.528,0.0,0.0,0.09,0.273,0.25,0.264,0.848,0.42,0.003,0.045,2
0.0,0.089,0.0,0.111,0.075,0.122,0.0,0.0,0.037,0.076,0.949,0.382,0.0,0.06,0.043,0.018,0.024,0.112,0.985,0.276,0.029,0.0,0.069,0.015,0.0,0.498,1.0,0.0,0.044,0.0,0.0,0.033,0.0,0.748,0.936,0.861,0.528,0.147,0.086,0.0,0.0,0.914,0.921,0.886,0.83,0.768,0.0,0.023,0.0,0.969,1.0,0.35,0.002,0.897,0.382,0.033,0.0,0.554,0.894,0.267,0.391,0.952,0.495,0.0,6
0.0,0.774,0.574,0.706,0.759,0.634,0.0,0.0,0.104,1.0,0.946,1.0,0.902,0.465,0.0,0.0,0.128,1.0,1.0,0.972,0.813,0.0,0.04,0.031,0.149,0.348,0.2,0.669,0.844,0.025,0.0,0.0,0.051,0.013,0.023,0.198,1.0,0.057,0.07,0.0,0.18,0.768,0.0,0.182,0.955,0.0,0.121,0.001,0.403,0.951,0.444,0.802,0.671,0.01,0.005,0.006,0.014,0.566,0.803,0.514,0.123,0.0,0.003,0.018,5
0.0,0.0,0.064,0.089,0.07,0.0,0.01,0.066,0.032,0.035,0.008,0.0,0.045,0.485,0.845,0.638,0.0,0.0,0.0,0.0,0.648,0.425,0.598,0.706,0.0,0.001,0.0,0.494,0.471,0.081,0.873,0.502,0.015,0.026,0.261,0.901,0.548,0.721,0.969,0.11,0.048,0.025,0.243,1.0,0.961,0.534,0.881,0.0,0.0,0.0,0.0,0.359,0.007,0.276,0.583,0.063,0.021,0.104,0.0,0.0,0.035,0.49,0.507,0.0,9
0.055,0.0,0.352,0.956,0.589,0.037,0.052,0.0,0.0,0.332,1.0,0.944,1.0,0.066,0.001,0.011,0.0,0.313,0.695,0.74,0.943,0.0,0.048,0.024,0.068,0.0,0.004,0.603,0.945,0.703,0.0,0.018,0.0,0.0,0.062,0.0,0.232,0.988,0.422,0.0,0.0,0.335,0.422,0.029,0.252,1.0,0.486,0.059,0.0,0.284,0.919,0.553,0.999,0.83,0.055,0.0,0.0,0.119,0.512,0.963,0.492,0.0,0.0,0.01,3
0.007,0.334,0.754,0.0,0.0,0.043,0.025,0.038,0.026,0.793,0.193,0.0,0.035,0.0,0.005,0.001,0.0,1.0,0.137,0.049,0.062,0.023,0.07,0.059,0.284,0.984,0.952,1.0,0.628,0.114,0.044,0.0,0.103,0.926,0.365,0.077,0.629,0.45,0.0,0.032,0.0,0.678,0.595,0.0,0.602,0.476,0.0,0.038,0.0,0.121,0.735,1.0,1.0,0.121,0.02,0.003,0.017,0.023,0.0,0.0,0.0,0.076,0.017,0.016,6
0.0,0.036,0.502,0.763,0.959,0.802,0.243,0.0,0.034,0.077,0.71,0.444,0.58,0.774,0.758,0.0,0.0,0.0,0.0,0.003,0.103,0.847,0.497,0.0,0.005,0.062,0.0,0.102,0.94,0.697,0.079,0.047,0.006,0.0,0.0,0.0,0.9,0.335,0.0,0.025,0.0,0.045,0.051,0.02,0.606,0.748,0.0,0.0,0.06,0.0,0.44,0.408,0.971,0.87,0.006,0.0,0.019,0.032,0.893,1.0,0.712,0.114,0.0,0.0,3
0.0,0.424,1.0,0.16,0.0,0.0,0.0,0.0,0.0,0.666,0.911,0.0,0.041,0.0,0.0,0.089,0.066,0.644,0.748,0.0,0.0,0.065,0.066,0.0,0.0,0.871,0.988,0.946,0.422,0.0,0.069,0.093,0.0,0.722,0.968,0.784,0.933,0.486,0.061,0.03,0.008,0.765,1.0,0.45,0.803,0.97,0.014,0.0,0.036,0.076,0.673,1.0,0.977,0.575,0.005,0.0,0.0,0.0,0.0,0.068,0.0,0.0,0.037,0.01,6
0.044,0.008,0.038,0.54,0.654,0.087,0.045,0.001,0.0,0.0,0.127,0.923,0.625,0.0,0.001,0.037,0.043,0.0,0.273,1.0,0.067,0.0,0.007,0.0,0.024,0.0,0.653,0.677,0.371,0.353,0.108,0.0,0.0,0.0,0.819,0.977,0.891,0.97,0.542,0.085,0.0,0.0,0.832,0.796,0.264,0.293,0.823,0.0,0.0,0.037,0.388,0.891,0.565,0.924,0.733,0.0,0.0,0.057,0.0,0.66,0.955,0.66,0.118,0.071,6
0.0,0.049,0.019,0.0,0.0,0.0,0.0,0.076,0.039,0.094,0.0,0.172,0.522,0.476,0.631,0.876,0.0,0.069,0.019,0.55,1.0,0.993,0.943,0.871,0.004,0.028,0.017,0.971,0.351,0.561,0.0,0.156,0.0,0.059,0.306,0.927,0.987,0.973,0.339,0.0,0.022,0.047,0.14,0.501,0.135,0.486,0.619,0.109,0.051,0.0,0.0,0.007,0.065,0.52,0.489,0.017,0.0,0.091,0.001,0.467,0.715,0.809,0.23,0.0,5
0.064,0.0,0.0,0.297,0.811,1.0,0.611,0.0,0.03,0.0,0.368,1.0,1.0,0.988,1.0,0.448,0.0,0.0,0.0,0.307,0.124,0.68,0.825,0.347,0.0,0.0,0.0,0.042,0.694,0.893,0.34,0.0,0.0,0.0,0.0,0.589,1.0,0.789,0.115,0.01,0.004,0.013,0.0,0.272,0.665,0.948,0.76,0.026,0.0,0.0,0.0,0.167,0.119,0.681,0.952,0.077,0.0,0.0,0.055,0.335,0.904,0.978,0.467,0.085,3
0.028,0.0,0.0,0.0,0.0,0.0,0.071,0.085,0.0,0.0,0.513,0.853,0.0,0.0,0.031,0.067,0.0,0.293,1.0,0.643,0.0,0.049,0.091,0.0,0.098,0.906,0.904,0.087,0.375,0.0,0.0,0.0,0.413,1.0,0.258,0.172,1.0,0.467,0.0,0.0,0.561,1.0,0.489,0.923,1.0,0.119,0.012,0.092,0.028,0.249,0.911,0.931,0.641,0.0,0.062,0.029,0.0,0.056,0.482,1.0,0.283,0.052,0.01,0.009,4
0.027,0.106,0.672,0.703,0.476,0.109,0.082,0.0,0.017,0.34,1.0,0.968,1.0,0.052,0.025,0.042,0.0,0.593,0.998,1.0,0.503,0.0,0.0,0.0,0.093,1.0,1.0,0.873,0.028,0.032,0.0,0.0,0.295,0.945,1.0,0.541,0.028,0.018,0.005,0.0,0.197,0.963,1.0,0.357,0.032,0.117,0.055,0.058,0.071,0.572,1.0,0.677,0.0,0.001,0.0,0.023,0.016,0.039,0.343,0.78,0.291,0.024,0.0,0.014,1
0.0,0.0,0.005,0.806,0.668,0.632,1.0,0.204,0.042,0.053,0.0,0.552,0.773,0.772,0.87,0.103,0.02,0.0,0.0,0.164,0.821,0.941,0.515,0.0,0.0,0.02,0.0,0.215,1.0,0.708,0.612,0.0,0.0,0.042,0.0,0.874,0.456,0.861,0.258,0.124,0.039,0.021,0.115,0.922,0.762,0.895,0.0,0.0,0.0,0.019,0.091,0.8,1.0,0.348,0.013,0.056,0.033,0.001,0.0,0.106,0.0,0.029,0.016,0.0,8
0.043,0.16,0.889,1.0,0.699,1.0,0.029,0.0,0.016,0.602,1.0,0.577,0.657,0.935,0.037,0.0,0.0,0.501,0.875,0.336,0.904,0.535,0.024,0.0,0.0,0.0,0.466,0.886,0.995,0.339,0.0,0.043,0.0,0.069,0.0,0.779,0.997,0.929,0.032,0.0,0.012,0.013,0.0,0.874,0.954,1.0,0.23,0.0,0.031,0.081,0.008,0.675,0.986,0.687,0.0,0.0,0.048,0.032,0.0,0.0,0.037,0.005,0.091,0.041,8
0.0,0.0,0.642,0.648,0.835,1.0,0.855,0.066,0.006,0.0,0.9,0.549,0.239,0.012,0.005,0.0,0.057,0.0,1.0,0.018,0.428,0.662,0.312,0.0,0.0,0.162,1.0,0.91,0.618,0.647,0.601,0.047,0.028,0.142,0.883,0.288,0.063,0.612,0.549,0.136,0.017,0.002,0.008,0.0,0.321,0.767,0.0,0.025,0.0,0.089,0.268,0.634,0.832,0.188,0.0,0.064,0.0,0.0,0.498,0.835,0.016,0.014,0.0,0.013,5
0.004,0.017,0.0,0.0,0.0,0.0,0.0,0.0,0.04,0.0,0.006,0.103,0.215,1.0,0.624,0.093,0.0,0.0,0.0,0.0,0.675,0.701,1.0,0.239,0.0,0.085,0.08,0.0,0.689,0.086,0.859,0.369,0.0,0.063,0.0,0.0,0.1,0.302,0.97,0.216,0.0,0.0,0.0,0.038,0.363,0.865,0.378,0.047,0.0,0.009,0.233,0.936,1.0,0.679,0.0,0.051,0.0,0.043,0.051,0.8,0.958,0.967,0.519,0.165,2
0.0,0.0,0.216,0.969,1.0,1.0,0.722,0.124,0.0,0.0,0.051,0.563,0.337,0.75,1.0,0.152,0.0,0.034,0.0,0.0,0.393,0.883,0.845,0.144,0.0,0.044,0.0,0.0,0.985,0.924,0.088,0.0,0.0,0.077,0.0,0.0,0.733,1.0,0.0,0.0,0.074,0.053,0.047,0.036,0.362,0.938,0.416,0.0,0.112,0.059,0.0,0.036,0.791,0.956,0.272,0.104,0.0,0.014,0.054,0.91,0.967,0.779,0.0,0.048,3
0.0,0.0,0.878,1.0,1.0,0.444,0.06,0.0,0.0,0.0,0.0,0.306,0.98,0.377,0.02,0.0,0.0,0.0,0.099,0.571,1.0,0.671,0.42,0.0,0.023,0.416,0.962,0.936,0.962,0.677,0.401,0.009,0.0,0.685,0.698,0.969,0.684,0.0,0.011,0.073,0.015,0.016,0.374,1.0,0.113,0.048,0.052,0.052,0.079,0.0,0.854,0.571,0.0,0.0,0.01,0.032,0.099,0.017,0.0,0.036,0.0,0.0,0.052,0.0,7
0.045,0.0,0.0,0.0,0.16,0.0,0.0,0.05,0.017,0.0,0.616,0.742,0.19,0.073,0.077,0.019,0.0,0.0,0.823,0.494,0.797,0.127,0.0,0.018,0.091,0.0,0.446,0.706,0.562,0.596,0.011,0.099,0.0,0.253,0.738,0.701,1.0,0.364,0.024,0.0,0.0,0.051,0.589,0.832,0.599,0.803,0.0,0.0,0.0,0.065,0.089,0.001,0.0,0.502,0.653,0.0,0.013,0.0,0.033,0.05,0.0,0.0,1.0,0.229,9
0.111,0.062,0.016,0.038,0.842,0.321,0.0,0.023,0.024,0.03,0.021,0.434,0.764,0.0,0.0,0.026,0.014,0.0,0.01,0.471,0.784,0.533,0.071,0.025,0.049,0.0,0.0,0.769,0.915,0.859,0.868,0.214,0.028,0.006,0.008,0.639,0.426,0.102,0.234,0.8,0.0,0.0,0.033,0.494,0.781,0.258,0.755,0.769,0.059,0.007,0.0,0.08,0.67,0.809,0.286,0.0,0.0,0.063,0.029,0.005,0.0,0.0,0.0,0.0,6
0.213,0.861,0.78,0.678,0.715,0.0,0.064,0.009,0.348,0.565,0.0,0.646,0.584,0.0,0.0,0.0,0.059,0.153,0.093,0.876,0.579,0.122,0.0,0.018,0.035,0.529,0.952,0.997,1.0,0.63,0.0,0.026,0.005,0.384,1.0,0.855,0.457,0.027,0.063,0.0,0.007,0.039,1.0,0.313,0.043,0.015,0.0,0.003,0.08,0.253,0.844,0.0,0.028,0.007,0.094,0.066,0.001,0.004,0.0,0.0,0.0,0.0,0.049,0.021,7
0.004,0.0,0.0,0.043,0.0,0.049,0.0,0.033,0.025,0.935,0.895,0.189,0.001,0.0,0.059,0.0,0.423,0.811,0.002,0.0,0.142,0.114,0.042,0.003,0.157,1.0,0.215,0.198,0.726,0.097,0.0,0.0,0.0,0.678,0.886,0.958,0.63,0.0,0.018,0.067,0.04,0.428,1.0,0.711,0.022,0.032,0.0,0.0,0.0,1.0,0.694,0.839,0.017,0.043,0.0,0.0,0.158,0.93,0.297,0.898,0.212,0.024,0.0,0.035,8
0.0,0.0,0.0,0.07,0.458,0.447,0.043,0.011,0.0,0.058,0.0,0.196,0.912,0.443,0.0,0.021,0.009,0.015,0.006,0.266,0.98,0.081,0.0,0.0,0.0,0.066,0.077,0.711,0.936,0.729,0.573,0.039,0.047,0.0,0.032,0.816,0.968,0.861,0.561,0.515,0.0,0.012,0.0,0.648,0.999,0.261,0.553,0.649,0.0,0.071,0.078,0.256,0.96,0.328,0.783,0.607,0.0,0.038,0.036,0.068,0.389,0.986,0.88,0.139,6
0.0,0.775,0.772,0.032,0.035,0.067,0.0,0.002,0.0,0.944,0.445,0.0,0.014,0.0,0.085,0.011,0.293,1.0,0.191,0.0,0.0,0.0,0.0,0.011,0.129,1.0,0.37,0.227,0.191,0.045,0.0,0.0,0.202,1.0,1.0,1.0,0.996,0.364,0.0,0.027,0.063,0.9,1.0,0.347,0.721,0.914,0.01,0.031,0.0,0.33,0.862,1.0,0.704,0.396,0.001,0.0,0.0,0.036,0.0,0.063,0.033,0.059,0.0,0.009,6
0.0,0.003,0.037,0.061,0.775,0.322,0.0,0.0,0.0,0.0,0.039,0.719,0.696,0.0,0.0,0.12,0.043,0.051,0.084,1.0,0.19,0.039,0.019,0.039,0.011,0.031,0.357,1.0,0.463,0.325,0.146,0.01,0.0,0.0,0.38,1.0,0.827,1.0,0.985,0.126,0.008,0.0,0.149,0.785,0.085,0.0,0.468,0.638,0.0,0.0,0.004,0.675,0.805,0.123,0.721,0.627,0.0,0.0,0.065,0.199,0.793,0.932,0.813,0.072,6
0.0,0.36,0.998,0.712,0.905,0.158,0.0,0.012,0.0,0.462,0.296,0.099,0.965,0.009,0.0,0.0,0.0,0.057,0.063,0.0,0.767,0.496,0.051,0.072,0.007,0.022,0.005,0.117,0.94,0.105,0.165,0.0,0.058,0.056,0.016,0.575,0.9,0.024,0.06,0.0,0.001,0.019,0.753,0.979,0.689,0.565,0.248,0.012,0.0,0.0,0.534,0.408,0.872,1.0,0.416,0.007,0.0,0.0,0.0,0.125,0.017,0.017,0.009,0.0,2
0.082,0.416,0.964,0.202,0.086,0.0,0.0,0.043,0.049,0.738,0.56,0.022,0.046,0.001,0.0,0.0,0.252,0.993,0.588,0.116,0.043,0.052,0.015,0.043,0.414,0.942,0.986,0.998,0.89,0.132,0.086,0.016,0.032,0.93,0.153,0.0,0.49,0.768,0.0,0.0,0.029,0.717,0.836,0.339,0.693,0.716,0.073,0.0,0.0,0.074,0.467,1.0,0.889,0.211,0.034,0.105,0.0,0.011,0.0,0.0,0.0,0.0,0.019,0.0,6
0.111,0.019,0.0,0.149,0.924,0.445,0.0,0.0,0.0,0.0,0.0,0.501,0.924,0.089,0.0,0.072,0.036,0.0,0.0,0.823,0.581,0.584,0.508,0.016,0.089,0.086,0.517,1.0,0.216,0.996,0.871,0.811,0.0,0.03,0.876,0.974,0.985,0.928,0.858,0.458,0.0,0.0,0.203,0.556,0.739,0.837,0.099,0.002,0.0,0.0,0.0,0.0,0.905,0.647,0.0,0.0,0.038,0.102,0.047,0.186,1.0,0.41,0.0,0.009,4
0.03,0.721,0.968,0.738,0.977,0.33,0.0,0.051,0.22,0.93,0.087,0.0,0.734,0.523,0.054,0.007,0.236,0.883,0.017,0.0,0.455,0.474,0.033,0.0,0.281,0.54,0.026,0.07,0.528,0.48,0.053,0.0,0.296,0.776,0.011,0.052,0.795,0.388,0.031,0.0,0.153,0.919,0.38,0.633,0.748,0.0,0.0,0.0,0.07,0.383,0.832,0.643,0.0,0.0,0.0,0.032,0.05,0.012,0.0,0.0,0.0,0.0,0.061,0.0,0
0.0,0.069,0.737,0.81,0.704,0.748,0.201,0.085,0.035,0.25,0.829,0.271,0.237,0.576,0.087,0.031,0.0,0.427,0.755,0.051,0.276,0.1,0.0,0.0,0.022,0.51,0.998,0.849,0.737,0.937,0.09,0.115,0.0,0.106,0.547,0.047,0.0,0.727,0.247,0.033,0.0,0.044,0.047,0.0,0.046,1.0,0.174,0.02,0.0,0.073,0.549,0.239,0.56,0.847,0.0,0.034,0.014,0.111,0.75,0.974,0.767,0.083,0.089,0.0,5
0.184,0.941,0.676,0.05,0.024,0.409,0.021,0.0,0.372,0.951,0.034,0.0,0.808,0.907,0.019,0.055,0.477,0.978,0.853,0.814,1.0,0.321,0.0,0.0,0.093,0.535,0.59,0.852,0.891,0.0,0.018,0.02,0.011,0.0,0.58,1.0,0.19,0.087,0.033,0.055,0.034,0.0,0.777,0.737,0.048,0.0,0.044,0.04,0.0,0.178,0.887,0.273,0.013,0.0,0.083,0.051,0.0,0.0,0.013,0.08,0.049,0.0,0.065,0.0,4
0.003,0.019,0.0,0.047,0.0,0.074,0.0,0.051,0.0,0.347,0.774,0.224,0.0,0.041,0.017,0.0,0.016,0.901,0.889,0.882,0.358,0.0,0.033,0.0,0.0,0.807,0.525,0.522,0.955,0.012,0.0,0.0,0.0,0.255,0.869,1.0,1.0,0.095,0.007,0.0,0.0,0.0,0.01,0.0,0.939,0.207,0.018,0.0,0.0,0.0,0.12,0.0,0.816,0.407,0.0,0.02,0.0,0.106,0.414,0.543,1.0,0.317,0.0,0.0,9
0.037,0.0,0.0,0.0,0.043,0.032,0.0,0.0,0.0,0.0,0.0,0.495,0.967,1.0,0.884,0.011,0.017,0.0,0.013,0.953,0.821,0.676,0.924,0.084,0.036,0.0,0.086,0.583,0.29,0.963,0.565,0.0,0.061,0.0,0.019,0.0,0.468,1.0,0.783,0.026,0.064,0.0,0.0,0.0,0.138,0.391,1.0,0.524,0.0,0.0,0.0,0.042,0.0,0.039,1.0,0.428,0.0,0.002,0.0,0.474,0.265,0.635,0.894,0.113,3
0.0,0.021,0.004,0.751,0.8,0.344,0.981,0.358,0.029,0.0,0.186,0.761,0.044,0.569,0.825,0.0,0.0,0.0,0.0,0.12,0.0,0.751,0.44,0.008,0.046,0.0,0.05,0.519,0.841,1.0,0.957,0.395,0.027,0.0,0.063,0.83,0.889,0.734,0.295,0.069,0.0,0.0,0.038,0.019,0.939,0.294,0.055,0.0,0.025,0.036,0.0,0.185,0.896,0.119,0.0,0.015,0.0,0.0,0.009,0.042,0.005,0.0,0.0,0.0,7
0.044,0.0,0.0,0.361,0.859,0.914,0.501,0.13,0.038,0.0,0.116,0.972,0.101,0.0,0.807,0.532,0.058,0.001,0.327,0.76,0.047,0.181,1.0,0.519,0.097,0.013,0.077,0.927,0.521,0.881,0.937,0.43,0.0,0.041,0.0,0.108,0.159,0.048,0.713,0.295,0.0,0.032,0.0,0.002,0.081,0.049,0.737,0.252,0.052,0.025,0.323,0.975,0.121,0.0,0.771,0.0,0.0,0.062,0.113,0.461,0.889,0.741,0.649,0.0,9
0.0,0.066,0.0,0.0,0.0,0.023,0.0,0.0,0.082,0.0,0.532,0.985,0.474,0.294,0.033,0.0,0.015,0.0,0.912,0.997,0.964,1.0,0.0,0.015,0.0,0.079,1.0,0.419,0.185,0.446,0.405,0.029,0.0,0.176,0.953,0.072,0.0,0.377,0.349,0.006,0.053,0.269,0.684,0.004,0.014,0.493,0.343,0.0,0.0,0.135,0.528,0.01,0.056,0.77,0.028,0.033,0.015,0.021,0.908,0.534,0.8,0.863,0.064,0.0,0
0.091,0.035,0.0,0.594,1.0,1.0,0.527,0.152,0.019,0.0,0.226,1.0,0.684,0.688,0.914,0.077,0.071,0.005,0.099,0.552,0.08,0.653,0.778,0.038,0.0,0.0,0.0,0.0,0.381,0.998,0.518,0.0,0.016,0.06,0.0,0.0,0.0,0.424,0.817,0.6,0.032,0.0,0.018,0.006,0.043,0.0,0.405,1.0,0.045,0.0,0.096,0.797,0.406,0.268,0.918,0.942,0.0,0.0,0.0,0.715,0.98,1.0,0.986,0.203,3
0.0,0.0,0.0,0.097,0.372,0.822,0.017,0.0,0.0,0.0,0.0,0.031,0.887,0.738,0.031,0.0,0.038,0.0,0.0,0.57,1.0,0.752,0.008,0.057,0.0,0.06,0.313,1.0,0.96,0.85,0.0,0.0,0.0,0.025,0.483,1.0,1.0,0.968,0.943,0.492,0.007,0.084,0.015,0.325,0.619,0.869,0.451,0.259,0.011,0.012,0.0,0.0,0.5,0.774,0.0,0.0,0.0,0.008,0.062,0.119,0.401,0.635,0.0,0.0,4
0.0,0.052,0.009,0.0,0.0,0.0,0.049,0.123,0.0,0.632,0.386,0.0,0.107,0.0,0.009,0.0,0.0,0.613,0.788,0.043,0.0,0.0,0.075,0.048,0.0,0.93,0.672,0.018,0.0,0.0,0.016,0.052,0.4,1.0,0.935,0.607,0.243,0.05,0.07,0.031,0.346,1.0,0.871,0.664,1.0,0.328,0.039,0.0,0.129,1.0,0.972,0.117,0.74,0.472,0.033,0.063,0.061,0.931,0.879,0.101,0.921,0.333,0.0,0.0,6
0.016,0.0,0.0,0.556,0.676,0.531,0.873,0.2,0.09,0.011,0.054,0.088,0.006,0.299,0.929,0.172,0.0,0.0,0.0,0.0,0.0,0.601,0.865,0.0,0.0,0.051,0.0,0.28,0.98,0.881,0.999,0.383,0.0,0.002,0.0,0.079,0.598,1.0,0.459,0.063,0.011,0.0,0.064,0.0,0.763,0.414,0.046,0.0,0.0,0.035,0.0,0.273,0.886,0.036,0.0,0.081,0.0,0.0,0.024,0.016,0.0,0.026,0.0,0.0,7
0.002,0.567,0.84,0.75,0.094,0.081,0.027,0.019,0.34,0.844,0.445,0.596,0.722,0.0,0.0,0.0,0.052,0.033,0.0,0.436,0.705,0.004,0.04,0.0,0.0,0.059,0.24,0.901,0.172,0.0,0.0,0.0,0.009,0.0,0.527,0.954,0.487,0.0,0.0,0.0,0.026,0.048,0.0,0.243,0.982,0.387,0.0,0.0,0.034,0.762,0.128,0.0,1.0,0.365,0.004,0.0,0.001,0.531,1.0,1.0,0.752,0.0,0.0,0.0,3
0.024,0.068,0.109,0.932,0.471,0.032,0.044,0.062,0.0,0.018,0.716,1.0,0.248,0.046,0.0,0.0,0.035,0.641,0.968,1.0,0.0,0.029,0.0,0.0,0.224,0.979,1.0,0.915,0.078,0.029,0.0,0.0,0.746,1.0,0.995,0.979,0.845,0.318,0.0,0.0,0.497,0.726,0.934,1.0,0.67,0.353,0.014,0.046,0.0,0.025,0.57,0.835,0.019,0.013,0.063,0.0,0.019,0.0,0.175,0.876,0.041,0.0,0.0,0.0,4
0.033,0.0,0.0,0.871,1.0,0.487,0.0,0.0,0.008,0.037,0.0,0.779,0.982,0.17,0.01,0.0,0.081,0.0,0.064,0.754,1.0,0.225,0.0,0.008,0.0,0.026,0.214,1.0,0.882,0.0,0.027,0.02,0.077,0.02,0.347,1.0,0.944,0.0,0.004,0.0,0.0,0.043,0.31,1.0,0.736,0.024,0.0,0.0,0.0,0.0,0.012,0.816,1.0,0.347,0.065,0.0,0.052,0.0,0.0,0.08,0.0,0.0,0.0,0.0,1
0.09,0.0,0.0,0.163,0.973,0.525,0.035,0.0,0.091,0.072,0.0,0.477,0.973,0.279,0.06,0.051,0.0,0.0,0.121,1.0,0.464,0.009,0.0,0.037,0.012,0.015,0.187,1.0,0.452,0.266,0.171,0.0,0.0,0.0,0.378,1.0,1.0,0.968,0.852,0.215,0.075,0.044,0.309,0.956,0.715,0.264,0.672,0.925,0.0,0.0,0.0,0.857,0.805,0.283,0.573,0.887,0.0,0.012,0.017,0.249,0.784,1.0,0.985,0.451,6
0.749,0.922,0.87,0.457,0.461,0.019,0.047,0.031,0.773,0.94,0.225,0.001,0.0,0.073,0.0,0.0,0.445,0.96,0.202,0.0,0.093,0.0,0.0,0.0,0.074,1.0,0.531,0.0,0.178,0.08,0.0,0.0,0.0,0.611,0.847,0.0,0.0,0.0,0.0,0.0,0.021,0.919,0.734,0.023,0.0,0.0,0.013,0.0,0.269,1.0,0.217,0.046,0.0,0.019,0.131,0.069,0.015,0.0,0.0,0.0,0.0,0.0,0.007,0.118,5
0.0,0.007,0.0,0.0,0.0,0.0,0.02,0.0,0.049,0.112,0.814,0.603,0.018,0.0,0.0,0.068,0.0,0.685,0.794,0.869,0.586,0.057,0.0,0.013,0.167,0.913,0.0,0.627,0.561,0.126,0.074,0.0,0.149,0.432,0.046,0.574,0.493,0.0,0.011,0.03,0.0,0.008,0.167,1.0,0.037,0.0,0.0,0.039,0.05,0.0,0.652,1.0,0.363,0.122,0.034,0.01,0.0,0.445,0.952,0.792,0.816,1.0,0.261,0.0,2
0.045,0.0,0.0,0.08,0.0,0.0,0.114,0.0,0.011,0.064,0.257,0.984,0.819,0.059,0.056,0.0,0.063,0.019,0.822,0.34,0.056,0.72,0.0,0.008,0.0,0.014,1.0,0.087,0.0,0.804,0.116,0.0,0.0,0.106,0.79,0.707,0.598,0.931,0.022,0.019,0.0,0.051,0.195,0.608,1.0,0.833,0.104,0.001,0.025,0.0,0.064,0.094,0.0,0.891,0.135,0.05,0.014,0.0,0.03,0.387,0.784,0.95,0.012,0.0,9
0.0,0.02,0.054,0.0,0.0,0.0,0.017,0.026,0.014,0.269,1.0,0.913,0.024,0.0,0.0,0.0,0.0,0.426,0.876,0.983,0.274,0.058,0.0,0.0,0.13,0.184,0.48,1.0,0.198,0.0,0.114,0.052,0.0,0.12,0.011,0.695,0.493,0.11,0.0,0.034,0.0,0.0,0.009,0.932,0.43,0.0,0.021,0.056,0.0,0.0,0.379,1.0,0.265,0.381,0.606,0.063,0.007,0.119,0.986,0.91,0.555,0.785,0.917,0.009,2
0.0,0.0,0.008,0.945,0.433,0.681,0.292,0.0,0.0,0.066,0.155,0.971,0.262,0.064,0.808,0.096,0.0,0.0,0.368,0.749,0.039,0.086,0.682,0.179,0.0,0.031,0.183,0.729,0.034,0.0,0.367,0.524,0.007,0.034,0.15,0.865,0.0,0.012,0.809,0.326,0.0,0.0,0.0,0.788,0.494,0.324,1.0,0.027,0.0,0.018,0.037,0.054,0.858,0.802,0.297,0.0,0.039,0.0,0.0,0.0,0.028,0.056,0.0,0.0,0
0.041,0.007,0.844,1.0,1.0,0.247,0.0,0.0,0.044,0.126,1.0,1.0,1.0,0.262,0.061,0.0,0.035,0.116,0.853,0.978,0.976,0.0,0.089,0.081,0.077,0.036,1.0,0.978,0.892,0.044,0.025,0.0,0.054,0.0,0.87,1.0,0.942,0.179,0.0,0.0,0.0,0.0,0.405,0.911,1.0,0.503,0.025,0.001,0.0,0.017,0.176,0.875,0.809,0.452,0.0,0.034,0.0,0.049,0.069,0.0,0.0,0.0,0.05,0.0,1
0.0,0.0,0.0,0.007,0.057,0.0,0.04,0.025,0.0,0.0,0.0,0.392,1.0,0.848,0.0,0.0,0.043,0.0,0.42,1.0,0.974,0.735,0.141,0.002,0.043,0.155,1.0,0.932,0.971,0.512,0.0,0.007,0.0,0.466,0.948,1.0,0.997,0.532,0.072,0.041,0.0,0.0,0.053,0.686,1.0,0.758,0.0,0.0,0.075,0.0,0.0,0.449,1.0,0.875,0.02,0.0,0.0,0.021,0.0,0.437,0.893,0.923,0.327,0.038,1
0.0,0.049,0.308,0.407,0.84,0.989,0.147,0.02,0.0,0.035,0.079,0.185,0.954,0.48,0.034,0.0,0.008,0.0,0.01,0.105,1.0,0.403,0.011,0.0,0.0,0.023,0.0,0.066,0.627,0.787,0.0,0.053,0.062,0.0,0.0,0.068,0.128,0.981,0.227,0.054,0.01,0.0,0.578,0.357,0.38,1.0,0.391,0.0,0.0,0.0,0.894,0.667,0.958,0.714,0.223,0.0,0.0,0.042,0.0,0.091,0.093,0.0,0.032,0.056,3
0.038,0.024,0.09,0.459,1.0,1.0,1.0,0.383,0.0,0.0,0.162,0.931,0.692,0.379,0.291,0.121,0.036,0.0,0.41,1.0,0.068,0.0,0.0,0.0,0.0,0.0,0.571,0.986,0.583,0.288,0.0,0.009,0.077,0.0,0.0,0.407,0.662,1.0,0.486,0.024,0.018,0.0,0.0,0.154,0.0,0.592,0.927,0.014,0.0,0.0,0.012,0.73,0.471,0.638,0.906,0.026,0.0,0.0,0.014,0.619,1.0,1.0,0.313,0.0,5
0.0,0.0,0.016,0.0,0.788,0.197,0.0,0.034,0.0,0.0,0.099,0.647,0.757,0.201,0.0,0.038,0.0,0.099,0.343,0.91,0.256,1.0,0.089,0.0,0.016,0.193,0.826,0.167,0.389,0.885,0.0,0.015,0.0,0.419,0.942,0.647,0.696,0.667,0.0,0.045,0.0,0.119,0.423,0.92,1.0,0.911,0.025,0.0,0.07,0.0,0.047,0.0,0.723,0.521,0.037,0.0,0.026,0.0,0.034,0.013,0.93,0.205,0.0,0.039,4
0.0,0.001,0.032,0.0,0.0,0.0,0.0,0.083,0.017,0.026,0.068,0.06,0.804,0.926,0.265,0.0,0.0,0.008,0.0,0.348,0.673,0.198,0.897,0.025,0.05,0.04,0.006,0.602,0.568,0.57,0.945,0.244,0.0,0.036,0.037,0.155,0.889,0.769,0.82,0.207,0.0,0.0,0.0,0.0,0.0,0.0,0.607,0.37,0.042,0.0,0.0,0.0,0.05,0.018,0.43,0.504,0.0,0.0,0.0,0.821,0.379,0.054,0.5,0.528,9
0.007,0.09,0.0,0.048,0.0,0.064,0.0,0.046,0.0,0.0,0.021,0.108,0.969,0.935,0.025,0.0,0.0,0.0,0.019,0.847,0.974,1.0,0.59,0.0,0.001,0.028,0.279,1.0,0.562,0.392,1.0,0.235,0.0,0.004,0.262,1.0,0.166,0.032,0.883,0.402,0.0,0.0,0.417,1.0,0.213,0.0,1.0,0.44,0.036,0.064,0.181,1.0,0.637,0.372,1.0,0.727,0.0,0.0,0.0,0.912,1.0,1.0,1.0,0.159,0
0.07,1.0,0.989,0.986,0.733,0.0,0.0,0.0,0.32,0.988,0.504,0.146,0.957,0.006,0.0,0.0,0.557,0.809,0.116,0.0,0.446,0.441,0.011,0.002,0.504,0.852,0.0,0.0,0.36,0.505,0.0,0.0,0.471,0.784,0.015,0.213,0.716,0.675,0.009,0.0,0.465,0.98,0.98,0.973,0.841,0.0,0.0,0.0,0.0,0.665,0.896,0.582,0.017,0.0,0.097,0.0,0.0,0.017,0.0,0.0,0.0,0.054,0.0,0.013,0
0.13,0.0,0.945,1.0,0.971,0.108,0.029,0.0,0.009,0.072,0.829,1.0,0.848,0.0,0.0,0.051,0.0,0.01,0.882,1.0,0.678,0.0,0.005,0.0,0.028,0.0,0.831,0.997,0.631,0.0,0.05,0.044,0.0,0.0,0.808,1.0,0.301,0.0,0.0,0.023,0.0,0.016,0.897,0.901,0.023,0.054,0.013,0.0,0.0,0.018,0.553,0.904,0.106,0.021,0.028,0.0,0.033,0.0,0.0,0.025,0.061,0.0,0.0,0.0,1
0.0,0.0,0.036,0.784,1.0,0.586,0.028,0.012,0.013,0.011,0.51,0.825,0.927,0.824,0.01,0.032,0.0,0.036,0.947,0.286,0.323,0.982,0.0,0.035,0.013,0.563,0.805,0.0,0.541,0.668,0.0,0.01,0.0,0.084,0.119,0.674,0.945,0.99,0.416,0.0,0.0,0.133,0.25,0.862,1.0,0.532,0.092,0.083,0.02,0.0,0.0,0.672,0.731,0.011,0.0,0.002,0.0,0.01,0.019,0.927,0.464,0.073,0.079,0.018,7
0.0,0.005,0.0,0.0,0.0,0.0,0.021,0.0,0.0,0.0,0.044,0.166,0.822,0.658,0.065,0.0,0.0,0.011,0.036,0.178,1.0,0.985,0.179,0.0,0.0,0.0,0.0,0.147,0.895,0.974,0.136,0.0,0.04,0.0,0.0,0.314,0.991,0.953,0.0,0.0,0.015,0.0,0.101,0.195,0.884,1.0,0.062,0.0,0.035,0.0,0.036,0.319,0.946,0.958,0.236,0.013,0.0,0.0,0.015,0.437,0.93,1.0,0.015,0.017,1
0.678,0.958,0.657,0.812,0.013,0.0,0.0,0.048,0.705,0.437,0.008,1.0,0.191,0.018,0.036,0.0,0.282,0.276,0.031,0.921,0.464,0.007,0.0,0.019,0.036,0.073,0.0,0.92,0.451,0.0,0.015,0.0,0.0,0.0,0.211,0.981,0.22,0.0,0.0,0.0,0.0,0.646,1.0,0.986,0.761,0.569,0.024,0.043,0.002,0.524,0.686,0.573,0.547,0.913,0.0,0.014,0.0,0.0,0.0,0.0,0.008,0.0,0.006,0.086,2
0.0,0.0,0.191,0.788,1.0,1.0,0.75,0.189,0.0,0.0,0.212,0.529,0.235,0.723,0.994,0.423,0.014,0.0,0.0,0.0,0.53,0.9,0.247,0.084,0.024,0.0,0.055,0.0,0.765,0.431,0.04,0.0,0.0,0.0,0.0,0.009,0.437,0.739,0.016,0.076,0.033,0.093,0.057,0.0,0.349,0.722,0.0,0.017,0.0,0.0,0.064,0.443,0.749,0.675,0.0,0.0,0.0,0.0,0.158,0.897,0.703,0.155,0.105,0.029,3
0.364,0.98,0.577,0.671,0.874,0.22,0.016,0.0,0.202,0.888,0.235,0.092,0.79,0.273,0.072,0.051,0.0,0.634,0.902,0.807,0.865,0.113,0.027,0.069,0.0,0.466,0.956,0.856,0.637,0.0,0.0,0.06,0.0,0.906,0.135,0.156,0.976,0.161,0.032,0.012,0.0,1.0,0.546,0.057,0.849,0.193,0.0,0.0,0.008,0.188,1.0,1.0,0.677,0.062,0.0,0.0,0.0,0.0,0.0,0.067,0.012,0.0,0.0,0.0,8
0.0,0.032,0.744,0.844,0.048,0.0,0.0,0.0,0.052,0.009,0.67,0.796,0.027,0.045,0.021,0.027,0.005,0.067,0.887,0.779,0.035,0.09,0.054,0.0,0.013,0.023,0.813,0.803,0.0,0.015,0.058,0.041,0.0,0.012,0.852,0.572,0.033,0.0,0.0,0.001,0.022,0.0,0.591,0.638,0.036,0.01,0.05,0.0,0.037,0.061,0.515,0.668,0.021,0.029,0.0,0.018,0.021,0.082,0.007,0.037,0.026,0.0,0.052,0.0,1
0.031,0.031,0.264,0.921,0.261,0.081,0.047,0.082,0.0,0.014,0.869,0.616,0.0,0.0,0.672,0.229,0.037,0.503,0.957,0.059,0.0,0.515,0.928,0.015,0.015,0.753,0.996,0.489,0.596,0.957,0.535,0.026,0.0,0.545,0.973,0.793,1.0,0.814,0.053,0.0,0.0,0.007,0.036,0.306,0.94,0.19,0.024,0.0,0.0,0.019,0.02,0.554,0.85,0.0,0.0,0.0,0.023,0.0,0.0,0.0,0.051,0.0,0.001,0.048,4
0.057,0.039,0.697,0.768,0.476,1.0,0.133,0.0,0.159,0.026,0.892,0.121,0.037,1.0,0.193,0.0,0.0,0.007,0.049,0.218,0.568,0.917,0.457,0.0,0.003,0.0,0.014,0.865,0.987,0.989,0.553,0.019,0.026,0.0,0.0,0.346,0.93,0.052,0.007,0.075,0.0,0.0,0.0,0.629,0.655,0.0,0.0,0.0,0.031,0.029,0.057,1.0,0.341,0.107,0.022,0.012,0.046,0.0,0.0,0.0,0.0,0.0,0.07,0.01,7
0.0,0.015,0.0,0.012,0.0,0.012,0.0,0.0,0.0,0.0,0.0,0.655,0.889,0.43,0.061,0.03,0.06,0.055,0.211,1.0,0.969,0.656,0.015,0.0,0.0,0.283,0.924,1.0,0.888,0.486,0.036,0.102,0.085,0.919,0.992,1.0,0.968,0.207,0.0,0.0,0.34,0.988,1.0,0.983,1.0,0.28,0.0,0.0,0.002,0.224,0.846,1.0,0.927,0.139,0.0,0.0,0.0,0.043,0.727,1.0,0.99,0.005,0.0,0.012,1
0.0,0.0,0.024,0.019,0.0,0.0,0.0,0.0,0.046,0.048,0.822,0.615,0.0,0.003,0.0,0.05,0.023,0.017,0.881,0.802,0.107,0.011,0.07,0.016,0.0,0.02,0.786,1.0,0.0,0.0,0.133,0.0,0.0,0.0,0.633,0.937,0.0,0.0,0.0,0.075,0.0,0.0,0.611,1.0,0.011,0.0,0.109,0.01,0.025,0.004,0.858,0.962,0.058,0.0,0.0,0.0,0.0,0.026,0.891,1.0,0.078,0.0,0.103,0.045,1
0.0,0.056,0.204,0.58,0.869,0.402,0.0,0.001,0.029,0.201,0.886,0.68,0.479,1.0,0.191,0.019,0.0,0.197,0.95,0.379,0.106,1.0,0.428,0.081,0.073,0.0,0.212,1.0,0.847,0.967,0.467,0.0,0.0,0.0,0.0,0.368,0.959,0.979,0.154,0.0,0.0,0.0,0.125,0.937,0.478,1.0,0.437,0.0,0.036,0.1,0.254,0.971,0.244,0.969,0.491,0.0,0.031,0.128,0.0,0.681,0.956,0.698,0.0,0.0,8
0.033,0.008,0.841,0.441,0.004,0.0,0.018,0.0,0.068,0.622,0.931,1.0,0.107,0.088,0.048,0.0,0.314,1.0,0.55,0.665,0.663,0.0,0.0,0.0,0.225,1.0,0.376,0.222,0.998,0.227,0.062,0.005,0.447,0.983,0.172,0.0,1.0,0.52,0.015,0.043,0.283,1.0,0.589,0.0,0.862,0.752,0.0,0.027,0.0,0.783,1.0,1.0,0.978,0.621,0.0,0.0,0.042,0.15,0.648,0.795,0.424,0.0,0.141,0.0,0
0.168,0.0,0.0,0.036,0.049,0.046,0.0,0.0,0.0,0.014,0.0,0.19,0.613,0.824,0.306,0.001,0.0,0.0,0.104,0.796,0.431,0.505,0.852,0.0,0.0,0.0,0.36,0.755,0.077,0.303,0.838,0.0,0.0,0.0,0.571,0.335,0.057,0.851,0.906,0.0,0.092,0.0,0.195,0.793,0.935,0.439,0.913,0.063,0.0,0.019,0.0,0.0,0.039,0.0,0.612,0.289,0.009,0.112,0.073,0.675,0.509,0.046,0.61,0.442,9
0.072,0.055,0.087,0.041,0.868,0.938,1.0,0.093,0.0,0.0,0.061,0.877,1.0,0.996,1.0,0.0,0.0,0.017,0.433,1.0,0.951,1.0,1.0,0.017,0.007,0.0,0.17,0.4,0.467,1.0,0.952,0.065,0.0,0.006,0.0,0.044,0.243,0.995,1.0,0.0,0.0,0.0,0.0,0.0,0.253,0.994,0.997,0.218,0.0,0.0,0.0,0.004,0.311,0.912,0.984,0.269,0.0,0.057,0.031,0.0,0.002,0.0,0.0,0.0,1
0.0,0.044,0.0,0.43,0.902,0.0,0.0,0.028,0.0,0.0,0.001,0.762,0.753,0.02,0.002,0.0,0.0,0.0,0.32,0.99,0.204,0.314,0.965,0.0,0.07,0.116,0.872,0.66,0.005,0.803,0.777,0.0,0.01,0.568,1.0,0.851,0.772,1.0,0.25,0.014,0.0,0.623,0.744,0.803,1.0,0.759,0.094,0.008,0.0,0.0,0.029,0.152,1.0,0.665,0.04,0.031,0.009,0.048,0.003,0.549,0.979,0.2,0.0,0.008,4
0.011,0.032,0.715,0.984,0.539,0.738,0.0,0.002,0.0,0.377,0.973,0.949,0.0,0.803,0.263,0.04,0.0,0.351,0.869,0.358,0.106,0.5,0.587,0.0,0.0,0.344,0.713,0.0,0.0,0.475,0.645,0.022,0.0,0.312,0.968,0.007,0.036,0.84,0.587,0.017,0.017,0.074,0.896,0.502,0.739,1.0,0.19,0.022,0.034,0.072,0.082,0.914,0.962,0.249,0.0,0.01,0.073,0.0,0.0,0.0,0.006,0.004,0.0,0.018,0
0.017,0.0,0.003,0.685,0.895,0.819,0.099,0.0,0.046,0.016,0.0,0.037,0.656,0.928,0.278,0.0,0.0,0.0,0.059,0.004,0.541,0.89,0.596,0.025,0.0,0.012,0.074,0.835,1.0,0.99,0.935,0.648,0.03,0.046,0.137,0.729,1.0,0.741,0.32,0.0,0.0,0.114,0.037,0.261,1.0,0.309,0.066,0.004,0.027,0.043,0.0,0.708,0.642,0.04,0.0,0.0,0.018,0.0,0.0,0.0,0.01,0.0,0.029,0.004,7
0.043,0.006,0.34,0.79,0.0,0.0,0.049,0.0,0.0,0.072,0.768,0.849,0.003,0.0,0.0,0.043,0.052,0.535,1.0,0.102,0.0,0.0,0.0,0.0,0.009,0.656,0.714,0.006,0.206,0.009,0.044,0.054,0.0,0.749,0.938,0.92,0.902,0.065,0.0,0.0,0.037,0.661,0.965,0.825,0.835,0.38,0.0,0.007,0.01,0.264,0.795,0.569,1.0,0.327,0.0,0.034,0.0,0.04,0.421,0.885,0.724,0.041,0.055,0.023,6
0.0,0.0,0.429,0.722,0.431,0.321,0.06,0.068,0.059,0.095,1.0,0.935,0.932,0.845,0.564,0.07,0.026,0.258,1.0,0.699,0.053,0.028,0.02,0.0,0.015,0.026,0.688,0.964,0.579,0.0,0.057,0.004,0.03,0.0,0.061,0.339,0.8,0.059,0.0,0.131,0.0,0.037,0.0,0.363,0.914,0.012,0.058,0.034,0.012,0.0,0.52,0.671,0.52,0.001,0.0,0.0,0.046,0.041,0.616,0.946,0.245,0.0,0.0,0.0,5
0.0,0.0,0.0,0.025,0.018,0.048,0.005,0.0,0.0,0.0,0.0,0.076,0.251,0.776,0.799,0.009,0.0,0.0,0.052,0.72,0.859,0.931,1.0,0.125,0.0,0.046,0.052,0.857,0.033,0.684,0.78,0.197,0.0,0.048,0.329,0.813,0.817,0.219,0.704,0.0,0.0,0.035,0.0,0.378,0.339,0.0,0.791,0.259,0.005,0.043,0.019,0.0,0.066,0.017,0.918,0.202,0.038,0.013,0.016,0.245,0.339,0.0,0.913,0.23,9
0.0,0.0,0.0,0.0,0.02,0.0,0.047,0.0,0.0,0.013,0.079,0.731,0.412,0.0,0.044,0.0,0.035,0.027,0.907,0.55,0.899,0.059,0.0,0.037,0.011,0.467,0.719,0.0,1.0,0.039,0.0,0.0,0.041,0.118,0.62,0.186,0.913,0.025,0.0,0.019,0.0,0.039,0.003,0.071,0.656,0.0,0.088,0.0,0.047,0.044,0.005,0.339,0.688,0.0,0.0,0.0,0.0,0.026,0.0,0.574,0.625,0.206,0.211,0.111,2
0.027,0.809,0.702,0.451,0.819,0.0,0.0,0.0,0.316,0.887,0.131,0.028,0.896,0.332,0.0,0.0,0.442,1.0,0.166,0.0,0.418,0.511,0.032,0.049,0.566,0.839,0.0,0.0,0.335,0.822,0.0,0.0,0.434,0.936,0.184,0.023,0.294,0.935,0.0,0.037,0.149,0.847,0.687,0.184,0.898,0.765,0.004,0.002,0.023,0.304,0.964,1.0,1.0,0.175,0.002,0.1,0.031,0.0,0.05,0.062,0.027,0.002,0.0,0.0,0
0.021,0.0,0.291,0.986,0.975,0.27,0.0,0.0,0.0,0.0,0.578,0.939,0.765,0.742,0.001,0.032,0.056,0.001,0.677,0.0,0.012,0.604,0.396,0.025,0.073,0.239,0.342,0.019,0.048,0.149,0.324,0.0,0.02,0.332,0.584,0.0,0.0,0.412,0.23,0.059,0.111,0.264,0.704,0.09,0.129,0.971,0.0,0.0,0.0,0.064,0.859,0.909,1.0,0.512,0.0,0.0,0.0,0.0,0.23,0.742,0.607,0.0,0.044,0.035,0
0.0,0.14,1.0,0.918,0.918,0.122,0.029,0.0,0.054,0.046,1.0,0.295,0.657,0.833,0.03,0.0,0.012,0.0,0.938,0.857,0.896,0.994,0.125,0.024,0.0,0.027,0.177,0.571,0.702,0.981,0.356,0.016,0.0,0.021,0.031,0.001,0.267,0.948,0.484,0.0,0.01,0.025,0.0,0.265,0.644,1.0,0.526,0.0,0.027,0.0,0.435,0.626,0.688,0.684,0.0,0.0,0.035,0.0,0.0,0.0,0.0,0.012,0.0,0.0,9
0.014,0.0,0.0,0.224,0.542,0.74,1.0,0.486,0.014,0.043,0.0,0.959,0.975,0.524,0.535,0.126,0.033,0.0,0.239,0.915,0.632,0.281,0.034,0.0,0.0,0.003,0.412,0.964,0.937,1.0,0.915,0.0,0.0,0.063,0.104,0.718,0.518,0.459,0.963,0.01,0.0,0.0,0.0,0.0,0.029,0.454,1.0,0.0,0.0,0.0,0.0,0.043,0.565,0.972,0.794,0.001,0.034,0.0,0.04,0.213,0.758,0.607,0.072,0.0,5
0.068,0.034,0.627,0.896,0.913,0.071,0.038,0.003,0.0,0.0,0.596,0.181,0.614,0.485,0.0,0.0,0.029,0.023,0.059,0.0,0.454,0.642,0.0,0.0,0.037,0.0,0.152,0.666,0.901,0.208,0.059,0.074,0.021,0.0,0.12,0.601,0.759,0.917,0.122,0.0,0.0,0.178,0.148,0.06,0.0,0.941,0.223,0.0,0.076,0.642,0.848,0.502,0.102,0.793,0.238,0.0,0.005,0.0,0.453,0.878,1.0,0.56,0.102,0.037,3
0.006,0.0,0.063,0.723,0.572,0.64,0.928,0.185,0.0,0.013,0.0,0.144,0.009,0.191,1.0,0.056,0.049,0.0,0.0,0.0,0.131,0.589,0.956,0.048,0.085,0.064,0.344,1.0,0.995,1.0,0.936,0.386,0.064,0.0,0.102,0.304,0.187,1.0,0.168,0.0,0.064,0.019,0.074,0.018,0.295,0.621,0.0,0.0,0.042,0.0,0.043,0.0,0.723,0.368,0.007,0.0,0.003,0.0,0.0,0.027,0.054,0.0,0.0,0.0,7
0.0,0.117,0.044,0.023,0.035,0.028,0.049,0.028,0.026,0.322,0.705,0.633,0.146,0.064,0.0,0.0,0.0,0.307,0.992,0.948,1.0,0.184,0.004,0.0,0.008,0.066,1.0,1.0,1.0,0.039,0.0,0.0,0.001,0.143,0.967,0.989,0.775,0.0,0.0,0.041,0.087,0.255,1.0,1.0,0.808,0.0,0.0,0.0,0.0,0.449,0.958,1.0,0.587,0.0,0.02,0.033,0.0,0.633,1.0,1.0,0.424,0.0,0.018,0.0,1
0.068,0.001,0.0,0.0,0.005,0.024,0.062,0.0,0.061,0.074,0.781,1.0,0.783,0.249,0.0,0.0,0.0,0.636,0.677,0.508,0.997,0.402,0.004,0.0,0.097,1.0,0.189,0.098,0.89,0.118,0.0,0.0,0.191,0.208,0.0,0.512,0.765,0.146,0.046,0.0,0.027,0.065,0.802,1.0,0.969,0.595,0.039,0.0,0.0,0.0,0.696,0.831,0.271,0.058,0.0,0.0,0.0,0.0,0.699,0.408,0.042,0.0,0.0,0.0,7
0.002,0.0,0.154,0.765,0.735,0.236,0.009,0.093,0.003,0.289,0.89,0.786,0.714,1.0,0.0,0.0,0.0,0.636,0.908,0.035,0.001,0.678,0.107,0.0,0.0,0.0,0.853,0.568,0.401,1.0,0.255,0.0,0.023,0.053,0.048,0.939,1.0,0.452,0.0,0.0,0.0,0.05,0.274,1.0,0.638,0.81,0.141,0.034,0.0,0.0,0.694,0.869,0.072,0.605,0.476,0.064,0.004,0.042,0.136,0.784,0.991,0.962,0.38,0.03,8
0.0,0.056,0.044,0.099,0.12,0.0,0.097,0.0,0.0,0.024,0.0,0.802,1.0,1.0,0.964,0.788,0.047,0.015,0.289,1.0,0.605,0.468,0.341,0.288,0.0,0.024,0.584,1.0,0.392,0.425,0.179,0.0,0.0,0.0,0.719,1.0,0.949,0.925,1.0,0.092,0.024,0.017,0.033,0.08,0.009,0.338,0.992,0.283,0.003,0.025,0.0,0.045,0.0,0.529,0.854,0.105,0.025,0.006,0.0,0.721,0.523,1.0,0.392,0.003,5
0.006,0.0,0.237,0.965,0.878,0.909,0.131,0.0,0.011,0.0,0.0,0.737,0.0,0.641,0.4,0.0,0.0,0.07,0.0,0.0,0.043,0.767,0.522,0.0,0.0,0.0,0.0,0.02,0.0,0.857,0.324,0.072,0.001,0.041,0.056,0.025,0.448,1.0,0.412,0.412,0.018,0.043,0.006,0.366,0.976,1.0,0.952,0.996,0.031,0.023,0.091,0.643,0.906,0.549,0.431,0.333,0.0,0.0,0.0,0.0,0.007,0.021,0.038,0.0,2
0.0,0.0,0.015,0.0,0.054,0.018,0.049,0.0,0.0,0.409,0.933,1.0,0.633,0.029,0.0,0.049,0.273,0.862,0.667,0.892,0.546,0.009,0.023,0.0,0.222,0.535,0.587,0.987,0.226,0.063,0.019,0.058,0.028,0.314,0.991,0.952,0.274,0.008,0.05,0.0,0.051,0.023,0.463,0.924,0.977,0.105,0.017,0.0,0.0,0.0,0.0,0.193,1.0,0.474,0.002,0.032,0.0,0.161,0.594,0.822,0.979,0.276,0.0,0.078,3
0.0,0.014,0.0,0.0,0.072,0.034,0.0,0.0,0.0,0.021,0.368,0.845,1.0,0.7,0.028,0.045,0.08,0.455,0.927,0.969,0.958,0.899,0.0,0.0,0.0,0.078,0.476,1.0,0.587,0.084,0.076,0.0,0.011,0.114,1.0,0.984,0.039,0.0,0.0,0.0,0.0,0.0,0.515,0.887,0.881,0.329,0.0,0.0,0.049,0.027,0.052,0.037,0.897,0.927,0.124,0.038,0.0,0.0,0.01,0.303,0.828,0.964,0.46,0.013,3
0.049,0.02,0.643,0.951,1.0,0.157,0.0,0.0,0.037,0.791,0.977,0.753,0.997,0.539,0.0,0.0,0.481,1.0,0.257,0.333,1.0,0.23,0.015,0.0,0.297,0.989,0.63,0.837,0.867,0.012,0.0,0.0,0.0,0.132,0.738,0.948,0.815,0.087,0.0,0.025,0.007,0.0,0.795,1.0,0.896,0.374,0.0,0.056,0.0,0.0,1.0,0.844,1.0,0.385,0.025,0.0,0.024,0.057,0.719,0.816,0.75,0.045,0.038,0.0,8
0.0,0.553,0.772,0.892,0.416,0.0,0.0,0.02,0.0,1.0,0.542,0.542,1.0,0.135,0.0,0.0,0.0,1.0,0.646,0.626,0.992,0.325,0.0,0.0,0.014,0.281,0.73,0.724,0.763,0.281,0.0,0.031,0.007,0.038,0.018,0.003,0.533,0.624,0.076,0.013,0.0,0.0,0.0,0.026,0.58,0.38,0.0,0.041,0.0,0.406,0.269,0.498,0.978,0.182,0.017,0.0,0.0,0.67,0.892,1.0,0.464,0.0,0.067,0.0,9
0.071,0.004,0.0,0.695,0.746,0.647,0.979,0.297,0.072,0.032,0.036,0.954,0.177,0.116,1.0,0.043,0.0,0.0,0.0,0.121,0.172,0.619,0.721,0.203,0.003,0.009,0.013,0.159,0.987,0.994,0.992,0.567,0.073,0.0,0.0,0.0,0.816,0.809,0.498,0.031,0.052,0.013,0.0,0.038,0.941,0.294,0.01,0.0,0.072,0.024,0.041,0.283,0.919,0.117,0.055,0.02,0.0,0.0,0.0,0.0,0.065,0.0,0.0,0.0,7
0.03,0.0,0.0,0.099,0.953,0.726,0.049,0.0,0.0,0.09,0.085,0.746,0.985,0.049,0.072,0.0,0.03,0.0,0.0,0.828,0.874,0.509,0.338,0.013,0.0,0.003,0.058,1.0,0.882,0.708,1.0,0.155,0.0,0.029,0.062,1.0,0.708,0.007,0.338,0.69,0.032,0.0,0.062,0.762,0.961,0.272,0.726,0.765,0.0,0.0,0.0,0.002,0.543,0.971,0.953,0.371,0.009,0.078,0.0,0.013,0.0,0.0,0.0,0.036,6
0.0,0.009,0.0,0.08,0.7,0.697,0.0,0.01,0.0,0.0,0.0,0.445,0.94,0.979,0.533,0.029,0.0,0.009,0.034,0.419,0.926,0.811,0.947,0.175,0.0,0.027,0.03,0.023,0.987,1.0,0.229,0.077,0.0,0.0,0.0,0.431,1.0,0.835,0.047,0.017,0.021,0.119,0.066,0.945,0.51,0.989,0.318,0.0,0.035,0.0,0.131,0.772,0.854,0.997,0.652,0.073,0.0,0.027,0.007,0.091,0.654,0.727,0.305,0.022,8
0.053,0.0,0.0,0.11,0.0,0.0,0.002,0.0,0.041,0.017,0.017,0.547,0.843,1.0,0.992,0.0,0.0,0.0,0.38,1.0,0.959,0.532,0.088,0.051,0.041,0.0,0.925,0.876,0.129,0.0,0.054,0.0,0.0,0.06,0.611,0.972,0.263,0.0,0.0,0.033,0.001,0.018,0.191,0.957,1.0,0.451,0.0,0.0,0.0,0.037,0.044,0.055,0.411,0.89,0.117,0.106,0.0,0.0,0.01,0.083,0.82,0.838,0.0,0.018,5
0.022,0.046,0.541,0.934,1.0,0.699,0.033,0.044,0.023,0.037,0.003,0.0,0.626,0.829,0.0,0.045,0.024,0.004,0.071,0.064,0.659,0.884,0.135,0.0,0.0,0.0,0.145,0.687,1.0,1.0,0.402,0.0,0.0,0.088,0.797,0.963,0.695,0.066,0.0,0.017,0.0,0.05,0.092,0.843,0.366,0.0,0.016,0.017,0.0,0.0,0.329,0.757,0.036,0.0,0.015,0.048,0.0,0.0,0.001,0.0,0.0,0.04,0.01,0.047,7
0.003,0.0,0.019,0.323,0.897,0.745,0.0,0.0,0.016,0.006,0.165,0.92,1.0,0.964,0.277,0.003,0.0,0.028,0.441,0.99,1.0,0.965,0.199,0.0,0.0,0.313,0.864,0.962,0.941,0.995,0.069,0.053,0.0,0.18,0.36,0.607,1.0,0.984,0.28,0.108,0.0,0.013,0.0,0.627,1.0,0.969,0.151,0.0,0.0,0.0,0.0,0.68,0.992,1.0,0.139,0.017,0.05,0.0,0.0,0.45,0.874,0.722,0.123,0.06,1
0.0,0.038,0.017,0.024,0.008,0.043,0.041,0.021,0.14,0.419,0.741,0.789,0.279,0.0,0.0,0.009,0.41,0.821,0.416,0.911,0.864,0.067,0.015,0.032,0.267,0.558,0.0,0.862,0.998,0.0,0.029,0.036,0.036,0.771,0.835,0.954,1.0,0.15,0.073,0.0,0.038,0.025,0.345,0.142,0.666,0.509,0.0,0.0,0.0,0.0,0.085,0.0,0.806,0.523,0.0,0.057,0.0,0.745,0.874,0.246,0.885,0.474,0.037,0.014,9
0.051,0.451,0.955,0.641,0.084,0.061,0.011,0.026,0.059,0.898,0.059,0.168,0.542,0.0,0.008,0.016,0.0,0.956,0.102,0.294,0.698,0.122,0.051,0.0,0.05,0.458,0.9,0.998,0.903,0.021,0.0,0.05,0.0,0.0,0.242,0.462,0.575,0.401,0.0,0.0,0.0,0.0,0.0,0.0,0.225,0.728,0.0,0.064,0.041,0.328,0.066,0.0,0.099,0.788,0.082,0.0,0.027,0.544,1.0,0.995,1.0,0.74,0.0,0.0,9
0.0,0.0,0.0,0.036,0.512,0.883,0.546,0.0,0.0,0.0,0.0,0.175,0.914,0.752,1.0,0.28,0.0,0.077,0.084,0.138,0.637,0.058,0.961,0.272,0.028,0.0,0.0,0.0,0.008,0.512,0.924,0.0,0.0,0.08,0.013,0.05,0.593,0.917,0.175,0.0,0.0,0.044,0.328,0.987,0.864,0.184,0.0,0.0,0.0,0.0,0.223,0.947,0.938,0.468,0.011,0.032,0.028,0.0,0.0,0.0,0.522,0.782,0.829,0.301,2
0.0,0.0,0.0,0.252,0.999,0.942,0.514,0.0,0.0,0.0,0.148,0.94,1.0,0.924,0.542,0.031,0.019,0.0,0.271,0.473,0.708,1.0,0.272,0.0,0.0,0.0,0.034,0.0,0.311,0.941,0.654,0.023,0.0,0.005,0.099,0.067,0.364,1.0,0.76,0.035,0.09,0.0,0.034,0.0,0.341,1.0,1.0,0.024,0.005,0.046,0.004,0.034,0.366,0.946,0.656,0.206,0.033,0.0,0.057,0.0,0.0,0.033,0.0,0.0,1
0.023,0.305,0.49,0.857,0.768,0.072,0.0,0.022,0.028,0.035,0.0,0.605,0.709,0.023,0.003,0.0,0.0,0.0,0.104,0.867,0.697,0.0,0.067,0.0,0.0,0.115,0.966,1.0,0.986,0.45,0.0,0.0,0.029,0.0,0.814,0.757,0.288,0.058,0.0,0.0,0.0,0.035,0.894,0.285,0.0,0.093,0.034,0.049,0.0,0.518,0.788,0.0,0.027,0.0,0.106,0.0,0.05,0.08,0.0,0.015,0.0,0.046,0.012,0.025,7
0.009,0.036,0.01,0.113,0.0,0.0,0.077,0.0,0.0,0.06,0.0,0.023,0.138,0.986,0.06,0.0,0.003,0.047,0.038,0.007,0.545,0.675,0.0,0.097,0.0,0.0,0.0,0.148,0.86,0.467,0.016,0.0,0.015,0.027,0.269,0.991,0.765,0.0,0.613,0.751,0.037,0.0,0.522,1.0,1.0,0.972,0.871,0.661,0.005,0.045,0.062,0.38,0.589,0.967,0.996,0.205,0.029,0.081,0.0,0.035,0.0,0.801,0.83,0.0,4
0.065,0.082,0.184,1.0,0.756,0.1,0.0,0.013,0.038,0.06,0.212,1.0,0.979,0.325,0.0,0.047,0.0,0.0,0.184,0.998,1.0,0.369,0.0,0.029,0.0,0.053,0.01,1.0,0.984,0.355,0.0,0.013,0.0,0.038,0.273,1.0,1.0,0.127,0.0,0.0,0.0,0.0,0.248,1.0,0.931,0.0,0.031,0.0,0.0,0.067,0.471,1.0,0.845,0.0,0.07,0.071,0.0,0.034,0.098,0.974,0.911,0.08,0.0,0.089,1
0.389,1.0,0.959,0.963,0.913,0.573,0.0,0.0,0.603,0.964,0.851,0.488,0.494,0.312,0.0,0.014,0.712,0.942,0.011,0.0,0.041,0.036,0.0,0.0,0.641,1.0,0.474,0.0,0.0,0.0,0.0,0.0,0.229,0.889,0.959,0.071,0.003,0.0,0.083,0.0,0.0,0.228,1.0,0.796,0.0,0.028,0.0,0.004,0.051,0.409,1.0,0.522,0.049,0.046,0.07,0.0,0.511,1.0,0.731,0.037,0.0,0.0,0.0,0.0,5
0.068,0.0,0.04,0.0,0.0,0.0,0.059,0.005,0.0,0.345,0.844,0.079,0.024,0.04,0.007,0.02,0.006,0.623,0.933,0.246,0.012,0.036,0.032,0.0,0.096,0.772,1.0,0.186,0.012,0.052,0.0,0.0,0.125,0.664,0.982,0.585,0.0,0.0,0.014,0.0,0.046,0.573,0.996,0.663,0.005,0.0,0.0,0.008,0.0,0.014,0.474,0.956,0.082,0.057,0.0,0.0,0.0,0.146,0.424,0.907,0.832,0.743,0.434,0.088,1
0.0,0.0,0.155,0.62,0.799,0.119,0.0,0.0,0.0,0.033,0.608,1.0,0.971,0.764,0.0,0.071,0.049,0.0,0.604,0.588,0.466,1.0,0.0,0.021,0.0,0.0,0.012,0.054,0.374,1.0,0.071,0.0,0.056,0.0,0.004,0.065,0.712,0.9,0.036,0.0,0.0,0.0,0.0,0.366,0.973,0.806,0.084,0.0,0.0,0.0,0.0,0.896,1.0,0.957,0.998,0.79,0.0,0.0,0.001,0.486,0.854,0.77,0.611,0.517,2
0.0,0.013,0.089,0.388,0.846,1.0,0.36,0.0,0.055,0.0,0.46,0.962,0.75,0.96,0.574,0.012,0.0,0.0,0.278,0.208,0.035,0.971,0.236,0.039,0.0,0.016,0.164,0.787,0.706,0.942,0.523,0.034,0.017,0.023,0.757,1.0,1.0,0.874,0.295,0.0,0.0,0.042,0.343,0.312,0.849,0.38,0.049,0.0,0.013,0.0,0.0,0.102,0.927,0.016,0.033,0.0,0.003,0.0,0.0,0.648,0.534,0.0,0.041,0.004,7
0.08,0.451,0.923,0.693,0.987,0.0,0.076,0.0,0.0,0.008,0.328,0.0,0.852,0.371,0.0,0.037,0.0,0.027,0.005,0.068,0.993,0.312,0.039,0.06,0.0,0.0,0.06,0.178,1.0,0.334,0.019,0.0,0.047,0.0,0.052,0.743,0.898,0.062,0.067,0.0,0.0,0.26,0.703,0.96,1.0,0.898,0.026,0.003,0.0,0.506,0.908,0.916,0.685,0.734,0.173,0.024,0.07,0.0,0.0,0.034,0.053,0.048,0.0,0.022,2
0.032,0.0,0.0,0.663,0.692,0.378,0.748,1.0,0.011,0.0,0.003,0.022,0.007,0.444,0.919,0.363,0.0,0.031,0.0,0.122,0.862,0.985,0.772,0.0,0.005,0.0,0.0,0.0,0.463,0.74,0.92,0.389,0.0,0.036,0.037,0.0,0.0,0.184,1.0,0.285,0.024,0.022,0.0,0.163,0.549,0.748,0.837,0.062,0.058,0.0,0.035,0.274,0.978,0.986,0.292,0.0,0.0,0.033,0.0,0.0,0.0,0.05,0.0,0.0,3
0.054,0.53,0.933,0.743,0.919,0.994,0.476,0.0,0.044,0.845,1.0,0.863,0.399,0.245,0.106,0.109,0.06,0.854,0.61,0.0,0.038,0.0,0.019,0.027,0.0,0.157,1.0,0.678,0.043,0.0,0.002,0.0,0.038,0.019,0.248,0.96,0.537,0.0,0.0,0.093,0.0,0.0,0.0,0.286,1.0,0.096,0.0,0.0,0.0,0.019,0.242,0.366,1.0,0.272,0.0,0.023,0.062,0.476,1.0,1.0,0.656,0.0,0.0,0.0,5
0.0,0.08,0.234,0.734,1.0,0.989,0.327,0.0,0.0,0.238,0.977,0.72,0.575,0.965,0.221,0.04,0.0,0.067,0.241,0.07,0.568,0.881,0.0,0.027,0.0,0.0,0.463,0.959,0.957,1.0,0.723,0.015,0.042,0.021,0.542,1.0,0.788,0.359,0.077,0.0,0.03,0.0,0.036,0.877,0.358,0.053,0.0,0.008,0.0,0.073,0.253,0.977,0.235,0.029,0.061,0.057,0.0,0.097,0.484,0.928,0.04,0.0,0.0,0.0,7
0.0,0.127,0.0,0.0,0.311,1.0,0.179,0.0,0.0,0.0,0.0,0.208,0.932,0.975,0.206,0.0,0.07,0.154,0.797,1.0,0.877,1.0,0.006,0.065,0.015,0.134,0.457,0.186,0.435,0.99,0.0,0.007,0.0,0.1,0.0,0.076,0.486,0.881,0.0,0.0,0.056,0.056,0.082,0.026,0.441,1.0,0.032,0.037,0.0,0.04,0.091,0.0,0.612,0.984,0.43,0.0,0.049,0.001,0.0,0.0,0.488,0.974,0.125,0.0,1
0.011,0.02,0.035,0.0,0.009,0.0,0.005,0.0,0.133,0.053,0.041,0.321,0.785,0.0,0.0,0.0,0.163,0.0,0.033,0.76,0.988,0.455,0.0,0.002,0.062,0.018,0.31,1.0,0.827,0.539,0.054,0.075,0.042,0.07,0.988,0.522,0.926,0.378,0.015,0.013,0.0,0.357,1.0,0.452,0.894,0.807,0.328,0.084,0.0,0.659,0.968,0.984,0.965,0.778,0.083,0.072,0.0,0.017,0.061,0.082,0.986,0.281,0.0,0.022,4
0.095,0.885,0.401,0.312,0.198,0.066,0.0,0.0,0.341,0.961,0.724,0.536,0.077,0.0,0.0,0.0,0.226,0.954,0.476,0.761,0.74,0.046,0.018,0.0,0.0,0.097,0.0,0.071,0.89,0.257,0.0,0.0,0.0,0.056,0.004,0.0,0.6,0.374,0.0,0.037,0.0,0.554,0.025,0.0,0.54,0.506,0.058,0.04,0.0,0.586,0.977,1.0,1.0,0.299,0.04,0.012,0.0,0.0,0.014,0.09,0.047,0.0,0.0,0.013,5
0.006,0.036,0.118,0.015,0.052,0.0,0.041,0.0,0.012,0.06,0.107,0.665,1.0,0.867,0.515,0.0,0.033,0.0,0.74,0.695,0.203,0.227,0.923,0.005,0.042,0.0,0.46,0.1,0.009,0.261,0.934,0.044,0.112,0.011,0.0,0.0,0.499,0.934,0.503,0.023,0.0,0.0,0.0,0.092,0.0,0.338,0.745,0.253,0.0,0.0,0.0,0.0,0.012,0.0,0.475,0.396,0.0,0.044,0.0,0.0,0.004,0.0,0.509,0.672,3
0.0,0.061,0.859,0.959,0.966,0.954,0.414,0.0,0.0,0.274,0.989,0.052,0.26,0.244,0.216,0.025,0.039,0.25,0.812,0.284,0.6,0.326,0.0,0.002,0.022,0.372,1.0,0.75,0.57,0.801,0.206,0.08,0.013,0.0,0.184,0.025,0.032,0.749,0.254,0.048,0.0,0.0,0.0,0.0,0.093,0.852,0.156,0.0,0.0,0.0,0.713,0.199,0.674,0.572,0.092,0.0,0.02,0.062,0.76,1.0,0.708,0.123,0.025,0.0,5
0.367,0.974,0.884,0.779,0.675,0.598,0.167,0.0,0.278,1.0,0.844,0.108,0.0,0.0,0.008,0.0,0.015,0.379,0.908,0.393,0.0,0.007,0.049,0.002,0.047,0.07,0.857,0.695,0.0,0.042,0.0,0.0,0.0,0.0,0.754,0.479,0.035,0.0,0.016,0.0,0.057,0.914,0.854,0.676,0.0,0.0,0.0,0.0,0.072,0.835,1.0,0.243,0.0,0.0,0.0,0.0,0.011,0.0,0.0,0.0,0.01,0.0,0.0,0.044,5
0.0,0.0,0.0,0.101,0.464,0.727,0.861,0.0,0.0,0.0,0.042,0.758,0.556,0.269,0.74,0.0,0.027,0.0,0.604,1.0,0.535,0.871,0.726,0.015,0.0,0.025,1.0,0.967,0.945,1.0,0.153,0.034,0.009,0.0,0.668,0.486,0.154,0.835,0.0,0.0,0.046,0.034,0.06,0.003,0.385,0.563,0.0,0.0,0.04,0.083,0.072,0.028,0.431,0.533,0.048,0.0,0.002,0.0,0.0,0.028,0.484,0.377,0.0,0.0,9
0.0,0.081,0.077,0.0,0.0,0.017,0.039,0.01,0.0,0.0,0.0,0.227,0.725,0.992,0.847,0.0,0.0,0.028,0.279,0.945,0.927,0.761,1.0,0.046,0.0,0.009,0.335,0.519,0.19,0.66,0.846,0.009,0.0,0.0,0.065,0.238,0.396,0.964,0.814,0.33,0.054,0.0,0.28,0.924,1.0,0.987,0.84,0.366,0.0,0.0,0.11,0.469,0.795,0.698,0.0,0.0,0.0,0.044,0.0,0.056,0.958,0.295,0.061,0.039,7
0.019,0.073,0.895,0.799,0.294,0.922,0.792,0.0,0.0,0.0,0.567,1.0,1.0,0.612,0.009,0.0,0.036,0.003,0.131,1.0,0.808,0.021,0.095,0.034,0.007,0.0,0.723,0.966,0.996,0.093,0.0,0.0,0.0,0.0,1.0,0.754,0.955,0.266,0.0,0.0,0.0,0.182,0.987,1.0,1.0,0.311,0.063,0.0,0.0,0.0,0.558,0.96,0.633,0.052,0.0,0.0,0.005,0.104,0.0,0.033,0.0,0.0,0.0,0.0,8
0.053,0.013,0.103,1.0,0.458,0.539,1.0,0.0,0.003,0.0,0.084,0.274,0.08,0.774,0.602,0.078,0.003,0.0,0.002,0.131,0.818,0.889,0.169,0.056,0.027,0.022,0.0,0.0,0.431,0.913,0.689,0.044,0.001,0.119,0.0,0.0,0.046,0.118,0.903,0.628,0.041,0.0,0.0,0.474,0.603,0.117,0.692,0.674,0.0,0.001,0.001,0.669,0.965,1.0,0.946,0.127,0.046,0.041,0.013,0.0,0.0,0.0,0.065,0.02,3
0.021,0.0,0.002,0.0,0.0,0.0,0.02,0.042,0.0,0.0,0.088,0.645,0.723,0.0,0.0,0.019,0.023,0.034,0.148,0.902,0.828,0.0,0.089,0.044,0.0,0.0,0.707,1.0,0.611,0.022,0.0,0.005,0.035,0.576,0.955,1.0,0.674,0.054,0.0,0.0,0.304,0.95,0.779,1.0,0.633,0.0,0.017,0.005,0.167,0.687,0.134,0.908,0.639,0.0,0.0,0.029,0.039,0.085,0.0,0.954,0.882,0.063,0.0,0.0,1
0.0,0.0,0.0,0.0,0.0,0.043,0.0,0.0,0.0,0.065,0.0,0.052,0.924,0.831,0.309,0.0,0.005,0.0,0.028,0.191,0.962,1.0,0.769,0.037,0.024,0.0,0.077,0.12,0.988,1.0,0.595,0.0,0.077,0.018,0.112,0.369,1.0,0.985,0.438,0.0,0.0,0.0,0.0,0.851,0.969,0.85,0.161,0.0,0.014,0.101,0.268,0.984,1.0,0.537,0.0,0.079,0.001,0.0,0.18,0.931,0.965,0.408,0.0,0.0,1
0.103,0.0,0.18,0.961,1.0,0.289,0.0,0.0,0.115,0.598,0.876,1.0,1.0,0.56,0.0,0.002,0.585,1.0,0.849,0.621,0.901,0.266,0.0,0.0,0.036,0.189,0.0,0.399,0.933,0.239,0.0,0.0,0.013,0.032,0.0,0.419,0.984,0.526,0.0,0.0,0.112,0.088,0.0,0.572,1.0,0.45,0.0,0.03,0.0,0.036,0.032,0.608,0.928,0.377,0.0,0.0,0.0,0.0,0.028,0.041,0.0,0.005,0.0,0.004,1
0.167,0.0,0.339,0.779,0.877,0.337,0.0,0.0,0.0,0.381,1.0,0.617,0.68,0.999,0.179,0.0,0.0,0.442,0.963,0.582,0.867,0.873,0.0,0.0,0.076,0.042,0.687,0.909,1.0,0.222,0.0,0.038,0.0,0.039,0.0,0.689,0.634,0.013,0.003,0.0,0.005,0.012,0.167,0.994,0.289,0.007,0.068,0.025,0.002,0.044,0.112,1.0,0.047,0.057,0.0,0.0,0.0,0.0,0.376,0.71,0.0,0.0,0.0,0.0,9
0.0,0.028,0.015,0.02,0.028,0.008,0.081,0.0,0.0,0.365,1.0,0.805,0.727,0.908,0.01,0.0,0.0,0.749,0.282,0.174,0.95,0.242,0.005,0.003,0.175,0.333,0.0,0.602,0.442,0.0,0.049,0.0,0.054,0.066,0.051,0.794,0.006,0.0,0.055,0.0,0.1,0.575,0.947,0.982,0.714,0.0,0.0,0.0,0.16,0.386,1.0,0.117,0.263,0.0,0.0,0.054,0.063,0.437,0.41,0.054,0.028,0.0,0.05,0.0,7
0.0,0.042,0.614,0.48,0.654,0.585,0.015,0.002,0.0,0.031,0.002,0.286,0.951,0.345,0.0,0.0,0.009,0.0,0.0,0.871,0.906,0.408,0.105,0.0,0.149,0.02,0.0,0.339,0.694,1.0,0.037,0.085,0.035,0.019,0.0,0.04,0.0,1.0,0.327,0.001,0.0,0.056,0.416,0.154,0.32,1.0,0.063,0.0,0.046,0.08,0.701,0.963,1.0,0.652,0.016,0.0,0.0,0.083,0.0,0.017,0.0,0.0,0.0,0.0,3
0.788,0.988,0.768,1.0,0.223,0.0,0.045,0.066,0.18,0.078,0.49,0.943,0.123,0.005,0.0,0.0,0.0,0.109,0.852,0.714,0.004,0.0,0.0,0.0,0.011,0.212,1.0,1.0,0.742,0.129,0.0,0.012,0.052,0.049,0.072,0.337,0.971,0.657,0.082,0.0,0.0,0.458,0.697,0.517,0.816,0.628,0.012,0.0,0.03,0.948,0.998,1.0,0.691,0.197,0.0,0.05,0.0,0.0,0.0,0.029,0.012,0.067,0.042,0.042,3
0.051,0.504,0.727,0.084,0.428,0.722,0.039,0.077,0.035,0.818,0.469,0.026,0.185,0.926,0.287,0.024,0.0,0.119,0.821,0.604,0.953,0.822,0.407,0.072,0.01,0.0,0.031,0.0,0.0,0.331,0.533,0.0,0.03,0.023,0.05,0.0,0.0,0.558,0.593,0.092,0.0,0.0,0.057,0.0,0.187,0.969,0.167,0.0,0.0,0.0,0.584,0.924,0.937,0.312,0.0,0.0,0.034,0.019,0.02,0.011,0.0,0.034,0.0,0.0,9
0.0,0.025,0.0,0.35,0.923,0.926,0.463,0.069,0.0,0.106,0.0,0.132,0.416,1.0,0.496,0.0,0.028,0.0,0.0,0.037,0.161,0.986,0.351,0.024,0.039,0.023,0.042,0.064,0.733,0.838,0.052,0.0,0.0,0.067,0.394,0.982,0.991,0.234,0.023,0.0,0.027,0.127,0.612,1.0,1.0,0.809,0.578,0.136,0.0,0.0,0.05,0.239,0.639,0.885,0.975,0.584,0.033,0.049,0.0,0.035,0.038,0.022,0.043,0.0,2
0.012,0.271,1.0,0.293,0.023,0.0,0.0,0.0,0.0,0.259,0.923,0.296,0.0,0.0,0.011,0.0,0.0,0.838,0.989,0.347,0.027,0.098,0.044,0.026,0.0,0.518,0.917,0.54,0.043,0.043,0.0,0.07,0.0,0.173,0.62,0.57,0.021,0.0,0.0,0.0,0.0,0.957,1.0,0.919,0.542,0.962,0.402,0.0,0.0,0.208,0.936,0.961,0.9,0.401,0.018,0.1,0.0,0.028,0.0,0.073,0.0,0.0,0.0,0.085,1
0.3,1.0,0.72,0.928,0.254,0.026,0.0,0.0,0.0,0.484,0.321,0.825,0.536,0.02,0.006,0.03,0.075,0.06,0.121,0.939,0.636,0.024,0.08,0.027,0.086,0.0,0.0,0.851,0.682,0.023,0.024,0.064,0.06,0.05,0.435,0.985,0.207,0.08,0.0,0.0,0.0,0.588,0.95,0.967,0.452,1.0,0.289,0.0,0.065,0.506,0.701,0.907,1.0,1.0,0.695,0.107,0.041,0.048,0.048,0.0,0.0,0.0,0.0,0.0,2
0.0,0.012,0.214,0.902,1.0,0.893,0.237,0.113,0.088,0.048,0.243,0.674,0.37,0.754,0.765,0.0,0.0,0.0,0.0,0.019,0.143,0.985,0.373,0.092,0.0,0.074,0.0,0.0,0.275,0.898,0.222,0.029,0.003,0.03,0.0,0.0,0.05,0.855,0.811,0.144,0.0,0.043,0.0,0.007,0.0,0.124,0.858,0.354,0.0,0.0,0.0,0.123,0.274,0.752,0.889,0.126,0.055,0.129,0.036,0.731,1.0,0.55,0.048,0.0,3
0.0,0.0,0.349,0.772,0.018,0.05,0.056,0.001,0.0,0.0,0.546,0.996,0.155,0.045,0.0,0.0,0.0,0.0,0.419,0.988,0.214,0.0,0.014,0.0,0.0,0.05,0.179,0.933,0.353,0.0,0.0,0.028,0.079,0.0,0.012,0.592,0.677,0.0,0.037,0.076,0.033,0.051,0.0,0.161,0.906,0.077,0.0,0.0,0.0,0.037,0.471,0.621,0.849,0.832,0.307,0.011,0.0,0.003,0.419,1.0,0.905,1.0,0.953,0.71,1
0.038,0.065,0.057,0.0,0.024,0.039,0.016,0.0,0.21,0.594,1.0,0.943,0.927,0.119,0.121,0.002,0.948,1.0,0.901,0.55,0.169,0.0,0.007,0.0,1.0,0.743,0.025,0.0,0.0,0.0,0.0,0.0,0.746,0.917,0.02,0.0,0.0,0.0,0.0,0.0,0.402,1.0,0.22,0.021,0.004,0.043,0.0,0.028,0.0,0.53,0.984,0.141,0.0,0.0,0.0,0.0,0.0,0.267,0.881,0.787,0.0,0.0,0.055,0.071,5
0.0,0.0,0.025,0.0,0.074,0.049,0.045,0.0,0.0,0.292,0.878,0.955,0.978,0.392,0.0,0.0,0.038,0.876,0.339,0.192,0.773,0.542,0.0,0.063,0.069,0.0,0.0,0.157,0.966,0.226,0.032,0.0,0.0,0.05,0.12,0.686,0.756,0.086,0.0,0.016,0.177,0.855,0.995,0.96,0.679,0.32,0.0,0.01,0.005,0.371,0.653,0.727,0.044,0.027,0.0,0.036,0.042,0.0,1.0,0.07,0.101,0.0,0.07,0.0,7
0.006,0.017,0.0,0.161,0.916,0.403,0.0,0.036,0.0,0.0,0.027,0.694,1.0,0.238,0.0,0.0,0.0,0.0,0.277,0.96,0.532,0.038,0.0,0.0,0.031,0.0,0.175,1.0,0.448,0.314,0.084,0.05,0.0,0.063,0.376,0.957,0.977,0.864,0.884,0.181,0.102,0.0,0.152,0.887,0.626,0.0,0.598,0.583,0.096,0.0,0.082,0.608,0.796,0.504,0.988,0.332,0.0,0.0,0.07,0.178,0.848,1.0,0.52,0.015,6
0.0,0.001,0.036,0.0,0.0,0.04,0.0,0.021,0.0,0.091,0.816,1.0,1.0,0.465,0.0,0.005,0.0,0.714,0.937,0.729,1.0,0.701,0.02,0.045,0.0,0.992,0.562,0.005,0.851,0.436,0.01,0.0,0.0,0.2,0.0,0.252,0.999,0.027,0.0,0.0,0.067,0.0,0.636,0.789,1.0,0.343,0.0,0.0,0.0,0.205,0.993,0.989,0.661,0.251,0.055,0.073,0.027,0.039,0.511,0.888,0.0,0.03,0.045,0.056,7
0.028,0.0,0.004,0.057,0.0,0.062,0.0,0.0,0.0,0.0,0.193,1.0,0.982,1.0,0.857,0.297,0.0,0.0,0.547,0.913,0.685,0.401,0.462,0.225,0.07,0.0,0.553,0.972,0.114,0.038,0.028,0.063,0.091,0.013,0.283,1.0,0.874,0.047,0.0,0.129,0.013,0.0,0.0,0.489,0.943,0.71,0.0,0.0,0.033,0.0,0.0,0.0,0.853,0.982,0.216,0.017,0.0,0.088,0.069,0.139,0.652,1.0,0.316,0.0,5
0.0,0.048,0.81,0.971,0.33,0.28,0.113,0.056,0.03,0.442,0.969,0.104,0.0,0.076,0.0,0.028,0.017,0.577,1.0,0.761,0.822,0.589,0.025,0.03,0.0,0.136,0.506,0.418,0.515,0.902,0.63,0.054,0.0,0.036,0.054,0.024,0.049,0.789,0.763,0.092,0.0,0.028,0.514,0.186,0.369,1.0,0.379,0.043,0.024,0.097,0.624,1.0,0.992,0.49,0.0,0.0,0.0,0.0,0.0,0.0,0.013,0.09,0.032,0.016,5
0.0,0.0,0.0,0.974,0.502,0.864,0.455,0.0,0.0,0.0,0.0,0.76,0.104,0.647,0.421,0.0,0.007,0.016,0.094,0.0,0.001,0.776,0.433,0.07,0.0,0.0,0.049,0.027,0.011,1.0,0.203,0.0,0.001,0.0,0.086,0.128,0.63,0.842,0.029,0.003,0.0,0.068,0.071,0.631,0.996,0.935,0.591,0.571,0.009,0.092,0.064,0.725,0.979,0.843,1.0,0.973,0.0,0.0,0.0,0.044,0.05,0.0,0.012,0.0,2
0.017,0.0,0.0,0.787,0.71,0.102,0.039,0.0,0.0,0.005,0.074,0.933,1.0,0.273,0.058,0.0,0.071,0.081,0.194,1.0,0.933,0.094,0.035,0.005,0.0,0.02,0.583,0.929,0.733,0.0,0.041,0.082,0.0,0.058,0.738,1.0,0.311,0.0,0.001,0.0,0.0,0.0,0.881,1.0,0.36,0.0,0.032,0.01,0.035,0.0,0.551,0.995,0.538,0.015,0.0,0.0,0.046,0.051,0.158,0.624,0.751,0.131,0.03,0.057,1
0.0,0.0,0.051,0.614,1.0,1.0,0.624,0.001,0.084,0.032,0.041,0.979,0.396,0.491,1.0,0.038,0.0,0.025,0.015,0.43,0.021,0.776,1.0,0.0,0.0,0.033,0.0,0.025,0.791,1.0,0.358,0.0,0.0,0.0,0.0,0.007,0.505,0.865,1.0,0.257,0.0,0.016,0.0,0.003,0.0,0.026,0.583,0.851,0.071,0.0,0.0,0.567,0.346,0.0,0.738,0.871,0.0,0.025,0.132,0.323,1.0,0.998,0.894,0.351,3
0.0,0.0,0.0,0.0,0.0,0.0,0.0,0.008,0.027,0.589,0.899,1.0,0.588,0.0,0.028,0.0,0.001,0.538,0.359,0.722,0.777,0.0,0.0,0.0,0.02,0.011,0.007,0.803,0.884,0.346,0.0,0.052,0.054,0.843,0.917,0.985,0.885,0.863,0.022,0.017,0.07,0.698,1.0,0.461,0.0,0.0,0.064,0.013,0.09,0.2,0.968,0.059,0.0,0.003,0.015,0.009,0.014,0.428,0.916,0.011,0.032,0.0,0.078,0.0,7
0.037,0.0,0.051,0.0,0.105,0.066,0.0,0.016,0.0,0.005,0.0,0.179,0.646,0.509,0.0,0.081,0.009,0.0,0.0,0.939,1.0,0.966,0.981,0.033,0.0,0.0,0.3,1.0,0.504,0.345,1.0,0.454,0.03,0.0,0.364,1.0,0.653,0.422,1.0,0.236,0.075,0.035,0.0,0.326,0.863,0.898,1.0,0.25,0.024,0.0,0.0,0.054,0.0,0.068,1.0,0.1,0.028,0.011,0.016,0.256,0.476,0.501,1.0,0.146,9
0.0,0.111,0.0,0.151,0.529,0.939,1.0,0.259,0.0,0.064,0.015,0.0,0.0,0.043,0.98,0.399,0.005,0.0,0.0,0.0,0.0,0.175,1.0,0.254,0.0,0.0,0.0,0.179,0.168,0.729,0.855,0.261,0.045,0.043,0.063,0.867,0.964,1.0,0.57,0.263,0.156,0.0,0.054,0.184,0.763,0.916,0.005,0.019,0.009,0.016,0.02,0.056,1.0,0.385,0.0,0.017,0.0,0.0,0.042,0.217,0.746,0.0,0.032,0.0,7
0.021,0.0,0.352,1.0,0.898,0.233,0.101,0.0,0.044,0.0,0.864,0.894,0.911,0.764,0.0,0.06,0.0,0.0,0.818,0.702,0.835,0.872,0.264,0.067,0.024,0.0,0.513,0.917,0.945,0.43,0.0,0.0,0.0,0.151,1.0,1.0,1.0,0.149,0.0,0.03,0.056,0.518,1.0,0.132,0.898,0.672,0.066,0.0,0.0,0.403,1.0,0.516,0.854,0.689,0.056,0.0,0.0,0.0,0.473,0.871,0.864,0.038,0.0,0.039,8
0.042,0.0,0.069,0.367,0.782,0.94,0.675,0.101,0.0,0.0,0.085,0.885,0.466,0.196,0.556,0.439,0.0,0.054,0.482,0.997,0.603,0.0,0.575,0.503,0.0,0.02,0.0,0.334,0.867,0.656,0.779,0.229,0.009,0.0,0.077,0.149,1.0,0.986,0.281,0.0,0.098,0.048,0.0,0.985,0.572,0.818,0.429,0.0,0.022,0.0,0.05,0.951,0.289,0.539,0.748,0.01,0.0,0.0,0.016,0.204,0.868,1.0,0.63,0.005,8
0.027,0.056,0.0,0.008,0.019,0.036,0.014,0.0,0.0,0.488,1.0,1.0,0.765,0.0,0.065,0.016,0.0,0.304,0.455,0.705,0.846,0.003,0.0,0.0,0.0,0.0,0.0,0.827,0.422,0.0,0.104,0.0,0.0,0.111,0.768,0.981,0.51,0.093,0.032,0.017,0.031,0.41,1.0,1.0,0.991,0.562,0.0,0.0,0.0,0.0,0.87,0.488,0.106,0.015,0.0,0.054,0.058,0.184,0.987,0.091,0.046,0.007,0.0,0.0,7
0.147,0.0,0.015,0.0,0.0,0.376,0.99,0.13,0.0,0.0,0.008,0.0,0.33,1.0,0.959,0.117,0.035,0.082,0.0,0.245,1.0,0.748,0.999,0.0,0.0,0.017,0.242,0.861,0.386,0.445,0.714,0.1,0.0,0.01,0.612,0.886,0.964,0.997,0.931,0.586,0.0,0.037,0.505,0.88,0.767,0.848,0.897,0.244,0.0,0.001,0.0,0.054,0.021,0.507,0.44,0.0,0.121,0.0,0.03,0.025,0.0,0.477,0.474,0.0,4
0.022,0.0,0.616,1.0,0.461,0.013,0.011,0.0,0.0,0.157,0.961,0.212,0.79,0.096,0.012,0.005,0.0,0.082,0.787,0.45,1.0,0.018,0.004,0.095,0.0,0.0,0.593,0.968,0.846,0.004,0.067,0.0,0.088,0.474,1.0,0.971,0.432,0.0,0.0,0.0,0.054,0.922,0.403,0.49,0.717,0.0,0.0,0.0,0.113,0.781,0.344,0.772,0.661,0.0,0.0,0.0,0.025,0.087,0.656,1.0,0.348,0.0,0.041,0.0,8
0.0,0.012,0.542,0.856,1.0,0.312,0.005,0.0,0.0,0.332,0.917,0.489,0.294,0.769,0.0,0.076,0.001,0.295,0.596,0.022,0.073,0.528,0.129,0.0,0.0,0.198,0.291,0.0,0.054,0.263,0.429,0.037,0.131,0.595,0.295,0.039,0.0,0.26,0.494,0.016,0.0,0.329,0.409,0.024,0.0,0.242,0.614,0.0,0.093,0.057,0.831,0.104,0.017,0.518,0.49,0.0,0.024,0.038,0.525,0.684,0.848,0.928,0.123,0.009,0
0.0,0.032,0.548,0.764,0.131,0.013,0.0,0.023,0.0,0.46,0.991,0.834,0.183,0.0,0.081,0.0,0.075,0.929,0.963,0.04,0.004,0.0,0.0,0.0,0.065,0.969,0.666,0.41,0.03,0.0,0.035,0.054,0.02,0.994,0.933,0.855,0.982,0.199,0.002,0.018,0.062,0.928,0.737,0.028,1.0,0.466,0.0,0.055,0.0,0.671,0.889,0.593,0.929,0.557,0.0,0.008,0.025,0.013,0.523,1.0,0.781,0.172,0.043,0.01,6
0.046,0.0,0.0,0.02,0.006,0.041,0.0,0.005,0.03,0.0,0.136,0.563,0.885,0.428,0.0,0.0,0.0,0.413,0.78,0.609,0.455,0.637,0.035,0.002,0.107,0.811,0.984,0.619,0.845,0.186,0.0,0.011,0.232,0.935,1.0,1.0,1.0,0.262,0.002,0.0,0.0,0.427,0.417,0.056,0.654,0.487,0.035,0.0,0.0,0.004,0.097,0.003,0.852,0.199,0.025,0.033,0.049,0.012,0.0,0.42,0.521,0.0,0.0,0.0,9
0.0,0.027,0.043,0.019,0.56,0.573,0.0,0.0,0.009,0.0,0.0,0.237,0.916,0.303,0.0,0.049,0.072,0.068,0.0,0.547,0.756,0.067,0.0,0.0,0.0,0.0,0.078,0.809,0.505,0.196,0.148,0.0,0.031,0.055,0.036,0.885,0.989,0.762,0.944,0.347,0.0,0.001,0.023,0.772,0.561,0.0,0.298,0.784,0.0,0.0,0.0,0.595,0.543,0.067,0.389,1.0,0.025,0.0,0.079,0.0,0.458,0.876,0.843,0.54,6
0.068,0.0,0.471,0.708,0.765,0.52,0.049,0.0,0.022,0.074,0.921,0.538,0.537,0.384,0.074,0.084,0.053,0.708,1.0,0.045,0.037,0.0,0.0,0.047,0.0,0.522,1.0,0.965,1.0,0.624,0.0,0.047,0.0,0.027,0.416,0.267,0.579,0.782,0.0,0.0,0.077,0.0,0.019,0.067,0.804,1.0,0.0,0.0,0.0,0.0,0.383,0.791,0.877,0.321,0.0,0.0,0.023,0.182,0.614,0.903,0.132,0.0,0.0,0.012,5
0.0,0.077,0.0,0.08,0.0,0.008,0.02,0.0,0.0,0.752,1.0,0.897,1.0,0.519,0.0,0.0,0.196,0.991,0.832,0.501,0.538,0.214,0.013,0.08,0.302,0.817,0.0,0.0,0.014,0.096,0.0,0.063,0.372,0.995,1.0,0.132,0.0,0.054,0.007,0.0,0.161,0.669,0.657,0.802,0.0,0.0,0.001,0.0,0.062,0.0,0.125,1.0,0.0,0.025,0.0,0.028,0.108,0.734,0.57,0.96,0.0,0.0,0.0,0.0,5
0.01,0.01,0.0,0.007,0.0,0.028,0.03,0.0,0.053,0.0,0.379,0.859,1.0,0.309,0.096,0.0,0.005,0.109,1.0,0.555,1.0,0.86,0.0,0.045,0.0,0.194,0.893,0.031,0.586,0.916,0.136,0.0,0.057,0.227,1.0,0.682,0.996,1.0,0.12,0.026,0.0,0.074,0.334,0.752,0.18,0.747,0.452,0.0,0.02,0.022,0.124,0.0,0.0,0.747,0.375,0.06,0.0,0.0,0.819,0.69,0.324,1.0,0.363,0.0,9
0.0,0.0,0.0,0.047,0.004,0.0,0.026,0.0,0.0,0.058,0.054,0.147,1.0,0.829,0.202,0.064,0.0,0.0,0.0,0.405,1.0,0.959,0.139,0.0,0.0,0.0,0.028,0.499,0.999,0.943,0.039,0.0,0.045,0.0,0.0,0.483,0.983,0.904,0.083,0.0,0.0,0.0,0.0,0.574,1.0,1.0,0.014,0.0,0.0,0.0,0.035,0.578,1.0,0.73,0.013,0.028,0.019,0.0,0.071,0.461,0.965,0.775,0.0,0.0,1
0.0,0.036,0.717,0.99,0.103,0.0,0.078,0.0,0.003,0.132,0.881,0.443,0.0,0.0,0.008,0.016,0.017,0.215,1.0,0.169,0.442,0.026,0.0,0.082,0.009,0.111,0.842,0.552,0.775,0.776,0.12,0.0,0.071,0.161,0.946,0.104,0.0,0.478,0.763,0.008,0.0,0.0,0.718,0.638,0.213,0.57,0.87,0.0,0.052,0.042,0.155,0.793,1.0,0.989,0.302,0.0,0.0,0.023,0.109,0.03,0.0,0.026,0.043,0.004,6
0.076,0.027,0.0,0.0,0.535,0.465,0.0,0.527,0.0,0.0,0.029,0.257,0.835,0.141,0.199,0.846,0.0,0.0,0.139,0.832,0.772,0.367,0.519,0.674,0.0,0.0,0.552,1.0,0.945,1.0,1.0,0.478,0.0,0.0,0.036,0.0,0.0,0.332,0.943,0.065,0.045,0.0,0.0,0.055,0.03,0.54,0.784,0.0,0.034,0.054,0.004,0.02,0.041,1.0,0.418,0.017,0.019,0.0,0.0,0.111,0.105,0.015,0.012,0.016,4
0.0,0.074,0.942,0.81,0.052,0.077,0.011,0.0,0.0,0.558,0.953,0.057,0.0,0.054,0.0,0.048,0.0,1.0,0.606,0.044,0.0,0.044,0.0,0.078,0.275,1.0,0.288,0.001,0.0,0.011,0.013,0.008,0.425,1.0,0.653,0.747,0.678,0.035,0.006,0.002,0.227,0.909,0.892,0.641,0.877,0.716,0.0,0.006,0.153,0.865,0.611,0.345,1.0,0.598,0.079,0.0,0.0,0.156,1.0,1.0,0.634,0.07,0.065,0.008,6
0.08,0.0,0.072,0.678,0.953,1.0,0.386,0.0,0.0,0.077,0.412,0.805,0.422,0.958,0.229,0.0,0.0,0.026,0.089,0.102,0.023,0.961,0.195,0.006,0.0,0.0,0.13,0.37,0.897,0.969,0.975,0.046,0.141,0.14,0.85,0.957,1.0,0.848,0.099,0.0,0.029,0.014,0.513,0.251,0.962,0.122,0.027,0.0,0.061,0.0,0.039,0.604,0.655,0.0,0.0,0.009,0.0,0.0,0.037,0.856,0.245,0.0,0.0,0.0,7
0.035,0.112,0.223,0.977,0.661,0.0,0.0,0.04,0.0,0.066,0.529,1.0,0.091,0.01,0.0,0.102,0.001,0.061,0.726,0.856,0.671,0.785,0.017,0.0,0.032,0.034,0.813,0.978,0.937,0.835,0.548,0.026,0.008,0.038,0.614,0.904,0.0,0.322,0.785,0.0,0.033,0.012,0.422,1.0,0.67,0.8,0.808,0.0,0.0,0.0,0.108,0.319,0.885,0.989,0.192,0.0,0.0,0.0,0.0,0.0,0.0,0.0,0.0,0.0,6
0.057,0.003,0.058,0.358,0.788,0.028,0.066,0.017,0.0,0.06,0.0,0.898,1.0,0.898,0.286,0.0,0.026,0.044,0.131,1.0,0.59,0.634,0.61,0.091,0.0,0.0,0.424,0.806,0.0,0.0,0.734,0.232,0.0,0.0,0.535,0.84,0.0,0.071,0.324,0.482,0.069,0.0,0.36,0.861,0.001,0.04,0.533,0.506,0.018,0.069,0.073,0.991,0.899,0.856,1.0,0.237,0.0,0.051,0.018,0.301,0.946,0.549,0.108,0.0,0
0.005,0.05,0.0,0.0,0.033,0.0,0.044,0.0,0.0,0.0,0.011,0.628,0.908,0.0,0.0,0.015,0.0,0.0,0.68,0.959,0.209,0.045,0.043,0.011,0.0,0.433,0.861,0.331,0.05,0.0,0.003,0.0,0.04,0.825,0.686,0.042,0.167,0.529,0.167,0.035,0.0,0.236,0.623,0.956,1.0,0.998,0.568,0.0,0.094,0.049,0.0,0.461,0.968,0.472,0.151,0.096,0.0,0.104,0.0,0.682,0.759,0.093,0.0,0.084,4
0.027,0.03,0.072,0.002,0.0,0.0,0.0,0.0,0.0,0.077,0.521,0.814,0.346,0.105,0.0,0.0,0.0,0.214,0.947,0.471,0.719,0.197,0.0,0.0,0.0,0.053,0.903,0.048,0.78,0.148,0.0,0.003,0.024,0.025,0.169,0.0,0.733,0.144,0.0,0.0,0.059,0.0,0.0,0.168,0.862,0.0,0.027,0.0,0.0,0.045,0.0,0.356,0.74,0.155,0.0,0.071,0.058,0.0,0.345,1.0,0.417,0.234,0.232,0.0,2
0.0,0.148,0.618,0.95,1.0,0.045,0.0,0.0,0.0,0.669,0.903,0.64,1.0,0.288,0.02,0.0,0.06,0.305,0.152,0.447,0.936,0.097,0.053,0.0,0.0,0.0,0.096,0.953,1.0,0.214,0.0,0.044,0.0,0.0,0.092,0.705,0.909,1.0,0.282,0.0,0.0,0.02,0.371,0.06,0.013,0.816,0.75,0.0,0.0,0.046,0.98,0.764,0.568,0.971,0.704,0.068,0.008,0.062,0.681,0.991,1.0,0.861,0.169,0.0,3
0.0,0.0,0.059,0.0,0.126,0.011,0.028,0.108,0.0,0.354,0.867,0.729,0.256,0.0,0.0,0.0,0.267,1.0,0.756,0.615,0.84,0.0,0.0,0.008,0.641,0.721,0.0,0.821,0.656,0.0,0.038,0.0,0.457,0.672,0.499,0.96,0.287,0.042,0.0,0.058,0.033,0.898,1.0,0.593,0.008,0.0,0.106,0.0,0.0,0.783,0.797,0.816,0.582,0.0,0.004,0.0,0.0,0.717,0.47,0.026,0.927,0.04,0.0,0.0,8
0.0,0.0,0.0,0.019,0.919,0.635,0.0,0.0,0.042,0.005,0.0,0.065,0.953,1.0,0.191,0.093,0.0,0.0,0.0,0.0,1.0,0.942,0.0,0.0,0.116,0.047,0.114,0.18,0.959,0.911,0.002,0.0,0.0,0.042,0.017,0.076,1.0,1.0,0.009,0.0,0.03,0.034,0.0,0.07,0.919,0.927,0.0,0.0,0.012,0.0,0.01,0.0,0.785,0.565,0.0,0.001,0.0,0.068,0.081,0.0,0.776,0.654,0.0,0.0,1
0.711,0.986,0.684,0.451,0.215,0.145,0.008,0.0,0.535,1.0,1.0,0.856,0.0,0.0,0.031,0.058,0.496,0.986,0.85,1.0,0.234,0.0,0.0,0.0,0.202,0.231,0.0,0.776,0.461,0.075,0.007,0.033,0.0,0.0,0.0,0.96,0.601,0.022,0.029,0.0,0.0,0.0,0.459,1.0,0.133,0.015,0.072,0.008,0.055,0.864,0.935,0.344,0.0,0.0,0.0,0.015,0.0,0.0,0.0,0.027,0.0,0.092,0.0,0.0,5
0.015,0.019,0.0,1.0,0.277,0.0,0.015,0.0,0.007,0.0,0.358,0.591,0.002,0.068,0.024,0.0,0.008,0.04,0.802,0.973,0.911,0.589,0.04,0.015,0.0,0.0,0.868,0.668,0.0,0.455,0.574,0.032,0.003,0.07,0.783,0.838,0.231,0.168,0.821,0.0,0.0,0.0,0.466,0.667,0.339,0.826,0.384,0.0,0.0,0.0,0.045,0.751,0.855,0.417,0.0,0.0,0.051,0.0,0.024,0.038,0.0,0.0,0.0,0.025,6
0.0,0.001,0.0,0.768,0.807,0.729,0.813,0.0,0.0,0.0,0.054,0.947,0.41,0.415,0.405,0.0,0.0,0.0,0.268,0.997,0.537,0.3,0.0,0.005,0.015,0.087,0.215,0.772,0.715,1.0,0.808,0.043,0.0,0.0,0.014,0.039,0.117,0.129,0.821,0.568,0.0,0.064,0.045,0.045,0.058,0.0,0.656,0.416,0.01,0.0,0.331,0.97,0.205,0.539,0.825,0.122,0.027,0.056,0.104,0.632,1.0,0.885,0.274,0.012,5
0.013,0.0,0.023,0.0,0.011,0.006,0.025,0.0,0.0,0.0,0.0,0.07,0.637,0.281,0.011,0.045,0.015,0.0,0.059,0.276,1.0,0.145,0.165,0.0,0.0,0.0,0.0,0.804,0.565,0.446,0.842,0.0,0.0,0.0,0.501,1.0,0.013,0.686,0.879,0.354,0.0,0.014,0.886,1.0,0.894,0.994,1.0,0.602,0.008,0.0,0.826,0.98,0.974,0.974,0.325,0.006,0.0,0.0,0.0,0.074,0.568,0.929,0.0,0.0,4
0.0,0.016,0.197,0.985,0.758,0.675,0.13,0.0,0.008,0.013,0.454,0.603,0.0,0.724,0.625,0.005,0.0,0.023,0.175,0.821,0.274,0.912,0.982,0.041,0.0,0.09,0.0,0.283,0.733,0.383,0.544,0.348,0.032,0.0,0.011,0.0,0.011,0.048,0.233,0.506,0.0,0.0,0.076,0.006,0.005,0.002,0.324,0.517,0.0,0.0,0.253,0.72,0.029,0.147,0.806,0.262,0.037,0.0,0.075,0.814,0.999,0.926,0.494,0.006,9
0.089,0.0,0.594,0.67,0.031,0.01,0.0,0.0,0.049,0.233,1.0,0.254,0.009,0.0,0.0,0.0,0.0,0.796,0.511,0.111,0.474,0.0,0.0,0.0,0.255,1.0,0.17,0.827,0.781,0.118,0.0,0.0,0.826,0.747,0.534,0.989,1.0,0.588,0.059,0.0,0.908,0.984,1.0,0.987,0.621,0.09,0.0,0.0,0.138,0.181,0.534,0.945,0.0,0.0,0.08,0.0,0.0,0.04,0.541,0.978,0.102,0.114,0.036,0.09,4
0.001,0.024,0.102,0.044,0.021,0.048,0.066,0.037,0.012,0.0,0.049,0.219,0.714,1.0,1.0,0.468,0.0,0.0,0.071,0.916,0.919,0.444,0.795,0.964,0.0,0.014,0.0,0.0,0.075,0.174,0.915,0.537,0.037,0.0,0.0,0.049,0.0,0.681,0.631,0.049,0.032,0.106,0.071,0.025,0.098,0.983,0.271,0.0,0.077,0.0,0.0,0.0,0.03,0.887,0.523,0.106,0.0,0.0,0.124,0.021,0.285,0.999,0.513,0.0,3
0.0,0.068,0.096,0.0,0.092,0.0,0.003,0.0,0.0,0.035,0.0,0.307,0.859,0.758,0.091,0.03,0.051,0.0,0.237,0.927,0.698,0.481,0.707,0.0,0.039,0.032,0.31,0.989,0.001,0.0,0.728,0.238,0.004,0.091,0.308,0.831,0.0,0.031,0.486,0.433,0.0,0.12,0.451,0.583,0.0,0.0,0.488,0.446,0.05,0.0,0.223,0.8,0.033,0.0,0.915,0.4,0.0,0.024,0.036,0.922,0.273,0.837,0.6,0.0,0
0.055,0.007,0.341,0.886,1.0,0.899,0.132,0.0,0.026,0.502,1.0,0.806,0.623,0.965,0.169,0.014,0.056,0.775,0.998,0.719,0.838,0.893,0.0,0.0,0.037,0.415,0.792,1.0,0.928,0.005,0.0,0.011,0.0,0.065,0.154,0.572,1.0,0.386,0.0,0.024,0.0,0.037,0.0,0.416,1.0,0.238,0.147,0.061,0.0,0.069,0.144,0.852,0.751,0.0,0.029,0.02,0.033,0.0,0.582,1.0,0.049,0.0,0.103,0.024,9
0.0,0.123,0.211,1.0,0.954,0.211,0.036,0.0,0.0,0.0,0.438,0.795,0.502,0.935,0.012,0.002,0.0,0.0,0.036,0.251,0.01,0.915,0.312,0.0,0.0,0.013,0.03,0.0,0.007,0.721,0.309,0.0,0.0,0.0,0.041,0.0,0.0,1.0,0.221,0.0,0.0,0.08,0.716,0.674,0.608,0.992,0.0,0.019,0.0,0.078,0.923,1.0,0.933,0.934,0.8,0.303,0.0,0.051,0.364,1.0,0.863,0.671,0.519,0.189,2
0.0,0.864,0.833,0.743,0.73,0.079,0.056,0.1,0.4,1.0,1.0,0.706,0.356,0.0,0.0,0.036,0.0,1.0,0.187,0.032,0.069,0.047,0.0,0.0,0.0,0.725,0.367,0.004,0.032,0.032,0.007,0.0,0.0,0.406,0.878,0.0,0.0,0.024,0.0,0.054,0.0,0.088,0.895,0.462,0.041,0.059,0.0,0.053,0.229,0.281,0.87,0.524,0.07,0.012,0.0,0.069,0.003,0.974,0.982,0.213,0.0,0.0,0.079,0.049,5
0.084,0.0,0.0,0.58,0.962,0.955,0.885,0.002,0.0,0.067,0.2,0.897,0.217,0.428,0.857,0.0,0.043,0.037,0.422,0.901,0.135,0.895,0.486,0.0,0.045,0.012,0.0,0.963,0.733,0.795,0.047,0.0,0.0,0.0,0.021,0.815,0.969,0.801,0.032,0.0,0.004,0.002,0.0,0.703,0.726,0.893,0.508,0.001,0.013,0.0,0.0,0.179,0.628,1.0,0.308,0.0,0.031,0.02,0.008,0.084,0.025,0.097,0.038,0.0,8
0.0,0.068,0.0,0.024,0.013,0.04,0.0,0.01,0.018,0.119,0.606,0.0,0.0,0.0,0.052,0.0,0.0,0.396,0.711,0.091,0.0,0.0,0.014,0.01,0.0,0.684,0.442,0.0,0.0,0.035,0.019,0.0,0.0,0.825,0.131,0.0,0.047,0.052,0.091,0.0,0.061,0.988,0.633,0.783,0.549,0.249,0.039,0.034,0.0,1.0,0.823,0.452,0.478,0.686,0.005,0.09,0.0,0.857,0.625,0.293,0.562,1.0,0.014,0.007,6
0.018,0.03,0.007,0.0,0.061,0.0,0.022,0.0,0.0,0.0,0.0,0.161,0.96,0.295,0.047,0.0,0.0,0.011,0.031,0.361,1.0,0.081,0.033,0.101,0.0,0.0,0.0,0.492,0.827,0.0,0.021,0.0,0.0,0.044,0.0,0.69,0.823,0.753,0.678,0.035,0.0,0.024,0.0,0.882,1.0,0.823,0.657,0.85,0.0,0.01,0.062,0.918,0.497,0.29,0.0,0.825,0.01,0.091,0.003,0.75,0.798,0.232,0.527,0.984,6
0.023,0.093,0.0,0.0,0.0,0.087,0.0,0.028,0.0,0.052,0.901,0.194,0.0,0.0,0.024,0.037,0.0,0.486,0.786,0.053,0.021,0.069,0.098,0.0,0.0,0.972,0.255,0.0,0.027,0.0,0.0,0.008,0.28,0.948,0.49,0.33,0.072,0.0,0.0,0.0,0.514,1.0,0.64,0.576,0.954,0.228,0.091,0.027,0.302,0.91,0.058,0.005,0.593,0.558,0.027,0.0,0.0,0.685,0.804,0.296,0.811,0.33,0.003,0.077,6
0.036,0.0,0.745,0.842,0.652,1.0,0.105,0.06,0.021,0.0,0.701,0.293,0.271,0.941,0.0,0.0,0.055,0.058,0.0,0.072,0.23,0.954,0.2,0.058,0.0,0.052,0.0,0.0,0.368,0.935,0.189,0.003,0.0,0.0,0.036,0.0,0.651,1.0,0.0,0.044,0.026,0.0,0.039,0.804,0.896,0.871,0.458,0.193,0.02,0.0,0.068,0.718,1.0,1.0,0.977,1.0,0.0,0.0,0.033,0.0,0.0,0.0,0.057,0.055,2
0.026,0.0,0.99,0.695,0.0,0.028,0.015,0.096,0.0,0.309,1.0,0.611,0.0,0.057,0.061,0.0,0.005,0.628,0.668,0.0,0.0,0.04,0.0,0.0,0.026,0.736,0.876,0.717,0.276,0.001,0.064,0.0,0.0,0.88,1.0,0.678,0.981,0.63,0.0,0.073,0.045,0.722,0.785,0.0,0.0,1.0,0.353,0.02,0.059,0.385,0.887,0.187,0.601,1.0,0.288,0.093,0.0,0.043,0.909,1.0,0.751,0.606,0.015,0.0,6
0.0,0.075,0.049,0.0,0.426,0.816,0.125,0.118,0.0,0.041,0.0,0.452,0.969,0.972,0.585,0.054,0.052,0.039,0.891,0.973,1.0,0.985,0.172,0.0,0.012,0.0,0.551,0.584,1.0,0.731,0.0,0.044,0.026,0.0,0.059,0.204,0.984,0.502,0.0,0.0,0.026,0.01,0.097,0.262,0.96,0.386,0.0,0.0,0.015,0.0,0.053,0.173,0.971,0.611,0.015,0.0,0.0,0.025,0.053,0.022,0.421,0.844,0.12,0.037,1
0.0,0.108,0.0,0.0,0.043,0.0,0.007,0.036,0.028,0.0,0.137,0.568,0.997,0.686,0.087,0.045,0.028,0.055,0.221,0.548,0.496,0.643,0.775,0.01,0.0,0.032,0.0,0.0,0.403,0.907,0.916,0.074,0.0,0.0,0.013,0.047,0.676,0.928,0.13,0.0,0.0,0.0,0.0,0.0,0.291,0.891,0.164,0.0,0.0,0.0,0.033,0.007,0.0,0.884,0.619,0.0,0.0,0.0,0.092,0.191,0.193,0.67,0.961,0.041,3
0.0,0.045,0.167,0.939,0.99,0.233,0.0,0.0,0.0,0.0,0.751,0.861,0.696,0.676,0.0,0.012,0.0,0.0,0.646,0.398,0.078,1.0,0.088,0.0,0.0,0.0,0.076,0.029,0.208,0.997,0.0,0.025,0.0,0.0,0.0,0.107,0.628,0.803,0.0,0.016,0.0,0.0,0.0,0.217,0.98,0.447,0.278,0.23,0.0,0.042,0.0,0.77,1.0,0.981,1.0,1.0,0.0,0.005,0.16,1.0,1.0,0.485,0.44,0.291,2
0.049,0.0,0.001,0.0,0.0,0.0,0.0,0.025,0.141,0.281,0.855,0.982,0.217,0.093,0.003,0.0,0.115,1.0,1.0,0.893,0.344,0.051,0.035,0.074,0.528,1.0,0.702,1.0,0.457,0.007,0.062,0.016,0.27,0.236,0.716,0.89,0.058,0.004,0.03,0.0,0.0,0.0,0.978,0.742,0.035,0.0,0.0,0.017,0.046,0.425,0.918,0.11,0.0,0.041,0.0,0.056,0.0,0.374,0.966,0.811,0.345,0.035,0.0,0.0,2
0.0,0.0,0.023,0.858,0.93,0.826,1.0,0.073,0.0,0.0,0.053,0.345,0.0,0.677,0.962,0.0,0.0,0.0,0.009,0.0,0.0,0.824,0.78,0.112,0.032,0.016,0.0,0.442,0.896,1.0,0.929,0.474,0.0,0.039,0.018,0.997,0.996,0.872,0.63,0.176,0.0,0.0,0.078,0.083,0.892,0.282,0.0,0.042,0.011,0.0,0.016,0.282,0.867,0.0,0.058,0.042,0.007,0.052,0.083,0.0,0.073,0.0,0.0,0.0,7
0.0,0.0,0.01,0.0,0.0,0.0,0.0,0.0,0.089,0.098,0.983,0.944,0.752,0.0,0.0,0.0,0.0,0.37,0.66,0.38,1.0,0.044,0.003,0.0,0.004,0.176,0.106,0.345,0.82,0.068,0.045,0.0,0.069,0.034,0.0,0.76,0.517,0.019,0.0,0.0,0.0,0.0,0.036,1.0,0.252,0.0,0.0,0.0,0.0,0.029,0.465,0.999,0.0,0.031,0.072,0.0,0.028,0.014,0.891,0.643,0.331,0.344,0.182,0.027,2
0.014,0.015,0.019,0.371,0.348,0.003,0.0,0.0,0.1,0.027,0.08,1.0,1.0,0.414,0.019,0.0,0.116,0.095,0.563,0.91,0.919,0.398,0.0,0.0,0.021,0.219,1.0,0.119,0.64,0.526,0.015,0.0,0.014,0.217,0.862,0.565,0.908,0.995,0.44,0.006,0.012,0.204,0.759,0.767,1.0,0.678,0.173,0.0,0.012,0.0,0.0,0.304,0.992,0.0,0.0,0.0,0.019,0.051,0.017,0.251,0.905,0.0,0.013,0.0,4
0.0,0.0,0.068,0.37,0.925,1.0,1.0,0.013,0.002,0.0,0.557,0.975,1.0,0.609,0.305,0.032,0.0,0.0,0.782,0.937,1.0,0.92,0.0,0.0,0.045,0.046,0.628,0.892,0.749,1.0,0.15,0.0,0.0,0.019,0.0,0.054,0.452,0.965,0.014,0.0,0.0,0.0,0.0,0.0,0.722,0.735,0.009,0.0,0.007,0.035,0.024,0.474,1.0,0.382,0.041,0.0,0.022,0.0,0.0,0.614,0.825,0.0,0.0,0.0,5
0.035,0.059,0.0,0.304,0.958,0.223,0.064,0.0,0.0,0.036,0.0,0.797,0.752,0.039,0.14,0.138,0.0,0.057,0.245,0.953,0.349,0.096,0.941,0.68,0.0,0.011,0.612,0.966,0.336,0.717,1.0,0.267,0.037,0.0,0.483,0.919,0.997,1.0,0.664,0.0,0.0,0.04,0.222,0.745,0.789,0.959,0.034,0.0,0.0,0.088,0.075,0.043,1.0,0.616,0.011,0.0,0.0,0.049,0.033,0.008,0.0,0.0,0.007,0.0,4
0.071,0.016,0.0,0.281,1.0,0.235,0.55,0.169,0.02,0.002,0.006,0.892,0.364,0.414,0.96,0.199,0.03,0.0,0.164,1.0,0.116,0.585,0.679,0.037,0.05,0.0,0.6,0.533,0.029,0.932,0.766,0.683,0.055,0.0,0.844,0.697,0.761,0.969,0.639,0.051,0.065,0.018,0.556,0.969,0.972,0.622,0.109,0.0,0.0,0.008,0.0,0.0,0.875,0.522,0.0,0.0,0.034,0.026,0.001,0.0,0.0,0.0,0.0,0.03,4
0.014,0.0,0.0,0.001,0.063,0.0,0.0,0.092,0.043,0.015,0.0,0.836,0.924,0.5,0.0,0.0,0.0,0.0,0.199,1.0,0.984,0.668,0.143,0.07,0.019,0.0,0.79,1.0,1.0,0.116,0.026,0.0,0.0,0.046,0.864,0.959,0.686,0.055,0.0,0.035,0.0,0.462,1.0,1.0,0.309,0.013,0.042,0.116,0.085,0.071,1.0,1.0,0.428,0.0,0.089,0.0,0.0,0.0,0.974,1.0,0.468,0.065,0.0,0.0,1
0.0,0.495,1.0,0.782,0.0,0.0,0.0,0.033,0.076,0.826,1.0,0.101,0.117,0.02,0.0,0.002,0.0,0.902,0.859,0.56,0.021,0.01,0.0,0.0,0.072,1.0,0.966,1.0,0.599,0.005,0.001,0.014,0.027,0.763,0.968,0.86,0.972,0.07,0.068,0.032,0.0,0.51,1.0,0.797,0.977,0.048,0.0,0.0,0.041,0.093,0.664,0.962,0.459,0.0,0.0,0.0,0.0,0.064,0.019,0.055,0.012,0.013,0.0,0.071,6
0.054,0.132,0.729,0.953,0.33,0.0,0.086,0.046,0.0,0.248,0.981,0.598,0.925,0.193,0.105,0.0,0.072,0.035,0.179,0.1,0.841,0.276,0.006,0.028,0.0,0.0,0.289,0.873,1.0,0.012,0.0,0.044,0.048,0.0,0.029,0.595,0.871,0.957,0.277,0.024,0.0,0.05,0.0,0.108,0.0,0.782,0.496,0.071,0.0,0.246,0.502,0.239,0.518,1.0,0.249,0.083,0.002,0.196,0.795,1.0,0.755,0.38,0.0,0.058,3
0.0,0.36,0.92,0.88,0.105,0.0,0.0,0.018,0.0,0.572,0.888,0.686,0.698,0.0,0.0,0.0,0.06,0.497,0.674,0.31,1.0,0.0,0.0,0.0,0.003,0.016,0.0,0.252,0.838,0.0,0.0,0.0,0.031,0.0,0.01,0.458,0.77,0.0,0.0,0.04,0.107,0.007,0.0,0.738,0.64,0.358,0.06,0.0,0.067,0.05,0.718,0.911,1.0,0.97,0.675,0.04,0.022,0.312,0.989,0.853,0.531,0.465,0.077,0.044,2
0.006,0.119,0.052,0.0,0.0,0.0,0.054,0.109,0.0,0.251,0.749,1.0,0.669,0.002,0.0,0.0,0.237,1.0,0.434,0.312,0.783,0.123,0.0,0.013,0.753,0.373,0.0,0.0,0.906,0.312,0.023,0.011,0.391,0.934,0.763,1.0,0.944,0.416,0.0,0.0,0.013,0.19,0.296,0.061,0.473,0.583,0.125,0.0,0.0,0.006,0.0,0.059,0.246,0.703,0.01,0.0,0.0,0.51,0.633,0.12,0.531,0.482,0.024,0.0,9
0.0,0.0,0.0,0.009,0.896,0.854,0.0,0.127,0.0,0.098,0.0,0.014,0.778,1.0,0.208,0.011,0.004,0.026,0.0,0.11,0.978,0.877,0.228,0.02,0.047,0.053,0.0,0.289,1.0,0.892,0.0,0.0,0.0,0.0,0.0,0.259,0.998,0.774,0.101,0.0,0.022,0.0,0.0,0.554,1.0,0.525,0.011,0.034,0.0,0.049,0.0,0.387,0.93,0.497,0.0,0.014,0.0,0.027,0.0,0.076,0.703,0.474,0.0,0.029,1
0.0,0.0,0.016,0.108,0.614,1.0,0.361,0.0,0.045,0.006,0.0,0.601,1.0,1.0,0.881,0.006,0.0,0.0,0.0,0.963,0.535,1.0,1.0,0.0,0.0,0.03,0.1,0.788,0.948,0.756,0.855,0.488,0.028,0.063,0.0,0.002,0.431,0.155,0.589,0.648,0.025,0.0,0.335,0.315,0.109,0.0,0.415,0.732,0.0,0.015,0.141,0.929,0.663,0.154,0.645,0.797,0.041,0.0,0.002,0.232,0.559,0.943,0.964,0.553,9
0.0,0.731,0.726,0.0,0.0,0.0,0.087,0.0,0.086,0.699,0.984,0.0,0.043,0.0,0.0,0.0,0.162,0.988,1.0,0.222,0.021,0.0,0.0,0.0,0.732,0.968,1.0,0.314,0.0,0.011,0.0,0.065,0.156,0.161,0.972,0.59,0.0,0.012,0.0,0.021,0.0,0.0,0.64,0.989,0.0,0.0,0.0,0.0,0.03,0.147,0.623,1.0,0.38,0.173,0.065,0.155,0.006,0.397,0.988,0.989,1.0,0.977,0.41,0.015,1
0.029,0.705,0.953,0.679,0.0,0.07,0.0,0.0,0.601,0.86,0.665,1.0,0.017,0.0,0.0,0.0,0.935,0.353,0.391,0.977,0.0,0.046,0.0,0.022,0.164,0.04,0.768,0.83,0.171,0.113,0.0,0.001,0.085,0.741,0.969,0.89,0.985,0.504,0.045,0.0,0.137,0.862,0.986,0.265,0.222,0.161,0.0,0.0,0.0,0.686,0.677,0.0,0.034,0.0,0.0,0.045,0.067,1.0,0.174,0.062,0.0,0.051,0.042,0.041,7
0.0,0.022,0.565,0.991,0.991,1.0,0.112,0.059,0.014,0.622,0.919,0.629,0.981,0.858,0.001,0.024,0.126,0.977,0.327,0.0,0.892,0.395,0.0,0.0,0.018,0.396,0.132,0.337,1.0,0.22,0.0,0.045,0.031,0.031,0.703,0.983,1.0,0.631,0.0,0.021,0.0,0.098,0.405,1.0,0.415,0.0,0.0,0.0,0.031,0.0,0.413,0.773,0.02,0.0,0.0,0.0,0.0,0.067,0.885,0.412,0.053,0.0,0.002,0.0,7
0.141,0.931,0.897,0.34,0.0,0.0,0.0,0.0,0.421,0.947,0.865,0.94,0.0,0.0,0.061,0.0,0.121,0.476,0.154,0.84,0.202,0.008,0.0,0.021,0.009,0.057,0.08,0.976,0.279,0.0,0.0,0.016,0.0,0.06,0.397,0.945,0.167,0.0,0.0,0.0,0.0,0.266,1.0,0.85,0.224,0.041,0.0,0.0,0.242,0.907,1.0,1.0,0.947,0.37,0.027,0.0,0.227,0.952,0.799,0.789,0.668,0.023,0.077,0.0,2
0.0,0.0,0.0,0.496,0.606,0.0,0.0,0.0,0.0,0.07,0.256,0.922,0.621,0.071,0.005,0.0,0.0,0.109,0.934,0.543,0.0,0.095,0.049,0.0,0.01,0.645,1.0,0.25,0.446,0.941,0.036,0.033,0.057,0.145,0.73,0.83,1.0,0.821,0.033,0.0,0.0,0.0,0.017,0.464,0.95,0.091,0.023,0.065,0.01,0.055,0.0,0.414,1.0,0.001,0.0,0.0,0.033,0.0,0.023,0.249,1.0,0.312,0.0,0.0,4
0.033,0.005,0.366,1.0,0.95,0.187,0.0,0.0,0.0,0.241,0.892,0.712,0.723,0.725,0.0,0.0,0.071,0.402,0.917,0.132,0.0,1.0,0.424,0.0,0.0,0.829,0.493,0.0,0.11,0.714,0.693,0.076,0.018,0.537,0.616,0.0,0.032,0.426,0.756,0.0,0.03,0.401,1.0,0.0,0.0,0.493,0.706,0.074,0.022,0.04,0.919,0.343,0.392,0.942,0.719,0.0,0.007,0.0,0.26,0.941,0.957,0.89,0.191,0.047,0
0.021,0.0,0.081,0.107,0.0,0.0,0.0,0.012,0.0,0.0,0.0,0.039,0.491,0.933,0.319,0.0,0.0,0.0,0.007,0.143,1.0,0.858,0.145,0.0,0.0,0.148,0.0,0.696,0.938,0.135,0.0,0.04,0.0,0.012,0.278,1.0,0.377,0.547,0.274,0.071,0.091,0.0,0.837,0.971,0.842,0.911,0.889,0.17,0.0,0.0,0.487,0.85,1.0,1.0,0.876,0.157,0.134,0.014,0.085,0.069,0.498,1.0,0.265,0.05,4
0.015,0.165,0.677,1.0,0.895,0.111,0.039,0.006,0.021,0.954,0.867,0.643,1.0,0.058,0.078,0.073,0.373,0.812,0.115,0.58,0.769,0.013,0.0,0.0,0.0,0.102,0.049,0.796,0.501,0.01,0.093,0.0,0.023,0.624,1.0,1.0,0.708,0.073,0.0,0.032,0.052,0.704,0.825,0.902,0.716,0.274,0.0,0.0,0.0,0.0,1.0,0.548,0.0,0.0,0.024,0.0,0.071,0.007,0.892,0.376,0.0,0.0,0.018,0.018,7
0.052,0.383,1.0,0.515,1.0,0.686,0.027,0.067,0.077,0.0,0.015,0.729,1.0,0.342,0.013,0.001,0.036,0.023,0.002,0.911,1.0,0.291,0.01,0.01,0.012,0.0,0.007,0.077,0.524,1.0,0.216,0.0,0.028,0.0,0.317,0.043,0.0,0.928,0.657,0.0,0.0,0.173,0.95,0.681,0.668,0.986,0.289,0.01,0.043,0.064,0.771,1.0,0.954,0.687,0.0,0.164,0.0,0.0,0.0,0.0,0.043,0.024,0.058,0.022,3
0.0,0.255,1.0,0.646,0.931,0.785,0.0,0.014,0.0,0.269,0.487,0.044,0.908,0.438,0.049,0.0,0.0,0.002,0.04,0.884,1.0,0.278,0.074,0.037,0.0,0.085,0.0,0.671,1.0,0.979,0.141,0.0,0.0,0.0,0.0,0.0,0.077,0.837,0.443,0.044,0.005,0.089,0.282,0.702,0.462,0.896,0.412,0.0,0.009,0.0,0.771,0.92,0.943,0.698,0.0,0.0,0.0,0.0,0.049,0.04,0.0,0.053,0.0,0.0,3
0.0,0.013,0.006,0.433,0.998,0.321,0.001,0.0,0.024,0.024,0.045,0.99,1.0,0.39,0.061,0.0,0.0,0.057,0.661,1.0,0.994,0.066,0.006,0.0,0.099,0.405,1.0,0.91,1.0,0.985,0.568,0.02,0.021,0.352,1.0,0.988,1.0,0.606,0.03,0.0,0.0,0.104,0.056,0.489,1.0,0.077,0.073,0.0,0.0,0.072,0.0,0.069,1.0,0.246,0.0,0.064,0.0,0.0,0.037,0.0,0.035,0.008,0.0,0.094,4
0.156,0.909,0.113,0.339,0.3,0.013,0.0,0.0,0.216,0.583,0.031,0.0,0.944,0.201,0.0,0.0,0.0,0.967,0.295,0.427,0.94,0.267,0.102,0.0,0.009,0.15,0.473,0.414,0.86,0.313,0.0,0.0,0.004,0.0,0.0,0.061,0.762,0.096,0.0,0.005,0.039,0.194,0.084,0.591,0.525,0.0,0.0,0.062,0.042,0.634,0.921,0.459,0.098,0.0,0.014,0.0,0.003,0.163,0.0,0.0,0.0,0.0,0.009,0.0,9
0.146,0.059,0.511,1.0,0.926,0.898,0.019,0.037,0.03,0.0,0.147,0.963,0.881,0.714,0.0,0.0,0.003,0.0,0.066,0.948,0.811,0.05,0.003,0.002,0.0,0.0,0.137,1.0,0.413,0.002,0.0,0.0,0.094,0.009,0.561,0.499,0.788,0.0,0.0,0.0,0.0,0.0,0.794,0.251,0.988,0.206,0.0,0.0,0.0,0.05,0.261,0.939,0.846,0.011,0.016,0.0,0.0,0.0,0.0,0.0,0.0,0.009,0.0,0.0,8
0.0,0.0,0.057,0.0,0.08,0.05,0.0,0.035,0.0,0.108,0.759,0.954,0.107,0.054,0.0,0.0,0.043,0.882,0.958,0.734,0.979,0.01,0.0,0.012,0.087,0.841,0.237,0.101,0.84,0.193,0.0,0.099,0.275,0.517,0.0,0.0,0.601,0.503,0.057,0.0,0.477,0.66,0.0,0.003,0.516,0.392,0.0,0.0,0.036,0.786,0.249,0.262,0.85,0.127,0.072,0.0,0.016,0.38,1.0,0.881,0.846,0.036,0.056,0.0,0
0.03,0.036,0.0,0.002,0.0,0.089,0.03,0.049,0.036,0.0,0.0,0.761,0.872,0.151,0.0,0.07,0.0,0.0,0.315,0.939,0.761,0.019,0.0,0.028,0.009,0.014,0.582,0.94,0.014,0.0,0.0,0.0,0.025,0.0,0.885,0.855,0.651,0.107,0.0,0.0,0.0,0.106,0.985,0.935,1.0,1.0,0.178,0.005,0.0,0.057,1.0,0.456,0.103,0.72,0.571,0.0,0.005,0.036,0.609,0.905,0.23,0.914,0.74,0.0,6
0.0,0.303,0.983,0.939,0.34,0.985,0.006,0.0,0.033,0.44,0.947,0.956,0.76,0.936,0.0,0.0,0.0,0.0,0.778,0.61,0.995,0.391,0.038,0.104,0.0,0.031,0.187,0.969,0.523,0.04,0.0,0.027,0.127,0.0,0.721,0.712,1.0,0.187,0.012,0.041,0.0,0.0,0.9,0.361,0.877,0.259,0.045,0.04,0.057,0.0,0.513,1.0,0.924,0.05,0.07,0.034,0.0,0.006,0.0,0.0,0.087,0.014,0.009,0.068,8
0.262,0.802,0.34,0.95,0.401,0.013,0.0,0.0,0.0,0.156,0.0,0.715,0.415,0.006,0.042,0.0,0.058,0.322,0.49,0.951,0.315,0.074,0.077,0.0,0.0,0.531,1.0,1.0,0.959,0.628,0.0,0.0,0.0,0.133,0.998,0.179,0.0,0.0,0.0,0.024,0.039,0.502,0.862,0.0,0.0,0.028,0.0,0.0,0.04,0.891,0.526,0.046,0.0,0.036,0.0,0.0,0.0,0.0,0.065,0.042,0.0,0.0,0.038,0.0,7
0.0,0.0,0.0,0.0,0.046,0.0,0.001,0.0,0.0,0.423,0.739,0.68,0.033,0.0,0.013,0.079,0.005,0.771,1.0,1.0,0.076,0.035,0.0,0.021,0.0,0.609,0.9,1.0,0.0,0.062,0.0,0.037,0.056,0.723,0.974,1.0,0.0,0.0,0.001,0.0,0.019,0.816,0.987,1.0,0.002,0.002,0.027,0.015,0.162,0.825,1.0,1.0,0.0,0.0,0.0,0.0,0.125,0.869,1.0,1.0,0.105,0.047,0.032,0.0,1
0.058,0.089,0.042,1.0,0.359,0.0,0.0,0.026,0.001,0.02,0.054,0.84,0.624,0.0,0.0,0.033,0.0,0.101,0.0,0.756,1.0,0.065,0.0,0.0,0.018,0.028,0.039,0.159,0.849,0.461,0.017,0.08,0.0,0.062,0.0,0.015,0.52,0.783,0.0,0.0,0.054,0.094,0.668,0.888,0.816,0.963,0.519,0.215,0.0,0.0,0.168,0.654,0.688,0.945,0.925,0.819,0.033,0.023,0.0,0.045,0.081,0.0,0.044,0.0,1
0.085,0.793,1.0,1.0,0.782,0.0,0.032,0.0,0.203,0.718,0.384,0.68,0.876,0.041,0.0,0.036,0.023,0.12,0.0,0.586,0.723,0.016,0.0,0.0,0.05,0.528,0.891,1.0,0.995,0.602,0.0,0.0,0.157,0.811,0.911,0.842,0.191,0.376,0.029,0.002,0.012,0.299,0.975,0.141,0.0,0.005,0.044,0.0,0.02,0.763,0.599,0.048,0.0,0.0,0.0,0.063,0.0,0.998,0.193,0.001,0.0,0.0,0.0,0.0,7
0.001,0.002,0.0,0.017,0.0,0.024,0.0,0.025,0.0,0.882,0.839,0.877,0.664,0.299,0.018,0.0,0.083,0.992,0.224,0.272,0.503,0.282,0.02,0.012,0.285,0.746,0.0,0.175,0.088,0.0,0.0,0.0,0.308,0.95,0.737,0.949,0.826,0.092,0.028,0.0,0.372,0.899,0.356,0.021,0.561,0.378,0.034,0.086,0.0,0.233,0.0,0.0,0.65,0.457,0.007,0.054,0.207,0.95,0.305,0.495,0.886,0.148,0.016,0.018,5
0.0,0.0,0.0,0.551,0.885,0.8,0.17,0.0,0.051,0.034,0.312,0.987,0.347,0.888,0.762,0.0,0.0,0.015,0.376,0.72,0.021,0.462,0.806,0.0,0.0,0.027,0.149,0.897,0.809,0.82,1.0,0.208,0.0,0.058,0.0,0.214,0.341,0.483,0.956,0.274,0.0,0.046,0.058,0.0,0.0,0.0,0.88,0.334,0.018,0.0,0.0,0.0,0.0,0.294,0.978,0.251,0.049,0.006,0.008,0.392,0.982,1.0,0.544,0.02,9
0.0,0.0,0.066,0.046,0.032,0.0,0.0,0.022,0.043,0.028,0.177,0.713,0.972,0.682,0.057,0.0,0.0,0.073,1.0,0.689,0.831,0.749,0.074,0.0,0.0,0.0,0.032,0.007,0.589,0.446,0.006,0.037,0.012,0.023,0.235,0.469,0.933,0.787,0.521,0.065,0.051,0.234,1.0,0.954,1.0,0.625,0.107,0.0,0.0,0.105,0.274,0.785,0.434,0.089,0.0,0.0,0.0,0.057,0.166,0.934,0.121,0.0,0.136,0.0,7
0.409,0.837,0.204,0.592,0.654,0.028,0.0,0.059,0.631,0.839,0.0,0.409,1.0,0.0,0.083,0.0,0.126,1.0,0.985,0.943,0.894,0.207,0.0,0.008,0.0,0.06,0.291,0.224,0.78,0.475,0.043,0.0,0.0,0.0,0.0,0.0,0.274,0.769,0.045,0.04,0.086,0.694,0.325,0.027,0.414,0.749,0.005,0.006,0.0,0.36,0.777,1.0,0.834,0.396,0.0,0.0,0.0,0.034,0.006,0.0,0.0,0.0,0.0,0.019,9
0.07,0.777,1.0,0.961,1.0,0.141,0.042,0.0,0.352,1.0,0.336,0.005,0.0,0.0,0.0,0.0,0.85,0.869,0.435,0.16,0.0,0.0,0.0,0.062,0.349,0.771,0.799,1.0,0.503,0.082,0.0,0.011,0.0,0.042,0.011,0.302,0.884,0.062,0.0,0.0,0.043,0.0,0.035,0.498,0.876,0.036,0.001,0.002,0.0,0.346,0.822,0.993,0.094,0.009,0.0,0.0,0.139,0.903,0.663,0.258,0.04,0.0,0.024,0.0,5
0.19,0.922,0.289,0.586,0.864,0.0,0.0,0.0,0.311,0.717,0.0,0.0,0.81,0.287,0.0,0.078,0.457,0.858,0.115,0.0,0.413,0.445,0.046,0.0,0.487,0.762,0.102,0.0,0.233,0.424,0.0,0.086,0.286,0.758,0.047,0.0,0.562,0.363,0.021,0.0,0.119,0.96,0.331,0.351,0.903,0.095,0.0,0.009,0.0,0.402,0.94,0.794,0.204,0.007,0.0,0.0,0.0,0.0,0.047,0.05,0.059,0.056,0.0,0.0,0
0.008,0.0,0.0,0.063,0.931,0.662,0.031,0.0,0.04,0.0,0.021,0.702,0.911,0.069,0.0,0.026,0.066,0.0,0.22,1.0,0.426,0.343,0.575,0.0,0.034,0.057,0.751,1.0,1.0,0.96,0.92,0.009,0.095,0.0,0.657,0.744,0.94,0.985,0.872,0.157,0.113,0.036,0.048,0.0,0.0,0.992,0.527,0.0,0.036,0.023,0.0,0.047,0.231,1.0,0.373,0.045,0.003,0.0,0.037,0.002,0.0,0.0,0.0,0.044,4
0.11,0.121,0.921,0.999,0.564,0.042,0.0,0.04,0.023,0.552,0.948,0.72,0.94,0.194,0.027,0.003,0.013,0.666,0.726,0.265,1.0,0.128,0.029,0.0,0.003,0.111,0.197,0.376,1.0,0.108,0.076,0.049,0.0,0.0,0.0,0.631,0.83,0.009,0.0,0.0,0.0,0.002,0.176,0.898,0.789,0.02,0.045,0.039,0.068,0.165,1.0,1.0,1.0,0.989,0.882,0.044,0.025,0.256,0.925,0.746,0.47,0.709,0.656,0.044,2
0.072,0.0,0.687,0.86,0.584,1.0,0.3,0.036,0.0,0.036,0.957,0.438,0.734,1.0,0.266,0.0,0.0,0.0,0.522,0.852,0.781,1.0,0.275,0.015,0.015,0.015,0.0,0.0,0.024,0.991,0.155,0.0,0.0,0.004,0.009,0.007,0.01,0.943,0.209,0.055,0.016,0.516,0.973,0.819,0.593,1.0,0.283,0.08,0.0,0.033,0.088,0.684,0.851,0.938,0.019,0.065,0.038,0.067,0.0,0.0,0.0,0.022,0.0,0.0,9
0.0,0.041,0.018,0.015,0.0,0.0,0.0,0.0,0.0,0.0,0.248,1.0,0.933,0.848,0.172,0.013,0.0,0.026,0.769,0.949,0.581,0.429,0.061,0.042,0.0,0.319,1.0,0.473,0.0,0.0,0.0,0.0,0.0,0.508,1.0,0.959,0.474,0.0,0.0,0.0,0.0,0.286,0.81,0.845,0.356,0.006,0.0,0.077,0.001,0.001,0.011,0.631,0.443,0.0,0.0,0.033,0.022,0.051,0.011,1.0,0.174,0.0,0.106,0.06,5
0.011,0.074,0.689,0.948,1.0,0.535,0.031,0.016,0.072,0.462,0.995,0.561,0.843,1.0,0.003,0.0,0.0,0.337,0.412,0.642,1.0,0.46,0.0,0.0,0.029,0.0,0.18,1.0,0.68,0.1,0.021,0.0,0.0,0.055,0.193,0.918,0.524,0.023,0.0,0.05,0.079,0.0,0.0,0.527,0.982,0.156,0.0,0.0,0.0,0.054,0.027,0.516,0.925,0.283,0.071,0.024,0.058,0.047,0.872,1.0,0.836,0.0,0.0,0.0,3
0.0,0.602,0.961,0.973,0.484,0.0,0.0,0.006,0.424,1.0,1.0,0.983,1.0,0.0,0.0,0.0,0.284,0.563,0.207,0.817,0.849,0.065,0.081,0.0,0.0,0.0,0.514,0.962,0.024,0.0,0.0,0.051,0.057,0.197,1.0,0.451,0.0,0.068,0.0,0.0,0.062,0.718,0.923,0.03,0.274,0.143,0.031,0.027,0.0,1.0,0.817,0.88,0.999,0.247,0.012,0.029,0.026,0.606,1.0,0.987,0.305,0.0,0.013,0.0,2
0.0,0.003,0.013,0.192,0.799,0.51,0.0,0.024,0.043,0.0,0.292,0.932,0.994,0.937,0.0,0.0,0.0,0.072,0.691,0.713,0.589,0.613,0.0,0.0,0.05,0.141,0.388,0.86,0.895,0.519,0.0,0.085,0.0,0.04,0.005,0.439,0.9,0.995,0.387,0.0,0.0,0.018,0.034,0.351,1.0,0.14,0.768,0.58,0.089,0.0,0.041,0.336,0.93,0.216,0.758,0.625,0.011,0.0,0.0,0.0,1.0,1.0,0.462,0.152,8
0.0,0.0,0.0,0.0,0.0,0.093,0.097,0.0,0.0,0.319,0.866,0.297,0.445,0.47,0.094,0.126,0.038,0.492,0.956,0.989,0.953,0.991,0.335,0.0,0.0,0.392,1.0,0.468,0.364,0.253,0.0,0.0,0.0,0.38,0.988,0.99,0.88,0.401,0.004,0.05,0.008,0.067,0.225,0.338,0.983,0.747,0.0,0.032,0.0,0.005,0.0,0.225,0.978,0.581,0.0,0.031,0.0,0.02,0.486,0.889,0.914,0.175,0.0,0.045,5
0.46,0.783,0.853,0.986,0.593,0.0,0.0,0.059,0.424,0.948,0.88,0.876,0.686,0.016,0.0,0.01,0.14,0.742,0.209,1.0,0.434,0.0,0.0,0.0,0.02,0.0,0.493,1.0,0.469,0.385,0.039,0.036,0.496,0.838,0.981,1.0,0.678,0.268,0.013,0.0,0.446,0.948,0.738,0.17,0.037,0.085,0.019,0.038,0.202,1.0,0.395,0.0,0.0,0.02,0.107,0.0,0.506,0.743,0.008,0.0,0.0,0.06,0.0,0.0,7
0.0,0.057,0.0,0.022,0.078,0.0,0.006,0.0,0.06,0.0,0.0,0.0,0.634,0.802,0.0,0.0,0.054,0.0,0.0,0.223,0.958,0.266,0.215,0.187,0.001,0.0,0.0,0.95,0.439,0.0,0.806,0.727,0.002,0.031,0.449,0.811,0.085,0.387,1.0,0.541,0.03,0.0,0.569,0.841,0.314,0.915,0.824,0.107,0.044,0.0,0.622,0.971,0.994,1.0,0.0,0.0,0.0,0.0,0.0,0.311,0.579,0.993,0.007,0.0,4
0.001,0.01,0.123,0.002,0.85,0.822,0.0,0.0,0.075,0.0,0.0,0.27,0.992,0.134,0.0,0.0,0.087,0.103,0.02,0.617,0.645,0.0,0.141,0.541,0.014,0.069,0.353,0.939,0.04,0.175,0.833,0.307,0.021,0.0,0.652,0.786,0.329,0.825,0.968,0.166,0.019,0.028,0.24,0.964,0.826,0.915,0.676,0.0,0.007,0.0,0.038,0.0,0.066,1.0,0.264,0.082,0.016,0.0,0.0,0.0,0.061,0.0,0.079,0.033,4
0.037,0.497,0.948,1.0,1.0,0.271,0.05,0.018,0.0,0.789,0.974,0.235,0.91,0.331,0.058,0.03,0.019,0.035,0.496,0.085,0.76,0.576,0.0,0.0,0.0,0.009,0.0,0.076,0.96,0.441,0.0,0.048,0.0,0.0,0.0,0.459,1.0,0.327,0.049,0.0,0.073,0.121,0.0,0.988,0.995,0.793,0.935,0.441,0.0,0.0,0.243,1.0,0.869,0.734,0.832,0.686,0.0,0.063,0.0,0.0,0.0,0.0,0.001,0.0,2
0.0,0.0,0.0,0.598,0.913,0.761,0.252,0.077,0.019,0.0,0.269,0.912,0.424,0.689,0.438,0.0,0.0,0.0,0.0,0.026,0.059,0.924,0.139,0.031,0.0,0.0,0.0,0.055,0.945,0.878,0.037,0.0,0.005,0.0,0.004,0.051,0.538,0.861,0.641,0.015,0.02,0.0,0.076,0.035,0.003,0.0,0.886,0.43,0.0,0.012,0.0,0.728,0.123,0.266,0.718,0.477,0.016,0.0,0.144,0.931,1.0,0.915,0.529,0.035,3
0.081,0.0,0.0,0.002,0.0,0.073,0.006,0.0,0.004,0.0,0.047,0.353,0.931,0.831,0.16,0.055,0.024,0.002,0.337,0.938,0.658,0.849,0.809,0.0,0.094,0.0,0.297,0.642,0.157,0.944,0.284,0.0,0.006,0.0,0.083,0.02,0.931,1.0,0.4,0.015,0.0,0.0,0.018,0.0,0.569,0.683,0.983,0.191,0.0,0.023,0.084,0.272,0.035,0.037,0.715,0.411,0.058,0.0,0.344,1.0,0.348,0.481,0.943,0.377,3
0.24,0.764,1.0,0.804,0.99,0.153,0.0,0.0,0.972,1.0,0.43,0.237,0.965,0.239,0.0,0.0,0.211,0.253,0.071,0.949,0.79,0.0,0.027,0.0,0.0,0.018,0.404,1.0,0.632,0.026,0.0,0.009,0.0,0.149,0.246,0.286,0.989,0.375,0.0,0.017,0.0,0.684,1.0,0.426,0.641,0.937,0.0,0.021,0.068,0.083,0.546,0.935,1.0,0.682,0.0,0.0,0.018,0.0,0.0,0.005,0.046,0.0,0.014,0.044,3
0.024,0.771,1.0,1.0,0.693,0.0,0.0,0.05,0.579,0.917,0.43,0.036,0.038,0.07,0.032,0.016,0.274,0.939,0.205,0.0,0.018,0.09,0.088,0.067,0.11,1.0,0.912,0.391,0.0,0.0,0.046,0.045,0.138,0.934,1.0,0.961,0.252,0.006,0.018,0.0,0.0,0.033,0.049,0.711,0.697,0.061,0.0,0.0,0.0,0.023,0.316,0.975,0.517,0.0,0.0,0.0,0.021,0.816,1.0,0.787,0.074,0.0,0.0,0.0,5
0.0,0.0,0.0,0.0,0.0,0.0,0.0,0.08,0.018,0.0,0.0,0.791,0.976,1.0,0.301,0.0,0.0,0.011,0.275,0.864,0.36,0.668,0.816,0.0,0.013,0.043,0.0,0.183,0.211,0.775,0.517,0.0,0.032,0.0,0.0,0.267,0.872,1.0,0.044,0.012,0.082,0.0,0.0,0.167,0.709,0.932,0.995,0.385,0.065,0.0,0.08,0.0,0.011,0.049,0.888,0.612,0.082,0.011,0.02,0.176,0.279,0.544,1.0,0.42,3
0.006,0.0,0.258,1.0,0.591,0.647,0.948,0.092,0.02,0.055,0.034,0.208,0.045,0.912,0.708,0.0,0.0,0.0,0.012,0.0,0.828,1.0,0.414,0.064,0.0,0.068,0.0,0.042,0.825,1.0,0.991,0.295,0.039,0.031,0.028,0.0,0.0,0.091,0.975,0.481,0.041,0.023,0.021,0.418,0.529,0.853,0.987,0.327,0.0,0.081,0.046,0.857,1.0,0.725,0.277,0.033,0.011,0.013,0.0,0.0,0.031,0.067,0.067,0.0,3
0.0,0.114,0.718,0.988,0.986,0.578,0.0,0.035,0.004,0.871,0.982,0.828,1.0,0.752,0.023,0.022,0.04,0.745,0.374,0.391,0.996,0.237,0.056,0.056,0.025,0.003,0.016,0.665,1.0,0.0,0.0,0.0,0.021,0.0,0.0,0.895,0.859,0.003,0.0,0.0,0.014,0.069,0.026,0.878,0.801,0.0,0.01,0.0,0.003,0.0,0.018,0.79,0.833,0.0,0.003,0.041,0.035,0.031,0.0,0.0,0.0,0.042,0.0,0.0,1
0.0,0.0,0.0,0.058,0.083,0.138,0.016,0.0,0.0,0.0,0.044,0.822,0.284,0.026,0.0,0.0,0.058,0.0,0.477,0.772,0.099,0.0,0.0,0.066,0.0,0.11,0.916,0.103,0.0,0.0,0.0,0.0,0.001,0.275,0.935,0.0,0.0,0.0,0.0,0.0,0.053,0.461,1.0,1.0,0.996,0.84,0.034,0.006,0.016,0.156,1.0,0.501,0.278,0.458,0.641,0.0,0.026,0.0,0.756,0.753,0.0,0.51,0.575,0.0,6
0.041,0.0,0.043,0.019,0.012,0.042,0.0,0.0,0.045,0.0,0.442,0.957,1.0,0.925,0.914,0.578,0.0,0.0,0.519,1.0,0.618,0.358,0.011,0.089,0.0,0.03,0.191,1.0,0.223,0.084,0.0,0.027,0.0,0.0,0.075,0.638,0.765,0.108,0.0,0.0,0.083,0.021,0.021,0.224,1.0,0.007,0.051,0.0,0.0,0.0,0.296,0.0,0.887,0.217,0.0,0.016,0.057,0.0,0.56,0.596,1.0,0.09,0.021,0.008,5
0.0,0.038,0.0,0.492,0.946,1.0,0.911,0.105,0.0,0.059,0.069,0.927,0.123,0.197,0.984,0.013,0.0,0.045,0.0,0.1,0.029,0.709,0.848,0.0,0.0,0.018,0.091,0.0,0.198,0.82,0.651,0.083,0.0,0.0,0.0,0.346,0.896,1.0,0.996,0.459,0.0,0.057,0.0,0.238,0.738,0.422,0.071,0.032,0.0,0.018,0.0,0.119,0.941,0.046,0.0,0.0,0.0,0.016,0.006,0.644,0.769,0.01,0.015,0.007,7
0.075,0.02,0.269,0.969,0.287,0.0,0.013,0.0,0.0,0.204,0.909,0.603,0.0,0.546,0.684,0.0,0.018,0.775,0.688,0.0,0.091,0.9,0.561,0.0,0.527,1.0,0.698,0.699,0.872,0.843,0.081,0.009,0.316,0.875,0.763,0.778,0.966,0.563,0.0,0.029,0.0,0.0,0.0,0.556,0.935,0.153,0.0,0.0,0.0,0.007,0.129,0.867,0.449,0.0,0.0,0.0,0.016,0.0,0.347,1.0,0.178,0.034,0.0,0.003,4
0.0,0.0,0.066,1.0,0.875,1.0,0.469,0.062,0.0,0.0,0.232,0.994,0.547,0.341,1.0,0.04,0.078,0.0,0.343,0.808,0.009,0.017,0.692,0.529,0.0,0.0,0.57,0.569,0.005,0.0,0.771,0.428,0.016,0.084,0.251,0.706,0.0,0.047,0.96,0.17,0.008,0.0,0.213,0.846,0.217,0.746,0.755,0.058,0.0,0.001,0.049,0.57,1.0,0.826,0.255,0.062,0.0,0.0,0.0,0.027,0.008,0.0,0.0,0.016,0
0.037,0.0,0.346,0.814,0.844,1.0,0.0,0.02,0.008,0.033,0.014,0.0,0.464,0.846,0.0,0.0,0.0,0.0,0.073,0.0,0.813,0.635,0.0,0.031,0.036,0.0,0.0,0.294,1.0,0.245,0.006,0.022,0.0,0.003,0.189,0.931,0.528,0.042,0.0,0.0,0.0,0.016,0.523,0.96,0.436,0.559,0.714,0.324,0.0,0.0,0.253,1.0,1.0,1.0,0.963,0.245,0.0,0.052,0.1,0.014,0.083,0.034,0.058,0.0,2
0.0,0.0,0.051,1.0,0.95,0.904,0.86,0.036,0.0,0.029,0.156,0.882,0.32,0.959,0.605,0.035,0.0,0.0,0.11,0.023,0.543,1.0,0.504,0.014,0.004,0.0,0.077,0.0,0.04,0.45,0.987,0.384,0.005,0.0,0.0,0.0,0.0,0.06,0.741,0.85,0.0,0.08,0.036,0.369,0.711,0.407,1.0,0.679,0.081,0.007,0.0,0.519,0.924,1.0,0.62,0.042,0.09,0.016,0.0,0.0,0.0,0.102,0.148,0.0,3
0.063,0.0,0.203,0.891,0.411,0.062,0.0,0.045,0.022,0.1,0.525,0.779,0.105,0.367,0.635,0.0,0.0,0.186,0.953,0.129,0.322,0.979,0.252,0.0,0.0,0.407,0.88,0.041,0.832,0.611,0.229,0.0,0.0,0.654,0.864,0.582,1.0,0.857,0.35,0.0,0.0,0.43,1.0,1.0,0.649,0.245,0.021,0.0,0.0,0.009,0.101,1.0,0.313,0.0,0.002,0.0,0.0,0.0,0.194,0.968,0.223,0.0,0.021,0.0,4
0.033,0.0,0.36,0.933,0.971,0.089,0.0,0.0,0.207,0.772,0.991,0.997,0.956,0.0,0.0,0.013,0.491,1.0,0.777,1.0,0.897,0.026,0.0,0.012,0.097,0.156,0.0,0.975,0.899,0.053,0.038,0.027,0.0,0.022,0.0,0.939,0.809,0.066,0.059,0.03,0.022,0.041,0.0,0.801,0.987,0.435,0.0,0.0,0.0,0.0,0.074,0.411,0.996,0.398,0.035,0.0,0.0,0.0,0.067,0.0,0.0,0.003,0.0,0.004,1
0.008,0.0,0.069,0.026,0.072,0.02,0.026,0.0,0.007,0.025,0.721,0.178,0.26,0.725,0.033,0.0,0.078,0.31,0.838,0.084,0.752,0.503,0.0,0.061,0.138,0.846,0.28,0.16,0.984,0.203,0.0,0.0,0.437,0.938,0.571,0.853,0.974,0.796,0.009,0.0,0.425,1.0,1.0,1.0,0.485,0.129,0.0,0.0,0.006,0.246,0.549,0.764,0.0,0.0,0.059,0.0,0.0,0.002,0.72,0.383,0.0,0.0,0.085,0.067,4
0.001,0.066,0.0,0.0,0.009,0.061,0.024,0.0,0.0,0.728,0.996,0.928,1.0,0.937,0.0,0.0,0.004,0.202,0.212,0.167,0.554,0.893,0.0,0.005,0.0,0.0,0.106,0.207,0.782,0.704,0.035,0.0,0.0,0.331,0.891,0.95,1.0,0.727,0.024,0.0,0.007,0.343,0.408,1.0,0.491,0.129,0.018,0.0,0.014,0.0,0.644,0.767,0.0,0.0,0.0,0.006,0.0,0.258,0.905,0.1,0.0,0.039,0.06,0.0,7
0.032,0.0,0.0,0.734,0.733,0.496,0.429,0.589,0.008,0.104,0.197,1.0,0.102,0.0,0.38,0.432,0.0,0.0,0.233,0.828,0.809,0.477,0.77,0.0,0.0,0.0,0.022,0.0,0.46,0.944,0.97,0.0,0.0,0.036,0.0,0.0,0.477,0.686,0.844,0.321,0.0,0.0,0.127,0.0,0.775,0.559,1.0,0.109,0.0,0.017,0.005,0.028,0.62,0.961,0.279,0.079,0.0,0.033,0.0,0.0,0.041,0.0,0.0,0.001,8
0.01,0.005,0.0,0.0,0.011,0.029,0.019,0.069,0.0,0.042,0.213,0.767,1.0,0.503,0.058,0.0,0.158,0.0,0.864,0.979,0.486,0.937,0.096,0.0,0.052,0.0,0.69,0.394,0.036,0.765,0.292,0.0,0.0,0.0,0.076,0.012,0.043,0.933,0.189,0.062,0.0,0.041,0.0,0.0,0.304,0.867,0.032,0.019,0.078,0.0,0.0,0.0,0.749,0.712,0.057,0.0,0.0,0.0,0.019,0.781,0.965,0.667,0.286,0.351,2
0.0,0.797,0.811,0.895,0.775,0.0,0.0,0.0,0.121,0.768,0.01,0.0,0.884,0.308,0.028,0.029,0.511,0.81,0.048,0.0,0.666,0.54,0.0,0.008,0.512,0.773,0.08,0.001,0.523,0.534,0.06,0.0,0.308,0.825,0.0,0.0,0.619,0.443,0.12,0.033,0.165,1.0,0.448,0.598,0.965,0.175,0.0,0.054,0.0,0.499,0.866,0.792,0.118,0.05,0.014,0.0,0.0,0.142,0.054,0.01,0.025,0.0,0.0,0.0,0
0.027,0.0,0.068,0.613,0.785,0.0,0.37,0.547,0.0,0.0,0.226,0.986,0.183,0.0,0.909,0.555,0.0,0.025,0.788,0.831,0.237,0.497,0.894,0.24,0.0,0.395,0.956,1.0,1.0,1.0,0.619,0.02,0.0,0.435,0.757,0.532,0.917,0.87,0.125,0.0,0.0,0.0,0.0,0.0,0.856,0.635,0.012,0.088,0.0,0.0,0.0,0.366,1.0,0.088,0.0,0.046,0.105,0.002,0.0,0.791,0.764,0.054,0.025,0.0,4
0.0,0.0,0.849,0.995,0.403,0.883,0.176,0.0,0.014,0.276,1.0,0.179,0.04,0.638,0.267,0.04,0.05,0.232,0.936,0.0,0.098,0.513,0.553,0.104,0.025,0.388,0.777,0.0,0.0,0.373,0.367,0.0,0.0,0.31,1.0,0.0,0.0,0.753,0.292,0.012,0.011,0.085,0.782,0.726,0.524,0.946,0.015,0.0,0.059,0.163,0.088,0.84,0.8,0.302,0.023,0.005,0.028,0.023,0.031,0.0,0.0,0.0,0.044,0.0,0
0.0,0.022,0.084,0.0,0.0,0.02,0.0,0.0,0.0,0.0,0.231,0.755,0.818,0.138,0.102,0.08,0.0,0.029,0.298,0.965,0.942,0.301,0.0,0.0,0.0,0.0,0.254,0.904,1.0,0.311,0.0,0.0,0.0,0.0,0.576,0.911,0.878,0.0,0.0,0.0,0.0,0.0,0.623,1.0,0.877,0.0,0.016,0.0,0.01,0.003,0.752,0.922,0.83,0.046,0.0,0.0,0.0,0.072,0.316,1.0,0.629,0.0,0.065,0.0,1
0.06,0.039,0.229,0.568,0.769,0.784,0.904,0.0,0.004,0.124,0.87,0.942,0.893,0.764,0.756,0.0,0.003,0.022,0.936,0.0,0.019,0.0,0.0,0.008,0.053,0.135,1.0,0.7,0.598,0.104,0.0,0.029,0.094,0.118,0.904,0.841,0.833,0.576,0.0,0.07,0.0,0.0,0.517,0.147,0.598,0.746,0.0,0.01,0.0,0.072,0.56,0.998,0.883,0.611,0.0,0.0,0.0,0.0,0.105,0.713,0.856,0.093,0.0,0.044,5
0.0,0.028,0.061,0.444,0.869,0.076,0.014,0.0,0.0,0.022,0.0,0.715,0.955,0.044,0.0,0.0,0.066,0.0,0.205,1.0,0.372,0.0,0.0,0.032,0.0,0.0,0.371,1.0,0.105,0.018,0.0,0.0,0.026,0.031,0.474,0.99,0.992,0.8,0.37,0.0,0.102,0.01,0.966,1.0,0.567,0.456,0.982,0.0,0.0,0.051,0.148,0.915,0.655,0.164,1.0,0.077,0.033,0.006,0.009,0.488,0.969,1.0,0.748,0.048,6
0.0,0.03,0.129,0.026,0.032,0.017,0.0,0.0,0.087,0.002,0.154,0.992,0.977,0.826,0.005,0.0,0.085,0.021,0.809,0.586,0.553,0.769,0.026,0.0,0.0,0.33,0.926,0.01,0.874,0.353,0.0,0.062,0.0,0.278,0.319,0.251,0.879,0.312,0.118,0.003,0.0,0.016,0.016,0.475,0.946,0.977,0.644,0.035,0.0,0.0,0.48,0.981,0.552,0.086,0.002,0.0,0.0,0.009,0.1,0.961,0.231,0.005,0.0,0.0,7
0.0,0.108,0.0,0.086,0.633,0.224,0.914,0.024,0.035,0.0,0.0,0.0,0.126,0.465,1.0,0.032,0.0,0.03,0.0,0.074,0.329,1.0,0.571,0.047,0.022,0.0,0.032,0.0,0.001,0.176,0.911,0.247,0.036,0.0,0.0,0.802,0.07,0.0,0.211,0.733,0.018,0.053,0.016,0.92,0.402,0.264,0.494,0.826,0.0,0.064,0.068,0.0,0.73,1.0,0.973,0.343,0.033,0.0,0.049,0.0,0.035,0.0,0.0,0.059,3
0.049,0.0,0.396,0.95,0.844,0.0,0.044,0.0,0.027,0.036,0.71,1.0,0.074,0.0,0.029,0.056,0.094,0.0,0.869,0.995,0.93,0.514,0.0,0.004,0.0,0.007,1.0,0.821,0.484,0.805,0.571,0.056,0.0,0.0,0.88,0.737,0.035,0.766,0.803,0.054,0.021,0.0,0.389,0.894,0.381,1.0,0.558,0.016,0.0,0.0,0.053,0.817,1.0,0.756,0.104,0.041,0.037,0.109,0.125,0.0,0.0,0.046,0.087,0.0,6
0.0,0.027,0.827,0.759,0.713,0.837,0.801,0.0,0.0,0.0,0.995,0.851,0.715,0.777,0.718,0.012,0.08,0.032,1.0,0.859,0.73,0.069,0.0,0.0,0.045,0.065,1.0,0.827,0.96,0.444,0.053,0.0,0.007,0.0,0.0,0.0,0.684,0.59,0.02,0.077,0.002,0.023,0.022,0.041,0.518,0.677,0.048,0.0,0.0,0.076,0.818,0.726,0.982,0.598,0.0,0.0,0.055,0.058,0.626,0.892,0.736,0.0,0.0,0.025,5
0.02,0.056,0.521,1.0,0.256,0.0,0.0,0.0,0.035,0.29,0.802,0.109,0.965,0.8,0.0,0.0,0.0,0.505,0.442,0.094,0.945,0.846,0.029,0.0,0.019,0.125,0.655,0.695,0.495,0.98,0.057,0.089,0.07,0.0,0.0,0.0,0.059,0.549,0.491,0.0,0.012,0.0,0.0,0.0,0.043,0.475,0.614,0.0,0.041,0.02,0.06,0.0,0.03,0.712,0.515,0.0,0.0,0.0,0.496,0.652,0.841,0.447,0.034,0.0,9
0.0,0.003,0.03,0.0,0.0,0.0,0.0,0.0,0.0,0.042,0.0,0.605,1.0,0.978,0.36,0.0,0.0,0.0,0.385,0.95,0.4,0.604,1.0,0.119,0.0,0.014,0.453,0.381,0.341,0.988,0.742,0.0,0.07,0.0,0.023,0.0,0.895,0.936,0.109,0.025,0.0,0.094,0.038,0.0,0.18,0.993,0.296,0.029,0.0,0.0,0.0,0.0,0.023,0.663,0.998,0.0,0.0,0.035,0.02,0.0,0.043,0.68,0.982,0.019,3
0.0,0.086,0.0,0.022,0.0,0.0,0.034,0.016,0.019,0.0,0.231,0.901,0.844,0.168,0.002,0.0,0.058,0.119,1.0,1.0,0.987,0.433,0.0,0.0,0.0,0.0,0.382,0.226,0.967,0.742,0.067,0.0,0.0,0.042,0.087,0.444,0.963,0.977,0.39,0.0,0.04,0.169,0.998,0.988,1.0,0.68,0.138,0.033,0.042,0.246,0.991,0.972,0.729,0.0,0.022,0.0,0.0,0.031,0.536,1.0,0.312,0.0,0.0,0.058,7
0.041,0.037,0.022,0.0,0.062,0.0,0.0,0.0,0.0,0.0,0.137,0.742,0.967,0.485,0.027,0.153,0.005,0.039,0.667,0.955,0.638,0.653,0.513,0.0,0.093,0.004,1.0,0.043,0.04,0.0,0.572,0.0,0.0,0.21,0.874,0.0,0.009,0.0,0.419,0.022,0.0,0.201,0.716,0.0,0.0,0.031,0.523,0.0,0.0,0.347,0.725,0.0,0.0,0.703,0.0,0.034,0.0,0.0,0.922,0.472,0.481,0.51,0.015,0.0,0
0.0,0.028,0.069,0.0,0.072,0.0,0.0,0.0,0.03,0.0,0.102,0.996,0.989,0.998,1.0,0.212,0.012,0.0,0.01,0.985,0.777,0.402,0.169,0.107,0.054,0.029,0.574,1.0,0.094,0.0,0.035,0.0,0.0,0.0,0.725,1.0,0.774,0.436,0.002,0.0,0.045,0.037,0.165,0.621,0.831,1.0,0.484,0.039,0.025,0.026,0.077,0.011,0.0,0.437,1.0,0.116,0.014,0.039,0.085,0.756,0.234,0.792,0.882,0.008,5
0.0,0.0,0.013,0.09,0.964,0.945,0.158,0.029,0.026,0.007,0.066,0.665,1.0,0.87,0.0,0.011,0.0,0.025,0.092,1.0,1.0,0.98,0.031,0.0,0.0,0.054,0.725,0.976,0.973,0.884,0.023,0.0,0.0,0.456,0.901,0.555,1.0,0.807,0.028,0.058,0.02,0.001,0.0,0.044,0.73,0.984,0.073,0.0,0.025,0.019,0.0,0.0,0.485,0.856,0.0,0.022,0.049,0.0,0.009,0.0,0.0,0.003,0.0,0.034,1
0.04,0.0,0.0,0.0,0.694,0.414,0.004,0.007,0.0,0.086,0.046,0.599,0.919,0.902,0.076,0.009,0.0,0.076,0.421,0.977,0.942,0.824,0.0,0.0,0.028,0.212,0.968,1.0,0.997,0.958,0.063,0.069,0.0,0.063,0.02,0.217,1.0,0.997,0.004,0.0,0.022,0.0,0.0,0.135,1.0,0.927,0.153,0.044,0.0,0.0,0.0,0.33,1.0,1.0,0.008,0.0,0.058,0.0,0.002,0.12,0.948,0.716,0.0,0.097,1
0.025,0.0,0.003,0.618,0.915,0.778,0.245,0.022,0.017,0.0,0.322,0.791,0.268,0.893,0.78,0.118,0.036,0.0,0.588,0.663,0.035,0.793,0.902,0.133,0.0,0.061,0.2,0.99,0.793,1.0,0.918,0.091,0.019,0.0,0.0,0.115,0.451,0.16,0.76,0.497,0.0,0.016,0.076,0.007,0.0,0.0,0.766,0.539,0.0,0.0,0.123,0.715,0.41,0.356,0.963,0.243,0.096,0.0,0.094,0.524,0.89,0.955,0.526,0.0,9
0.014,0.016,0.044,0.015,0.09,0.0,0.012,0.04,0.012,0.021,0.281,0.909,1.0,0.257,0.0,0.034,0.0,0.077,0.817,0.436,0.537,0.803,0.0,0.0,0.0,0.099,0.641,0.0,0.0,0.787,0.204,0.039,0.038,0.263,0.446,0.082,0.018,0.298,0.512,0.0,0.008,0.398,0.244,0.0,0.0,0.23,0.57,0.0,0.0,0.281,0.51,0.0,0.101,0.325,0.519,0.0,0.037,0.0,0.874,0.588,0.309,0.95,0.166,0.027,0
0.054,0.0,0.043,0.0,0.051,0.009,0.018,0.004,0.001,0.0,0.0,0.007,0.168,0.94,0.279,0.0,0.035,0.043,0.119,0.041,0.29,0.607,0.773,0.07,0.018,0.02,0.223,0.931,0.927,0.599,0.5,0.0,0.0,0.046,0.5,0.905,0.055,0.624,0.164,0.0,0.104,0.0,0.016,0.416,0.953,1.0,0.049,0.0,0.0,0.0,0.0,0.078,0.391,0.943,0.778,0.151,0.0,0.006,0.0,0.0,0.187,0.776,1.0,0.295,8
0.009,0.048,0.005,0.006,0.0,0.037,0.069,0.0,0.0,0.0,0.0,0.173,0.531,0.659,0.684,0.0,0.072,0.045,0.005,0.646,0.511,0.52,1.0,0.0,0.052,0.0,0.053,0.918,0.055,0.347,0.97,0.0,0.0,0.007,0.01,0.692,0.944,0.601,1.0,0.073,0.082,0.0,0.0,0.139,0.0,0.038,0.808,0.151,0.012,0.043,0.067,0.089,0.017,0.0,0.696,0.171,0.053,0.0,0.587,0.628,0.312,0.0,0.96,0.078,9
0.009,0.056,0.131,0.087,0.007,0.074,0.0,0.072,0.0,0.101,0.931,0.077,0.03,0.0,0.0,0.062,0.039,0.783,0.691,0.0,0.039,0.074,0.083,0.006,0.152,1.0,0.438,0.014,0.0,0.0,0.105,0.063,0.315,1.0,0.116,0.011,0.043,0.027,0.0,0.031,0.288,0.996,0.117,0.375,0.042,0.016,0.063,0.043,0.194,0.987,0.165,0.72,0.937,0.087,0.0,0.0,0.088,0.845,0.855,0.127,0.84,0.721,0.013,0.032,6
0.0,0.0,0.086,0.519,0.622,0.0,0.0,0.0,0.0,0.0,0.821,0.985,0.936,0.0,0.031,0.006,0.0,0.0,0.766,0.428,0.904,0.057,0.018,0.0,0.015,0.064,0.023,0.879,0.471,0.084,0.043,0.0,0.0,0.307,0.882,0.56,0.003,0.035,0.0,0.02,0.396,1.0,0.962,0.431,0.0,0.076,0.012,0.032,0.243,0.558,0.897,0.911,0.677,0.161,0.0,0.027,0.0,0.0,0.012,0.57,0.779,0.187,0.0,0.0,2
0.01,0.0,0.099,0.869,1.0,0.547,0.378,0.005,0.029,0.0,0.327,1.0,0.56,0.13,0.0,0.0,0.0,0.012,0.396,1.0,0.452,0.0,0.071,0.037,0.064,0.0,0.533,1.0,0.973,0.759,0.0,0.04,0.053,0.0,0.311,0.976,0.325,0.925,0.505,0.078,0.028,0.0,0.079,0.835,0.726,0.833,0.987,0.0,0.055,0.0,0.0,0.224,0.703,1.0,0.671,0.0,0.0,0.038,0.0,0.01,0.0,0.0,0.023,0.005,6
0.031,0.015,0.034,0.006,0.016,0.054,0.0,0.0,0.0,0.038,0.0,0.353,0.823,0.067,0.006,0.036,0.033,0.0,0.048,0.699,0.974,0.043,0.058,0.007,0.0,0.011,0.0,1.0,0.927,0.0,0.011,0.017,0.0,0.084,0.678,0.933,0.86,0.0,0.017,0.036,0.0,0.738,1.0,0.919,0.784,0.083,0.0,0.0,0.249,1.0,0.438,0.913,0.75,0.115,0.006,0.026,0.065,0.052,0.024,0.78,0.962,0.039,0.048,0.054,1
0.11,0.791,0.887,0.109,0.0,0.03,0.095,0.0,0.301,0.895,0.534,0.266,0.051,0.0,0.085,0.06,0.413,0.741,0.156,0.704,0.503,0.34,0.0,0.046,0.0,0.941,0.799,0.905,1.0,0.331,0.076,0.015,0.04,0.165,1.0,0.961,0.408,0.011,0.0,0.057,0.02,0.65,0.794,0.463,0.8,0.0,0.0,0.0,0.236,0.972,0.269,0.135,0.88,0.063,0.037,0.021,0.061,0.641,0.918,0.852,0.392,0.0,0.0,0.017,8
0.0,0.955,0.553,0.536,0.95,0.141,0.035,0.0,0.35,0.694,0.0,0.786,0.435,0.0,0.031,0.049,0.56,0.34,0.191,0.981,0.127,0.0,0.0,0.047,0.114,0.696,1.0,1.0,0.714,0.391,0.0,0.021,0.272,0.709,1.0,0.783,0.492,0.217,0.054,0.004,0.051,0.091,0.947,0.044,0.0,0.0,0.099,0.0,0.0,0.4,1.0,0.049,0.035,0.0,0.025,0.0,0.03,0.007,0.021,0.03,0.131,0.005,0.0,0.017,7
0.155,0.0,0.188,1.0,0.911,0.928,0.559,0.29,0.0,0.067,0.276,0.983,0.332,0.0,0.0,0.0,0.016,0.0,0.02,0.967,0.665,0.021,0.0,0.0,0.0,0.0,0.012,0.359,1.0,0.5,0.001,0.0,0.022,0.0,0.105,0.0,0.555,0.932,0.002,0.0,0.0,0.035,0.086,0.028,0.402,0.96,0.178,0.041,0.0,0.0,0.0,0.666,1.0,0.787,0.051,0.073,0.0,0.0,0.0,0.0,0.039,0.003,0.0,0.0,5
0.0,0.0,0.149,1.0,0.961,1.0,0.815,0.567,0.0,0.0,0.144,0.983,0.197,0.0,0.0,0.042,0.028,0.0,0.281,0.962,1.0,1.0,0.0,0.122,0.0,0.044,0.392,0.689,0.531,0.929,0.348,0.056,0.0,0.087,0.0,0.0,0.001,0.823,0.405,0.0,0.0,0.0,0.0,0.853,0.737,1.0,0.082,0.004,0.017,0.0,0.0,0.651,1.0,0.579,0.009,0.0,0.113,0.0,0.009,0.0,0.0,0.0,0.0,0.0,5
0.034,0.698,0.914,0.497,0.862,0.709,0.015,0.0,0.0,0.823,0.377,0.0,0.863,0.171,0.0,0.025,0.0,0.361,0.102,0.374,0.845,0.029,0.005,0.0,0.063,0.0,0.804,0.951,1.0,0.534,0.0,0.004,0.038,0.138,0.964,0.978,0.557,0.042,0.006,0.085,0.069,0.029,0.722,0.471,0.0,0.0,0.0,0.018,0.037,0.166,1.0,0.072,0.033,0.011,0.063,0.04,0.0,0.0,0.002,0.088,0.0,0.0,0.023,0.026,7
0.136,0.13,0.854,0.68,0.582,0.942,0.173,0.007,0.031,0.256,0.995,0.364,0.015,0.415,0.482,0.0,0.111,0.174,0.576,0.054,0.0,0.476,0.418,0.0,0.043,0.301,0.654,0.0,0.0,0.549,0.471,0.048,0.0,0.304,0.707,0.0,0.017,0.82,0.374,0.0,0.049,0.238,1.0,0.306,0.534,0.899,0.167,0.0,0.055,0.05,0.505,0.911,0.744,0.163,0.0,0.035,0.013,0.0,0.0,0.053,0.0,0.0,0.126,0.096,0
0.0,0.001,0.375,1.0,0.309,0.923,0.358,0.12,0.0,0.038,0.005,0.206,0.098,0.937,0.424,0.0,0.0,0.0,0.002,0.049,0.814,0.962,0.15,0.047,0.0,0.269,0.533,0.183,0.776,0.924,0.168,0.025,0.0,0.285,0.998,0.0,0.0,0.565,0.832,0.0,0.0,0.014,0.957,0.692,0.567,0.769,0.99,0.113,0.0,0.0,0.182,0.826,1.0,0.946,0.528,0.0,0.027,0.055,0.0,0.0,0.0,0.0,0.0,0.058,3
0.014,0.043,0.328,0.395,0.289,0.776,0.778,0.151,0.025,0.0,0.0,0.133,0.659,0.735,0.268,0.0,0.034,0.0,0.305,0.851,0.56,0.0,0.0,0.0,0.0,0.028,0.601,1.0,0.524,0.032,0.0,0.0,0.0,0.003,0.0,0.745,0.972,0.462,0.0,0.0,0.021,0.135,0.123,0.416,0.901,0.43,0.023,0.03,0.0,0.044,0.526,0.879,0.308,0.12,0.038,0.0,0.037,0.041,0.0,0.0,0.0,0.018,0.035,0.037,3
0.0,0.096,0.048,0.0,0.423,0.788,0.636,0.0,0.0,0.0,0.0,0.624,0.806,0.329,0.801,0.052,0.0,0.0,0.468,0.722,0.055,0.444,0.513,0.02,0.063,0.044,0.444,0.385,0.209,0.917,0.093,0.0,0.004,0.033,0.009,0.0,0.225,0.885,0.487,0.06,0.0,0.003,0.006,0.0,0.026,0.001,0.656,0.484,0.05,0.0,0.051,0.3,0.478,0.028,0.121,0.783,0.0,0.004,0.026,0.114,0.472,0.924,0.949,0.594,3
0.0,0.028,0.0,0.412,0.928,0.877,1.0,0.57,0.018,0.086,0.0,0.628,0.407,0.437,1.0,0.15,0.02,0.006,0.0,0.501,0.0,0.791,0.687,0.0,0.0,0.0,0.029,0.271,0.546,1.0,0.774,0.009,0.034,0.011,0.278,1.0,1.0,1.0,0.834,0.11,0.045,0.0,0.022,0.059,0.843,0.496,0.172,0.0,0.01,0.0,0.011,0.297,0.942,0.15,0.086,0.0,0.0,0.0,0.072,0.0,0.09,0.0,0.0,0.0,7
0.0,0.0,0.017,0.0,0.017,0.0,0.0,0.025,0.065,0.11,0.477,0.905,1.0,0.752,0.026,0.0,0.042,0.424,1.0,0.488,0.328,0.718,0.101,0.027,0.006,0.623,0.768,0.21,0.056,0.0,0.005,0.061,0.0,0.879,1.0,1.0,0.981,0.298,0.033,0.019,0.0,0.13,0.588,0.176,0.737,0.741,0.0,0.0,0.0,0.0,0.0,0.0,0.541,1.0,0.08,0.0,0.003,0.005,0.02,0.0,0.868,0.795,0.086,0.0,5
0.059,0.065,0.037,0.899,0.756,0.009,0.046,0.029,0.0,0.0,0.417,1.0,0.137,0.0,0.0,0.037,0.01,0.02,0.495,0.923,0.044,0.0,0.0,0.062,0.002,0.048,1.0,1.0,0.942,0.258,0.053,0.0,0.002,0.071,0.815,0.988,0.252,0.797,0.573,0.003,0.055,0.0,0.077,0.962,0.328,0.552,0.873,0.072,0.057,0.0,0.0,0.443,1.0,0.9,0.643,0.025,0.0,0.001,0.0,0.0,0.0,0.0,0.068,0.006,6
0.034,0.0,0.139,0.923,0.823,0.157,0.024,0.113,0.0,0.026,0.749,1.0,0.519,0.114,0.0,0.019,0.028,0.28,0.997,0.506,0.0,0.028,0.0,0.018,0.003,0.183,0.957,0.907,0.757,0.349,0.0,0.0,0.018,0.536,0.913,0.964,0.909,0.946,0.025,0.035,0.032,0.338,1.0,0.886,0.393,0.975,0.501,0.0,0.015,0.013,0.8,0.797,0.819,0.914,0.194,0.004,0.016,0.024,0.201,0.771,0.816,0.589,0.107,0.137,6
0.051,0.179,0.756,0.911,0.564,0.007,0.0,0.0,0.278,0.893,0.599,0.36,0.948,0.135,0.052,0.014,0.53,0.654,0.0,0.151,0.966,0.185,0.032,0.004,0.465,0.542,0.016,0.675,1.0,0.402,0.0,0.009,0.057,0.895,1.0,0.524,0.599,0.457,0.0,0.09,0.0,0.0,0.0,0.006,0.286,0.374,0.0,0.0,0.0,0.269,0.326,0.202,0.85,0.474,0.0,0.028,0.0,0.17,1.0,0.965,0.535,0.021,0.091,0.01,9
0.018,0.046,0.0,0.034,0.031,0.0,0.002,0.0,0.0,0.052,0.006,0.838,0.536,0.0,0.034,0.0,0.039,0.0,0.292,1.0,0.189,0.0,0.0,0.023,0.0,0.108,0.569,0.574,0.355,0.304,0.008,0.0,0.0,0.209,1.0,0.248,0.852,0.523,0.096,0.144,0.0,0.894,0.918,0.54,1.0,1.0,0.507,0.0,0.006,0.778,0.979,0.982,0.988,0.727,0.092,0.136,0.0,0.079,0.241,0.772,0.915,0.0,0.075,0.0,4
0.0,0.668,0.797,0.509,0.032,0.0,0.0,0.0,0.444,0.648,0.226,0.869,0.597,0.014,0.0,0.008,0.482,0.63,0.07,0.674,1.0,0.024,0.011,0.0,0.051,0.944,1.0,1.0,1.0,0.078,0.0,0.038,0.0,0.213,0.538,0.202,0.563,0.38,0.0,0.071,0.0,0.0,0.0,0.0,0.447,0.507,0.0,0.016,0.086,0.831,0.189,0.057,0.546,0.816,0.0,0.0,0.055,0.535,1.0,1.0,0.829,0.165,0.0,0.0,9
0.075,0.686,0.665,0.621,0.882,0.58,0.0,0.055,0.0,0.0,0.038,0.236,0.957,0.487,0.087,0.0,0.025,0.0,0.024,0.929,0.955,0.0,0.058,0.0,0.0,0.007,0.16,1.0,0.916,0.024,0.0,0.074,0.011,0.0,0.028,0.749,0.981,0.22,0.0,0.0,0.0,0.198,0.621,1.0,0.476,0.023,0.025,0.0,0.178,0.98,0.793,0.361,0.012,0.0,0.0,0.084,0.0,0.069,0.068,0.02,0.052,0.017,0.0,0.053,3
0.456,0.929,0.568,0.782,0.443,0.001,0.04,0.07,0.331,0.969,0.187,0.517,0.504,0.032,0.0,0.0,0.067,0.133,0.013,0.756,0.322,0.0,0.057,0.0,0.0,0.0,0.105,0.918,0.0,0.089,0.021,0.0,0.033,0.0,0.645,0.345,0.028,0.0,0.0,0.012,0.008,0.092,0.934,0.345,0.363,0.264,0.0,0.0,0.017,0.382,1.0,1.0,0.857,0.99,0.429,0.0,0.0,0.0,0.0,0.0,0.0,0.0,0.05,0.023,2
0.357,0.672,0.824,0.899,1.0,0.09,0.044,0.0,0.76,0.998,0.934,0.468,0.269,0.0,0.0,0.001,0.538,0.945,0.719,0.068,0.116,0.124,0.0,0.021,0.477,0.973,0.971,0.903,0.0,0.0,0.0,0.044,0.125,0.383,0.372,1.0,0.0,0.0,0.0,0.053,0.0,0.0,0.348,1.0,0.132,0.063,0.0,0.0,0.064,0.376,0.945,0.87,0.0,0.0,0.0,0.052,0.239,0.919,1.0,0.131,0.03,0.015,0.07,0.003,5
0.0,0.0,0.075,0.556,0.998,0.62,0.0,0.072,0.0,0.425,0.947,0.55,0.449,0.696,0.0,0.085,0.119,0.914,0.198,0.009,0.718,0.814,0.029,0.049,0.515,0.822,0.626,0.798,1.0,0.487,0.09,0.015,0.12,0.513,0.497,0.177,0.839,0.251,0.027,0.027,0.062,0.055,0.0,0.296,0.828,0.008,0.0,0.009,0.123,0.0,0.0,0.612,0.57,0.0,0.044,0.0,0.019,0.0,0.035,0.902,0.213,0.087,0.042,0.0,9
0.034,0.015,0.0,0.07,0.047,0.0,0.064,0.045,0.042,0.0,0.082,0.699,0.944,0.647,0.036,0.0,0.0,0.013,0.765,0.847,0.63,1.0,0.531,0.01,0.041,0.308,0.79,0.0,0.529,0.931,0.0,0.0,0.0,0.18,0.919,0.634,0.98,0.414,0.0,0.0,0.011,0.0,0.331,0.51,0.946,0.273,0.0,0.003,0.0,0.043,0.148,0.064,0.777,0.357,0.001,0.0,0.0,0.55,1.0,0.23,0.776,0.249,0.028,0.0,9
0.047,0.098,0.085,0.186,0.821,0.612,0.024,0.059,0.0,0.0,0.0,1.0,1.0,1.0,0.611,0.0,0.0,0.087,0.3,1.0,0.788,0.381,0.987,0.033,0.0,0.037,0.319,1.0,0.406,0.0,0.768,0.206,0.011,0.025,0.394,0.992,0.176,0.015,0.84,0.523,0.031,0.0,0.023,0.98,0.527,0.0,0.862,0.496,0.0,0.074,0.027,0.81,0.821,0.867,1.0,0.142,0.09,0.022,0.0,0.185,0.84,0.921,0.417,0.029,0
0.0,0.095,0.088,0.08,0.905,0.811,0.258,0.0,0.0,0.0,0.01,0.836,0.795,0.0,0.927,0.105,0.0,0.0,0.118,0.909,0.414,0.0,0.989,0.0,0.032,0.0,0.048,1.0,0.653,0.12,1.0,0.0,0.094,0.0,0.0,0.81,0.412,0.991,0.699,0.0,0.025,0.0,0.002,0.484,0.783,0.94,0.325,0.029,0.0,0.0,0.0,0.0,0.857,0.62,0.02,0.0,0.0,0.019,0.041,0.019,0.0,0.073,0.003,0.006,0
0.033,0.066,0.0,0.0,0.0,0.0,0.043,0.0,0.057,0.67,1.0,0.698,0.006,0.0,0.0,0.0,0.108,0.946,0.632,1.0,0.355,0.0,0.0,0.011,0.01,0.686,0.078,0.728,0.694,0.0,0.0,0.0,0.0,0.103,0.06,0.455,0.62,0.0,0.093,0.0,0.01,0.0,0.047,0.859,0.605,0.017,0.0,0.083,0.023,0.104,0.34,0.986,0.248,0.0,0.057,0.006,0.0,0.797,1.0,0.989,0.92,0.516,0.083,0.0,2
0.0,0.027,0.018,0.019,0.0,0.054,0.0,0.036,0.043,0.0,0.015,0.545,1.0,0.662,0.075,0.0,0.0,0.052,0.056,0.621,0.277,0.642,0.455,0.019,0.0,0.0,0.026,0.0,0.081,0.802,0.353,0.0,0.0,0.024,0.0,0.0,0.871,0.981,0.12,0.0,0.057,0.032,0.0,0.0,0.236,0.401,0.915,0.044,0.0,0.024,0.105,0.061,0.0,0.0,0.524,0.376,0.043,0.0,0.265,0.795,0.309,0.156,0.591,0.566,3
0.067,0.0,0.695,0.938,0.743,0.719,0.613,0.448,0.0,0.0,0.696,0.649,0.034,0.0,0.06,0.017,0.004,0.088,0.35,0.96,0.726,0.039,0.0,0.021,0.0,0.0,0.018,0.223,0.979,0.228,0.002,0.028,0.0,0.0,0.043,0.0,0.828,0.235,0.0,0.105,0.0,0.0,0.082,0.483,0.95,0.217,0.0,0.0,0.019,0.0,0.283,0.941,0.783,0.117,0.043,0.008,0.027,0.0,0.106,0.049,0.037,0.019,0.0,0.0,5
0.0,0.008,0.056,0.133,0.0,0.031,0.0,0.013,0.025,0.451,0.9,0.97,0.593,0.059,0.046,0.045,0.041,0.375,0.641,0.733,0.964,0.0,0.0,0.025,0.024,0.056,0.0,0.358,0.863,0.061,0.056,0.0,0.05,0.034,0.165,0.935,0.76,0.092,0.0,0.085,0.243,0.891,1.0,1.0,0.727,0.295,0.041,0.0,0.1,0.568,1.0,0.41,0.0,0.004,0.0,0.09,0.0,0.461,0.583,0.0,0.101,0.073,0.011,0.006,7
0.037,0.074,0.099,0.0,0.003,0.023,0.0,0.0,0.093,0.078,0.0,0.128,0.747,0.536,0.009,0.07,0.032,0.0,0.0,0.715,0.909,0.752,0.308,0.039,0.053,0.0,0.017,0.901,0.293,0.0,0.924,0.0,0.043,0.009,0.191,0.954,0.067,0.0,0.462,0.485,0.044,0.044,0.274,0.747,0.039,0.069,0.45,0.538,0.0,0.04,0.0,0.689,0.024,0.0,0.496,0.574,0.017,0.0,0.224,0.908,0.414,0.635,0.986,0.108,0
0.0,0.001,0.0,0.0,0.047,0.023,0.0,0.0,0.045,0.039,0.021,0.811,0.438,0.0,0.0,0.0,0.012,0.036,0.779,0.847,0.009,0.0,0.006,0.0,0.0,0.307,1.0,0.688,0.133,0.0,0.015,0.036,0.0,0.476,0.947,0.672,0.075,0.013,0.0,0.0,0.011,0.514,1.0,0.946,0.958,0.417,0.0,0.0,0.0,0.31,0.964,0.548,0.517,0.968,0.222,0.027,0.071,0.024,0.419,0.976,0.943,0.953,0.663,0.0,6
0.016,0.175,0.581,0.822,0.548,0.0,0.0,0.0,0.313,0.925,0.826,0.3,0.072,0.0,0.0,0.047,0.923,0.728,0.219,0.001,0.0,0.0,0.0,0.0,0.838,1.0,0.738,0.032,0.028,0.0,0.037,0.0,0.186,0.703,0.799,0.531,0.07,0.073,0.0,0.0,0.0,0.112,0.505,0.639,0.0,0.0,0.0,0.0,0.054,0.089,0.735,0.668,0.021,0.0,0.036,0.064,0.024,0.17,0.991,0.497,0.029,0.046,0.003,0.087,5
0.0,0.292,0.225,0.744,1.0,0.141,0.0,0.0,0.013,0.0,0.0,0.691,0.999,0.242,0.0,0.0,0.0,0.037,0.111,1.0,0.703,0.0,0.0,0.026,0.025,0.0,0.068,0.933,0.612,0.079,0.0,0.138,0.031,0.105,0.0,0.503,0.782,0.0,0.0,0.0,0.048,0.365,0.462,0.831,0.725,0.0,0.006,0.014,0.006,0.679,0.853,0.767,0.112,0.0,0.0,0.0,0.015,0.047,0.0,0.053,0.128,0.0,0.0,0.0,3
0.029,0.156,0.961,0.837,1.0,1.0,0.059,0.0,0.042,0.396,0.926,0.017,0.245,0.973,0.175,0.0,0.0,0.202,0.927,0.903,1.0,0.887,0.0,0.01,0.0,0.0,0.233,0.927,0.958,0.743,0.0,0.093,0.0,0.0,0.717,0.714,0.49,1.0,0.283,0.0,0.059,0.006,0.966,0.617,0.764,1.0,0.269,0.062,0.0,0.027,0.436,1.0,0.787,0.446,0.023,0.069,0.0,0.0,0.0,0.0,0.0,0.0,0.052,0.0,8
0.027,0.244,1.0,0.259,0.782,0.219,0.028,0.0,0.011,0.007,0.862,0.418,0.161,0.961,0.177,0.11,0.0,0.016,0.144,0.835,0.976,0.747,0.007,0.052,0.0,0.01,0.0,0.019,0.648,0.527,0.0,0.0,0.0,0.011,0.008,0.0,0.623,0.427,0.0,0.0,0.0,0.0,0.446,0.107,0.856,0.407,0.0,0.015,0.0,0.0,0.604,0.989,1.0,0.313,0.0,0.115,0.0,0.027,0.078,0.041,0.0,0.011,0.0,0.0,9
0.0,0.0,0.0,0.285,0.939,0.86,0.212,0.0,0.0,0.106,0.855,1.0,0.785,0.655,0.783,0.042,0.015,0.004,0.803,0.694,0.603,0.899,0.606,0.038,0.0,0.028,0.229,0.849,0.925,0.961,0.278,0.0,0.0,0.002,0.025,0.558,0.996,0.654,0.018,0.0,0.081,0.011,0.0,0.807,0.928,0.952,0.0,0.0,0.0,0.0,0.081,0.729,0.753,1.0,0.239,0.0,0.018,0.0,0.0,0.302,0.927,0.982,0.153,0.003,8
0.0,0.068,0.069,0.008,0.027,0.0,0.037,0.069,0.034,0.007,0.048,0.0,0.731,0.972,0.359,0.063,0.0,0.0,0.0,0.035,0.632,1.0,0.324,0.0,0.069,0.039,0.095,0.21,0.97,1.0,0.296,0.0,0.036,0.0,0.651,0.968,0.996,0.967,0.157,0.039,0.018,0.009,0.287,0.472,0.838,0.96,0.054,0.006,0.016,0.0,0.0,0.0,0.856,0.996,0.21,0.0,0.054,0.059,0.006,0.061,0.577,0.99,0.114,0.11,1
0.0,0.0,0.484,0.899,0.422,0.415,1.0,0.217,0.0,0.022,0.305,0.42,0.347,0.87,0.345,0.0,0.0,0.0,0.031,0.046,0.738,0.854,0.276,0.063,0.023,0.023,0.0,0.057,0.064,0.247,0.935,0.102,0.033,0.0,0.0,0.01,0.0,0.0,0.532,0.438,0.094,0.047,0.066,0.216,0.104,0.014,0.567,0.412,0.11,0.0,0.0,0.311,0.782,0.822,0.831,0.106,0.063,0.065,0.057,0.006,0.025,0.01,0.0,0.0,3
0.023,0.0,0.038,0.0,0.0,0.006,0.054,0.0,0.002,0.039,0.612,1.0,0.89,0.678,0.039,0.0,0.0,0.096,0.688,0.496,0.354,1.0,0.202,0.08,0.015,0.0,0.069,0.022,0.639,1.0,0.029,0.005,0.002,0.0,0.027,0.0,0.893,0.384,0.0,0.0,0.081,0.0,0.0,0.036,0.973,0.576,0.001,0.0,0.0,0.0,0.075,0.0,0.475,0.777,0.0,0.044,0.0,0.051,0.374,0.224,0.691,1.0,0.0,0.0,3
0.0,0.0,0.53,1.0,0.921,1.0,0.102,0.066,0.0,0.006,0.828,0.776,0.213,1.0,0.332,0.0,0.092,0.002,0.543,0.7,0.12,1.0,0.244,0.055,0.05,0.054,0.0,0.217,0.453,1.0,0.039,0.077,0.039,0.0,0.074,0.044,0.83,0.701,0.027,0.0,0.052,0.0,0.0,0.284,1.0,0.686,0.55,0.585,0.0,0.015,0.0,0.502,1.0,0.976,0.982,1.0,0.0,0.008,0.04,0.082,0.05,0.019,0.0,0.0,2
0.0,0.0,0.186,0.814,0.609,0.025,0.063,0.075,0.052,0.046,0.654,0.578,0.051,0.0,0.0,0.052,0.0,0.191,0.853,0.072,0.0,0.058,0.0,0.0,0.0,0.49,0.561,0.005,0.0,0.0,0.024,0.081,0.0,0.453,0.559,0.301,0.657,0.494,0.0,0.0,0.016,0.281,0.965,0.879,0.262,0.779,0.32,0.0,0.069,0.013,0.785,0.437,0.0,0.645,0.471,0.061,0.066,0.089,0.204,0.914,1.0,0.952,0.353,0.0,6
0.0,0.027,0.489,1.0,1.0,0.483,0.0,0.034,0.052,0.383,0.876,0.986,0.972,0.278,0.029,0.039,0.256,0.894,1.0,1.0,0.701,0.0,0.0,0.0,0.352,0.991,1.0,1.0,0.695,0.018,0.128,0.076,0.008,0.0,0.725,0.958,0.903,0.064,0.062,0.041,0.0,0.11,0.482,0.958,1.0,0.485,0.0,0.0,0.063,0.01,0.258,0.859,0.818,0.537,0.0,0.0,0.004,0.003,0.0,0.033,0.0,0.0,0.0,0.0,1
0.038,0.117,0.956,0.633,0.897,0.23,0.0,0.008,0.0,0.01,0.021,0.6,0.942,0.0,0.0,0.0,0.023,0.07,0.706,1.0,0.928,0.122,0.0,0.0,0.0,0.062,0.009,0.105,0.676,0.902,0.09,0.0,0.039,0.539,0.117,0.019,0.098,0.99,0.318,0.038,0.058,0.848,0.959,0.319,0.511,1.0,0.317,0.066,0.015,0.081,0.732,0.93,1.0,0.345,0.0,0.12,0.006,0.039,0.009,0.0,0.09,0.074,0.0,0.0,3
0.003,0.032,0.033,0.0,0.009,0.054,0.0,0.0,0.0,0.147,0.52,0.765,0.81,0.912,0.314,0.0,0.0,0.508,1.0,0.62,0.507,0.53,0.118,0.021,0.0,0.204,0.832,0.013,0.043,0.009,0.0,0.0,0.0,0.247,0.985,0.773,0.718,0.322,0.0,0.019,0.0,0.115,0.217,0.271,0.541,0.838,0.27,0.015,0.0,0.0,0.022,0.0,0.097,0.589,0.453,0.0,0.03,0.0,0.411,0.228,0.242,1.0,0.23,0.009,5
0.108,0.944,0.616,0.438,0.967,0.047,0.012,0.017,0.175,0.363,0.019,0.28,0.861,0.0,0.021,0.017,0.0,0.057,0.0,0.529,0.601,0.0,0.0,0.0,0.045,0.0,0.0,0.753,0.125,0.0,0.012,0.038,0.0,0.0,0.504,0.929,0.06,0.0,0.072,0.03,0.0,0.972,0.998,0.982,0.576,0.277,0.037,0.0,0.005,0.088,0.581,0.564,0.761,1.0,0.329,0.0,0.018,0.0,0.0,0.0,0.0,0.0,0.0,0.063,2
0.036,0.76,0.962,0.629,0.076,0.123,0.0,0.0,0.057,0.298,1.0,0.899,0.988,0.025,0.025,0.079,0.084,0.0,1.0,1.0,1.0,0.25,0.0,0.0,0.0,0.313,0.973,1.0,0.944,0.1,0.0,0.015,0.053,0.491,1.0,1.0,0.416,0.0,0.002,0.044,0.134,0.858,0.916,0.919,0.204,0.053,0.0,0.0,0.027,0.952,0.942,0.849,0.065,0.0,0.0,0.054,0.098,0.862,1.0,0.796,0.162,0.009,0.0,0.0,1
0.0,0.04,0.0,0.0,0.0,0.014,0.0,0.008,0.0,0.159,0.629,0.951,0.002,0.0,0.0,0.0,0.002,0.426,0.925,0.446,0.205,0.337,0.048,0.0,0.177,0.946,0.445,0.131,0.966,0.706,0.073,0.037,0.527,0.902,0.124,0.577,1.0,0.128,0.005,0.069,0.729,0.899,1.0,0.963,0.634,0.0,0.005,0.0,0.122,0.251,0.529,1.0,0.13,0.0,0.059,0.017,0.0,0.039,0.504,0.825,0.0,0.036,0.0,0.0,4
0.281,0.8,0.882,1.0,0.536,0.0,0.039,0.0,0.425,0.707,0.96,0.986,0.723,0.0,0.0,0.051,0.057,0.517,1.0,0.913,0.256,0.026,0.067,0.004,0.0,0.871,1.0,0.372,0.05,0.0,0.0,0.032,0.008,0.684,0.732,0.563,0.161,0.0,0.013,0.024,0.075,0.094,0.503,0.882,0.797,0.081,0.0,0.041,0.0,0.147,0.199,0.411,0.983,0.621,0.025,0.046,0.175,0.645,1.0,0.618,0.489,0.217,0.0,0.0,3
0.007,0.0,0.886,0.773,0.046,0.003,0.0,0.0,0.0,0.34,1.0,0.433,0.061,0.0,0.054,0.0,0.008,1.0,0.912,0.017,0.0,0.24,0.0,0.038,0.424,0.934,0.627,0.579,0.88,0.904,0.0,0.049,0.54,0.989,0.974,1.0,0.91,0.3,0.0,0.0,0.134,0.553,0.683,0.998,0.53,0.0,0.0,0.0,0.0,0.0,0.756,0.999,0.004,0.0,0.105,0.062,0.021,0.0,0.948,0.935,0.01,0.07,0.046,0.001,4
0.0,0.118,0.045,0.308,0.542,0.851,0.773,0.001,0.0,0.0,0.0,0.012,0.0,0.597,0.759,0.004,0.0,0.017,0.116,0.0,0.344,0.846,0.407,0.0,0.041,0.0,0.044,0.507,1.0,1.0,0.94,0.401,0.0,0.044,0.0,0.005,0.747,0.859,0.491,0.065,0.0,0.025,0.0,0.0,0.781,0.468,0.043,0.051,0.006,0.041,0.08,0.247,0.964,0.071,0.011,0.001,0.029,0.0,0.0,0.029,0.0,0.0,0.024,0.01,7
0.266,0.977,0.736,0.033,0.0,0.004,0.063,0.0,0.574,0.96,0.939,0.303,0.015,0.036,0.0,0.0,0.595,0.333,0.718,0.329,0.055,0.072,0.052,0.023,0.0,0.018,0.883,0.398,0.009,0.0,0.042,0.0,0.049,0.113,0.987,0.11,0.0,0.0,0.016,0.005,0.0,0.449,0.781,0.035,0.0,0.0,0.0,0.0,0.063,0.886,1.0,0.968,1.0,0.748,0.0,0.0,0.298,1.0,0.816,0.645,0.526,0.36,0.0,0.036,2
0.231,1.0,1.0,0.748,0.783,0.467,0.0,0.0,0.196,0.999,0.217,0.0,0.0,0.0,0.016,0.0,0.02,1.0,0.936,0.514,0.012,0.04,0.007,0.0,0.0,0.18,0.652,1.0,0.37,0.0,0.048,0.019,0.0,0.0,0.066,0.763,0.685,0.0,0.0,0.0,0.3,0.903,0.527,0.893,0.595,0.0,0.023,0.003,0.171,0.795,1.0,0.798,0.262,0.0,0.0,0.067,0.0,0.038,0.0,0.0,0.028,0.022,0.0,0.014,5
0.0,0.0,0.002,0.032,0.064,0.045,0.0,0.008,0.001,0.005,0.555,0.379,0.083,0.0,0.103,0.0,0.006,0.0,0.33,0.871,0.0,0.063,0.033,0.0,0.007,0.021,0.31,0.979,0.219,0.0,0.002,0.0,0.033,0.06,0.675,1.0,0.6,0.043,0.0,0.055,0.0,0.0,0.148,0.321,1.0,0.177,0.0,0.036,0.011,0.0,0.0,0.0,0.888,0.508,0.0,0.0,0.0,0.012,0.254,0.437,0.868,0.801,0.481,0.222,1
0.06,0.001,0.038,0.0,0.037,0.0,0.0,0.0,0.0,0.01,0.935,0.858,0.115,0.011,0.026,0.0,0.0,0.426,0.918,0.711,0.882,0.0,0.033,0.014,0.041,0.587,0.521,0.466,0.998,0.093,0.026,0.023,0.0,0.0,0.105,0.487,0.851,0.0,0.02,0.057,0.009,0.025,0.0,0.815,0.766,0.0,0.046,0.018,0.0,0.0,0.02,1.0,0.66,0.678,0.329,0.006,0.017,0.026,0.729,0.993,0.993,1.0,0.633,0.0,2
0.0,0.005,1.0,0.733,0.804,0.763,0.112,0.024,0.06,0.02,0.911,0.468,0.512,0.369,0.157,0.0,0.0,0.008,0.789,0.477,0.308,0.0,0.0,0.0,0.012,0.0,0.943,0.931,1.0,0.122,0.0,0.0,0.095,0.0,0.739,0.248,0.362,0.484,0.0,0.0,0.048,0.0,0.034,0.057,0.27,0.85,0.089,0.042,0.122,0.028,0.313,0.275,0.423,0.7,0.061,0.024,0.005,0.083,0.928,0.829,0.701,0.221,0.071,0.024,5
0.015,0.016,0.078,0.879,0.219,0.0,0.0,0.002,0.0,0.035,0.469,0.949,0.107,0.051,0.008,0.0,0.0,0.083,0.912,0.656,0.001,0.0,0.0,0.0,0.045,0.417,0.975,0.696,0.041,0.0,0.021,0.004,0.044,0.847,0.996,0.818,0.229,0.167,0.0,0.0,0.579,1.0,0.98,0.993,0.986,0.62,0.0,0.02,0.254,0.443,0.421,1.0,0.171,0.134,0.0,0.057,0.021,0.0,0.22,0.881,0.053,0.013,0.0,0.0,4
0.0,0.0,0.0,0.037,0.0,0.056,0.0,0.0,0.0,0.034,0.152,0.265,0.268,0.7,0.968,0.356,0.0,0.024,0.774,1.0,0.88,0.802,1.0,0.211,0.0,0.001,0.891,0.611,0.039,0.372,0.747,0.011,0.044,0.002,0.957,0.362,0.106,0.862,0.262,0.026,0.0,0.0,0.119,0.022,0.381,0.785,0.0,0.006,0.11,0.0,0.0,0.267,0.678,0.164,0.0,0.0,0.0,0.032,0.0,0.589,0.613,0.0,0.043,0.0,7
0.016,0.0,0.0,0.261,0.814,0.354,0.052,0.0,0.061,0.0,0.0,0.881,0.703,0.884,0.116,0.0,0.0,0.018,0.0,0.733,0.0,0.849,0.314,0.001,0.0,0.021,0.0,0.469,0.132,0.959,0.165,0.0,0.0,0.0,0.0,0.0,0.406,0.745,0.01,0.0,0.047,0.0,0.066,0.34,0.892,0.174,0.0,0.0,0.004,0.083,0.027,0.677,0.983,0.436,0.126,0.323,0.016,0.0,0.0,0.264,0.5,0.634,0.998,0.766,2
0.018,0.02,0.0,0.0,0.006,0.02,0.019,0.031,0.039,0.589,0.956,0.673,0.0,0.0,0.0,0.0,0.0,0.953,0.827,0.896,0.398,0.0,0.0,0.01,0.403,1.0,0.496,0.286,0.997,0.188,0.0,0.0,0.475,0.832,0.0,0.008,0.587,0.654,0.032,0.002,0.565,0.765,0.048,0.0,0.331,0.896,0.0,0.007,0.51,0.773,0.03,0.09,0.486,1.0,0.0,0.0,0.151,1.0,0.427,0.508,0.9,0.377,0.0,0.051,0
0.007,0.024,0.0,0.128,0.133,0.0,0.0,0.001,0.0,0.0,0.029,0.582,0.988,0.781,0.0,0.046,0.0,0.0,0.0,0.328,0.913,1.0,0.217,0.0,0.0,0.075,0.045,0.121,0.707,1.0,0.792,0.716,0.0,0.0,0.052,0.682,0.998,0.955,0.933,0.606,0.04,0.077,0.0,0.588,0.989,0.951,0.085,0.083,0.0,0.029,0.0,0.0,0.879,0.531,0.0,0.051,0.0,0.0,0.003,0.246,1.0,0.104,0.059,0.019,7
0.061,0.34,0.726,0.813,0.64,0.198,0.033,0.0,0.0,0.528,0.991,0.949,1.0,0.3,0.0,0.0,0.013,0.486,1.0,0.966,0.852,0.178,0.0,0.0,0.0,0.783,0.979,0.97,0.798,0.019,0.039,0.087,0.034,0.71,0.966,0.948,0.739,0.0,0.0,0.0,0.0,0.671,1.0,0.973,0.768,0.0,0.0,0.017,0.0,0.251,1.0,1.0,0.792,0.0,0.0,0.037,0.073,0.339,0.725,0.727,0.382,0.041,0.051,0.038,1
0.0,0.008,0.0,0.0,0.019,0.0,0.095,0.0,0.0,0.0,0.671,0.787,0.411,0.084,0.0,0.0,0.0,0.058,0.827,0.398,0.684,0.329,0.0,0.0,0.0,0.271,0.474,0.548,0.33,0.55,0.0,0.049,0.0,0.523,0.575,0.945,0.811,0.536,0.006,0.0,0.022,0.0,0.357,0.448,0.533,0.882,0.169,0.0,0.011,0.035,0.0,0.056,0.004,0.411,0.669,0.048,0.071,0.0,0.11,0.005,0.131,0.714,0.439,0.0,9
0.02,0.003,0.0,0.116,0.0,0.074,0.078,0.051,0.0,0.0,0.0,0.48,0.99,0.986,0.808,0.155,0.0,0.009,0.081,0.809,0.091,0.152,0.256,0.012,0.0,0.021,0.453,0.567,0.025,0.143,0.247,0.053,0.01,0.0,0.528,0.85,0.438,0.886,0.851,0.518,0.0,0.0,0.312,0.98,0.483,0.006,0.371,0.48,0.02,0.0,0.098,0.189,0.068,0.0,0.569,0.397,0.01,0.0,0.021,0.168,0.233,0.058,1.0,0.032,5
0.0,0.0,0.0,0.039,0.427,0.872,0.011,0.091,0.0,0.0,0.03,0.074,0.977,0.698,0.021,0.0,0.0,0.0,0.0,0.772,0.933,0.135,0.0,0.0,0.0,0.0,0.109,0.991,0.706,0.63,0.204,0.0,0.04,0.006,0.305,1.0,0.9,0.951,0.967,0.094,0.009,0.0,0.189,0.958,0.692,0.0,0.887,0.458,0.016,0.019,0.0,0.675,1.0,0.564,1.0,0.464,0.036,0.047,0.0,0.013,0.66,1.0,0.704,0.063,6
0.305,1.0,0.991,0.782,1.0,0.423,0.0,0.0,0.405,0.997,0.064,0.0,1.0,0.18,0.0,0.063,0.319,0.958,0.016,0.427,0.943,0.0,0.0,0.091,0.0,0.093,0.0,0.647,0.673,0.016,0.01,0.0,0.064,0.0,0.1,0.911,0.309,0.0,0.051,0.0,0.054,0.099,0.49,0.992,0.0,0.0,0.01,0.0,0.0,0.0,0.411,0.711,0.0,0.026,0.009,0.0,0.0,0.03,0.006,0.026,0.013,0.037,0.0,0.018,7
0.07,0.915,0.16,0.6,0.609,0.0,0.0,0.0,0.19,0.963,0.311,0.769,0.662,0.02,0.0,0.0,0.0,0.292,0.636,0.723,0.988,0.019,0.035,0.0,0.0,0.033,0.002,0.0,0.669,0.31,0.0,0.0,0.083,0.034,0.0,0.016,0.366,0.648,0.0,0.0,0.057,0.652,0.094,0.0,0.463,0.651,0.0,0.087,0.0,0.471,0.868,1.0,0.94,0.239,0.028,0.0,0.016,0.0,0.0,0.0,0.0,0.0,0.0,0.073,9
0.046,0.0,0.822,0.723,0.084,0.0,0.052,0.0,0.015,0.28,0.969,0.42,0.548,0.0,0.0,0.029,0.259,0.942,0.922,0.344,0.881,0.111,0.054,0.0,0.451,0.99,0.037,0.0,0.678,0.364,0.0,0.049,0.331,0.777,0.077,0.061,0.731,0.262,0.069,0.0,0.08,0.899,0.0,0.0,0.882,0.219,0.0,0.008,0.096,0.548,0.337,0.421,0.994,0.015,0.001,0.0,0.0,0.077,0.723,0.954,0.424,0.013,0.035,0.048,0
0.0,0.841,0.822,0.723,0.487,0.376,0.0,0.0,0.204,0.992,0.671,0.789,0.941,0.395,0.014,0.0,0.456,0.912,1.0,0.764,0.082,0.03,0.0,0.028,0.161,0.539,0.413,0.983,0.444,0.059,0.0,0.0,0.029,0.0,0.0,0.483,0.682,0.097,0.0,0.038,0.003,0.221,0.051,0.42,0.79,0.0,0.0,0.0,0.018,0.948,0.459,0.671,0.697,0.029,0.009,0.016,0.0,0.769,0.837,0.738,0.249,0.021,0.092,0.0,5
0.02,0.648,0.752,0.538,1.0,0.228,0.0,0.039,0.031,0.83,0.353,0.511,0.819,0.0,0.0,0.068,0.003,0.64,0.1,0.828,0.312,0.0,0.051,0.0,0.0,0.563,0.539,0.95,0.549,0.163,0.0,0.0,0.0,0.727,0.922,0.987,1.0,0.279,0.0,0.0,0.015,0.069,1.0,0.023,0.227,0.038,0.0,0.0,0.0,0.503,0.853,0.022,0.038,0.0,0.0,0.0,0.047,0.0,0.05,0.087,0.019,0.015,0.03,0.0,7
0.0,0.0,0.366,0.766,0.734,0.809,0.93,0.304,0.065,0.105,0.839,1.0,0.952,0.864,0.889,0.275,0.0,0.152,1.0,0.425,0.389,0.989,0.365,0.0,0.0,0.419,0.883,0.191,0.856,0.705,0.0,0.075,0.0,0.119,0.15,0.52,1.0,0.143,0.0,0.024,0.02,0.0,0.124,0.993,0.571,0.0,0.0,0.0,0.02,0.0,0.374,0.999,0.3,0.024,0.0,0.0,0.0,0.0,0.523,1.0,0.108,0.0,0.0,0.003,7
0.0,0.163,1.0,0.623,0.412,0.033,0.0,0.063,0.03,0.154,0.987,0.392,0.2,0.0,0.015,0.0,0.009,0.288,1.0,0.804,0.892,0.282,0.0,0.074,0.018,0.031,0.097,0.0,0.199,0.83,0.042,0.0,0.021,0.0,0.161,0.0,0.256,0.618,0.039,0.006,0.063,0.06,0.408,0.52,1.0,0.461,0.0,0.02,0.041,0.033,0.355,0.838,0.399,0.059,0.097,0.0,0.0,0.069,0.0,0.0,0.004,0.0,0.033,0.0,5
0.0,0.0,0.087,0.001,0.0,0.0,0.004,0.01,0.0,0.016,0.0,0.0,0.525,1.0,0.0,0.014,0.006,0.0,0.0,0.224,0.89,0.543,0.0,0.0,0.098,0.0,0.064,0.791,0.677,0.053,0.275,0.944,0.0,0.067,0.318,0.95,0.557,0.448,0.961,0.605,0.017,0.015,0.501,1.0,1.0,0.977,1.0,0.126,0.053,0.0,0.005,0.247,0.03,0.858,0.657,0.004,0.0,0.0,0.074,0.0,0.191,0.946,0.265,0.033,4
0.029,0.0,0.0,0.0,0.022,0.04,0.0,0.0,0.032,0.08,0.0,0.177,0.955,0.67,0.125,0.118,0.0,0.0,0.038,0.92,1.0,0.921,0.605,0.016,0.081,0.091,0.446,0.926,0.191,0.143,0.794,0.0,0.0,0.0,0.237,0.976,0.179,0.039,0.689,0.423,0.059,0.009,0.45,0.964,0.0,0.001,0.685,0.583,0.006,0.0,0.181,1.0,0.39,0.081,0.875,0.487,0.047,0.0,0.064,0.939,1.0,0.903,1.0,0.162,0
0.0,0.0,0.006,0.0,0.053,0.0,0.054,0.0,0.0,0.071,0.057,0.112,0.959,0.316,0.0,0.0,0.0,0.0,0.095,0.474,1.0,0.1,0.005,0.008,0.024,0.036,0.0,0.863,0.74,0.071,0.469,0.226,0.05,0.0,0.457,1.0,0.531,0.321,1.0,0.561,0.0,0.006,0.338,0.968,0.98,1.0,1.0,0.252,0.0,0.0,0.045,0.362,0.623,1.0,0.901,0.045,0.0,0.012,0.038,0.009,0.766,0.953,0.307,0.088,4
0.0,0.47,1.0,0.874,0.724,0.0,0.096,0.031,0.042,0.575,0.65,0.37,0.78,0.082,0.0,0.0,0.036,0.308,0.576,0.28,0.982,0.137,0.028,0.035,0.0,0.0,0.0,0.319,0.937,0.057,0.0,0.0,0.069,0.06,0.129,0.858,0.472,0.168,0.134,0.0,0.091,0.0,0.61,0.948,0.931,0.911,0.943,0.018,0.0,0.0,0.497,0.561,0.609,0.803,0.235,0.018,0.0,0.0,0.021,0.0,0.014,0.075,0.025,0.009,2
0.0,0.0,0.566,0.168,0.0,0.007,0.009,0.0,0.034,0.119,0.945,0.517,0.089,0.0,0.0,0.0,0.0,0.561,1.0,0.106,0.0,0.0,0.0,0.048,0.0,0.775,0.666,0.005,0.0,0.068,0.044,0.0,0.025,0.835,0.401,0.0,0.0,0.0,0.113,0.0,0.0,0.576,0.952,1.0,0.856,0.886,0.076,0.0,0.0,0.256,0.993,0.121,0.199,0.993,0.305,0.0,0.059,0.0,0.395,0.829,0.952,0.661,0.0,0.042,6
0.063,0.0,0.478,0.798,0.351,0.0,0.0,0.028,0.0,0.0,0.805,1.0,1.0,0.103,0.024,0.0,0.0,0.0,0.756,0.85,0.951,0.371,0.0,0.03,0.013,0.005,0.373,1.0,1.0,0.864,0.052,0.068,0.026,0.0,0.0,0.026,0.145,1.0,0.137,0.0,0.0,0.008,0.0,0.0,0.019,0.527,0.685,0.0,0.107,0.0,0.167,0.521,0.72,0.84,1.0,0.179,0.0,0.0,0.475,0.771,0.763,0.734,0.624,0.034,9
0.0,0.046,0.034,0.0,0.0,0.0,0.022,0.052,0.054,0.05,0.0,0.673,0.915,0.68,0.435,0.0,0.009,0.006,0.322,1.0,1.0,0.946,0.749,0.012,0.019,0.0,0.37,1.0,0.971,0.906,0.412,0.03,0.045,0.036,0.712,0.96,1.0,0.813,0.051,0.0,0.0,0.189,0.924,0.993,0.921,0.417,0.054,0.033,0.024,0.158,0.813,0.896,0.822,0.0,0.0,0.032,0.039,0.049,0.596,0.885,1.0,0.412,0.0,0.081,1
0.0,0.0,0.0,0.526,0.933,0.988,0.19,0.018,0.092,0.021,0.041,0.787,0.748,0.992,0.267,0.052,0.043,0.0,0.044,0.0,0.028,0.99,0.538,0.0,0.0,0.0,0.024,0.452,0.653,1.0,0.793,0.491,0.065,0.0,0.404,1.0,1.0,1.0,1.0,0.317,0.0,0.042,0.101,0.62,1.0,0.59,0.0,0.0,0.035,0.051,0.0,0.169,1.0,0.199,0.0,0.038,0.032,0.054,0.0,0.612,0.937,0.126,0.102,0.0,7
0.06,0.045,0.876,1.0,0.213,0.0,0.0,0.0,0.035,0.628,1.0,1.0,0.098,0.025,0.0,0.001,0.192,1.0,0.912,0.964,0.341,0.189,0.038,0.0,0.683,0.92,1.0,0.985,0.957,0.749,0.0,0.0,0.041,0.507,0.885,0.832,0.391,0.323,0.051,0.0,0.053,0.05,0.677,0.786,0.023,0.014,0.0,0.044,0.0,0.018,0.16,0.644,0.016,0.0,0.104,0.05,0.0,0.0,0.0,0.01,0.001,0.069,0.091,0.0,4
0.0,0.044,0.0,0.382,0.856,0.946,0.714,0.026,0.145,0.0,0.235,0.97,0.333,0.267,0.893,0.14,0.0,0.0,0.484,0.709,0.049,0.179,0.925,0.146,0.095,0.074,0.184,0.644,0.944,0.977,0.487,0.018,0.0,0.0,0.013,0.545,0.959,0.971,0.0,0.0,0.052,0.005,0.062,1.0,0.284,0.681,0.769,0.038,0.038,0.038,0.107,1.0,0.324,0.497,1.0,0.076,0.0,0.089,0.0,0.315,0.905,1.0,0.955,0.117,8
0.0,0.036,0.0,0.0,0.142,0.483,0.937,0.998,0.0,0.006,0.084,0.324,0.977,0.713,0.61,1.0,0.015,0.0,0.0,0.152,0.244,0.0,0.36,0.842,0.0,0.0,0.0,0.007,0.12,0.417,0.883,0.525,0.035,0.0,0.047,0.257,1.0,1.0,0.822,0.237,0.0,0.0,0.0,0.559,0.473,0.691,0.745,0.008,0.042,0.055,0.021,0.035,0.001,0.762,0.195,0.0,0.045,0.0,0.015,0.052,0.195,1.0,0.037,0.0,7
0.03,0.005,0.0,0.763,0.961,0.528,0.123,0.051,0.0,0.0,0.062,0.967,0.277,0.0,0.028,0.0,0.0,0.057,0.074,1.0,0.553,0.599,0.953,0.196,0.027,0.0,0.365,0.981,1.0,0.63,0.888,0.47,0.0,0.0,0.0,0.316,0.013,0.122,1.0,0.244,0.004,0.011,0.0,0.0,0.203,0.821,0.559,0.0,0.0,0.0,0.0,0.181,0.605,0.465,0.0,0.026,0.047,0.0,0.042,0.072,0.0,0.073,0.0,0.0,5
0.0,0.014,0.83,0.439,0.0,0.0,0.0,0.0,0.0,0.43,0.793,0.103,0.006,0.039,0.006,0.0,0.006,0.74,0.32,0.0,0.097,0.0,0.01,0.0,0.056,1.0,0.261,0.0,0.0,0.012,0.0,0.033,0.108,1.0,0.666,0.776,0.761,0.143,0.0,0.007,0.22,1.0,0.689,0.269,0.616,0.713,0.0,0.081,0.095,0.911,0.6,0.259,0.722,0.743,0.0,0.0,0.01,0.031,0.796,0.951,0.722,0.137,0.0,0.18,6
0.0,0.032,0.019,0.0,0.007,0.0,0.023,0.0,0.15,0.85,1.0,0.935,0.917,0.365,0.008,0.002,0.392,1.0,0.872,0.539,0.531,0.114,0.0,0.0,0.535,0.938,0.01,0.052,0.0,0.0,0.078,0.0,0.68,1.0,0.0,0.026,0.0,0.067,0.0,0.0,0.458,0.969,0.344,0.168,0.0,0.055,0.0,0.045,0.043,0.725,0.954,0.513,0.092,0.0,0.026,0.0,0.044,0.52,0.913,0.597,0.025,0.0,0.01,0.038,5
0.028,0.748,0.85,0.13,0.0,0.008,0.116,0.0,0.053,0.995,0.546,0.0,0.0,0.021,0.0,0.0,0.205,1.0,0.143,0.0,0.01,0.0,0.026,0.112,0.298,1.0,0.519,0.898,0.583,0.09,0.0,0.012,0.223,1.0,0.958,0.746,1.0,0.678,0.058,0.066,0.0,0.928,0.798,0.206,0.84,0.733,0.022,0.003,0.0,0.242,0.922,0.861,0.615,0.136,0.0,0.0,0.001,0.0,0.0,0.0,0.083,0.009,0.053,0.021,6
0.0,0.0,0.569,0.818,0.11,0.0,0.005,0.0,0.0,0.541,1.0,0.896,0.736,0.0,0.001,0.0,0.187,1.0,0.731,0.0,0.882,0.029,0.0,0.0,0.335,1.0,0.354,0.0,0.815,0.281,0.013,0.016,0.362,0.992,0.0,0.098,0.965,0.237,0.0,0.064,0.128,0.828,0.027,0.359,1.0,0.217,0.0,0.0,0.0,0.613,0.96,1.0,0.968,0.0,0.0,0.057,0.0,0.086,0.652,0.809,0.365,0.008,0.0,0.008,0
0.055,0.854,1.0,0.981,0.773,0.0,0.016,0.0,0.0,0.789,1.0,0.954,0.58,0.174,0.019,0.0,0.098,0.639,0.956,0.986,0.535,0.005,0.0,0.0,0.025,0.114,0.181,0.471,0.945,0.513,0.0,0.002,0.0,0.041,0.002,0.228,0.906,0.643,0.0,0.0,0.0,0.282,0.259,0.73,1.0,0.321,0.0,0.037,0.061,0.614,0.976,1.0,0.597,0.041,0.0,0.0,0.0,0.036,0.026,0.0,0.0,0.0,0.0,0.025,5
0.0,0.0,0.536,0.774,0.027,0.014,0.046,0.0,0.029,0.36,1.0,0.019,0.034,0.006,0.0,0.0,0.179,0.993,0.321,0.034,0.116,0.626,0.0,0.003,0.36,0.817,0.0,0.1,0.949,0.764,0.077,0.015,0.641,1.0,0.769,0.784,0.986,0.087,0.0,0.063,0.0,0.303,0.517,0.926,0.379,0.027,0.0,0.042,0.041,0.0,0.184,0.933,0.083,0.047,0.0,0.0,0.0,0.018,0.526,0.781,0.04,0.034,0.05,0.0,4
0.0,0.019,0.024,0.299,0.941,0.773,0.179,0.0,0.0,0.031,0.151,0.997,0.47,0.92,0.558,0.001,0.101,0.046,0.055,0.934,0.527,0.556,0.955,0.104,0.043,0.0,0.041,0.615,1.0,1.0,1.0,0.157,0.0,0.026,0.059,0.04,0.074,0.041,0.929,0.182,0.004,0.0,0.017,0.0,0.0,0.0,0.887,0.276,0.052,0.007,0.018,0.416,0.332,0.533,0.973,0.0,0.026,0.063,0.0,0.426,0.767,0.761,0.578,0.052,9
0.0,0.071,0.0,0.118,1.0,0.615,0.0,0.014,0.0,0.054,0.03,0.691,0.971,0.125,0.182,0.304,0.07,0.096,0.315,0.984,0.318,0.06,0.956,0.602,0.039,0.034,0.72,0.989,0.083,0.518,0.982,0.417,0.0,0.053,0.624,0.967,0.93,1.0,0.735,0.0,0.0,0.0,0.017,0.471,0.579,0.914,0.318,0.0,0.0,0.046,0.08,0.0,0.552,0.723,0.013,0.0,0.05,0.059,0.008,0.0,0.0,0.033,0.037,0.0,4
0.06,0.731,0.832,0.495,0.075,0.072,0.046,0.068,0.201,1.0,0.522,1.0,0.254,0.162,0.051,0.0,0.029,0.008,0.219,1.0,0.212,0.0,0.038,0.0,0.0,0.145,0.833,0.86,0.0,0.06,0.0,0.003,0.0,0.0,0.352,0.908,0.668,0.0,0.013,0.0,0.007,0.0,0.0,0.158,1.0,0.324,0.0,0.054,0.079,0.217,0.086,0.455,0.965,0.23,0.047,0.068,0.202,0.616,0.977,1.0,0.46,0.0,0.0,0.0,3
0.0,0.049,0.0,0.0,0.325,0.844,0.478,0.0,0.06,0.01,0.0,0.463,1.0,0.492,0.325,0.053,0.112,0.075,0.201,0.971,0.136,0.0,0.081,0.026,0.063,0.04,0.359,0.75,0.146,0.063,0.0,0.0,0.007,0.0,0.223,1.0,0.817,0.81,0.209,0.08,0.0,0.06,0.068,0.843,0.111,0.393,0.947,0.104,0.0,0.0,0.0,0.601,0.543,0.107,0.904,0.0,0.026,0.033,0.0,0.0,0.475,0.902,0.751,0.0,6
0.0,0.5,0.939,0.862,1.0,0.096,0.026,0.0,0.0,0.143,1.0,0.528,1.0,0.166,0.064,0.075,0.034,0.0,0.001,0.658,1.0,0.483,0.066,0.0,0.0,0.101,0.0,0.255,0.617,0.918,0.128,0.0,0.0,0.0,0.633,0.055,0.0,0.907,0.61,0.0,0.0,0.037,1.0,0.333,0.499,0.834,0.438,0.063,0.031,0.023,0.9,0.994,0.796,0.643,0.103,0.0,0.001,0.045,0.0,0.0,0.0,0.0,0.0,0.016,3
0.045,0.0,0.077,0.741,1.0,0.575,0.089,0.015,0.0,0.044,0.502,0.703,0.324,0.843,0.01,0.0,0.0,0.011,0.131,0.088,0.203,0.95,0.0,0.0,0.148,0.07,0.0,0.195,0.855,0.406,0.021,0.0,0.0,0.0,0.048,0.753,1.0,1.0,0.284,0.0,0.052,0.059,0.012,0.053,0.0,0.255,0.943,0.335,0.0,0.0,0.048,0.719,0.257,0.235,0.817,0.524,0.0,0.0,0.068,0.854,1.0,1.0,0.86,0.057,3
0.068,0.052,0.017,0.0,0.0,0.0,0.0,0.039,0.056,0.079,0.507,0.714,0.797,0.755,0.014,0.019,0.0,0.333,0.647,0.0,0.2,1.0,0.098,0.0,0.0,0.385,0.363,0.059,0.265,1.0,0.35,0.017,0.0,0.0,0.818,0.636,0.894,0.376,0.467,0.0,0.021,0.0,0.23,0.235,0.0,0.326,0.363,0.027,0.022,0.022,0.033,0.007,0.06,0.509,0.287,0.0,0.0,0.098,0.567,0.167,0.182,0.982,0.0,0.031,9
0.059,0.0,0.107,0.009,0.0,0.0,0.012,0.013,0.0,0.01,0.752,1.0,0.809,0.0,0.001,0.0,0.0,0.161,0.951,0.729,1.0,0.247,0.0,0.0,0.065,0.06,0.568,0.239,0.968,0.165,0.0,0.053,0.011,0.049,0.0,0.425,1.0,0.039,0.004,0.0,0.057,0.0,0.0,0.602,0.723,0.055,0.0,0.036,0.0,0.031,0.355,0.948,0.073,0.0,0.0,0.038,0.009,0.026,0.753,0.924,0.566,0.527,0.177,0.014,2
0.0,0.895,0.741,0.08,0.0,0.018,0.0,0.024,0.025,1.0,0.328,0.068,0.07,0.0,0.0,0.0,0.246,0.996,0.862,0.652,0.353,0.0,0.012,0.0,0.321,0.948,0.867,0.713,1.0,0.406,0.045,0.0,0.273,1.0,0.574,0.259,1.0,0.605,0.0,0.025,0.048,0.868,0.954,0.464,0.953,0.497,0.0,0.0,0.003,0.316,1.0,0.96,0.853,0.052,0.014,0.0,0.0,0.015,0.139,0.023,0.002,0.0,0.036,0.001,6
0.0,0.036,0.019,0.0,0.822,1.0,0.348,0.0,0.032,0.0,0.0,0.0,1.0,0.983,0.223,0.0,0.016,0.0,0.0,0.188,0.978,0.979,0.516,0.072,0.0,0.0,0.091,0.469,1.0,0.996,0.58,0.01,0.0,0.021,0.0,0.543,1.0,0.985,0.578,0.0,0.0,0.0,0.07,0.728,1.0,0.971,0.957,0.0,0.0,0.0,0.0,0.069,0.364,0.317,1.0,0.432,0.0,0.0,0.0,0.0,0.0,0.0,0.109,0.057,1
0.0,0.022,0.094,0.0,0.0,0.02,0.064,0.0,0.032,0.019,0.017,0.199,0.641,0.871,0.586,0.0,0.0,0.0,0.271,0.86,0.495,0.84,0.987,0.033,0.0,0.0,0.488,0.587,0.147,0.856,0.473,0.0,0.009,0.028,0.161,0.026,0.619,0.838,0.015,0.0,0.089,0.071,0.0,0.017,0.0,0.732,0.603,0.051,0.053,0.057,0.0,0.007,0.0,0.045,0.812,0.439,0.036,0.0,0.103,0.565,0.445,0.12,0.426,0.696,3
0.022,0.0,0.366,1.0,0.611,0.341,0.296,0.073,0.0,0.0,0.277,0.966,0.451,0.136,0.045,0.0,0.008,0.0,0.554,0.995,0.935,0.946,0.285,0.0,0.0,0.0,0.215,0.562,0.245,0.598,0.871,0.0,0.016,0.065,0.013,0.0,0.046,0.676,0.995,0.0,0.0,0.0,0.0,0.262,0.8,0.957,0.41,0.031,0.007,0.044,0.105,0.961,0.875,0.487,0.0,0.109,0.0,0.027,0.009,0.0,0.001,0.033,0.022,0.0,5
0.0,0.0,0.0,0.0,0.092,0.057,0.0,0.006,0.0,0.497,0.982,1.0,0.782,0.003,0.061,0.033,0.076,0.951,0.829,0.606,1.0,0.125,0.0,0.017,0.0,0.803,0.045,0.164,0.958,0.255,0.0,0.053,0.004,0.0,0.0,0.285,1.0,0.001,0.0,0.006,0.0,0.0,0.003,0.897,0.67,0.103,0.074,0.0,0.0,0.006,0.508,0.904,0.115,0.0,0.0,0.0,0.204,0.704,1.0,0.644,0.422,0.531,0.0,0.081,2
0.0,0.0,0.0,0.0,0.0,0.04,0.0,0.012,0.003,0.093,0.055,0.068,0.858,0.512,0.042,0.0,0.0,0.0,0.121,0.578,0.957,0.138,0.0,0.019,0.017,0.0,0.026,1.0,0.547,0.124,0.08,0.0,0.02,0.102,0.792,0.715,0.039,1.0,0.376,0.017,0.0,0.651,1.0,0.346,0.579,1.0,0.181,0.062,0.032,0.999,0.985,1.0,1.0,0.761,0.041,0.0,0.0,0.471,0.747,0.856,1.0,0.675,0.0,0.0,4
0.0,0.013,0.575,0.965,0.724,0.0,0.0,0.034,0.0,0.243,1.0,0.982,0.529,0.0,0.0,0.018,0.1,0.886,0.735,1.0,0.328,0.036,0.056,0.0,0.514,0.961,0.874,1.0,0.99,0.71,0.0,0.0,0.393,0.74,0.893,0.936,0.588,0.189,0.0,0.063,0.0,0.005,0.222,0.997,0.2,0.0,0.0,0.0,0.0,0.0,0.3,0.757,0.019,0.003,0.0,0.032,0.022,0.012,0.032,0.0,0.0,0.059,0.0,0.0,4
0.164,0.722,0.312,0.991,0.306,0.0,0.0,0.0,0.033,0.057,0.0,0.908,0.281,0.042,0.0,0.0,0.0,0.0,0.249,0.965,0.0,0.0,0.002,0.0,0.001,0.098,0.901,0.352,0.0,0.0,0.0,0.01,0.0,0.953,0.649,0.099,0.0,0.001,0.0,0.0,0.375,0.943,0.208,0.08,0.218,0.296,0.072,0.026,0.299,1.0,1.0,0.938,1.0,0.713,0.0,0.045,0.047,0.0,0.0,0.009,0.0,0.035,0.0,0.0,2
0.029,0.0,0.061,0.795,0.831,0.0,0.07,0.0,0.02,0.319,0.919,0.893,1.0,0.018,0.056,0.0,0.486,1.0,0.627,0.435,0.802,0.0,0.021,0.026,0.666,0.367,0.0,0.475,0.806,0.033,0.017,0.109,0.0,0.0,0.0,0.621,0.779,0.0,0.0,0.009,0.0,0.0,0.025,0.889,0.511,0.0,0.0,0.0,0.0,0.063,0.0,0.747,0.373,0.075,0.015,0.0,0.0,0.0,0.0,1.0,0.4,0.0,0.0,0.026,1
0.0,0.045,0.045,0.014,0.0,0.02,0.037,0.0,0.027,0.162,1.0,0.948,0.192,0.0,0.007,0.0,0.027,0.539,0.998,1.0,0.186,0.027,0.022,0.0,0.014,0.785,0.991,0.793,0.0,0.0,0.037,0.0,0.123,0.941,1.0,0.665,0.0,0.024,0.042,0.0,0.184,0.967,0.937,0.536,0.0,0.0,0.0,0.0,0.148,0.983,0.991,0.704,0.0,0.14,0.0,0.0,0.0,0.528,1.0,1.0,0.273,0.0,0.0,0.04,1
0.586,1.0,0.996,0.826,0.697,0.307,0.066,0.0,0.396,1.0,0.716,0.0,0.0,0.0,0.0,0.051,0.022,0.88,0.867,0.024,0.047,0.076,0.0,0.005,0.0,0.515,0.975,0.118,0.012,0.022,0.068,0.0,0.0,0.599,0.788,0.0,0.0,0.0,0.0,0.0,0.067,0.9,0.666,0.0,0.0,0.0,0.044,0.037,0.589,0.917,0.382,0.0,0.0,0.0,0.0,0.0,0.0,0.017,0.015,0.0,0.025,0.067,0.035,0.0,5
0.047,0.0,0.521,0.797,0.621,1.0,0.531,0.047,0.007,0.033,0.0,0.0,0.047,0.961,0.44,0.0,0.0,0.0,0.058,0.627,0.958,0.934,0.454,0.049,0.0,0.0,0.164,1.0,0.987,0.837,0.273,0.0,0.0,0.081,0.03,0.333,0.911,0.189,0.0,0.057,0.049,0.0,0.116,0.648,0.912,0.0,0.031,0.0,0.037,0.017,0.116,0.979,0.385,0.045,0.001,0.0,0.037,0.0,0.0,0.0,0.007,0.0,0.012,0.081,7
0.0,0.013,0.001,0.107,0.445,0.914,0.762,0.095,0.0,0.0,0.0,0.91,0.808,0.546,0.888,0.503,0.0,0.0,0.078,0.134,0.0,0.029,0.791,0.511,0.108,0.0,0.101,0.0,0.021,0.0,0.834,0.384,0.034,0.024,0.278,1.0,1.0,1.0,1.0,0.219,0.049,0.072,0.153,0.356,0.344,0.814,0.899,0.095,0.018,0.0,0.0,0.0,0.064,0.924,0.274,0.0,0.0,0.0,0.0,0.0,0.757,0.541,0.144,0.018,7
0.019,0.0,0.0,0.0,0.0,0.082,0.0,0.027,0.0,0.0,0.491,0.771,0.648,0.059,0.0,0.0,0.002,0.349,0.962,0.766,0.873,0.612,0.081,0.102,0.062,0.253,0.917,0.16,0.651,0.602,0.069,0.002,0.0,0.004,0.51,0.999,0.862,0.125,0.0,0.023,0.013,0.0,0.14,0.773,0.98,0.44,0.0,0.008,0.024,0.081,0.537,0.513,0.191,0.944,0.288,0.016,0.0,0.001,0.641,0.337,0.11,0.626,0.454,0.0,8
0.004,0.0,0.091,0.0,0.0,0.0,0.043,0.0,0.05,0.152,0.446,0.659,0.536,0.0,0.0,0.0,0.372,1.0,0.813,0.416,0.263,0.027,0.077,0.0,0.717,0.83,0.1,0.028,0.0,0.0,0.0,0.0,0.533,0.994,0.558,0.318,0.0,0.0,0.001,0.0,0.004,0.157,0.468,0.81,0.572,0.064,0.0,0.0,0.0,0.108,0.066,0.004,0.678,0.453,0.0,0.058,0.0,0.399,0.117,0.229,0.905,0.457,0.0,0.0,5
0.0,0.03,0.867,0.894,0.01,0.066,0.0,0.014,0.0,0.107,0.746,1.0,0.423,0.0,0.0,0.081,0.0,0.091,0.254,1.0,0.239,0.024,0.106,0.0,0.0,0.163,0.449,1.0,0.231,0.092,0.012,0.058,0.588,0.968,0.96,0.973,0.998,0.397,0.084,0.0,0.485,0.738,0.923,0.845,0.325,0.037,0.0,0.0,0.04,0.0,0.966,0.384,0.003,0.005,0.0,0.096,0.018,0.063,0.906,0.06,0.029,0.068,0.078,0.0,7
0.0,0.133,0.968,0.961,0.506,0.0,0.0,0.0,0.031,0.852,0.868,0.604,1.0,0.096,0.037,0.0,0.0,0.251,0.204,0.184,1.0,0.084,0.0,0.0,0.104,0.1,0.0,0.145,1.0,0.083,0.003,0.0,0.0,0.061,0.0,0.532,0.839,0.0,0.043,0.013,0.0,0.0,0.068,0.948,0.543,0.0,0.129,0.003,0.014,0.065,0.535,1.0,0.845,1.0,0.889,0.0,0.0,0.109,1.0,0.997,0.917,0.738,0.446,0.0,2
0.0,0.048,0.102,0.614,0.898,0.089,0.011,0.0,0.0,0.0,0.737,0.457,0.703,0.544,0.0,0.012,0.077,0.206,0.69,0.031,0.461,1.0,0.0,0.0,0.098,0.314,0.504,0.0,0.058,0.934,0.401,0.0,0.0,0.337,0.27,0.0,0.033,0.684,0.402,0.05,0.0,0.0,0.653,0.04,0.0,0.608,0.28,0.011,0.0,0.0,0.82,0.125,0.349,0.862,0.024,0.0,0.023,0.047,0.267,0.955,0.733,0.0,0.0,0.076,0
0.835,0.968,0.665,0.708,0.984,0.0,0.031,0.022,0.252,0.243,0.01,0.844,0.851,0.0,0.051,0.0,0.045,0.012,0.679,1.0,0.377,0.014,0.04,0.0,0.021,0.0,0.651,0.93,0.599,0.238,0.055,0.0,0.007,0.115,0.0,0.228,0.768,0.849,0.0,0.0,0.0,0.392,0.081,0.021,0.836,0.953,0.0,0.0,0.0,0.515,1.0,0.948,0.796,0.265,0.0,0.048,0.0,0.063,0.019,0.053,0.021,0.0,0.0,0.065,3
0.0,0.761,0.944,0.86,0.461,0.0,0.039,0.0,0.081,0.994,0.774,0.434,0.972,0.176,0.0,0.04,0.048,0.975,0.885,0.493,1.0,0.175,0.037,0.0,0.126,0.775,1.0,1.0,0.851,0.023,0.046,0.0,0.0,0.0,0.232,0.663,0.715,0.014,0.027,0.0,0.042,0.0,0.0,0.106,0.96,0.141,0.0,0.026,0.0,0.135,0.005,0.16,1.0,0.386,0.0,0.0,0.0,0.804,1.0,0.95,0.933,0.0,0.0,0.0,9
0.0,0.043,0.258,1.0,0.879,0.691,0.957,0.659,0.0,0.0,0.078,0.106,0.0,0.241,1.0,0.221,0.0,0.083,0.096,0.57,0.746,0.944,0.814,0.0,0.126,0.149,0.9,1.0,0.969,1.0,0.103,0.002,0.024,0.259,0.617,0.238,0.649,0.563,0.042,0.0,0.026,0.0,0.0,0.071,1.0,0.179,0.0,0.0,0.0,0.0,0.023,0.382,0.625,0.023,0.0,0.07,0.136,0.0,0.0,0.0,0.0,0.0,0.023,0.017,7
0.034,0.037,0.0,0.428,0.967,1.0,0.206,0.0,0.0,0.04,0.375,0.91,0.294,0.588,0.699,0.062,0.01,0.0,0.321,0.844,0.023,0.249,0.846,0.0,0.013,0.0,0.0,0.517,0.727,0.838,0.417,0.043,0.127,0.0,0.0,0.081,0.946,1.0,0.293,0.0,0.0,0.018,0.0,0.837,0.402,0.131,0.964,0.31,0.007,0.0,0.0,0.96,0.14,0.0,0.846,0.386,0.0,0.0,0.023,0.425,0.971,1.0,0.604,0.083,8
0.072,1.0,0.569,0.868,0.776,0.0,0.017,0.052,0.0,0.804,0.105,0.441,1.0,0.443,0.0,0.0,0.0,0.753,0.402,0.715,0.99,0.474,0.0,0.0,0.091,0.159,0.956,1.0,1.0,0.451,0.032,0.0,0.0,0.19,0.106,0.132,0.692,0.64,0.0,0.085,0.009,0.876,0.364,0.247,0.752,0.593,0.0,0.0,0.089,0.419,0.99,0.888,0.827,0.195,0.041,0.0,0.0,0.0,0.043,0.0,0.0,0.0,0.0,0.0,9
0.0,0.007,0.0,0.192,0.953,0.987,0.233,0.0,0.023,0.119,0.601,1.0,0.638,0.953,0.192,0.0,0.07,0.151,0.623,0.133,0.0,0.98,0.146,0.016,0.0,0.0,0.026,0.031,0.0,0.971,0.279,0.0,0.0,0.046,0.031,0.0,0.112,0.956,0.274,0.017,0.049,0.0,0.0,0.0,0.3,1.0,0.319,0.0,0.014,0.007,0.0,0.0,0.347,0.839,0.307,0.0,0.002,0.0,0.012,0.016,0.0,0.04,0.0,0.053,1
0.0,0.0,0.047,0.003,0.0,0.022,0.015,0.052,0.0,0.0,0.033,0.651,1.0,1.0,0.63,0.0,0.066,0.0,0.051,0.629,1.0,0.453,0.165,0.042,0.0,0.0,0.043,1.0,0.592,0.097,0.011,0.0,0.021,0.037,0.124,0.931,1.0,0.528,0.0,0.063,0.037,0.0,0.0,0.0,0.25,1.0,0.186,0.07,0.0,0.0,0.0,0.0,0.0,0.958,0.553,0.007,0.0,0.013,0.0,0.156,0.489,1.0,0.282,0.051,5
0.054,0.009,0.0,0.04,0.0,0.0,0.007,0.0,0.014,0.0,0.011,0.757,0.899,0.291,0.025,0.0,0.0,0.072,0.384,0.957,0.607,0.059,0.051,0.0,0.139,0.042,0.73,0.874,0.0,0.0,0.043,0.0,0.014,0.0,1.0,0.604,0.196,0.0,0.0,0.0,0.0,0.125,0.965,0.956,0.813,0.499,0.0,0.06,0.045,0.047,1.0,0.311,0.0,0.814,0.534,0.0,0.015,0.0,0.672,0.716,0.331,0.836,0.751,0.0,6
0.0,0.208,1.0,0.998,0.98,0.133,0.0,0.017,0.0,0.473,0.694,0.705,1.0,0.599,0.0,0.0,0.0,0.012,0.025,0.155,0.968,0.319,0.0,0.064,0.045,0.193,0.256,0.41,1.0,0.075,0.004,0.0,0.669,0.96,1.0,0.981,1.0,0.622,0.048,0.0,0.248,0.746,0.797,0.971,0.624,0.148,0.024,0.0,0.021,0.0,0.656,0.75,0.0,0.069,0.0,0.0,0.05,0.341,0.807,0.194,0.0,0.016,0.076,0.09,7
0.0,0.0,0.106,0.684,0.838,0.739,0.181,0.0,0.0,0.0,0.424,0.816,0.234,0.841,0.504,0.0,0.0,0.0,0.34,0.814,0.3,0.857,0.733,0.008,0.003,0.0,0.0,0.214,0.786,0.588,0.71,0.331,0.0,0.0,0.0,0.0,0.016,0.072,0.362,0.461,0.031,0.016,0.036,0.068,0.0,0.109,0.297,0.651,0.0,0.0,0.052,0.07,0.0,0.058,0.606,0.554,0.0,0.094,0.129,0.926,1.0,0.939,0.905,0.188,9
0.047,0.0,0.0,0.673,0.885,0.0,0.029,0.0,0.096,0.017,0.0,0.95,0.398,0.035,0.019,0.0,0.0,0.0,0.21,1.0,0.405,0.0,0.022,0.039,0.008,0.0,0.265,0.928,0.902,0.866,0.302,0.043,0.0,0.0,0.265,1.0,0.322,0.251,0.878,0.476,0.0,0.0,0.089,0.829,0.577,0.002,0.482,0.724,0.0,0.0,0.017,0.125,0.697,1.0,1.0,0.4,0.029,0.0,0.0,0.03,0.042,0.0,0.023,0.04,6
0.036,0.0,0.0,0.0,0.024,0.0,0.019,0.0,0.013,0.055,0.0,0.04,0.806,0.694,0.196,0.081,0.0,0.044,0.008,0.844,0.803,0.745,0.942,0.463,0.065,0.013,0.345,0.962,0.0,0.018,0.688,0.476,0.0,0.0,0.095,0.979,0.755,0.651,0.861,0.157,0.0,0.026,0.0,0.086,0.89,1.0,0.499,0.0,0.0,0.014,0.0,0.379,0.691,0.128,1.0,0.037,0.093,0.0,0.0,0.631,0.511,0.335,1.0,0.03,8
0.0,0.078,0.0,0.0,0.0,0.0,0.012,0.03,0.0,0.153,0.974,1.0,0.189,0.028,0.079,0.0,0.051,0.509,1.0,0.791,0.604,0.0,0.001,0.043,0.063,0.333,0.677,0.351,0.804,0.027,0.061,0.0,0.041,0.011,0.002,0.439,0.905,0.019,0.0,0.073,0.0,0.053,0.0,0.635,0.693,0.033,0.004,0.012,0.109,0.0,0.0,0.912,0.559,0.068,0.0,0.0,0.062,0.127,0.637,1.0,0.756,0.395,0.277,0.0,2
0.0,0.0,0.012,0.006,0.058,0.0,0.018,0.0,0.0,0.064,0.929,0.767,0.697,0.504,0.16,0.0,0.081,0.339,1.0,0.927,0.776,0.696,0.625,0.0,0.03,0.38,0.857,0.08,0.0,0.0,0.0,0.0,0.044,0.547,0.726,0.149,0.029,0.071,0.03,0.0,0.02,0.511,0.952,1.0,0.818,0.149,0.0,0.007,0.003,0.16,0.535,0.455,0.967,0.516,0.004,0.0,0.021,0.024,0.014,0.746,0.922,0.022,0.0,0.0,5
0.044,0.327,0.758,0.572,0.285,0.0,0.0,0.048,0.012,0.994,0.449,0.966,0.821,0.131,0.0,0.0,0.271,0.9,0.218,0.058,0.488,0.285,0.0,0.0,0.595,0.824,0.024,0.024,0.275,0.246,0.0,0.054,0.467,0.935,0.024,0.0,0.27,0.304,0.0,0.011,0.099,0.977,0.045,0.051,0.633,0.293,0.022,0.0,0.039,0.791,1.0,1.0,0.825,0.0,0.036,0.0,0.033,0.3,0.9,0.474,0.0,0.032,0.032,0.0,0
0.029,0.059,0.012,0.648,0.972,0.971,0.753,0.0,0.0,0.034,0.491,0.555,0.219,0.349,0.929,0.0,0.016,0.019,0.456,0.162,0.073,0.827,0.396,0.031,0.025,0.0,0.0,0.063,0.628,0.969,0.398,0.025,0.0,0.0,0.0,0.031,0.0,0.0,0.84,0.209,0.0,0.038,0.053,0.0,0.0,0.006,0.467,0.618,0.0,0.0,0.0,0.136,0.0,0.086,0.711,0.336,0.057,0.052,0.028,0.955,0.941,1.0,0.489,0.0,3
0.042,0.0,0.014,0.181,0.975,1.0,0.907,0.639,0.006,0.112,0.016,0.264,0.994,0.949,1.0,0.147,0.053,0.0,0.0,0.812,0.964,1.0,0.718,0.011,0.035,0.0,0.0,0.811,0.919,0.997,0.32,0.082,0.072,0.0,0.0,0.924,1.0,1.0,0.332,0.101,0.0,0.058,0.0,0.773,1.0,0.888,0.094,0.075,0.0,0.0,0.0,0.076,0.927,0.897,0.009,0.022,0.0,0.0,0.074,0.02,0.022,0.055,0.053,0.013,1
0.004,0.144,0.589,0.955,0.795,0.379,0.097,0.0,0.0,0.274,0.981,0.824,0.678,0.471,0.35,0.046,0.022,0.255,0.986,0.0,0.0,0.0,0.0,0.0,0.0,0.215,1.0,0.517,0.089,0.083,0.025,0.022,0.046,0.0,0.655,0.995,0.474,0.0,0.021,0.0,0.051,0.0,0.0,0.929,0.769,0.017,0.0,0.0,0.085,0.0,0.453,0.939,0.186,0.005,0.044,0.004,0.0,0.281,0.781,0.333,0.0,0.0,0.0,0.036,5
0.025,0.004,0.092,0.0,0.0,0.107,0.0,0.0,0.102,0.815,0.941,0.781,0.0,0.056,0.0,0.0,0.26,0.98,0.533,0.987,0.265,0.0,0.0,0.089,0.203,0.712,0.0,0.85,0.563,0.0,0.044,0.011,0.063,0.027,0.053,0.617,0.581,0.035,0.0,0.0,0.119,0.0,0.023,0.866,0.628,0.014,0.0,0.056,0.0,0.0,0.597,0.921,0.402,0.0,0.025,0.0,0.112,0.97,0.986,0.876,0.537,0.724,0.109,0.013,2
0.0,0.034,0.0,0.103,0.083,0.027,0.036,0.0,0.072,0.079,0.783,1.0,0.795,0.201,0.101,0.078,0.113,0.7,0.486,0.267,0.736,0.466,0.018,0.054,0.381,0.969,0.166,0.183,0.821,0.144,0.009,0.057,0.041,0.653,0.945,0.89,0.234,0.027,0.0,0.0,0.0,0.422,1.0,0.625,0.004,0.0,0.0,0.031,0.0,0.729,0.563,0.915,0.073,0.0,0.0,0.073,0.076,0.672,0.67,0.89,0.305,0.0,0.0,0.0,8
0.055,0.061,0.0,0.0,0.052,0.005,0.025,0.056,0.0,0.024,0.638,0.524,0.0,0.0,0.13,0.025,0.0,0.351,1.0,0.345,0.0,0.0,0.056,0.0,0.008,0.918,0.57,0.0,0.0,0.0,0.0,0.048,0.434,0.987,0.178,0.644,0.48,0.0,0.0,0.0,0.646,1.0,0.504,1.0,0.552,0.0,0.012,0.022,0.538,1.0,1.0,1.0,1.0,0.39,0.043,0.13,0.084,0.0,0.602,1.0,0.0,0.0,0.092,0.001,4
0.008,0.043,0.021,0.0,0.0,0.028,0.002,0.042,0.015,0.024,0.0,0.374,0.888,0.387,0.011,0.063,0.096,0.045,0.234,1.0,0.538,0.844,0.199,0.0,0.049,0.0,0.218,0.837,0.008,0.853,0.352,0.0,0.0,0.0,0.0,0.002,0.04,0.791,0.589,0.024,0.065,0.0,0.0,0.069,0.084,0.776,0.385,0.0,0.031,0.0,0.029,0.017,0.328,0.899,0.469,0.0,0.013,0.0,0.0,0.582,0.918,1.0,1.0,0.934,2
0.077,0.989,1.0,0.26,0.046,0.01,0.043,0.045,0.596,0.903,0.718,0.794,0.009,0.006,0.126,0.038,0.714,0.586,0.335,0.94,0.0,0.0,0.0,0.012,0.246,0.41,0.492,0.8,0.074,0.055,0.031,0.018,0.0,0.057,0.908,0.405,0.034,0.0,0.008,0.0,0.004,0.201,0.934,0.13,0.0,0.016,0.0,0.0,0.13,0.927,0.908,0.562,0.608,0.71,0.051,0.0,0.0,0.845,0.958,0.999,0.914,0.681,0.143,0.0,2
0.0,0.0,0.0,0.017,0.053,0.021,0.0,0.0,0.0,0.035,0.315,1.0,0.981,0.994,1.0,0.679,0.0,0.079,0.411,0.62,0.519,0.881,0.999,0.24,0.0,0.0,0.03,0.0,0.304,1.0,0.568,0.04,0.0,0.0,0.117,0.544,0.835,0.884,0.406,0.0,0.0,0.0,0.348,0.954,1.0,0.898,0.44,0.054,0.018,0.0,0.063,0.879,0.561,0.041,0.038,0.0,0.0,0.0,0.315,0.985,0.296,0.0,0.001,0.07,7
0.0,0.0,0.027,0.633,0.674,0.0,0.017,0.0,0.082,0.0,0.233,0.96,0.631,0.0,0.0,0.009,0.0,0.095,0.457,0.96,0.088,0.0,0.0,0.001,0.0,0.0,0.812,0.859,0.019,0.058,0.005,0.061,0.085,0.0,0.899,1.0,0.935,0.351,0.093,0.0,0.012,0.046,0.702,1.0,0.673,0.937,0.349,0.0,0.06,0.025,0.534,0.985,0.594,0.865,0.834,0.038,0.0,0.039,0.029,0.49,0.8,0.707,0.419,0.0,6
0.0,0.068,0.028,0.0,0.0,0.0,0.007,0.057,0.0,0.089,0.378,0.778,0.636,0.029,0.029,0.065,0.071,0.0,0.768,0.639,0.35,0.862,0.0,0.0,0.029,0.411,0.83,0.818,0.146,0.977,0.0,0.062,0.0,0.623,0.549,0.637,1.0,0.462,0.0,0.009,0.0,0.062,0.73,0.677,0.566,0.723,0.056,0.016,0.0,0.071,0.023,0.074,0.09,0.762,0.366,0.0,0.0,0.0,0.0,0.0,0.048,0.618,0.724,0.0,9
0.001,0.0,0.848,1.0,0.93,0.34,0.055,0.036,0.065,0.015,0.269,0.299,0.983,0.499,0.0,0.0,0.0,0.007,0.0,0.089,1.0,0.597,0.014,0.0,0.022,0.0,0.399,0.996,1.0,1.0,0.537,0.098,0.002,0.0,0.816,0.984,0.955,0.4,0.0,0.01,0.038,0.017,0.0,0.819,0.682,0.045,0.0,0.0,0.0,0.0,0.319,0.768,0.048,0.0,0.0,0.0,0.088,0.0,0.089,0.042,0.0,0.137,0.0,0.0,7
0.0,0.041,0.112,0.831,1.0,0.972,0.65,0.0,0.07,0.036,0.565,0.709,0.56,0.889,0.593,0.0,0.05,0.039,0.894,0.573,0.0,0.753,0.259,0.006,0.035,0.016,0.39,0.092,0.303,0.94,0.025,0.057,0.0,0.028,0.137,0.952,0.947,0.907,0.543,0.0,0.0,0.052,0.313,0.798,0.999,0.586,0.061,0.099,0.051,0.057,0.003,0.532,0.464,0.052,0.032,0.0,0.008,0.0,0.0,0.819,0.237,0.064,0.045,0.026,7
0.0,0.0,0.043,0.765,0.694,0.0,0.0,0.0,0.0,0.012,0.205,0.784,1.0,0.338,0.0,0.11,0.0,0.0,0.819,0.429,0.905,0.175,0.0,0.0,0.028,0.224,1.0,0.611,0.887,0.83,0.211,0.0,0.0,0.207,0.83,0.703,0.964,0.887,0.339,0.033,0.022,0.0,0.0,0.066,0.989,0.207,0.0,0.0,0.0,0.064,0.004,0.17,0.899,0.229,0.004,0.0,0.048,0.011,0.009,0.0,0.066,0.041,0.024,0.048,4
0.065,0.481,0.664,1.0,1.0,0.407,0.071,0.049,0.342,1.0,0.73,0.725,0.707,0.29,0.039,0.0,0.196,0.835,0.207,0.0,0.01,0.0,0.0,0.058,0.282,0.968,0.875,0.764,0.056,0.038,0.0,0.068,0.162,0.492,0.319,0.919,0.371,0.0,0.018,0.043,0.0,0.392,0.0,0.64,0.71,0.066,0.0,0.0,0.0,0.967,0.733,0.85,0.784,0.0,0.0,0.031,0.056,0.425,0.866,0.803,0.289,0.032,0.05,0.0,5
0.108,0.018,0.078,0.0,0.0,0.008,0.047,0.003,0.095,0.063,0.494,0.963,0.927,0.811,0.044,0.0,0.015,0.109,0.864,0.869,0.419,0.565,0.39,0.094,0.0,0.314,0.975,0.073,0.0,0.038,0.578,0.0,0.017,0.363,0.833,0.0,0.0,0.241,0.481,0.048,0.0,0.52,0.38,0.0,0.0,0.437,0.323,0.0,0.009,0.284,0.551,0.109,0.072,0.838,0.088,0.0,0.0,0.0,1.0,0.235,0.704,0.678,0.069,0.0,0
0.0,0.0,0.0,0.567,0.955,0.359,0.0,0.0,0.016,0.033,0.162,0.982,0.951,0.926,0.243,0.067,0.077,0.0,0.64,0.865,0.0,0.496,0.899,0.055,0.0,0.0,0.534,0.764,0.0,0.0,0.725,0.319,0.045,0.0,0.501,0.51,0.071,0.0,0.651,0.532,0.0,0.037,0.346,0.915,0.008,0.0,0.741,0.526,0.0,0.014,0.047,1.0,0.412,0.674,1.0,0.177,0.0,0.0,0.0,0.59,1.0,0.826,0.396,0.046,0
0.0,0.0,0.054,0.791,0.83,0.439,0.06,0.064,0.0,0.043,0.0,0.86,0.035,0.757,0.0,0.08,0.0,0.081,0.184,0.624,0.042,0.86,0.0,0.031,0.0,0.0,0.0,0.181,0.111,0.982,0.042,0.0,0.0,0.023,0.051,0.0,0.307,0.918,0.021,0.0,0.059,0.0,0.0,0.565,1.0,0.884,0.59,0.473,0.025,0.016,0.0,0.225,0.692,0.564,0.774,0.744,0.017,0.0,0.031,0.0,0.05,0.033,0.0,0.0,2
0.08,0.787,1.0,0.295,0.104,0.077,0.037,0.0,0.0,0.511,0.446,0.0,0.0,0.0,0.0,0.0,0.022,0.84,0.157,0.236,0.067,0.0,0.023,0.13,0.166,0.945,0.937,0.907,0.496,0.0,0.0,0.0,0.088,0.691,0.251,0.0,0.631,0.262,0.061,0.0,0.0,0.135,0.312,0.24,0.91,0.0,0.053,0.0,0.059,0.219,0.704,0.748,0.534,0.0,0.054,0.04,0.008,0.024,0.051,0.08,0.0,0.01,0.0,0.031,5
0.722,0.79,0.228,0.886,0.443,0.0,0.1,0.024,0.461,0.04,0.496,1.0,0.089,0.028,0.01,0.02,0.0,0.261,0.942,0.978,0.554,0.0,0.076,0.0,0.0,0.259,0.378,0.52,0.946,0.6,0.092,0.029,0.032,0.43,0.075,0.0,0.444,0.826,0.0,0.027,0.254,0.966,0.347,0.0,0.685,0.612,0.0,0.0,0.095,0.734,1.0,1.0,0.592,0.065,0.0,0.062,0.0,0.0,0.0,0.076,0.007,0.0,0.032,0.0,3
0.065,0.68,0.925,0.478,0.904,0.405,0.0,0.0,0.003,0.782,0.893,0.857,0.976,0.165,0.068,0.05,0.05,0.962,0.048,0.798,0.453,0.012,0.007,0.056,0.123,0.424,0.519,0.985,0.843,0.73,0.009,0.005,0.0,0.588,0.941,0.675,0.459,0.009,0.055,0.0,0.0,0.212,1.0,0.191,0.0,0.089,0.035,0.0,0.0,0.454,0.786,0.009,0.0,0.005,0.023,0.03,0.053,0.703,0.243,0.027,0.0,0.031,0.0,0.0,7
0.036,0.945,0.95,0.134,0.04,0.038,0.001,0.0,0.365,0.993,0.15,0.0,0.331,0.028,0.091,0.0,0.613,0.823,0.02,0.348,1.0,0.126,0.06,0.063,0.433,1.0,0.555,0.846,0.967,0.657,0.0,0.069,0.0,0.296,0.774,1.0,0.594,0.188,0.0,0.022,0.036,0.0,0.751,0.74,0.03,0.0,0.0,0.0,0.0,0.0,1.0,0.338,0.0,0.068,0.0,0.004,0.0,0.018,0.057,0.014,0.0,0.0,0.0,0.0,4
0.024,0.017,0.0,0.322,0.846,0.74,0.0,0.066,0.0,0.0,0.002,0.644,0.96,0.876,0.433,0.022,0.0,0.0,0.042,0.345,0.24,1.0,0.61,0.0,0.054,0.0,0.0,0.001,0.041,0.941,0.992,0.092,0.015,0.023,0.122,0.418,0.0,0.222,0.969,0.448,0.056,0.072,0.287,0.852,0.0,0.058,0.922,0.596,0.0,0.113,0.0,0.869,0.742,0.544,0.983,0.493,0.0,0.0,0.059,0.231,0.751,0.742,0.422,0.017,3
0.035,0.074,0.0,0.025,0.011,0.0,0.115,0.0,0.0,0.0,0.014,0.709,0.559,0.796,0.244,0.005,0.031,0.0,0.107,0.852,0.719,0.322,0.891,0.099,0.0,0.0,0.323,0.686,0.0,0.162,0.601,0.288,0.115,0.006,0.319,0.532,0.0,0.051,0.498,0.377,0.0,0.0,0.38,0.441,0.0,0.0,0.677,0.166,0.0,0.114,0.23,0.494,0.026,0.365,0.828,0.0,0.087,0.0,0.15,0.877,0.308,0.95,0.165,0.015,0
0.014,0.0,0.0,0.0,0.035,0.0,0.0,0.084,0.0,0.0,0.323,0.887,0.709,0.005,0.068,0.0,0.011,0.221,1.0,0.988,0.999,0.505,0.0,0.075,0.0,0.507,0.776,0.055,0.162,0.925,0.066,0.0,0.0,0.57,0.725,0.004,0.062,0.485,0.325,0.0,0.0,0.535,0.649,0.0,0.0,0.525,0.585,0.0,0.018,0.325,0.685,0.036,0.021,0.5,0.482,0.0,0.098,0.209,0.941,0.916,0.768,0.89,0.377,0.0,0
0.0,0.29,0.998,0.41,0.0,0.0,0.059,0.029,0.0,0.89,0.988,0.936,0.32,0.052,0.053,0.0,0.007,0.763,0.839,0.874,0.934,0.0,0.0,0.017,0.015,0.158,0.705,0.81,1.0,0.245,0.018,0.079,0.0,0.004,0.0,0.44,0.993,0.211,0.0,0.015,0.11,0.0,0.0,0.209,1.0,0.489,0.0,0.0,0.027,0.0,0.084,0.716,0.962,0.41,0.0,0.0,0.0,0.23,0.896,0.953,0.714,0.002,0.0,0.02,9
0.06,0.073,0.0,0.029,0.0,0.0,0.0,0.046,0.295,1.0,0.833,0.134,0.056,0.07,0.0,0.03,0.717,0.903,0.885,0.443,0.0,0.0,0.026,0.021,0.472,0.652,0.321,0.857,0.048,0.067,0.0,0.009,0.091,0.024,0.346,0.917,0.0,0.075,0.021,0.0,0.038,0.0,0.695,0.628,0.056,0.098,0.08,0.0,0.0,0.021,1.0,0.502,0.125,0.234,0.0,0.0,0.046,0.725,0.929,0.916,0.99,0.918,0.005,0.029,2
0.024,0.0,0.0,0.197,0.927,0.096,0.0,0.0,0.0,0.08,0.028,0.835,0.779,0.012,0.0,0.0,0.04,0.0,0.373,1.0,0.393,0.204,0.0,0.067,0.074,0.129,0.966,0.745,0.332,0.947,0.228,0.073,0.014,0.295,0.999,0.702,0.579,1.0,0.381,0.0,0.0,0.0,0.416,0.744,0.925,0.734,0.128,0.132,0.011,0.0,0.0,0.0,0.931,0.438,0.0,0.01,0.0,0.0,0.051,0.126,1.0,0.533,0.068,0.0,4
0.0,0.02,0.554,0.972,1.0,0.486,0.053,0.0,0.04,0.36,0.762,0.117,0.005,1.0,0.014,0.0,0.0,0.0,0.0,0.0,0.478,0.85,0.0,0.024,0.0,0.005,0.0,0.664,0.956,0.233,0.0,0.004,0.036,0.077,0.054,0.458,0.946,0.278,0.0,0.075,0.0,0.0,0.064,0.0,0.283,0.835,0.162,0.0,0.031,0.064,0.447,0.291,0.164,0.807,0.076,0.0,0.044,0.0,0.597,0.954,0.935,0.656,0.0,0.099,3
0.0,0.0,0.012,0.294,0.823,0.074,0.073,0.0,0.0,0.082,0.0,0.463,0.932,0.172,0.0,0.0,0.0,0.03,0.054,0.928,0.994,0.262,0.052,0.0,0.0,0.017,0.563,0.978,1.0,0.103,0.0,0.04,0.112,0.097,1.0,0.89,0.939,0.266,0.089,0.0,0.007,0.729,1.0,0.916,0.969,1.0,0.618,0.012,0.0,0.335,0.586,0.782,1.0,0.323,0.003,0.025,0.0,0.013,0.09,0.082,1.0,0.159,0.04,0.0,4
0.135,0.967,0.943,0.708,0.693,0.391,0.047,0.0,0.0,0.16,0.187,0.224,0.919,0.475,0.0,0.0,0.0,0.0,0.068,0.706,0.646,0.0,0.0,0.032,0.0,0.0,0.295,1.0,0.202,0.0,0.065,0.034,0.0,0.0,0.0,0.818,0.708,0.0,0.037,0.021,0.0,0.0,0.0,0.497,0.891,0.0,0.127,0.079,0.064,0.178,0.466,0.944,0.255,0.0,0.035,0.02,0.213,1.0,0.894,0.34,0.0,0.0,0.054,0.0,3
0.038,0.0,0.0,0.058,0.0,0.071,0.0,0.004,0.048,0.087,0.693,0.985,0.437,0.0,0.057,0.0,0.0,0.323,0.991,0.799,0.242,0.057,0.003,0.012,0.0,0.928,0.865,0.035,0.0,0.034,0.05,0.013,0.165,0.963,0.943,0.447,0.558,0.0,0.0,0.011,0.273,0.937,0.944,0.849,0.917,0.485,0.03,0.0,0.256,1.0,0.694,0.135,0.685,0.776,0.01,0.0,0.0,0.655,1.0,0.856,0.847,0.95,0.11,0.045,6
0.017,0.056,0.0,0.212,0.704,0.966,0.838,0.384,0.0,0.053,0.173,0.953,0.369,0.0,0.358,0.759,0.021,0.0,0.071,0.356,0.021,0.188,0.849,0.161,0.039,0.002,0.04,0.0,0.0,0.992,0.356,0.0,0.073,0.016,0.0,0.0,0.031,0.577,0.718,0.0,0.067,0.05,0.034,0.187,0.065,0.006,0.838,0.237,0.026,0.0,0.197,1.0,0.448,0.0,0.735,0.292,0.103,0.0,0.0,0.243,0.807,0.919,0.812,0.103,3
0.067,0.282,0.864,1.0,0.925,0.072,0.017,0.042,0.477,1.0,0.852,0.764,0.928,0.138,0.025,0.019,0.206,0.512,0.055,0.559,1.0,0.104,0.0,0.018,0.05,0.026,0.048,0.508,1.0,0.298,0.0,0.011,0.0,0.0,0.028,0.511,1.0,0.336,0.0,0.0,0.016,0.0,0.0,0.538,0.983,0.56,0.043,0.041,0.002,0.068,0.02,0.786,1.0,0.483,0.0,0.058,0.053,0.005,0.033,0.017,0.0,0.043,0.074,0.042,1
0.054,0.065,0.081,0.046,0.017,0.0,0.0,0.044,0.04,0.038,0.011,0.0,0.0,0.363,0.8,0.26,0.0,0.0,0.0,0.015,0.063,0.926,1.0,0.536,0.0,0.0,0.015,0.085,0.811,1.0,1.0,0.23,0.02,0.025,0.032,0.696,1.0,1.0,1.0,0.0,0.027,0.031,0.544,1.0,0.138,0.939,0.857,0.021,0.0,0.042,0.074,0.227,0.0,1.0,0.798,0.0,0.0,0.062,0.091,0.031,0.016,0.973,0.812,0.0,1
0.034,0.03,0.628,0.973,1.0,0.82,0.0,0.004,0.023,0.028,0.75,1.0,0.934,0.513,0.031,0.082,0.139,0.0,0.523,1.0,1.0,0.788,0.084,0.0,0.0,0.122,0.7,0.954,1.0,0.678,0.0,0.03,0.045,0.013,1.0,0.951,0.951,0.565,0.039,0.0,0.087,0.0,0.897,1.0,1.0,0.484,0.0,0.079,0.042,0.0,0.083,0.701,0.631,0.328,0.0,0.079,0.063,0.0,0.0,0.0,0.018,0.042,0.033,0.0,1
0.0,0.573,0.509,0.011,0.0,0.018,0.008,0.0,0.142,0.834,0.046,0.022,0.095,0.085,0.0,0.005,0.216,0.762,0.048,0.0,0.0,0.0,0.0,0.0,0.32,0.694,0.671,1.0,0.837,0.055,0.0,0.0,0.081,1.0,0.733,0.286,0.385,0.644,0.045,0.0,0.0,0.927,0.474,0.04,0.768,0.461,0.0,0.074,0.0,0.187,0.685,1.0,0.485,0.0,0.005,0.071,0.023,0.0,0.052,0.0,0.036,0.0,0.044,0.067,6
0.0,0.014,0.1,0.201,0.721,0.567,0.06,0.0,0.0,0.0,0.0,0.913,1.0,1.0,0.972,0.158,0.045,0.0,0.175,0.928,0.191,0.057,0.7,0.322,0.0,0.024,0.412,0.531,0.011,0.0,0.38,0.511,0.027,0.115,0.48,0.539,0.047,0.021,0.31,0.508,0.0,0.0,0.297,0.722,0.0,0.0,0.629,0.33,0.051,0.031,0.0,0.955,0.603,0.604,0.898,0.191,0.038,0.052,0.0,0.17,0.653,0.9,0.455,0.0,0
0.069,0.0,0.0,0.021,0.042,0.01,0.031,0.043,0.025,0.0,0.008,0.07,0.883,0.248,0.0,0.0,0.028,0.04,0.0,0.332,0.946,0.101,0.063,0.0,0.044,0.0,0.0,0.695,0.488,0.004,0.008,0.012,0.0,0.053,0.0,0.931,0.376,0.026,0.0,0.041,0.017,0.0,0.0,1.0,0.838,0.918,0.933,0.554,0.0,0.034,0.0,0.91,0.857,0.351,0.272,0.935,0.015,0.0,0.038,0.513,0.909,0.264,0.282,0.952,6
0.028,0.265,0.901,0.896,0.949,0.238,0.0,0.0,0.019,0.67,0.903,0.804,0.866,0.951,0.0,0.0,0.086,0.259,0.258,0.0,0.938,0.84,0.115,0.039,0.0,0.031,0.484,1.0,1.0,0.982,0.552,0.0,0.056,0.045,0.985,0.915,0.666,0.063,0.058,0.03,0.022,0.0,0.681,0.802,0.027,0.0,0.108,0.0,0.011,0.234,0.986,0.268,0.099,0.005,0.076,0.0,0.0,0.259,0.889,0.061,0.0,0.001,0.0,0.077,7
0.0,0.0,0.03,0.694,0.524,0.269,0.429,0.538,0.0,0.0,0.256,0.777,0.259,0.0,0.477,0.259,0.08,0.0,0.219,0.974,0.582,0.424,0.681,0.0,0.049,0.038,0.0,0.114,0.988,0.701,0.0,0.002,0.0,0.075,0.055,0.596,0.829,0.699,0.108,0.0,0.0,0.026,0.03,0.768,0.624,1.0,0.123,0.043,0.0,0.0,0.0,0.234,0.714,0.991,0.204,0.003,0.124,0.014,0.0,0.025,0.0,0.024,0.0,0.0,8
0.035,0.0,0.0,0.274,0.966,0.735,0.036,0.075,0.009,0.0,0.336,0.926,0.972,0.649,0.015,0.033,0.035,0.536,0.97,1.0,0.991,0.281,0.082,0.005,0.0,0.883,0.684,0.646,0.906,0.132,0.073,0.0,0.0,0.0,0.082,0.408,0.919,0.0,0.0,0.075,0.0,0.033,0.054,0.478,0.999,0.081,0.0,0.0,0.0,0.021,0.007,0.541,0.941,0.075,0.0,0.085,0.032,0.0,0.0,0.267,1.0,0.281,0.01,0.011,1
0.0,0.0,0.0,0.579,0.892,0.994,1.0,0.034,0.093,0.043,0.389,0.979,0.501,0.336,0.919,0.506,0.021,0.011,0.0,0.017,0.046,0.394,0.974,0.252,0.0,0.06,0.0,0.0,0.0,1.0,0.133,0.0,0.039,0.0,0.047,0.047,0.005,0.994,0.261,0.035,0.0,0.051,0.02,0.0,0.004,0.49,0.758,0.003,0.007,0.069,0.0,0.856,0.143,0.562,0.867,0.0,0.015,0.053,0.004,0.658,1.0,0.748,0.231,0.045,3
0.0,0.014,0.085,0.505,1.0,0.959,0.001,0.035,0.047,0.0,0.278,0.844,0.177,0.997,0.0,0.0,0.023,0.0,0.0,0.0,0.006,0.943,0.013,0.039,0.0,0.028,0.0,0.107,0.394,0.886,0.392,0.113,0.0,0.001,0.0,0.817,1.0,0.857,0.762,0.532,0.0,0.0,0.0,0.569,1.0,0.178,0.118,0.033,0.0,0.0,0.0,0.327,0.957,0.058,0.0,0.011,0.012,0.139,0.139,0.858,0.472,0.0,0.0,0.011,7
0.0,0.043,0.008,0.022,0.0,0.0,0.0,0.034,0.006,0.053,0.763,0.799,0.858,0.459,0.055,0.001,0.0,0.016,0.531,0.572,1.0,0.998,0.169,0.0,0.087,0.001,0.02,0.182,1.0,0.638,0.0,0.028,0.0,0.0,0.0,0.36,1.0,0.354,0.018,0.02,0.0,0.015,0.0,0.275,1.0,0.653,0.034,0.042,0.0,0.071,0.009,0.0,0.402,1.0,0.417,0.0,0.0,0.013,0.241,0.526,0.878,0.761,0.049,0.0,3
0.0,0.0,0.0,0.0,0.0,0.0,0.045,0.0,0.024,0.001,0.025,0.184,0.741,0.861,0.343,0.0,0.003,0.0,0.0,0.86,0.754,0.67,0.824,0.0,0.0,0.029,0.154,1.0,0.209,0.065,0.908,0.35,0.062,0.0,0.192,0.797,0.01,0.056,0.521,0.39,0.0,0.0,0.302,0.537,0.0,0.022,0.316,0.555,0.0,0.0,0.164,0.668,0.039,0.0,0.778,0.443,0.0,0.0,0.0,0.503,0.762,0.523,1.0,0.227,0
0.0,0.0,0.165,0.562,0.847,0.982,0.712,0.117,0.062,0.0,0.626,0.833,0.474,0.629,0.752,0.026,0.0,0.0,0.008,0.034,0.038,0.787,0.591,0.0,0.019,0.0,0.0,0.038,0.284,0.925,0.197,0.0,0.0,0.0,0.0,0.015,0.778,0.664,0.0,0.109,0.043,0.032,0.003,0.284,0.949,0.02,0.0,0.0,0.035,0.0,0.077,0.951,0.971,0.823,0.974,0.576,0.0,0.011,0.0,1.0,0.76,0.477,0.207,0.027,2
0.0,0.0,0.0,0.035,0.044,0.0,0.01,0.0,0.019,0.414,0.964,0.266,0.119,0.0,0.0,0.101,0.006,0.89,0.718,0.815,0.289,0.047,0.0,0.0,0.0,0.637,0.462,0.498,0.819,0.006,0.0,0.0,0.0,0.308,1.0,0.993,1.0,0.014,0.0,0.003,0.001,0.0,0.0,0.023,0.909,0.376,0.068,0.045,0.022,0.0,0.02,0.001,0.666,0.79,0.023,0.034,0.039,0.105,0.714,0.0,0.695,0.761,0.066,0.0,9
0.0,0.059,0.93,1.0,0.068,0.074,0.0,0.0,0.0,0.557,1.0,1.0,0.133,0.0,0.051,0.0,0.136,0.958,0.919,0.993,0.0,0.0,0.014,0.107,0.564,1.0,1.0,0.937,0.956,0.487,0.028,0.054,0.426,0.933,0.956,0.912,0.414,0.33,0.018,0.0,0.008,0.0,0.746,0.826,0.045,0.071,0.001,0.005,0.091,0.057,0.452,0.955,0.049,0.0,0.047,0.056,0.008,0.016,0.096,0.0,0.02,0.0,0.0,0.0,4
0.037,0.0,0.07,0.354,0.802,0.981,0.322,0.0,0.014,0.0,0.465,0.867,0.851,1.0,0.536,0.037,0.028,0.031,0.0,0.113,0.849,0.501,0.0,0.025,0.0,0.0,0.011,0.771,1.0,0.089,0.023,0.0,0.011,0.078,0.001,0.093,0.738,0.998,0.766,0.0,0.041,0.0,0.004,0.0,0.0,0.286,0.856,0.478,0.005,0.0,0.0,0.088,0.239,0.29,0.896,0.412,0.0,0.0,0.0,0.352,1.0,0.879,0.54,0.0,3
0.047,0.054,0.0,0.046,0.03,0.053,0.0,0.0,0.0,0.057,0.069,0.113,0.826,0.07,0.002,0.002,0.0,0.0,0.038,0.482,0.902,0.071,0.032,0.0,0.016,0.099,0.08,0.821,0.36,0.0,0.0,0.016,0.013,0.054,0.096,1.0,0.171,0.107,0.022,0.043,0.09,0.0,0.119,1.0,0.388,0.994,0.884,0.349,0.019,0.0,0.11,1.0,0.849,0.227,0.139,0.629,0.0,0.0,0.0,0.407,0.502,0.0,0.554,0.776,6
0.0,0.0,0.0,0.06,0.045,0.0,0.084,0.006,0.0,0.045,0.051,0.0,0.545,0.78,0.163,0.08,0.003,0.063,0.026,0.467,0.92,0.733,0.896,0.203,0.036,0.096,0.0,0.721,0.525,0.0,0.937,0.297,0.025,0.0,0.19,0.831,0.083,0.0,0.626,0.433,0.0,0.029,0.54,0.532,0.006,0.008,0.815,0.324,0.009,0.0,0.201,0.999,0.322,0.538,1.0,0.351,0.0,0.0,0.0,0.857,0.884,1.0,0.968,0.084,0
0.013,0.0,0.056,0.0,0.033,0.0,0.0,0.0,0.0,0.072,0.246,0.997,0.81,0.801,0.201,0.007,0.002,0.0,0.685,0.901,0.935,0.93,0.0,0.0,0.0,0.0,1.0,0.949,0.903,0.508,0.0,0.013,0.0,0.269,0.967,1.0,0.945,0.222,0.0,0.0,0.0,0.106,1.0,0.999,0.534,0.0,0.0,0.006,0.0,0.018,1.0,1.0,0.212,0.082,0.0,0.0,0.0,0.062,0.657,0.939,0.226,0.0,0.0,0.056,1
0.0,0.05,0.028,0.0,0.042,0.033,0.0,0.0,0.013,0.0,0.756,0.24,0.0,0.0,0.0,0.0,0.0,0.209,0.913,0.477,0.01,0.039,0.0,0.0,0.0,0.448,0.959,0.585,0.037,0.0,0.0,0.0,0.0,0.973,0.945,0.524,0.297,0.011,0.008,0.0,0.0,0.928,0.977,1.0,0.926,0.148,0.0,0.003,0.109,1.0,0.79,0.259,0.71,0.668,0.004,0.01,0.0,0.676,0.802,0.563,0.925,0.659,0.003,0.073,6
0.0,0.017,0.017,0.559,0.954,0.79,0.094,0.0,0.0,0.0,0.065,1.0,0.6,0.672,0.811,0.116,0.0,0.034,0.201,0.948,0.021,0.667,1.0,0.321,0.004,0.064,0.0,0.681,0.965,1.0,0.887,0.573,0.0,0.003,0.047,0.055,0.161,0.095,0.646,0.859,0.061,0.075,0.0,0.277,0.243,0.055,0.518,0.736,0.023,0.0,0.0,1.0,0.688,0.053,0.837,0.496,0.03,0.028,0.0,0.498,0.881,1.0,0.911,0.05,9
0.0,0.799,0.952,0.38,0.0,0.063,0.042,0.002,0.056,0.851,0.588,0.227,0.033,0.028,0.0,0.109,0.291,0.964,0.806,0.99,0.665,0.056,0.005,0.032,0.269,0.969,0.925,0.804,0.757,0.796,0.0,0.045,0.063,0.96,0.385,0.151,0.502,1.0,0.172,0.0,0.0,0.742,0.675,0.538,0.952,0.662,0.0,0.0,0.035,0.11,0.872,0.897,0.735,0.0,0.0,0.02,0.018,0.0,0.045,0.0,0.0,0.0,0.049,0.04,6
0.023,0.0,0.0,0.0,0.086,0.0,0.0,0.085,0.083,0.045,0.0,0.147,0.818,0.388,0.06,0.0,0.0,0.021,0.137,0.877,0.684,0.029,0.031,0.0,0.0,0.0,0.725,0.73,0.021,0.125,0.127,0.0,0.0,0.391,0.986,0.284,0.124,0.959,0.615,0.0,0.048,0.59,0.9,0.079,0.377,1.0,0.451,0.0,0.0,0.964,0.993,0.971,0.976,1.0,0.021,0.0,0.11,0.294,0.686,0.695,0.889,0.651,0.0,0.05,4
0.0,0.0,0.0,0.0,0.745,0.628,0.042,0.063,0.0,0.013,0.0,0.282,1.0,0.328,0.0,0.0,0.0,0.02,0.0,0.927,0.387,0.112,0.878,0.042,0.0,0.0,0.41,0.995,0.142,0.6,0.939,0.719,0.047,0.054,0.55,1.0,0.588,1.0,0.931,0.401,0.0,0.0,0.315,0.963,0.953,1.0,0.0,0.0,0.014,0.0,0.0,0.193,0.748,0.81,0.0,0.081,0.0,0.107,0.0,0.0,0.705,0.77,0.0,0.086,4
0.015,0.017,0.055,0.066,0.029,0.038,0.059,0.058,0.203,0.962,0.995,0.795,0.114,0.042,0.043,0.0,0.642,0.915,0.522,1.0,0.379,0.038,0.0,0.0,0.079,0.108,0.0,1.0,0.359,0.0,0.0,0.0,0.039,0.072,0.613,1.0,0.116,0.007,0.0,0.028,0.034,0.566,1.0,0.122,0.0,0.021,0.0,0.0,0.122,1.0,0.454,0.01,0.004,0.0,0.0,0.0,0.307,1.0,0.765,0.663,0.454,0.19,0.009,0.0,2
0.079,0.007,0.776,0.763,0.014,0.129,0.0,0.071,0.0,0.143,1.0,0.061,0.0,0.0,0.032,0.0,0.076,0.019,0.913,0.829,0.958,0.974,0.129,0.049,0.0,0.356,1.0,0.825,0.299,1.0,0.354,0.044,0.0,0.041,0.808,0.133,0.0,0.905,0.42,0.07,0.0,0.041,0.004,0.195,0.787,0.831,0.098,0.0,0.0,0.0,0.059,0.711,0.609,0.009,0.023,0.0,0.0,0.0,0.062,0.074,0.034,0.004,0.013,0.05,5
0.016,0.0,0.454,0.479,0.487,0.44,0.252,0.014,0.036,0.0,0.679,0.804,0.794,0.809,0.323,0.0,0.0,0.015,0.761,0.001,0.003,0.018,0.026,0.0,0.043,0.268,0.901,0.743,0.555,0.152,0.0,0.061,0.0,0.162,0.507,0.416,0.471,0.994,0.083,0.0,0.0,0.005,0.069,0.0,0.041,0.413,0.444,0.0,0.047,0.038,0.384,0.085,0.115,0.782,0.24,0.022,0.009,0.022,0.487,0.987,1.0,0.297,0.042,0.031,5
0.0,0.098,0.341,0.972,1.0,0.795,0.892,0.0,0.026,0.0,0.718,0.656,0.424,0.876,0.778,0.0,0.019,0.019,0.208,0.844,0.897,0.821,0.146,0.0,0.0,0.0,0.0,0.803,0.928,0.407,0.026,0.048,0.0,0.0,0.0,1.0,0.791,0.63,0.028,0.082,0.027,0.02,0.0,0.792,0.672,0.962,0.0,0.0,0.072,0.0,0.0,0.199,0.876,0.864,0.026,0.118,0.006,0.001,0.0,0.0,0.149,0.0,0.043,0.0,8
0.0,0.014,0.0,0.0,0.0,0.063,0.04,0.0,0.0,0.084,0.946,0.914,0.283,0.029,0.0,0.014,0.0,0.669,0.647,0.932,0.59,0.005,0.0,0.0,0.056,0.135,0.011,0.605,0.544,0.009,0.02,0.0,0.037,0.027,0.191,0.93,0.139,0.0,0.049,0.036,0.0,0.0,1.0,0.967,0.878,0.342,0.0,0.0,0.039,0.01,0.501,0.84,0.36,0.116,0.043,0.041,0.048,0.0,0.56,0.494,0.034,0.0,0.038,0.021,7
0.049,0.0,0.09,0.748,0.629,0.0,0.0,0.043,0.026,0.0,0.102,1.0,0.143,0.073,0.013,0.0,0.0,0.0,0.511,0.756,0.078,0.239,0.39,0.0,0.0,0.042,0.389,0.999,0.977,0.953,0.989,0.602,0.0,0.103,0.043,0.946,0.81,0.0,0.299,0.778,0.0,0.052,0.006,0.625,0.887,0.332,0.57,0.955,0.045,0.0,0.0,0.087,0.764,1.0,0.93,0.311,0.0,0.0,0.0,0.0,0.015,0.066,0.022,0.0,6
0.0,0.002,0.195,1.0,0.17,0.0,0.0,0.0,0.05,0.0,0.644,0.798,0.308,0.488,0.013,0.005,0.031,0.109,1.0,0.373,0.574,0.97,0.0,0.073,0.172,0.765,0.848,0.267,1.0,0.559,0.033,0.0,0.711,0.969,0.949,0.937,1.0,0.46,0.016,0.016,0.344,0.363,0.329,0.789,1.0,0.04,0.041,0.004,0.07,0.025,0.054,0.793,0.746,0.0,0.005,0.09,0.033,0.106,0.23,0.961,0.307,0.02,0.036,0.028,4
0.0,0.0,0.068,0.0,0.046,0.045,0.0,0.0,0.0,0.026,0.036,0.144,0.667,0.763,0.248,0.0,0.0,0.0,0.213,0.981,0.804,0.91,0.597,0.129,0.004,0.016,0.579,0.786,0.0,0.758,0.993,0.106,0.038,0.009,0.32,0.934,0.93,0.867,0.871,0.353,0.018,0.0,0.054,0.289,0.439,0.034,0.679,0.46,0.0,0.0,0.026,0.467,0.031,0.0,0.566,0.536,0.014,0.0,0.119,1.0,0.711,0.448,0.969,0.426,9
0.011,0.043,0.0,0.01,0.0,0.0,0.02,0.0,0.0,0.191,1.0,0.211,0.0,0.0,0.0,0.0,0.002,0.613,1.0,0.09,0.04,0.108,0.0,0.031,0.0,1.0,0.639,0.0,0.0,0.043,0.027,0.0,0.396,0.956,0.224,0.0,0.01,0.0,0.089,0.081,0.685,0.992,0.658,0.959,0.844,0.238,0.0,0.04,0.423,1.0,1.0,0.692,0.787,0.895,0.0,0.0,0.077,1.0,0.71,0.29,0.989,0.73,0.061,0.065,6
0.156,0.961,0.609,0.585,0.969,0.522,0.015,0.0,0.023,0.104,0.034,0.462,1.0,0.219,0.0,0.007,0.211,0.507,0.668,0.97,0.972,0.583,0.073,0.0,0.439,0.961,0.979,0.992,0.658,0.237,0.007,0.0,0.037,0.108,1.0,0.321,0.067,0.0,0.0,0.049,0.009,0.515,0.976,0.082,0.001,0.0,0.0,0.0,0.057,0.81,0.57,0.0,0.0,0.0,0.057,0.0,0.025,0.0,0.008,0.0,0.0,0.024,0.006,0.087,7
0.0,0.234,1.0,1.0,0.209,0.0,0.042,0.084,0.034,0.401,0.98,1.0,0.457,0.05,0.0,0.0,0.076,0.653,0.953,0.979,0.262,0.075,0.032,0.024,0.0,0.3,0.9,0.939,0.346,0.005,0.083,0.115,0.026,0.0,0.837,0.977,0.0,0.0,0.0,0.0,0.0,0.066,0.869,0.719,0.0,0.0,0.064,0.051,0.004,0.02,0.689,0.671,0.0,0.0,0.042,0.0,0.049,0.0,0.0,0.0,0.039,0.004,0.039,0.007,1
0.0,0.0,0.791,0.758,0.987,1.0,0.0,0.044,0.0,0.093,1.0,0.149,0.855,1.0,0.269,0.013,0.0,0.116,0.918,0.613,0.947,0.886,0.315,0.01,0.09,0.006,0.155,0.475,0.276,0.676,0.571,0.059,0.0,0.0,0.14,0.039,0.042,0.695,0.584,0.0,0.0,0.009,0.837,0.881,0.215,0.658,0.552,0.01,0.0,0.004,0.198,0.552,0.656,0.878,0.513,0.083,0.058,0.0,0.026,0.048,0.068,0.0,0.059,0.0,9
0.02,0.381,0.687,0.273,0.275,0.919,0.546,0.0,0.0,0.0,0.01,0.386,0.889,0.712,0.018,0.092,0.0,0.0,0.205,0.959,0.509,0.0,0.0,0.0,0.0,0.0,0.267,0.945,0.384,0.065,0.0,0.022,0.001,0.021,0.0,0.651,0.917,0.162,0.0,0.0,0.0,0.0,0.11,0.432,0.952,0.141,0.0,0.0,0.01,0.019,0.904,0.963,0.429,0.07,0.002,0.0,0.05,0.031,0.047,0.024,0.0,0.05,0.0,0.04,3
0.023,0.014,0.0,0.002,0.0,0.05,0.0,0.0,0.0,0.021,0.011,0.236,0.719,0.895,0.645,0.15,0.0,0.0,0.0,0.689,0.929,0.503,0.777,0.478,0.0,0.009,0.436,0.936,0.088,0.259,1.0,0.183,0.0,0.0,0.0,0.646,0.989,0.932,0.26,0.0,0.053,0.101,0.079,0.089,0.825,1.0,0.902,0.094,0.0,0.02,0.076,0.118,0.742,0.0,0.683,0.347,0.055,0.0,0.015,0.253,0.696,0.157,0.614,0.354,8
0.147,0.106,0.0,0.055,0.065,0.041,0.0,0.067,0.06,0.605,0.923,0.96,0.287,0.0,0.0,0.0,0.0,0.911,0.545,0.392,0.999,0.14,0.056,0.038,0.0,0.554,0.417,0.067,0.846,0.347,0.07,0.084,0.004,0.023,0.055,0.028,0.848,0.543,0.0,0.032,0.0,0.0,0.006,0.231,0.879,0.122,0.0,0.032,0.0,0.082,0.0,0.816,0.737,0.0,0.0,0.0,0.006,0.059,0.55,1.0,0.65,0.492,0.0,0.086,2
0.039,0.041,0.02,0.0,0.0,0.0,0.0,0.0,0.048,0.0,0.0,0.259,0.744,0.761,0.954,0.0,0.018,0.0,0.0,0.873,0.742,0.816,1.0,0.338,0.104,0.051,0.019,0.972,0.619,0.917,0.724,0.148,0.031,0.055,0.001,0.321,0.704,0.684,0.675,0.391,0.007,0.0,0.108,0.0,0.009,0.0,0.523,0.448,0.0,0.003,0.005,0.022,0.028,0.009,0.539,0.433,0.0,0.068,0.404,0.865,0.273,0.01,0.867,0.3,9
0.0,0.019,0.0,0.145,0.378,0.724,0.25,0.0,0.0,0.104,0.182,1.0,0.791,0.65,0.684,0.0,0.03,0.009,0.83,0.545,0.0,0.742,0.552,0.046,0.091,0.004,0.401,0.399,0.0,0.989,0.306,0.0,0.0,0.038,0.101,0.034,0.134,0.866,0.43,0.005,0.037,0.012,0.0,0.0,0.017,0.063,0.836,0.532,0.0,0.043,0.062,0.358,0.597,0.28,0.0,0.898,0.004,0.05,0.097,0.125,0.637,0.935,1.0,0.933,3
0.044,0.051,0.022,0.038,0.0,0.0,0.0,0.0,0.227,0.893,0.995,0.994,1.0,0.214,0.0,0.066,0.202,0.909,0.966,0.51,0.494,0.128,0.028,0.0,0.0,0.959,0.867,0.088,0.0,0.0,0.019,0.021,0.0,0.31,0.967,0.539,0.0,0.0,0.0,0.0,0.023,0.025,0.892,1.0,0.016,0.009,0.0,0.0,0.089,0.0,0.625,0.994,0.326,0.0,0.0,0.062,0.218,0.588,0.696,0.979,0.168,0.0,0.0,0.0,5
0.0,0.031,0.0,0.037,0.0,0.009,0.025,0.006,0.042,0.0,0.003,0.28,0.84,0.885,1.0,0.977,0.006,0.0,0.031,0.617,0.994,0.814,0.771,0.955,0.0,0.0,0.0,0.034,0.03,0.003,0.79,0.745,0.009,0.0,0.0,0.061,0.0,0.249,0.935,0.118,0.078,0.0,0.032,0.875,0.87,1.0,0.962,0.289,0.024,0.0,0.0,0.856,1.0,1.0,0.593,0.117,0.044,0.0,0.052,0.091,1.0,0.399,0.0,0.0,7
0.064,0.018,0.0,0.0,0.0,0.04,0.0,0.035,0.0,0.075,0.929,0.507,0.507,0.358,0.026,0.0,0.0,0.29,0.981,1.0,0.974,0.8,0.109,0.041,0.023,0.287,1.0,0.554,0.187,0.031,0.0,0.034,0.0,0.143,1.0,1.0,0.85,0.218,0.017,0.0,0.023,0.0,0.491,0.324,0.64,0.534,0.021,0.047,0.0,0.031,0.0,0.084,0.852,0.567,0.0,0.0,0.0,0.0,0.319,0.87,0.905,0.203,0.063,0.025,5
0.042,0.0,0.382,0.799,0.571,0.728,0.339,0.0,0.0,0.0,0.256,0.121,0.0,0.524,0.412,0.0,0.062,0.0,0.0,0.015,0.093,0.83,0.142,0.052,0.0,0.003,0.0,0.023,0.52,0.429,0.003,0.038,0.0,0.061,0.0,0.256,0.736,0.0,0.216,0.331,0.017,0.0,0.0,0.578,0.808,0.592,0.948,0.712,0.0,0.055,0.003,0.469,1.0,0.597,0.493,0.018,0.003,0.0,0.0,0.078,0.0,0.018,0.0,0.0,2
0.256,0.591,0.459,0.827,0.757,0.045,0.025,0.083,0.05,0.018,0.0,0.874,0.553,0.0,0.0,0.001,0.072,0.701,0.889,1.0,0.955,0.492,0.052,0.044,0.053,0.928,1.0,0.931,0.41,0.151,0.0,0.0,0.055,0.314,0.963,0.347,0.091,0.0,0.105,0.089,0.09,1.0,0.589,0.0,0.0,0.006,0.0,0.033,0.155,0.976,0.423,0.0,0.046,0.0,0.022,0.0,0.031,0.001,0.109,0.024,0.0,0.0,0.015,0.001,7
0.101,0.0,0.008,0.104,0.06,0.059,0.0,0.0,0.0,0.065,0.151,0.809,1.0,0.966,0.957,0.0,0.0,0.017,0.43,1.0,0.536,0.295,0.183,0.073,0.054,0.0,0.628,0.955,0.139,0.051,0.073,0.0,0.059,0.0,0.772,0.969,0.504,0.54,0.02,0.0,0.0,0.006,0.066,0.83,1.0,1.0,0.981,0.303,0.0,0.0,0.019,0.098,0.037,0.0,0.826,0.873,0.062,0.0,0.0,0.11,0.351,0.679,1.0,0.6,5
0.0,0.075,0.011,0.012,0.093,0.0,0.015,0.0,0.0,0.067,0.204,0.903,1.0,0.825,0.007,0.111,0.017,0.058,0.977,1.0,1.0,0.624,0.0,0.0,0.03,0.311,1.0,1.0,0.816,0.107,0.0,0.0,0.0,0.241,1.0,0.951,0.538,0.0,0.025,0.042,0.0,0.0,0.808,0.744,0.702,0.0,0.076,0.012,0.011,0.114,0.852,1.0,1.0,0.191,0.013,0.031,0.0,0.033,0.66,1.0,0.964,0.788,0.0,0.003,1
0.034,0.521,1.0,0.759,0.095,0.027,0.056,0.038,0.074,1.0,1.0,0.28,0.034,0.022,0.0,0.0,0.262,0.972,0.711,0.035,0.0,0.0,0.0,0.0,0.281,1.0,0.883,0.233,0.039,0.031,0.062,0.0,0.232,0.959,0.9,0.97,1.0,0.386,0.0,0.069,0.0,0.903,1.0,1.0,1.0,0.828,0.0,0.019,0.002,0.273,0.691,0.925,0.933,0.392,0.008,0.0,0.017,0.009,0.102,0.0,0.0,0.096,0.0,0.037,6
0.0,0.073,0.847,0.589,0.576,0.913,0.09,0.0,0.0,0.0,0.14,0.308,0.977,0.867,0.0,0.032,0.004,0.0,0.025,0.752,1.0,0.305,0.028,0.0,0.0,0.047,0.072,0.065,0.991,0.527,0.0,0.076,0.018,0.076,0.0,0.0,0.661,0.967,0.023,0.013,0.092,0.0,0.692,0.544,0.899,0.877,0.049,0.072,0.014,0.049,0.476,0.98,1.0,0.799,0.003,0.0,0.025,0.078,0.03,0.086,0.01,0.026,0.043,0.05,3
0.086,0.032,0.0,0.723,0.905,0.837,0.503,0.0,0.006,0.066,0.067,0.312,0.849,0.542,0.824,0.153,0.0,0.0,0.0,0.0,0.609,0.729,0.975,0.348,0.0,0.102,0.0,0.0,0.0,0.0,0.564,0.615,0.0,0.0,0.057,0.059,0.094,0.0,0.408,0.886,0.0,0.045,0.078,0.195,0.561,0.586,0.949,0.981,0.115,0.0,0.0,0.219,0.739,0.8,0.516,0.039,0.0,0.0,0.0,0.0,0.011,0.006,0.14,0.0,9
0.004,0.083,0.0,0.0,0.0,0.038,0.0,0.0,0.0,0.027,0.513,0.6,1.0,0.637,0.039,0.0,0.0,0.027,0.906,1.0,0.857,0.886,0.085,0.0,0.0,0.0,0.545,0.795,0.568,0.966,0.12,0.0,0.043,0.041,0.124,0.976,1.0,0.685,0.0,0.078,0.0,0.0,0.606,0.98,0.938,0.369,0.0,0.0,0.019,0.001,1.0,0.51,0.912,0.486,0.0,0.036,0.014,0.067,1.0,0.437,1.0,0.191,0.0,0.003,8
0.056,0.069,0.845,1.0,1.0,0.728,0.162,0.035,0.044,0.21,0.984,0.901,0.733,0.758,0.193,0.021,0.043,0.304,1.0,0.484,0.081,0.0,0.077,0.1,0.0,0.464,1.0,0.737,0.301,0.103,0.0,0.0,0.015,0.022,0.756,1.0,1.0,0.084,0.047,0.002,0.0,0.019,0.0,0.192,1.0,0.435,0.0,0.0,0.035,0.032,0.305,0.491,0.864,0.469,0.0,0.0,0.086,0.0,0.921,0.949,0.929,0.119,0.022,0.088,5
0.034,0.338,0.613,0.756,0.686,0.026,0.0,0.001,0.0,0.0,0.0,0.613,0.489,0.0,0.0,0.015,0.0,0.164,0.209,0.892,0.635,0.18,0.041,0.0,0.084,0.898,0.958,0.987,0.883,0.421,0.024,0.093,0.02,0.418,0.91,0.607,0.016,0.014,0.0,0.0,0.118,0.063,1.0,0.237,0.03,0.0,0.0,0.0,0.057,0.343,0.846,0.0,0.032,0.008,0.0,0.0,0.015,0.015,0.059,0.002,0.0,0.0,0.0,0.025,7
0.0,0.016,0.037,0.0,0.04,0.0,0.018,0.0,0.028,0.077,0.215,0.823,0.851,0.229,0.0,0.0,0.0,0.0,0.798,0.424,0.156,0.721,0.0,0.0,0.001,0.0,1.0,0.018,0.385,0.731,0.078,0.091,0.034,0.091,0.716,0.908,0.885,1.0,0.103,0.0,0.0,0.0,0.113,0.465,0.406,0.849,0.245,0.086,0.0,0.071,0.265,0.005,0.036,0.453,0.692,0.004,0.0,0.072,0.854,0.374,0.167,0.508,0.695,0.0,9
0.026,0.046,0.601,0.803,0.0,0.312,0.018,0.055,0.0,0.0,0.806,0.548,0.555,0.976,0.18,0.0,0.0,0.392,0.911,0.398,0.942,0.222,0.113,0.01,0.0,0.488,0.779,0.785,0.835,0.813,0.517,0.002,0.0,0.617,1.0,1.0,0.905,0.51,0.005,0.06,0.0,0.057,0.542,0.975,0.358,0.053,0.054,0.0,0.0,0.0,0.141,0.862,0.473,0.04,0.0,0.027,0.0,0.065,0.024,0.002,0.0,0.066,0.0,0.005,4
0.0,0.0,0.0,0.308,1.0,0.275,0.001,0.006,0.087,0.0,0.013,0.195,1.0,0.446,0.013,0.0,0.03,0.031,0.027,0.104,1.0,0.655,0.093,0.0,0.0,0.026,0.007,0.0,1.0,0.799,0.041,0.0,0.0,0.007,0.0,0.145,1.0,1.0,0.156,0.0,0.001,0.0,0.035,0.01,0.348,1.0,0.599,0.0,0.003,0.0,0.0,0.314,0.776,0.859,0.956,0.801,0.047,0.0,0.0,0.09,0.836,1.0,0.95,0.928,1
0.0,0.636,0.978,0.793,0.551,0.154,0.006,0.0,0.0,0.838,0.327,0.0,0.01,0.008,0.0,0.006,0.0,0.727,0.529,0.028,0.0,0.025,0.039,0.0,0.086,0.593,0.737,0.029,0.0,0.0,0.0,0.0,0.0,0.106,0.765,1.0,0.693,0.0,0.047,0.026,0.053,0.089,0.174,0.784,1.0,0.208,0.005,0.009,0.038,0.221,0.82,1.0,0.755,0.0,0.0,0.0,0.051,0.013,0.0,0.0,0.0,0.007,0.078,0.0,5
0.0,0.589,1.0,0.683,0.063,0.0,0.0,0.0,0.0,1.0,0.145,0.029,0.0,0.068,0.039,0.0,0.32,0.847,0.0,0.206,0.0,0.024,0.051,0.0,0.087,0.989,1.0,0.861,0.799,0.046,0.041,0.0,0.134,0.983,0.181,0.002,0.506,0.457,0.042,0.0,0.051,0.595,0.523,0.0,0.622,0.556,0.0,0.0,0.026,0.044,0.684,0.833,0.952,0.315,0.0,0.0,0.008,0.0,0.0,0.034,0.004,0.084,0.0,0.056,6
0.0,0.0,0.016,0.0,0.04,0.0,0.053,0.0,0.017,0.0,0.002,0.058,0.914,0.475,0.0,0.0,0.0,0.0,0.0,0.843,1.0,0.615,0.043,0.0,0.018,0.152,0.622,0.939,0.962,0.397,0.0,0.0,0.0,0.373,0.941,0.519,0.981,0.037,0.0,0.0,0.0,0.0,0.228,0.275,0.983,0.308,0.0,0.0,0.005,0.0,0.0,0.202,1.0,0.367,0.0,0.025,0.0,0.054,0.0,0.162,0.966,0.376,0.046,0.027,1
0.022,0.091,0.999,0.605,0.67,0.664,0.061,0.0,0.0,0.0,0.863,0.371,0.747,1.0,0.166,0.042,0.009,0.0,0.415,1.0,0.975,0.954,0.482,0.011,0.0,0.015,0.0,0.0,0.164,0.664,0.62,0.0,0.0,0.007,0.0,0.0,0.061,0.69,0.632,0.07,0.0,0.027,0.648,0.058,0.371,1.0,0.387,0.006,0.0,0.09,0.557,1.0,0.988,0.752,0.164,0.082,0.037,0.0,0.029,0.017,0.026,0.071,0.0,0.0,9
0.048,0.0,0.017,0.0,0.0,0.0,0.013,0.019,0.019,0.0,0.458,0.672,0.701,0.0,0.0,0.0,0.015,0.076,0.955,0.869,0.863,0.732,0.0,0.0,0.036,0.625,1.0,0.179,0.538,1.0,0.0,0.0,0.035,0.102,1.0,0.331,0.618,1.0,0.269,0.068,0.01,0.0,0.803,1.0,0.915,0.92,0.504,0.0,0.0,0.0,0.259,0.049,0.248,0.355,0.742,0.0,0.0,0.128,1.0,0.794,0.554,0.856,0.745,0.0,9
0.088,0.0,0.0,0.0,0.588,1.0,1.0,1.0,0.0,0.034,0.0,0.337,0.841,0.223,0.417,0.986,0.0,0.004,0.007,0.413,0.337,0.096,0.408,0.661,0.0,0.038,0.0,0.012,0.0,0.07,0.692,0.385,0.017,0.011,0.049,0.0,0.709,1.0,0.998,0.59,0.0,0.045,0.01,0.106,0.744,1.0,0.582,0.068,0.091,0.061,0.089,0.0,0.375,0.976,0.033,0.0,0.049,0.0,0.0,0.0,0.804,0.556,0.0,0.0,7
0.085,0.0,0.037,0.667,0.881,0.662,0.0,0.025,0.009,0.074,0.307,0.968,0.928,0.979,0.274,0.0,0.015,0.0,0.0,0.0,0.254,1.0,0.202,0.011,0.045,0.0,0.008,0.0,0.473,0.907,0.135,0.038,0.024,0.003,0.0,0.114,0.922,0.557,0.0,0.04,0.007,0.053,0.063,0.631,0.962,0.185,0.0,0.0,0.089,0.016,0.0,0.957,0.882,0.454,0.402,0.262,0.0,0.069,0.009,0.523,0.909,0.853,0.575,0.141,2
0.074,0.038,0.072,0.041,0.031,0.04,0.052,0.0,0.034,0.0,0.074,1.0,0.173,0.05,0.0,0.0,0.0,0.064,0.683,0.803,0.076,0.0,0.0,0.0,0.0,0.468,0.898,0.193,0.067,0.0,0.003,0.0,0.047,0.994,0.528,0.05,0.824,0.722,0.0,0.026,0.536,0.936,0.39,0.751,1.0,0.223,0.068,0.074,0.305,0.868,1.0,1.0,0.751,0.0,0.07,0.001,0.045,0.0,0.093,0.954,0.282,0.0,0.025,0.0,4
0.0,0.0,0.0,0.0,0.024,0.104,0.068,0.008,0.0,0.042,0.0,0.069,0.733,0.505,0.0,0.103,0.05,0.0,0.0,0.067,1.0,1.0,0.0,0.036,0.004,0.0,0.0,0.18,1.0,0.887,0.048,0.001,0.017,0.0,0.014,0.242,1.0,0.805,0.054,0.048,0.032,0.072,0.001,0.167,0.987,0.762,0.079,0.0,0.095,0.0,0.019,0.255,1.0,0.685,0.0,0.047,0.022,0.0,0.0,0.176,1.0,0.662,0.074,0.09,1
0.079,0.0,0.0,0.539,0.836,0.0,0.0,0.054,0.0,0.0,0.314,1.0,0.4,0.072,0.541,0.214,0.077,0.152,1.0,0.733,0.033,0.771,1.0,0.224,0.0,0.545,1.0,0.656,0.601,0.958,0.734,0.034,0.0,0.183,1.0,1.0,1.0,0.858,0.07,0.0,0.005,0.0,0.006,0.215,0.934,0.587,0.037,0.0,0.0,0.0,0.027,0.28,1.0,0.226,0.034,0.043,0.13,0.0,0.019,0.695,0.912,0.0,0.035,0.025,4
0.0,0.006,0.0,0.004,0.0,0.045,0.028,0.0,0.004,0.0,0.221,0.521,0.672,0.758,0.759,0.357,0.049,0.079,0.398,0.893,0.631,0.591,0.547,0.22,0.0,0.043,0.451,0.62,0.301,0.066,0.0,0.0,0.062,0.0,0.529,0.998,0.915,0.934,0.189,0.026,0.0,0.0,0.111,0.104,0.071,0.36,0.679,0.0,0.0,0.0,0.004,0.0,0.068,0.236,0.768,0.003,0.0,0.101,0.131,0.528,0.248,0.61,0.617,0.077,5
0.0,0.039,0.0,0.0,0.854,1.0,0.119,0.0,0.028,0.026,0.0,0.271,0.969,0.738,0.093,0.035,0.0,0.062,0.076,0.934,0.781,0.151,0.0,0.0,0.03,0.0,0.207,1.0,0.933,0.658,0.464,0.074,0.0,0.0,0.478,0.948,1.0,0.693,1.0,0.506,0.029,0.0,0.194,1.0,0.77,0.0,0.953,0.776,0.04,0.0,0.0,0.682,1.0,0.793,1.0,0.764,0.0,0.012,0.0,0.0,0.614,0.755,0.745,0.194,6
0.0,0.0,0.0,0.473,1.0,0.206,0.0,0.001,0.006,0.034,0.008,0.951,0.663,0.016,0.0,0.0,0.059,0.052,0.686,0.884,0.356,0.302,0.0,0.0,0.0,0.282,1.0,0.317,0.89,0.838,0.185,0.053,0.0,0.64,0.941,0.84,0.962,0.993,0.671,0.0,0.0,0.467,0.981,0.865,0.993,0.584,0.043,0.085,0.002,0.061,0.055,0.481,1.0,0.058,0.0,0.002,0.045,0.0,0.016,0.619,0.926,0.0,0.035,0.0,4
0.005,0.012,0.553,0.964,0.618,0.259,0.013,0.0,0.0,0.0,0.472,0.729,0.416,0.871,0.055,0.053,0.001,0.041,0.14,0.896,0.957,0.95,0.186,0.006,0.0,0.096,0.02,0.008,0.309,0.695,0.577,0.0,0.0,0.0,0.0,0.0,0.0,0.282,1.0,0.04,0.024,0.0,0.143,0.33,0.2,0.621,0.952,0.0,0.0,0.0,0.0,0.706,1.0,1.0,0.395,0.018,0.051,0.0,0.0,0.0,0.0,0.0,0.0,0.0,9
0.0,0.013,0.008,0.008,0.065,0.0,0.031,0.0,0.003,0.085,0.76,0.673,0.501,0.001,0.003,0.0,0.0,0.112,1.0,1.0,1.0,0.511,0.0,0.0,0.027,0.356,0.971,1.0,0.989,0.173,0.021,0.0,0.005,0.474,0.958,1.0,0.713,0.123,0.029,0.0,0.238,0.992,0.929,0.935,0.0,0.0,0.0,0.051,0.098,0.863,0.957,0.639,0.0,0.0,0.044,0.034,0.0,0.738,1.0,0.606,0.0,0.0,0.0,0.025,1
0.009,0.0,0.005,0.51,1.0,0.779,0.011,0.0,0.045,0.0,0.085,1.0,0.437,0.798,0.119,0.0,0.0,0.027,0.0,0.93,0.079,0.66,0.432,0.0,0.081,0.011,0.029,0.243,0.033,0.827,0.377,0.0,0.0,0.004,0.016,0.0,0.0,0.908,0.126,0.0,0.0,0.027,0.0,0.014,0.223,0.899,0.0,0.0,0.033,0.004,0.0,0.449,0.939,0.838,0.492,0.408,0.0,0.04,0.101,0.436,0.863,0.796,0.768,0.975,2
0.045,0.047,0.008,0.043,0.031,0.0,0.0,0.017,0.012,0.0,0.08,0.0,0.537,0.908,0.93,0.0,0.017,0.075,0.033,0.757,0.934,0.411,0.738,0.253,0.0,0.032,0.352,0.741,0.065,0.189,0.823,0.01,0.0,0.002,0.093,0.217,0.0,0.642,0.327,0.0,0.091,0.0,0.0,0.019,0.055,0.895,0.825,0.065,0.0,0.135,0.0,0.0,0.0,0.186,0.807,0.33,0.0,0.028,0.046,0.0,0.331,0.647,0.923,0.066,3
0.0,0.0,0.0,0.041,0.056,0.0,0.001,0.0,0.0,0.0,0.0,0.346,0.698,1.0,0.774,0.0,0.025,0.012,0.065,0.947,0.763,0.254,0.266,0.0,0.114,0.0,0.266,0.993,0.404,0.125,0.0,0.0,0.0,0.032,0.229,0.971,1.0,1.0,0.555,0.032,0.003,0.018,0.0,0.024,0.0,0.293,1.0,0.353,0.023,0.053,0.0,0.014,0.0,0.0,0.596,0.315,0.065,0.0,0.007,0.024,0.065,0.52,0.882,0.024,5
0.0,0.0,0.0,0.081,0.027,0.0,0.001,0.0,0.0,0.352,0.962,0.744,0.107,0.05,0.0,0.017,0.02,0.264,0.681,1.0,0.651,0.0,0.085,0.0,0.064,0.017,0.0,0.823,0.737,0.0,0.0,0.012,0.035,0.188,0.304,0.86,0.863,0.108,0.0,0.0,0.022,0.855,1.0,0.911,0.595,0.187,0.031,0.024,0.065,0.108,0.594,0.844,0.011,0.0,0.0,0.054,0.023,0.0,0.953,0.392,0.037,0.0,0.075,0.0,7
0.359,1.0,0.56,0.145,0.0,0.017,0.008,0.0,0.496,0.835,0.054,0.0,0.038,0.0,0.031,0.0,0.463,0.89,0.223,0.386,0.05,0.002,0.012,0.107,0.234,0.802,0.742,0.747,0.805,0.134,0.0,0.0,0.0,0.05,0.0,0.012,0.931,0.116,0.054,0.0,0.012,0.0,0.0,0.223,1.0,0.466,0.0,0.0,0.023,0.205,0.779,0.84,0.507,0.0,0.0,0.05,0.0,0.0,0.01,0.014,0.0,0.05,0.0,0.0,5
0.0,0.088,0.006,0.0,0.0,0.025,0.0,0.0,0.0,0.074,0.608,0.686,1.0,1.0,0.27,0.0,0.0,0.109,0.61,0.562,0.386,0.925,0.271,0.0,0.0,0.028,0.0,0.0,0.534,0.899,0.0,0.0,0.0,0.013,0.37,0.73,0.977,0.907,0.561,0.045,0.0,0.0,0.997,0.962,0.846,0.294,0.118,0.035,0.0,0.0,0.111,1.0,0.208,0.0,0.032,0.0,0.0,0.015,0.591,0.96,0.137,0.0,0.019,0.003,7
0.056,0.791,0.672,0.576,0.535,0.425,0.014,0.042,0.261,0.869,0.951,0.995,0.994,0.973,0.145,0.06,0.036,0.616,0.98,0.249,0.0,0.0,0.008,0.0,0.0,0.031,0.778,0.731,0.0,0.0,0.024,0.0,0.0,0.017,0.435,1.0,0.017,0.025,0.0,0.055,0.072,0.072,0.575,0.872,0.04,0.054,0.007,0.0,0.099,0.299,0.641,0.739,0.0,0.079,0.0,0.0,0.071,0.876,0.942,0.337,0.016,0.0,0.063,0.085,5
0.0,0.0,0.0,0.021,0.0,0.0,0.077,0.094,0.06,0.0,0.712,0.51,0.0,0.0,0.0,0.0,0.0,0.725,0.614,0.11,0.103,0.0,0.009,0.0,0.242,0.967,0.0,0.004,0.022,0.035,0.0,0.001,0.398,0.585,0.0,0.048,0.032,0.0,0.043,0.047,0.455,0.63,0.756,0.986,0.818,0.151,0.0,0.0,0.073,0.988,0.587,0.184,0.438,0.678,0.0,0.0,0.0,0.968,0.471,0.085,0.542,0.758,0.093,0.027,6
0.076,0.0,0.0,0.016,0.782,1.0,0.0,0.0,0.005,0.012,0.001,0.537,1.0,0.966,0.241,0.0,0.0,0.0,0.35,1.0,0.487,1.0,0.573,0.152,0.0,0.0,0.603,1.0,0.779,1.0,0.923,0.7,0.0,0.0,0.699,0.965,0.959,1.0,0.471,0.08,0.001,0.034,0.074,0.2,0.088,1.0,0.01,0.054,0.047,0.0,0.045,0.015,0.042,0.847,0.07,0.0,0.0,0.012,0.0,0.024,0.028,0.059,0.074,0.066,4
0.0,0.0,0.013,0.0,0.0,0.0,0.0,0.04,0.0,0.02,0.061,0.726,0.39,0.0,0.0,0.0,0.0,0.017,0.668,0.996,0.258,0.039,0.0,0.0,0.0,0.628,0.962,0.932,0.474,0.023,0.0,0.064,0.357,0.968,0.192,1.0,0.22,0.018,0.062,0.001,0.641,0.761,0.48,0.929,0.873,0.442,0.043,0.028,0.241,0.901,0.994,1.0,0.757,0.385,0.0,0.0,0.0,0.0,0.121,1.0,0.187,0.001,0.027,0.0,4
0.054,0.0,0.038,0.074,0.034,0.0,0.053,0.0,0.0,0.0,0.228,0.968,0.507,0.102,0.0,0.0,0.0,0.006,0.719,0.769,0.536,0.852,0.126,0.082,0.047,0.14,1.0,0.044,0.026,0.544,0.247,0.0,0.041,0.225,0.739,0.0,0.0,0.206,0.429,0.0,0.008,0.446,0.461,0.002,0.023,0.477,0.413,0.021,0.0,0.299,0.664,0.0,0.171,0.973,0.208,0.0,0.039,0.0,0.792,0.32,0.824,0.466,0.065,0.003,0
0.024,0.006,0.003,0.083,0.023,0.0,0.0,0.0,0.016,0.656,0.624,0.716,0.319,0.0,0.0,0.0,0.0,0.741,0.827,0.658,0.917,0.045,0.045,0.032,0.0,0.393,0.772,0.731,1.0,0.0,0.0,0.017,0.035,0.067,0.967,0.926,0.295,0.0,0.08,0.0,0.0,0.64,1.0,0.745,0.055,0.0,0.013,0.0,0.0,0.823,0.445,0.765,0.438,0.0,0.028,0.0,0.248,0.956,0.222,0.759,0.802,0.016,0.0,0.0,8
0.0,0.041,0.073,0.315,0.691,0.983,0.421,0.064,0.024,0.069,0.302,0.976,0.67,0.339,1.0,0.266,0.021,0.03,0.438,0.838,0.063,0.338,1.0,0.333,0.0,0.0,0.359,0.721,0.37,0.967,0.254,0.0,0.016,0.0,0.0,0.753,0.934,0.774,0.051,0.05,0.021,0.0,0.0,0.676,0.699,0.596,0.68,0.0,0.0,0.039,0.027,0.708,0.353,0.0,0.745,0.181,0.069,0.0,0.0,0.32,0.818,0.85,0.446,0.0,8
0.045,0.035,0.001,0.014,0.0,0.0,0.076,0.035,0.05,0.13,1.0,0.799,0.0,0.023,0.0,0.0,0.0,0.32,1.0,1.0,0.072,0.028,0.034,0.0,0.082,0.185,0.896,0.996,0.017,0.0,0.045,0.0,0.0,0.39,1.0,0.846,0.069,0.017,0.023,0.0,0.028,0.52,1.0,0.646,0.0,0.057,0.001,0.003,0.069,0.477,0.986,0.894,0.004,0.039,0.007,0.0,0.057,0.481,1.0,0.699,0.0,0.0,0.0,0.0,1
0.035,0.0,0.741,0.824,0.0,0.0,0.007,0.087,0.031,0.17,1.0,0.726,0.002,0.0,0.002,0.0,0.069,0.251,1.0,0.346,0.0,0.0,0.005,0.005,0.0,0.321,0.958,1.0,0.532,0.036,0.043,0.0,0.0,0.417,1.0,1.0,0.782,0.705,0.0,0.03,0.028,0.591,0.986,0.196,0.311,1.0,0.259,0.0,0.013,0.363,0.959,0.354,0.909,0.972,0.051,0.0,0.0,0.058,0.688,1.0,0.929,0.378,0.107,0.0,6
0.0,0.099,0.0,0.154,0.804,1.0,0.508,0.0,0.039,0.0,0.0,0.706,0.57,0.828,0.966,0.645,0.041,0.01,0.102,1.0,0.266,0.0,0.526,0.766,0.052,0.0,0.004,0.579,0.957,0.624,0.827,0.079,0.062,0.0,0.0,0.018,0.189,1.0,0.735,0.062,0.0,0.034,0.0,0.074,0.607,0.542,1.0,0.026,0.051,0.0,0.031,0.105,1.0,0.145,0.732,0.0,0.0,0.055,0.049,0.071,0.924,1.0,0.388,0.0,8
0.0,0.903,0.99,0.67,0.615,0.068,0.0,0.0,0.246,1.0,0.692,0.147,0.0,0.032,0.0,0.026,0.467,0.923,1.0,0.841,0.142,0.061,0.0,0.0,0.488,0.784,0.102,0.876,0.598,0.0,0.0,0.016,0.026,0.09,0.0,0.572,0.862,0.038,0.0,0.088,0.097,0.0,0.0,0.788,0.65,0.0,0.0,0.0,0.0,0.0,0.668,0.92,0.122,0.0,0.0,0.0,0.08,0.005,0.0,0.081,0.0,0.0,0.009,0.097,5
0.0,0.061,0.182,1.0,1.0,0.125,0.059,0.022,0.071,0.035,0.234,1.0,1.0,0.092,0.026,0.0,0.085,0.246,0.688,0.95,0.744,0.0,0.0,0.0,0.562,1.0,0.984,1.0,0.782,0.0,0.107,0.0,0.0,0.161,0.655,0.991,0.945,0.0,0.103,0.0,0.0,0.0,0.427,1.0,0.677,0.0,0.07,0.009,0.0,0.0,0.326,1.0,0.979,0.106,0.0,0.003,0.012,0.043,0.167,0.709,0.951,0.29,0.039,0.0,1
0.042,0.02,0.021,0.497,0.797,0.58,0.08,0.0,0.0,0.122,0.732,0.549,0.061,0.627,0.008,0.01,0.0,0.541,0.655,0.0,0.694,0.516,0.036,0.0,0.275,0.905,0.827,0.986,1.0,0.236,0.0,0.0,0.121,0.812,0.637,0.14,0.911,0.0,0.042,0.038,0.056,0.114,0.057,0.315,0.566,0.0,0.026,0.067,0.0,0.036,0.055,0.552,0.423,0.0,0.0,0.0,0.0,0.031,0.027,0.575,0.427,0.064,0.0,0.0,9
0.101,0.775,0.981,1.0,0.498,0.0,0.062,0.0,0.506,0.832,0.198,1.0,0.277,0.0,0.061,0.0,0.674,0.82,0.16,1.0,0.214,0.0,0.0,0.062,0.164,0.188,0.601,0.731,0.047,0.096,0.0,0.08,0.0,0.0,0.793,0.679,0.0,0.0,0.052,0.0,0.023,0.211,0.945,1.0,1.0,0.645,0.012,0.0,0.0,0.415,0.967,0.88,0.794,0.586,0.0,0.0,0.0,0.0,0.0,0.053,0.026,0.004,0.0,0.0,2
0.016,0.082,0.0,0.637,0.956,0.292,0.015,0.015,0.0,0.027,0.545,0.994,0.779,0.1,0.0,0.0,0.055,0.898,0.998,0.828,0.477,0.064,0.016,0.001,0.0,0.87,1.0,0.344,0.961,0.647,0.0,0.0,0.01,0.326,1.0,0.977,0.964,0.523,0.053,0.112,0.0,0.09,0.109,0.787,0.976,0.022,0.07,0.0,0.0,0.134,0.0,0.635,0.84,0.008,0.024,0.084,0.026,0.0,0.0,0.662,0.88,0.079,0.0,0.0,4
0.066,0.045,0.799,0.884,0.343,0.017,0.0,0.034,0.0,0.684,0.869,0.77,0.684,0.0,0.0,0.0,0.283,0.939,0.218,0.941,0.391,0.045,0.063,0.006,0.809,1.0,0.502,0.933,0.964,0.741,0.044,0.03,0.292,0.991,1.0,1.0,0.501,0.048,0.0,0.0,0.0,0.147,0.308,1.0,0.0,0.0,0.0,0.019,0.042,0.0,0.157,0.838,0.0,0.0,0.069,0.0,0.001,0.02,0.037,0.072,0.0,0.073,0.0,0.072,4
0.008,0.068,0.986,1.0,0.497,0.0,0.0,0.056,0.0,0.299,0.943,1.0,0.18,0.0,0.01,0.0,0.0,0.171,0.996,1.0,0.365,0.0,0.0,0.0,0.0,0.324,0.887,0.965,0.0,0.0,0.0,0.0,0.033,0.058,0.995,0.954,0.402,0.0,0.069,0.014,0.0,0.219,0.973,1.0,0.28,0.015,0.0,0.0,0.0,0.274,0.979,1.0,0.405,0.0,0.06,0.0,0.003,0.009,0.0,0.0,0.004,0.021,0.039,0.0,1
0.021,0.059,0.084,0.823,0.539,0.887,0.955,0.075,0.0,0.081,0.0,0.0,0.0,0.864,1.0,0.0,0.037,0.0,0.467,0.993,0.999,1.0,1.0,0.77,0.0,0.008,0.372,0.59,0.707,0.964,0.553,0.251,0.058,0.0,0.027,0.0,0.876,0.644,0.018,0.0,0.016,0.119,0.021,0.527,0.945,0.114,0.042,0.0,0.054,0.0,0.041,0.772,0.533,0.0,0.0,0.053,0.02,0.099,0.0,0.031,0.0,0.088,0.032,0.009,7
0.0,0.028,0.062,0.116,0.0,0.0,0.0,0.0,0.0,0.196,0.74,0.816,0.898,0.38,0.008,0.0,0.0,0.41,0.809,0.441,0.906,0.974,0.049,0.047,0.03,0.0,0.0,0.057,0.775,1.0,0.076,0.0,0.0,0.0,0.0,0.005,0.961,0.899,0.0,0.064,0.0,0.124,0.0,0.0,0.628,1.0,0.231,0.0,0.0,0.085,0.002,0.022,0.311,0.905,0.586,0.085,0.0,0.014,0.1,0.202,0.701,1.0,0.488,0.048,3
0.002,0.067,0.064,0.905,0.447,0.787,1.0,0.06,0.0,0.0,0.333,0.7,0.005,0.569,0.981,0.191,0.003,0.0,0.076,0.965,0.9,0.751,0.707,0.508,0.0,0.0,0.035,0.0,0.0,0.035,0.483,0.477,0.098,0.0,0.015,0.0,0.032,0.007,0.464,0.467,0.014,0.087,0.059,0.839,0.098,0.0,0.715,0.123,0.0,0.0,0.0,0.331,0.822,0.919,0.328,0.0,0.038,0.005,0.014,0.0,0.007,0.0,0.067,0.056,9
0.0,0.657,0.858,0.02,0.0,0.136,0.0,0.041,0.0,0.397,1.0,0.299,0.014,0.0,0.0,0.0,0.0,0.383,1.0,0.438,0.041,0.066,0.013,0.059,0.051,0.44,0.916,0.705,0.0,0.0,0.0,0.0,0.0,0.0,0.343,0.984,0.063,0.088,0.0,0.028,0.0,0.0,0.206,0.997,0.511,0.015,0.0,0.066,0.05,0.417,0.737,0.942,0.884,0.586,0.303,0.0,0.003,0.359,0.907,0.792,0.784,1.0,0.95,0.0,1
0.0,0.026,0.0,0.021,0.0,0.078,0.051,0.003,0.023,0.0,0.428,0.708,0.233,0.037,0.065,0.0,0.0,0.036,0.927,0.814,0.949,0.776,0.018,0.003,0.018,0.446,1.0,0.039,0.822,0.991,0.23,0.0,0.037,0.235,0.869,0.709,0.986,0.925,0.468,0.0,0.0,0.066,0.321,0.677,0.221,0.936,0.507,0.069,0.0,0.0,0.021,0.0,0.12,0.99,0.324,0.025,0.038,0.0,0.8,0.381,0.668,0.886,0.016,0.057,9
0.0,0.0,0.0,0.0,0.001,0.0,0.0,0.0,0.083,0.0,0.091,0.0,0.0,0.423,0.476,0.0,0.061,0.045,0.019,0.074,0.343,0.956,0.462,0.048,0.069,0.004,0.0,0.054,0.903,0.3,0.822,0.195,0.0,0.0,0.091,0.7,0.482,0.268,0.95,0.009,0.059,0.0,0.296,0.971,0.569,0.698,0.998,0.241,0.0,0.0,0.0,0.631,0.658,0.847,0.871,0.217,0.0,0.0,0.02,0.074,0.0,0.511,0.389,0.0,4
0.0,0.0,0.157,0.931,0.594,0.947,0.908,0.0,0.0,0.0,0.167,0.758,0.228,0.298,0.669,0.029,0.0,0.0,0.105,0.29,0.924,0.978,0.241,0.0,0.0,0.0,0.072,0.152,0.938,0.96,0.335,0.0,0.0,0.048,0.018,0.635,0.516,0.341,0.97,0.044,0.026,0.0,0.071,0.651,0.581,0.275,1.0,0.188,0.0,0.0,0.0,0.066,0.854,0.943,0.397,0.0,0.065,0.082,0.0,0.109,0.045,0.032,0.061,0.0,8
0.0,0.007,0.003,0.572,1.0,0.906,1.0,0.0,0.041,0.14,0.0,0.007,0.046,0.399,0.727,0.0,0.007,0.0,0.0,0.0,0.182,0.702,0.709,0.332,0.0,0.088,0.0,0.468,1.0,1.0,0.618,0.166,0.0,0.0,0.0,0.208,0.685,0.86,0.007,0.0,0.0,0.018,0.0,0.0,0.646,0.353,0.0,0.009,0.0,0.0,0.05,0.0,0.936,0.0,0.0,0.037,0.0,0.0,0.002,0.075,0.0,0.042,0.134,0.0,7
0.011,0.569,1.0,0.943,0.803,0.074,0.0,0.004,0.0,0.435,0.533,0.56,1.0,0.477,0.04,0.03,0.0,0.007,0.0,0.551,0.924,0.28,0.057,0.003,0.013,0.238,0.808,0.749,0.143,0.0,0.042,0.0,0.0,0.834,0.989,0.558,0.012,0.008,0.0,0.083,0.0,0.0,0.665,0.969,0.478,0.0,0.0,0.066,0.003,0.202,0.26,0.8,1.0,0.01,0.0,0.0,0.036,0.688,1.0,0.704,0.224,0.0,0.0,0.0,3
0.0,0.585,0.915,0.702,0.012,0.005,0.0,0.0,0.233,0.906,0.297,0.834,0.501,0.034,0.02,0.018,0.357,0.737,0.0,0.455,0.479,0.02,0.0,0.004,0.038,0.989,0.678,0.911,0.154,0.043,0.077,0.0,0.0,0.316,0.972,0.924,0.086,0.0,0.019,0.0,0.001,0.924,0.399,0.352,0.97,0.255,0.008,0.0,0.26,0.935,0.0,0.214,0.727,0.371,0.091,0.086,0.038,0.797,0.987,0.967,0.492,0.0,0.041,0.0,8
0.016,0.0,0.0,0.635,1.0,0.0,0.034,0.0,0.032,0.099,0.69,0.996,0.932,0.157,0.0,0.0,0.411,1.0,0.968,0.92,0.959,0.051,0.0,0.035,0.116,0.579,0.023,0.6,1.0,0.0,0.058,0.055,0.0,0.018,0.0,0.641,0.964,0.0,0.0,0.047,0.007,0.0,0.0,0.516,0.981,0.0,0.025,0.024,0.013,0.0,0.0,0.833,1.0,0.136,0.001,0.0,0.12,0.032,0.006,0.459,0.919,0.158,0.0,0.0,1
0.005,0.0,0.0,0.402,0.787,0.837,0.242,0.039,0.0,0.048,0.175,0.933,0.115,0.045,0.951,0.0,0.007,0.102,0.117,0.856,0.017,0.131,1.0,0.095,0.002,0.022,0.036,0.821,0.36,0.917,0.918,0.352,0.011,0.06,0.0,0.103,0.548,0.275,0.431,0.6,0.0,0.044,0.029,0.0,0.014,0.058,0.52,0.525,0.0,0.0,0.024,0.365,0.0,0.229,0.887,0.146,0.0,0.0,0.0,0.502,0.761,0.801,0.295,0.0,9
0.0,0.058,0.583,0.957,0.993,1.0,0.202,0.0,0.085,0.484,1.0,0.586,0.486,0.902,0.669,0.0,0.0,0.287,0.337,0.04,0.798,1.0,0.121,0.0,0.072,0.0,0.013,0.645,1.0,0.453,0.026,0.0,0.0,0.069,0.003,0.11,0.719,1.0,0.237,0.034,0.0,0.0,0.0,0.004,0.005,0.854,0.538,0.071,0.0,0.0,0.183,0.215,0.454,1.0,0.277,0.0,0.0,0.0,0.893,0.994,0.97,0.416,0.005,0.102,3
0.035,0.064,0.033,0.862,0.449,0.0,0.0,0.051,0.003,0.0,0.647,0.892,0.075,0.0,0.0,0.0,0.0,0.208,0.928,0.315,0.017,0.0,0.0,0.005,0.045,0.87,0.715,0.0,0.196,0.528,0.0,0.0,0.322,0.894,0.098,0.0,0.924,0.436,0.01,0.04,0.494,1.0,0.82,0.779,1.0,0.223,0.034,0.032,0.216,0.651,0.636,0.862,0.704,0.0,0.002,0.074,0.0,0.012,0.0,1.0,0.538,0.0,0.026,0.0,4
0.0,0.746,0.898,0.92,0.0,0.031,0.0,0.0,0.0,0.884,0.918,0.909,0.148,0.06,0.003,0.0,0.0,0.949,0.993,0.722,0.173,0.0,0.03,0.099,0.0,0.625,0.912,0.696,0.0,0.133,0.019,0.005,0.0,0.683,0.867,0.961,0.341,0.0,0.0,0.019,0.0,0.617,0.965,1.0,0.904,0.064,0.0,0.0,0.023,0.208,0.66,0.759,0.401,0.02,0.0,0.088,0.0,0.027,0.0,0.024,0.0,0.039,0.0,0.005,1
0.03,0.0,0.0,0.757,0.769,0.0,0.0,0.004,0.02,0.0,0.537,0.79,0.015,0.067,0.064,0.038,0.0,0.375,0.934,0.081,0.0,0.0,0.258,0.032,0.006,0.891,0.501,0.0,0.095,0.805,0.583,0.0,0.034,0.988,0.947,0.986,0.915,0.979,0.25,0.022,0.006,0.135,0.458,0.477,0.973,0.69,0.074,0.0,0.04,0.097,0.037,0.201,0.947,0.154,0.038,0.0,0.01,0.0,0.027,0.073,0.0,0.023,0.121,0.022,4
0.0,0.046,0.415,0.995,0.998,0.477,0.0,0.0,0.0,0.0,0.709,0.983,1.0,0.927,0.133,0.034,0.0,0.0,0.728,0.989,1.0,0.837,0.172,0.068,0.054,0.0,0.918,0.985,1.0,0.24,0.042,0.055,0.0,0.183,0.975,0.929,0.883,0.0,0.062,0.0,0.009,0.0,0.9,0.96,0.924,0.0,0.077,0.073,0.036,0.0,0.439,0.952,0.784,0.115,0.0,0.063,0.082,0.016,0.008,0.0,0.0,0.0,0.038,0.02,1
0.005,0.073,0.0,0.038,0.046,0.751,1.0,0.867,0.034,0.0,0.053,0.21,0.856,0.817,0.879,0.834,0.0,0.0,0.325,1.0,0.842,0.824,0.998,0.266,0.032,0.053,0.156,1.0,0.953,1.0,0.856,0.215,0.03,0.07,0.0,0.542,0.399,0.799,0.828,0.0,0.0,0.006,0.0,0.031,0.0,0.687,0.57,0.0,0.018,0.016,0.021,0.0,0.0,0.741,0.589,0.0,0.0,0.0,0.0,0.0,0.0,0.862,0.726,0.0,9
0.0,0.047,0.574,0.76,0.953,0.981,0.252,0.049,0.08,0.0,0.631,0.68,0.138,0.115,0.075,0.074,0.0,0.083,0.884,0.279,0.0,0.0,0.0,0.014,0.099,0.191,0.941,0.592,0.792,0.663,0.0,0.056,0.0,0.01,1.0,0.747,0.579,0.942,0.381,0.0,0.033,0.0,0.032,0.003,0.018,0.764,0.243,0.0,0.0,0.031,0.027,0.346,0.754,0.648,0.037,0.037,0.0,0.02,0.706,0.714,0.451,0.0,0.071,0.052,5
0.0,0.396,0.973,0.965,0.005,0.0,0.11,0.051,0.088,0.851,0.609,0.598,0.84,0.0,0.0,0.025,0.194,1.0,0.021,0.018,1.0,0.188,0.021,0.0,0.417,0.966,0.036,0.031,0.734,0.381,0.0,0.0,0.146,1.0,0.166,0.0,0.629,0.624,0.058,0.0,0.286,0.944,0.228,0.078,0.904,0.299,0.0,0.0,0.0,0.823,0.878,0.83,0.933,0.029,0.036,0.034,0.045,0.256,0.705,0.825,0.051,0.031,0.0,0.0,0
0.0,0.022,0.064,0.0,0.011,0.0,0.018,0.0,0.0,0.082,0.811,1.0,0.295,0.07,0.0,0.0,0.0,0.588,0.957,0.636,0.289,0.029,0.032,0.0,0.125,0.937,0.639,0.103,0.051,0.039,0.0,0.044,0.301,0.945,0.725,0.267,0.0,0.0,0.0,0.0,0.309,1.0,1.0,0.898,0.449,0.034,0.047,0.09,0.088,0.942,0.393,0.214,1.0,0.294,0.091,0.044,0.0,0.684,0.735,0.239,0.931,0.446,0.0,0.0,6
0.0,0.065,0.0,0.058,0.0,0.0,0.011,0.0,0.01,0.0,0.002,0.857,0.702,0.0,0.0,0.033,0.004,0.083,0.066,0.848,0.973,0.034,0.083,0.0,0.035,0.086,0.09,0.879,1.0,0.057,0.041,0.042,0.0,0.0,0.248,1.0,0.983,0.212,0.0,0.0,0.0,0.002,0.303,0.985,0.968,0.498,0.0,0.068,0.001,0.022,0.068,0.015,0.795,0.959,0.047,0.0,0.077,0.0,0.049,0.615,0.518,1.0,0.682,0.201,1
0.0,0.118,0.657,0.875,0.484,0.007,0.0,0.036,0.117,0.893,0.692,0.534,0.845,0.0,0.007,0.007,0.582,0.809,0.0,0.889,0.397,0.059,0.028,0.0,0.085,0.089,0.335,0.92,0.0,0.036,0.0,0.01,0.082,0.049,0.406,0.783,0.7,0.14,0.0,0.042,0.004,0.0,0.01,0.023,0.533,0.515,0.0,0.0,0.012,0.886,0.853,0.181,0.584,0.686,0.0,0.017,0.146,0.214,0.608,0.834,0.995,0.265,0.0,0.0,3
0.013,0.0,0.313,0.635,0.607,0.007,0.042,0.009,0.001,0.0,0.0,0.873,0.403,0.146,0.038,0.004,0.0,0.038,0.502,1.0,0.928,0.975,0.57,0.041,0.0,0.659,0.947,0.945,0.462,0.124,0.121,0.0,0.0,0.0,0.896,0.419,0.04,0.0,0.0,0.0,0.07,0.169,1.0,0.252,0.043,0.069,0.007,0.0,0.076,0.198,0.969,0.14,0.064,0.032,0.0,0.0,0.0,0.034,0.007,0.0,0.0,0.0,0.0,0.028,7
0.0,0.866,0.562,0.542,0.918,0.042,0.026,0.006,0.0,0.664,0.573,0.806,0.641,0.028,0.097,0.0,0.0,0.32,1.0,0.934,0.013,0.022,0.125,0.046,0.013,0.559,0.933,0.584,0.0,0.032,0.066,0.0,0.009,0.851,0.54,1.0,0.106,0.027,0.0,0.0,0.0,0.988,0.284,0.882,0.413,0.0,0.0,0.0,0.0,0.662,1.0,1.0,0.233,0.0,0.045,0.012,0.058,0.058,0.172,0.008,0.0,0.0,0.0,0.015,8
0.0,0.022,0.0,0.0,0.043,0.0,0.0,0.0,0.0,0.578,0.986,0.663,0.065,0.073,0.0,0.0,0.0,1.0,0.161,0.392,0.652,0.035,0.0,0.0,0.0,0.795,0.136,0.905,0.978,0.32,0.0,0.037,0.0,0.112,0.942,0.912,1.0,0.504,0.009,0.0,0.0,0.0,0.248,0.293,0.674,0.35,0.0,0.056,0.032,0.055,0.02,0.0,0.486,0.381,0.033,0.024,0.0,0.712,0.062,0.165,0.715,0.18,0.102,0.008,9
0.016,0.0,0.0,0.007,0.037,0.015,0.0,0.06,0.0,0.0,0.135,0.037,0.708,0.343,0.0,0.667,0.029,0.0,0.0,0.407,1.0,0.053,0.384,0.838,0.0,0.016,0.016,1.0,0.591,0.072,0.869,0.771,0.046,0.037,0.187,0.99,0.625,0.588,0.997,0.682,0.0,0.0,0.046,0.955,0.918,0.964,0.525,0.0,0.012,0.0,0.08,0.288,0.739,0.621,0.0,0.005,0.012,0.045,0.017,0.013,0.772,0.282,0.033,0.0,4
0.106,1.0,1.0,0.467,0.0,0.0,0.0,0.0,0.0,0.599,0.997,0.872,0.292,0.0,0.0,0.057,0.053,0.446,0.976,1.0,0.235,0.047,0.012,0.01,0.029,0.849,0.747,0.777,0.721,0.026,0.0,0.0,0.418,0.876,0.09,0.344,0.889,0.0,0.009,0.0,0.31,0.845,0.483,0.828,1.0,0.102,0.0,0.04,0.051,0.748,1.0,0.925,0.435,0.054,0.111,0.0,0.0,0.0,0.0,0.0,0.0,0.0,0.019,0.0,8
0.034,0.497,0.98,0.974,0.506,0.0,0.016,0.0,0.127,1.0,1.0,0.97,0.153,0.055,0.0,0.012,0.15,0.911,0.988,0.615,0.031,0.009,0.0,0.054,0.19,1.0,1.0,0.767,0.0,0.058,0.077,0.0,0.408,0.997,1.0,0.831,0.008,0.0,0.024,0.0,0.089,0.942,1.0,0.707,0.028,0.1,0.0,0.0,0.028,0.962,1.0,0.602,0.0,0.0,0.0,0.091,0.0,0.469,0.968,0.954,0.0,0.09,0.05,0.032,1
0.0,0.0,0.0,0.023,0.062,0.0,0.0,0.0,0.0,0.0,0.141,0.575,1.0,0.866,0.192,0.0,0.0,0.034,0.538,0.775,0.358,0.519,0.462,0.0,0.024,0.0,0.578,0.808,0.043,0.297,0.95,0.184,0.0,0.0,0.27,0.841,0.547,1.0,0.968,0.38,0.027,0.0,0.07,0.252,0.395,0.076,0.692,0.582,0.0,0.011,0.0,0.0,0.0,0.0,0.638,0.539,0.0,0.07,0.031,0.422,0.021,0.172,0.902,0.333,9
0.032,0.683,0.63,0.647,0.299,0.0,0.016,0.031,0.85,0.57,0.075,0.117,0.718,0.046,0.0,0.0,0.819,0.141,0.0,0.63,0.318,0.038,0.0,0.0,0.16,0.765,0.727,0.68,0.07,0.0,0.0,0.083,0.036,0.209,0.92,0.78,0.242,0.0,0.017,0.082,0.016,0.659,0.232,0.101,0.734,0.16,0.038,0.0,0.082,0.76,0.061,0.053,0.843,0.141,0.03,0.04,0.023,0.607,0.775,1.0,0.612,0.087,0.0,0.0,8
0.009,0.072,0.055,0.762,0.979,0.32,0.0,0.088,0.0,0.0,0.422,0.981,0.965,0.698,0.0,0.0,0.0,0.063,0.536,0.808,0.619,0.79,0.052,0.0,0.072,0.0,0.0,0.036,0.791,0.77,0.0,0.0,0.024,0.0,0.051,0.0,0.791,0.555,0.081,0.0,0.024,0.0,0.011,0.145,0.992,0.443,0.311,0.0,0.026,0.0,0.0,0.847,1.0,1.0,0.982,0.588,0.0,0.0,0.197,0.998,0.82,0.667,0.55,0.167,2
0.0,0.045,0.839,0.834,0.203,0.0,0.056,0.0,0.037,0.034,0.089,0.213,0.784,0.0,0.0,0.0,0.0,0.026,0.0,0.371,0.793,0.0,0.01,0.012,0.017,0.0,0.05,0.795,0.556,0.064,0.0,0.0,0.018,0.001,0.0,1.0,0.456,0.371,0.297,0.049,0.0,0.111,0.811,1.0,1.0,0.957,0.881,0.0,0.017,0.0,0.689,0.738,0.644,0.353,0.198,0.0,0.0,0.0,0.0,0.0,0.0,0.021,0.068,0.0,2
0.0,0.109,0.718,0.911,0.05,0.0,0.103,0.0,0.0,0.586,0.922,0.77,0.0,0.0,0.02,0.01,0.052,0.975,0.378,0.0,0.036,0.004,0.0,0.02,0.331,0.957,0.29,0.317,0.292,0.041,0.004,0.06,0.396,0.993,0.968,0.916,1.0,0.245,0.0,0.018,0.08,0.993,0.814,0.279,0.839,0.499,0.0,0.0,0.075,0.578,1.0,0.854,1.0,0.223,0.0,0.014,0.041,0.01,0.71,0.865,0.55,0.0,0.028,0.072,6
0.036,0.0,0.0,0.019,0.053,0.0,0.025,0.04,0.0,0.058,0.269,0.583,0.541,0.635,0.0,0.015,0.082,0.0,0.052,1.0,1.0,0.944,0.093,0.022,0.005,0.0,0.48,1.0,1.0,0.831,0.0,0.001,0.0,0.072,0.562,1.0,1.0,0.296,0.133,0.0,0.0,0.068,0.488,1.0,1.0,0.0,0.007,0.0,0.019,0.0,0.578,1.0,0.994,0.0,0.043,0.089,0.027,0.0,0.586,0.952,0.957,0.068,0.053,0.037,1
0.0,0.131,0.634,0.899,0.767,0.424,0.0,0.015,0.0,0.342,0.811,0.337,0.682,0.801,0.032,0.018,0.059,0.396,0.993,0.518,0.953,0.633,0.082,0.0,0.0,0.067,0.544,0.69,0.404,0.861,0.0,0.04,0.127,0.079,0.027,0.0,0.019,0.895,0.172,0.0,0.0,0.077,0.0,0.105,0.0,0.686,0.515,0.0,0.0,0.165,0.862,0.488,0.264,0.825,0.324,0.0,0.0,0.08,0.569,0.911,0.836,0.576,0.041,0.0,9
0.09,0.0,0.025,0.0,0.1,0.0,0.019,0.0,0.0,0.041,0.0,0.265,0.932,0.991,0.512,0.053,0.0,0.0,0.0,0.925,0.732,0.55,0.908,0.0,0.028,0.033,0.452,1.0,0.311,0.06,0.693,0.344,0.013,0.015,0.595,0.942,0.0,0.0,0.545,0.6,0.0,0.0,0.534,0.853,0.035,0.0,0.535,0.648,0.011,0.049,0.437,1.0,0.136,0.088,0.751,0.535,0.024,0.015,0.059,0.934,0.429,0.538,0.96,0.369,0
0.0,0.0,0.014,0.015,0.04,0.037,0.017,0.0,0.072,0.222,0.668,0.281,0.0,0.0,0.027,0.005,0.035,0.702,0.84,0.163,0.0,0.0,0.0,0.0,0.174,0.729,0.042,0.107,0.0,0.051,0.033,0.0,0.0,0.0,0.121,0.205,0.249,0.077,0.022,0.022,0.226,0.648,0.945,1.0,1.0,0.203,0.0,0.007,0.415,0.921,0.266,0.018,0.429,0.511,0.033,0.083,0.047,0.871,0.782,0.294,0.584,0.747,0.0,0.0,6
0.0,0.05,0.0,0.04,0.0,0.016,0.0,0.017,0.0,0.0,0.744,1.0,0.972,0.406,0.041,0.03,0.093,0.329,0.924,0.587,0.818,0.807,0.0,0.01,0.012,0.136,0.263,0.0,0.74,0.46,0.0,0.0,0.0,0.0,0.001,0.56,0.806,0.002,0.027,0.0,0.0,0.0,0.027,0.935,0.216,0.022,0.019,0.0,0.049,0.016,0.75,0.577,0.0,0.0,0.0,0.0,0.0,0.0,1.0,0.8,0.709,0.494,0.241,0.0,2
0.0,0.028,0.023,0.0,0.0,0.012,0.0,0.0,0.023,0.805,1.0,1.0,0.624,0.015,0.0,0.0,0.902,0.689,0.431,0.606,0.938,0.0,0.033,0.035,0.228,0.1,0.053,0.7,0.845,0.0,0.044,0.0,0.0,0.019,0.171,1.0,0.308,0.049,0.053,0.038,0.046,0.007,0.787,0.561,0.0,0.0,0.017,0.007,0.079,0.447,0.977,0.205,0.053,0.0,0.0,0.0,0.0,0.962,0.752,0.33,0.497,0.561,0.051,0.0,2
0.032,0.056,1.0,0.611,0.0,0.022,0.0,0.0,0.016,0.891,0.735,0.054,0.111,0.0,0.0,0.0,0.394,1.0,0.351,0.029,0.868,0.612,0.088,0.0,0.739,1.0,0.469,0.752,0.987,0.164,0.0,0.018,0.106,0.683,0.925,0.992,0.686,0.0,0.035,0.019,0.083,0.0,0.51,1.0,0.201,0.028,0.081,0.0,0.0,0.036,0.53,1.0,0.0,0.0,0.0,0.0,0.0,0.0,0.0,0.028,0.0,0.071,0.042,0.032,4
0.062,0.074,0.829,0.857,0.327,0.119,0.0,0.026,0.065,0.0,0.919,0.408,0.051,0.037,0.02,0.035,0.054,0.171,1.0,0.938,0.742,0.008,0.0,0.125,0.046,0.657,0.979,0.228,0.96,0.258,0.064,0.0,0.019,0.29,0.22,0.059,1.0,0.167,0.0,0.0,0.0,0.066,0.0,0.731,0.697,0.076,0.0,0.043,0.122,0.0,0.46,0.849,0.053,0.126,0.0,0.007,0.0,0.0,0.0,0.032,0.041,0.008,0.025,0.0,5
0.0,0.085,1.0,0.71,0.25,0.0,0.0,0.0,0.084,0.265,0.966,0.287,0.0,0.0,0.047,0.07,0.054,0.225,0.924,0.957,0.806,0.0,0.056,0.132,0.0,0.704,0.81,0.318,0.892,0.346,0.0,0.0,0.006,0.16,0.036,0.0,0.612,0.545,0.05,0.0,0.037,0.075,0.001,0.423,1.0,0.3,0.0,0.074,0.0,0.031,0.512,0.948,0.48,0.0,0.0,0.0,0.0,0.014,0.02,0.0,0.129,0.012,0.091,0.0,5
0.058,0.853,0.553,0.972,0.299,0.0,0.0,0.009,0.035,0.082,0.419,0.971,1.0,0.689,0.001,0.067,0.0,0.912,1.0,0.91,0.454,0.389,0.004,0.043,0.0,0.202,0.945,0.55,0.01,0.0,0.0,0.0,0.057,0.254,0.974,0.142,0.032,0.021,0.0,0.0,0.026,0.682,1.0,0.057,0.0,0.0,0.0,0.0,0.005,0.733,0.612,0.061,0.0,0.0,0.058,0.009,0.054,0.045,0.0,0.0,0.0,0.0,0.034,0.0,7
0.0,0.008,0.212,1.0,0.945,0.376,0.108,0.0,0.093,0.0,0.603,0.952,0.786,0.905,0.009,0.042,0.0,0.0,0.137,0.075,0.079,0.977,0.301,0.011,0.036,0.0,0.04,0.033,0.066,0.999,0.174,0.032,0.032,0.0,0.04,0.0,0.265,0.978,0.181,0.01,0.0,0.0,0.076,0.0,0.722,0.911,0.237,0.076,0.077,0.0,0.123,0.598,1.0,1.0,0.979,0.684,0.027,0.012,0.232,1.0,0.861,0.677,0.512,0.135,2
0.157,0.962,0.548,0.064,0.03,0.0,0.042,0.009,0.152,0.981,0.735,0.82,0.0,0.05,0.044,0.0,0.0,0.735,0.637,0.88,0.626,0.4,0.001,0.014,0.005,0.133,0.864,0.919,0.669,0.193,0.0,0.025,0.0,0.292,0.849,1.0,0.141,0.046,0.0,0.0,0.204,0.998,0.249,0.584,0.373,0.0,0.041,0.084,0.393,0.845,0.0,0.699,0.489,0.001,0.0,0.02,0.034,0.794,0.801,0.866,0.294,0.0,0.0,0.034,8
0.03,0.0,0.0,0.0,0.081,0.035,0.0,0.0,0.0,0.206,0.788,0.777,1.0,1.0,0.177,0.113,0.0,0.653,0.95,0.798,0.365,0.244,0.143,0.046,0.0,0.763,0.951,0.0,0.052,0.0,0.075,0.0,0.034,0.094,0.932,0.735,0.034,0.042,0.0,0.012,0.0,0.0,0.372,0.94,0.105,0.0,0.027,0.0,0.0,0.0,0.0,0.79,0.397,0.054,0.0,0.0,0.0,0.146,0.291,1.0,0.423,0.036,0.029,0.024,5
0.0,0.032,0.0,0.0,0.062,0.017,0.018,0.003,0.0,0.03,0.385,0.733,1.0,0.586,0.032,0.0,0.0,0.49,0.926,0.281,0.736,0.829,0.0,0.0,0.0,0.0,0.0,0.311,1.0,0.194,0.012,0.024,0.0,0.0,0.0,0.229,1.0,0.249,0.091,0.008,0.018,0.0,0.009,0.229,0.926,0.48,0.077,0.0,0.0,0.0,0.0,0.013,0.126,0.857,0.397,0.0,0.0,0.075,0.071,0.0,0.082,0.791,0.627,0.012,3
0.0,0.0,0.191,0.864,0.663,0.073,0.0,0.056,0.0,0.0,0.619,0.871,0.807,0.987,0.0,0.001,0.0,0.033,0.743,0.288,0.279,0.985,0.295,0.077,0.065,0.007,0.415,0.91,0.937,0.998,0.534,0.015,0.07,0.073,0.092,0.468,0.543,0.837,0.532,0.0,0.008,0.083,0.174,0.0,0.085,0.489,0.75,0.0,0.0,0.038,0.955,0.65,0.516,0.713,0.741,0.055,0.034,0.015,0.37,0.8,0.833,0.82,0.389,0.003,9
0.043,0.006,0.466,0.81,0.63,0.108,0.079,0.0,0.014,0.463,0.995,0.403,0.533,0.62,0.0,0.027,0.023,0.675,0.422,0.062,0.192,0.825,0.014,0.0,0.004,0.3,0.296,0.069,0.088,0.725,0.0,0.034,0.0,0.0,0.0,0.034,0.235,0.532,0.003,0.0,0.0,0.022,0.0,0.043,0.729,0.129,0.033,0.057,0.0,0.0,0.014,0.576,0.819,0.156,0.184,0.011,0.047,0.0,0.439,1.0,0.959,1.0,1.0,0.373,2
0.006,0.565,0.564,0.565,0.961,0.0,0.0,0.0,0.064,0.032,0.0,0.89,0.644,0.038,0.049,0.0,0.0,0.02,0.621,1.0,1.0,0.714,0.0,0.023,0.0,0.8,1.0,0.722,0.586,0.116,0.032,0.0,0.032,0.182,0.742,0.421,0.0,0.025,0.009,0.0,0.0,0.432,1.0,0.111,0.046,0.0,0.0,0.022,0.0,0.663,0.844,0.0,0.0,0.0,0.0,0.0,0.02,0.0,0.014,0.051,0.0,0.07,0.0,0.0,7
0.0,0.0,0.0,0.0,0.0,0.0,0.025,0.033,0.005,0.0,0.0,0.109,0.794,0.927,0.917,0.117,0.0,0.033,0.0,0.891,0.709,0.094,0.985,0.293,0.0,0.0,0.25,0.973,0.0,0.0,0.898,0.373,0.069,0.042,0.322,0.681,0.525,0.769,0.912,0.327,0.042,0.0,0.011,0.544,0.68,0.281,0.632,0.538,0.0,0.0,0.0,0.209,0.028,0.0,0.692,0.332,0.005,0.0,0.0,0.979,0.851,0.428,0.944,0.202,9
0.015,0.072,0.154,0.729,1.0,0.778,0.034,0.0,0.06,0.075,0.882,0.606,0.592,0.829,0.0,0.0,0.0,0.075,0.176,0.0,0.609,0.613,0.098,0.1,0.0,0.062,0.206,0.403,0.851,0.827,0.561,0.0,0.091,0.0,1.0,1.0,0.939,0.306,0.0,0.093,0.036,0.0,0.198,0.798,0.45,0.0,0.072,0.078,0.034,0.046,0.0,1.0,0.09,0.054,0.045,0.0,0.0,0.0,0.178,0.948,0.0,0.0,0.014,0.0,7
0.0,0.05,0.091,0.492,0.999,0.559,0.0,0.064,0.0,0.0,0.681,0.845,0.643,0.99,0.0,0.024,0.032,0.0,0.73,0.072,0.272,1.0,0.087,0.0,0.126,0.0,0.047,0.0,0.874,0.396,0.078,0.0,0.05,0.015,0.0,0.604,0.747,0.011,0.029,0.0,0.0,0.129,0.783,0.935,0.037,0.0,0.04,0.0,0.0,0.198,0.877,0.926,0.402,0.247,0.06,0.0,0.012,0.0,0.089,0.703,0.974,0.942,0.403,0.041,2
0.002,0.0,0.0,0.055,0.0,0.026,0.0,0.062,0.026,0.0,0.0,0.598,0.884,1.0,0.744,0.062,0.0,0.0,0.0,0.785,0.447,0.163,0.39,0.281,0.04,0.0,0.0,0.961,0.209,0.509,0.469,0.059,0.008,0.069,0.185,0.888,0.962,0.68,0.925,0.177,0.054,0.0,0.282,0.935,0.401,0.068,0.762,0.086,0.0,0.0,0.287,0.351,0.011,0.27,0.782,0.045,0.025,0.057,0.012,0.396,0.458,0.79,0.328,0.0,5
0.0,0.005,0.699,1.0,0.862,0.254,0.053,0.0,0.0,0.317,0.903,0.579,0.0,0.0,0.026,0.0,0.046,0.432,0.864,0.246,0.227,0.0,0.075,0.0,0.041,0.504,0.862,0.189,0.97,0.098,0.0,0.0,0.0,0.293,1.0,0.183,0.844,0.443,0.001,0.018,0.071,0.0,0.719,0.731,0.662,0.907,0.0,0.0,0.0,0.0,0.119,0.754,1.0,1.0,0.036,0.0,0.0,0.0,0.038,0.0,0.0,0.0,0.054,0.0,6
0.0,0.0,0.01,0.323,0.93,0.662,0.0,0.038,0.028,0.0,0.494,0.675,1.0,0.432,0.0,0.028,0.0,0.29,0.841,0.592,0.985,0.435,0.0,0.042,0.125,0.983,0.914,0.796,0.9,0.245,0.023,0.0,0.028,0.641,0.568,0.024,0.86,0.107,0.018,0.041,0.085,0.0,0.0,0.237,0.81,0.0,0.076,0.031,0.033,0.0,0.0,0.449,0.611,0.0,0.044,0.0,0.011,0.0,0.008,0.481,0.303,0.0,0.033,0.0,9
0.003,0.045,0.0,0.038,0.045,0.0,0.047,0.0,0.0,0.048,0.038,0.0,0.896,0.844,0.154,0.029,0.031,0.0,0.0,0.501,1.0,0.636,0.118,0.042,0.018,0.01,0.0,0.7,0.831,0.068,0.04,0.113,0.0,0.0,0.058,0.897,1.0,0.865,0.305,0.0,0.0,0.011,0.026,0.855,0.986,0.484,0.962,0.221,0.0,0.0,0.028,0.875,0.752,0.034,0.87,0.646,0.015,0.0,0.0,0.507,0.882,0.404,1.0,0.471,6
0.071,0.188,0.82,0.794,0.037,0.053,0.0,0.0,0.0,0.517,0.94,0.308,0.083,0.0,0.0,0.009,0.042,0.917,0.938,0.2,0.041,0.271,0.0,0.0,0.336,0.993,0.621,0.082,0.751,0.897,0.033,0.0,0.443,0.957,1.0,0.979,1.0,0.179,0.0,0.019,0.028,0.528,0.934,1.0,0.449,0.0,0.041,0.0,0.096,0.093,0.837,0.632,0.0,0.059,0.0,0.0,0.017,0.08,1.0,0.717,0.053,0.019,0.037,0.032,4
