pixel_00,pixel_01,pixel_02,pixel_03,pixel_04,pixel_05,pixel_06,pixel_07,pixel_10,pixel_11,pixel_12,pixel_13,pixel_14,pixel_15,pixel_16,pixel_17,pixel_20,pixel_21,pixel_22,pixel_23,pixel_24,pixel_25,pixel_26,pixel_27,pixel_30,pixel_31,pixel_32,pixel_33,pixel_34,pixel_35,pixel_36,pixel_37,pixel_40,pixel_41,pixel_42,pixel_43,pixel_44,pixel_45,pixel_46,pixel_47,pixel_50,pixel_51,pixel_52,pixel_53,pixel_54,pixel_55,pixel_56,pixel_57,pixel_60,pixel_61,pixel_62,pixel_63,pixel_64,pixel_65,pixel_66,pixel_67,pixel_70,pixel_71,pixel_72,pixel_73,pixel_74,pixel_75,pixel_76,pixel_77,label
0.0,0.062,0.5,0.812,1.0,0.812,0.0,0.0,0.0,0.062,0.812,0.75,0.938,1.0,0.0,0.0,0.0,0.0,0.0,0.312,0.938,0.5,0.0,0.0,0.0,0.0,0.312,0.938,0.312,0.0,0.0,0.0,0.0,0.0,0.375,1.0,0.688,0.062,0.0,0.0,0.0,0.0,0.125,0.812,1.0,0.688,0.0,0.0,0.0,0.0,0.0,0.125,0.875,1.0,0.25,0.0,0.0,0.0,0.812,1.0,0.938,0.438,0.0,0.0,3
0.0,0.0,0.812,0.625,0.5,0.5,0.438,0.0,0.0,0.25,1.0,1.0,1.0,1.0,0.938,0.125,0.0,0.0,0.625,1.0,0.312,0.0,0.0,0.0,0.0,0.0,0.0,0.812,0.75,0.0,0.0,0.0,0.0,0.0,0.0,0.375,0.938,0.0,0.0,0.0,0.0,0.0,0.0,0.5,0.938,0.0,0.0,0.0,0.0,0.062,0.375,0.625,0.75,0.0,0.0,0.0,0.0,0.062,0.812,1.0,0.312,0.0,0.0,0.0,5
0.0,0.0,0.0,0.688,1.0,0.5,0.0,0.0,0.0,0.0,0.375,1.0,0.812,0.188,0.0,0.0,0.0,0.0,0.5,1.0,0.5,0.0,0.0,0.0,0.0,0.0,0.812,1.0,0.125,0.0,0.0,0.0,0.0,0.0,0.938,1.0,0.312,0.0,0.0,0.0,0.0,0.125,1.0,1.0,1.0,0.312,0.0,0.0,0.0,0.062,0.625,1.0,1.0,0.875,0.0,0.0,0.0,0.0,0.0,0.75,1.0,0.938,0.0,0.0,6
0.0,0.0,0.188,0.938,1.0,0.938,0.062,0.0,0.0,0.0,0.562,0.688,0.562,1.0,0.188,0.0,0.0,0.0,0.062,0.0,0.188,1.0,0.188,0.0,0.0,0.0,0.0,0.0,0.562,0.875,0.0,0.0,0.0,0.0,0.25,0.938,0.938,1.0,0.375,0.0,0.0,0.0,0.125,0.75,0.938,0.438,0.062,0.0,0.0,0.0,0.0,0.812,0.5,0.0,0.0,0.0,0.0,0.0,0.25,0.875,0.062,0.0,0.0,0.0,7
0.0,0.0,0.812,1.0,0.562,0.25,0.0,0.0,0.0,0.0,0.938,0.562,0.562,0.938,0.062,0.0,0.0,0.0,0.688,0.562,0.812,0.688,0.0,0.0,0.0,0.0,0.312,1.0,0.875,0.062,0.0,0.0,0.0,0.0,0.438,1.0,0.625,0.0,0.0,0.0,0.0,0.0,0.875,0.625,1.0,0.125,0.0,0.0,0.0,0.0,1.0,0.25,0.938,0.438,0.0,0.0,0.0,0.0,0.688,1.0,1.0,0.188,0.0,0.0,8
0.0,0.0,0.312,0.75,0.062,0.375,0.0,0.0,0.0,0.0,0.688,0.75,0.0,1.0,0.125,0.0,0.0,0.0,1.0,0.312,0.0,0.75,0.25,0.0,0.0,0.188,0.938,0.0,0.0,0.5,0.25,0.0,0.0,0.438,0.75,0.0,0.0,0.25,0.438,0.0,0.0,0.125,0.938,0.062,0.062,0.75,0.312,0.0,0.0,0.0,1.0,0.688,0.75,0.938,0.188,0.0,0.0,0.0,0.25,0.75,0.75,0.188,0.0,0.0,0
0.0,0.0,0.0,0.125,0.938,0.312,0.0,0.0,0.0,0.0,0.125,0.25,0.625,0.75,0.0,0.0,0.0,0.188,0.938,0.875,0.625,0.5,0.0,0.0,0.0,0.5,0.938,0.062,0.688,0.25,0.0,0.0,0.0,0.062,0.5,0.938,1.0,0.0,0.0,0.0,0.0,0.0,0.0,0.375,1.0,0.75,0.062,0.0,0.0,0.0,0.0,0.25,0.875,0.938,0.25,0.0,0.0,0.0,0.0,0.125,0.875,0.688,0.0,0.0,8
0.0,0.0,0.062,0.875,0.375,0.0,0.0,0.0,0.0,0.0,0.438,0.938,0.062,0.0,0.0,0.0,0.0,0.0,0.812,0.438,0.0,0.0,0.0,0.0,0.0,0.0,0.812,0.312,0.0,0.0,0.0,0.0,0.0,0.0,0.875,0.438,0.312,0.25,0.062,0.0,0.0,0.0,0.625,1.0,0.812,0.875,0.875,0.0,0.0,0.0,0.562,0.875,0.062,0.25,1.0,0.188,0.0,0.0,0.062,0.75,0.812,1.0,0.562,0.062,6
0.0,0.125,0.938,1.0,0.375,0.0,0.0,0.0,0.0,0.312,1.0,0.938,0.875,0.0,0.0,0.0,0.0,0.312,0.812,0.625,0.875,0.0,0.0,0.0,0.0,0.0,0.0,0.75,0.75,0.0,0.0,0.0,0.0,0.0,0.062,1.0,0.438,0.0,0.0,0.0,0.0,0.0,0.625,0.938,0.125,0.0,0.0,0.0,0.0,0.188,1.0,0.625,0.5,0.375,0.062,0.0,0.0,0.125,0.938,1.0,1.0,1.0,0.438,0.0,2
0.0,0.25,1.0,1.0,0.188,0.0,0.0,0.0,0.0,0.688,0.875,0.688,0.688,0.0,0.0,0.0,0.0,0.688,0.438,0.125,1.0,0.062,0.0,0.0,0.0,0.0,0.0,0.188,1.0,0.0,0.0,0.0,0.0,0.0,0.0,0.625,0.75,0.0,0.0,0.0,0.0,0.0,0.188,1.0,0.5,0.312,0.188,0.0,0.0,0.0,0.75,1.0,1.0,1.0,1.0,0.0,0.0,0.188,1.0,0.938,0.5,0.438,0.25,0.0,2
0.0,0.0,0.0,0.438,1.0,1.0,0.438,0.0,0.0,0.0,0.0,0.875,1.0,1.0,0.25,0.0,0.0,0.125,0.812,1.0,1.0,0.75,0.0,0.0,0.0,0.438,1.0,1.0,1.0,0.75,0.0,0.0,0.0,0.0,0.0,0.625,1.0,0.5,0.0,0.0,0.0,0.0,0.0,0.688,1.0,0.812,0.0,0.0,0.0,0.0,0.0,0.625,1.0,1.0,0.125,0.0,0.0,0.0,0.0,0.562,1.0,0.75,0.125,0.0,1
0.0,0.0,0.062,0.938,0.438,0.0,0.0,0.0,0.0,0.0,0.375,1.0,0.188,0.0,0.0,0.0,0.0,0.062,1.0,0.625,0.0,0.062,0.188,0.0,0.0,0.312,1.0,0.188,0.062,0.75,0.938,0.0,0.0,0.688,1.0,0.5,0.875,0.938,0.188,0.0,0.0,0.375,1.0,1.0,1.0,0.312,0.0,0.0,0.0,0.0,0.062,0.875,0.688,0.0,0.0,0.0,0.0,0.0,0.125,1.0,0.75,0.0,0.0,0.0,4
0.0,0.0,0.0,0.312,1.0,0.562,0.0,0.0,0.0,0.0,0.062,0.812,1.0,0.375,0.0,0.0,0.0,0.0,0.812,1.0,1.0,0.25,0.0,0.0,0.0,0.312,0.938,1.0,1.0,0.312,0.0,0.0,0.0,0.0,0.0,0.625,1.0,0.438,0.0,0.0,0.0,0.0,0.0,0.562,1.0,0.5,0.0,0.0,0.0,0.0,0.0,0.562,1.0,0.812,0.0,0.0,0.0,0.0,0.0,0.312,0.875,0.562,0.0,0.0,1
0.0,0.0,0.0,0.875,0.438,0.0,0.0,0.0,0.0,0.0,0.0,0.938,0.938,0.062,0.0,0.0,0.0,0.0,0.125,1.0,0.938,0.062,0.0,0.0,0.0,0.0,0.375,1.0,0.938,0.0,0.0,0.0,0.0,0.0,0.562,1.0,0.812,0.0,0.0,0.0,0.0,0.0,0.5,1.0,0.938,0.062,0.0,0.0,0.0,0.0,0.25,1.0,1.0,0.375,0.0,0.0,0.0,0.0,0.0,0.812,0.75,0.0,0.0,0.0,1
0.0,0.0,0.188,1.0,0.0,0.0,0.0,0.0,0.0,0.0,0.625,0.625,0.0,0.0,0.0,0.0,0.0,0.062,1.0,0.188,0.812,0.312,0.0,0.0,0.0,0.5,0.812,0.062,1.0,0.438,0.375,0.0,0.0,0.875,0.812,0.562,1.0,1.0,0.625,0.0,0.0,0.688,1.0,1.0,0.875,0.562,0.188,0.0,0.0,0.062,0.25,1.0,0.5,0.0,0.0,0.0,0.0,0.0,0.125,1.0,0.375,0.0,0.0,0.0,4
0.0,0.062,0.5,0.625,0.875,0.625,0.0,0.0,0.0,0.75,0.625,0.375,0.375,1.0,0.125,0.0,0.0,0.188,0.0,0.0,0.438,0.875,0.062,0.0,0.0,0.0,0.0,0.0,0.562,0.688,0.0,0.0,0.0,0.0,0.0,0.0,0.125,1.0,0.062,0.0,0.0,0.0,0.0,0.0,0.0,0.5,0.75,0.0,0.0,0.0,0.25,0.0,0.125,0.688,0.562,0.0,0.0,0.0,0.75,1.0,0.875,0.75,0.25,0.0,3
0.0,0.0,0.062,0.312,0.75,0.812,0.0,0.0,0.0,0.0,0.688,0.812,0.938,1.0,0.062,0.0,0.0,0.125,0.875,0.0,0.625,0.75,0.25,0.0,0.0,0.312,0.812,0.75,0.188,0.75,0.0,0.0,0.0,0.0,0.312,0.375,0.0,0.75,0.25,0.0,0.0,0.0,0.0,0.0,0.0,0.938,0.125,0.0,0.0,0.0,0.25,0.312,0.0,1.0,0.188,0.0,0.0,0.0,0.0,0.25,0.875,0.812,0.0,0.0,9
0.0,0.0,0.25,0.75,1.0,0.375,0.0,0.0,0.0,0.25,1.0,0.625,0.312,1.0,0.25,0.0,0.0,0.5,0.812,0.0,0.312,0.938,0.312,0.0,0.0,0.375,0.75,0.438,0.938,0.188,0.0,0.0,0.0,0.0,0.75,1.0,0.75,0.062,0.0,0.0,0.0,0.0,0.688,0.625,0.562,0.688,0.0,0.0,0.0,0.0,0.75,0.375,0.0,0.812,0.188,0.0,0.0,0.0,0.375,0.812,0.812,0.5,0.0,0.0,8
0.0,0.0,0.125,0.75,0.062,0.0,0.0,0.0,0.0,0.0,0.375,0.812,0.0,0.0,0.0,0.0,0.0,0.0,0.812,0.25,0.0,0.0,0.0,0.0,0.0,0.0,1.0,0.062,0.0,0.0,0.0,0.0,0.0,0.312,1.0,1.0,1.0,0.625,0.062,0.0,0.0,0.125,0.938,0.375,0.062,0.625,0.5,0.0,0.0,0.0,0.625,0.625,0.0,0.562,0.562,0.0,0.0,0.0,0.125,0.75,1.0,0.938,0.062,0.0,6
0.0,0.0,0.0,0.688,0.438,0.0,0.0,0.0,0.0,0.0,0.5,0.938,0.438,0.0,0.0,0.0,0.0,0.0,0.812,0.5,0.0,0.0,0.0,0.0,0.0,0.0,1.0,0.875,0.5,0.062,0.0,0.0,0.0,0.312,1.0,0.625,0.625,0.875,0.062,0.0,0.0,0.125,0.938,0.188,0.0,0.75,0.438,0.0,0.0,0.0,0.625,0.812,0.062,0.625,0.688,0.0,0.0,0.0,0.0,0.625,1.0,0.938,0.312,0.0,6
0.0,0.0,0.812,0.812,0.062,0.0,0.0,0.0,0.0,0.438,1.0,0.812,0.75,0.812,0.0,0.0,0.0,0.5,0.812,0.062,0.938,1.0,0.25,0.0,0.0,0.25,0.938,0.812,0.938,0.938,0.625,0.0,0.0,0.0,0.375,0.688,0.188,0.562,0.812,0.0,0.0,0.0,0.0,0.0,0.0,0.312,1.0,0.0,0.0,0.062,0.438,0.0,0.062,0.562,0.938,0.062,0.0,0.062,0.812,1.0,1.0,1.0,0.375,0.0,9
0.0,0.0,0.375,0.75,0.75,0.375,0.0,0.0,0.0,0.0,0.688,1.0,1.0,0.812,0.0,0.0,0.0,0.0,0.75,1.0,1.0,0.5,0.0,0.0,0.0,0.0,0.5,1.0,1.0,0.75,0.0,0.0,0.0,0.125,0.812,1.0,1.0,0.75,0.0,0.0,0.0,0.062,1.0,1.0,1.0,0.625,0.0,0.0,0.0,0.0,1.0,1.0,1.0,0.5,0.0,0.0,0.0,0.0,0.125,0.688,0.625,0.25,0.0,0.0,1
0.0,0.062,0.688,0.625,0.5,0.062,0.062,0.0,0.0,0.188,0.938,0.688,0.188,0.75,0.375,0.0,0.0,0.0,0.25,1.0,1.0,0.75,0.0,0.0,0.0,0.0,0.0,0.688,1.0,0.312,0.0,0.0,0.0,0.0,0.312,0.812,0.75,0.75,0.0,0.0,0.0,0.0,0.812,0.438,0.062,1.0,0.25,0.0,0.0,0.062,0.938,0.25,0.438,0.875,0.0,0.0,0.0,0.062,0.875,0.875,0.5,0.062,0.0,0.0,8
0.0,0.0,0.0,0.062,0.562,1.0,0.562,0.0,0.0,0.0,0.062,0.688,0.812,0.875,0.75,0.062,0.0,0.062,0.938,0.812,0.25,1.0,1.0,0.188,0.0,0.125,1.0,1.0,1.0,0.938,0.75,0.0,0.0,0.0,0.438,0.5,0.25,0.875,0.312,0.0,0.0,0.0,0.0,0.0,0.312,0.875,0.0,0.0,0.0,0.0,0.0,0.0,0.5,0.562,0.0,0.0,0.0,0.0,0.0,0.0,0.75,0.375,0.0,0.0,9
0.0,0.0,0.0,0.625,1.0,0.688,0.062,0.0,0.0,0.0,0.0,0.938,1.0,0.938,0.125,0.0,0.0,0.0,0.062,0.812,1.0,0.875,0.0,0.0,0.0,0.0,0.062,0.938,1.0,0.75,0.0,0.0,0.0,0.0,0.0,0.875,1.0,0.5,0.0,0.0,0.0,0.0,0.0,0.812,1.0,0.312,0.0,0.0,0.0,0.0,0.062,0.875,1.0,0.062,0.0,0.0,0.0,0.0,0.0,0.5,0.938,0.062,0.0,0.0,1
0.0,0.0,0.562,0.625,0.125,0.0,0.0,0.0,0.0,0.5,1.0,1.0,0.625,0.0,0.0,0.0,0.0,0.438,0.438,0.25,1.0,0.125,0.0,0.0,0.0,0.0,0.0,0.5,1.0,0.312,0.0,0.0,0.0,0.0,0.0,0.625,1.0,0.875,0.125,0.0,0.0,0.0,0.0,0.0,0.125,0.875,0.438,0.0,0.0,0.0,0.688,0.625,0.25,0.688,0.75,0.0,0.0,0.0,0.5,0.875,1.0,0.938,0.375,0.0,3
0.0,0.0,0.625,0.938,0.438,0.0,0.0,0.0,0.0,0.25,1.0,0.812,0.688,0.688,0.0,0.0,0.0,0.625,1.0,0.75,0.938,1.0,0.25,0.0,0.0,0.188,0.75,0.75,0.875,1.0,0.25,0.0,0.0,0.0,0.0,0.0,0.625,1.0,0.25,0.0,0.0,0.0,0.0,0.0,0.562,1.0,0.25,0.0,0.0,0.0,0.25,0.25,0.938,0.938,0.0,0.0,0.0,0.062,0.75,0.938,0.75,0.188,0.0,0.0,9
0.0,0.0,0.438,1.0,0.875,0.188,0.0,0.0,0.0,0.0,0.562,0.875,0.688,0.938,0.0,0.0,0.0,0.0,0.062,0.312,0.0,0.938,0.312,0.0,0.0,0.0,0.0,0.0,0.0,1.0,0.312,0.0,0.0,0.0,0.0,0.0,0.188,1.0,0.25,0.0,0.0,0.0,0.0,0.062,0.75,0.875,0.062,0.0,0.0,0.0,0.312,0.75,1.0,1.0,0.875,0.062,0.0,0.0,0.5,1.0,0.875,0.625,0.812,0.188,2
0.0,0.0,0.062,0.938,0.688,0.062,0.0,0.0,0.0,0.0,0.562,0.75,0.5,0.75,0.0,0.0,0.0,0.062,0.938,0.062,0.375,1.0,0.125,0.0,0.0,0.125,0.75,0.0,0.062,0.688,0.375,0.0,0.0,0.312,0.625,0.0,0.0,0.688,0.25,0.0,0.0,0.125,0.812,0.0,0.0,0.625,0.188,0.0,0.0,0.0,0.812,0.125,0.188,0.812,0.188,0.0,0.0,0.0,0.062,0.812,1.0,0.938,0.062,0.0,0
0.0,0.0,0.0,0.5,0.875,0.562,0.0,0.0,0.0,0.0,0.562,0.938,1.0,0.938,0.0,0.0,0.0,0.25,0.938,0.312,0.5,0.875,0.0,0.0,0.0,0.5,0.875,0.062,0.875,0.438,0.0,0.0,0.0,0.062,0.938,0.812,0.75,0.0,0.0,0.0,0.0,0.0,0.812,1.0,0.812,0.0,0.0,0.0,0.0,0.0,0.75,0.625,0.938,0.438,0.0,0.0,0.0,0.0,0.125,0.625,1.0,0.312,0.0,0.0,8
0.0,0.0,0.562,0.812,0.5,0.0,0.0,0.0,0.0,0.0,0.812,1.0,1.0,0.75,0.0,0.0,0.0,0.125,1.0,0.438,0.375,0.938,0.188,0.0,0.0,0.5,0.875,0.0,0.0,0.5,0.188,0.0,0.0,0.312,0.875,0.0,0.0,0.5,0.5,0.0,0.0,0.125,1.0,0.812,0.688,0.875,0.25,0.0,0.0,0.188,1.0,0.938,1.0,0.375,0.0,0.0,0.0,0.0,0.375,0.875,0.5,0.0,0.0,0.0,0
0.0,0.062,0.812,0.875,1.0,0.938,0.438,0.0,0.0,0.25,0.938,0.188,0.188,0.25,0.062,0.0,0.0,0.25,0.812,0.312,0.5,0.312,0.0,0.0,0.0,0.375,1.0,0.75,0.5,0.875,0.125,0.0,0.0,0.0,0.25,0.0,0.0,0.75,0.25,0.0,0.0,0.0,0.0,0.0,0.062,0.875,0.125,0.0,0.0,0.125,0.75,0.188,0.688,0.562,0.0,0.0,0.0,0.062,0.688,1.0,0.812,0.062,0.0,0.0,5
0.0,0.0,0.0,0.562,0.812,0.0,0.0,0.0,0.0,0.0,0.125,1.0,0.5,0.0,0.438,0.062,0.0,0.0,0.625,0.812,0.062,0.375,1.0,0.312,0.0,0.375,1.0,0.688,0.5,0.875,0.938,0.0,0.0,0.812,1.0,1.0,1.0,1.0,0.562,0.0,0.0,0.125,0.125,0.0,0.688,1.0,0.062,0.0,0.0,0.0,0.0,0.25,1.0,0.438,0.0,0.0,0.0,0.0,0.0,0.562,0.938,0.125,0.0,0.0,4
0.0,0.0,0.438,1.0,1.0,0.312,0.0,0.0,0.0,0.062,0.938,0.688,0.875,0.688,0.0,0.0,0.0,0.0,0.0,0.0,0.75,0.5,0.0,0.0,0.0,0.0,0.188,0.5,0.875,0.75,0.312,0.0,0.0,0.0,0.875,1.0,1.0,0.625,0.312,0.0,0.0,0.0,0.125,0.5,0.875,0.0,0.0,0.0,0.0,0.0,0.062,0.938,0.5,0.0,0.0,0.0,0.0,0.0,0.5,0.875,0.062,0.0,0.0,0.0,7
0.0,0.0,0.125,0.875,0.812,0.062,0.0,0.0,0.0,0.0,0.875,1.0,0.812,0.688,0.0,0.0,0.0,0.25,1.0,0.688,0.062,0.812,0.188,0.0,0.0,0.312,1.0,0.188,0.0,0.625,0.562,0.0,0.0,0.375,0.812,0.0,0.0,0.562,0.688,0.0,0.0,0.125,0.938,0.0,0.062,0.938,0.5,0.0,0.0,0.0,0.688,0.75,0.938,0.938,0.062,0.0,0.0,0.0,0.125,0.812,1.0,0.312,0.0,0.0,0
0.0,0.062,0.625,1.0,1.0,0.375,0.0,0.0,0.0,0.438,0.875,0.562,0.75,0.75,0.0,0.0,0.0,0.062,0.062,0.312,0.938,0.312,0.0,0.0,0.0,0.0,0.188,1.0,0.875,0.188,0.0,0.0,0.0,0.0,0.062,0.688,0.875,1.0,0.375,0.0,0.0,0.0,0.0,0.0,0.0,0.75,0.688,0.0,0.0,0.0,0.438,0.5,0.812,1.0,0.312,0.0,0.0,0.0,0.938,1.0,0.75,0.312,0.0,0.0,3
0.0,0.0,0.188,1.0,0.75,0.062,0.0,0.0,0.0,0.0,0.188,1.0,1.0,0.312,0.0,0.0,0.0,0.0,0.125,1.0,1.0,0.312,0.0,0.0,0.0,0.0,0.0,1.0,1.0,0.312,0.0,0.0,0.0,0.0,0.25,1.0,1.0,0.125,0.0,0.0,0.0,0.0,0.25,1.0,0.875,0.0,0.0,0.0,0.0,0.0,0.375,1.0,0.875,0.0,0.0,0.0,0.0,0.0,0.125,1.0,0.875,0.0,0.0,0.0,1
0.0,0.062,0.938,0.25,0.0,0.0,0.0,0.0,0.0,0.125,1.0,1.0,1.0,0.875,0.125,0.0,0.0,0.375,1.0,0.688,0.5,0.5,0.188,0.0,0.0,0.312,1.0,0.688,0.312,0.0,0.0,0.0,0.0,0.0,0.688,0.875,0.875,0.062,0.0,0.0,0.0,0.0,0.0,0.312,1.0,0.438,0.0,0.0,0.0,0.0,0.375,1.0,1.0,0.25,0.0,0.0,0.0,0.0,0.875,0.875,0.25,0.0,0.0,0.0,5
0.0,0.0,0.0,0.0,0.5,0.625,0.0,0.0,0.0,0.0,0.0,0.0,0.812,0.375,0.0,0.0,0.0,0.0,0.0,0.312,0.812,0.0,0.0,0.0,0.0,0.0,0.125,0.875,0.188,0.625,0.625,0.0,0.0,0.062,0.875,0.938,0.625,1.0,0.375,0.0,0.0,0.875,0.875,0.75,0.938,1.0,0.125,0.0,0.0,0.188,0.0,0.0,0.5,0.875,0.0,0.0,0.0,0.0,0.0,0.0,0.312,0.625,0.0,0.0,4
0.0,0.0,0.062,0.688,0.938,0.0,0.0,0.0,0.0,0.0,0.688,0.938,0.312,0.0,0.0,0.0,0.0,0.188,0.938,0.062,0.0,0.0,0.0,0.0,0.0,0.312,0.75,0.0,0.0,0.0,0.0,0.0,0.0,0.5,0.938,0.938,1.0,0.875,0.188,0.0,0.0,0.125,1.0,0.688,0.125,0.438,0.75,0.0,0.0,0.0,0.875,0.688,0.25,0.562,0.812,0.0,0.0,0.0,0.125,0.688,1.0,0.938,0.375,0.0,6
0.0,0.0,0.0,0.562,0.5,0.062,0.0,0.0,0.0,0.0,0.312,1.0,1.0,0.5,0.0,0.0,0.0,0.25,1.0,0.938,0.062,0.938,0.0,0.0,0.0,0.375,1.0,0.75,0.0,0.75,0.062,0.0,0.0,0.312,1.0,0.688,0.0,0.688,0.375,0.0,0.0,0.062,0.938,0.5,0.25,0.938,0.375,0.0,0.0,0.0,0.312,1.0,1.0,0.938,0.0,0.0,0.0,0.0,0.0,0.438,0.875,0.562,0.0,0.0,0
0.0,0.0,0.375,1.0,1.0,0.562,0.0,0.0,0.0,0.0,0.875,0.562,0.75,0.688,0.0,0.0,0.0,0.0,0.062,0.0,0.562,0.375,0.0,0.0,0.0,0.0,0.062,0.375,1.0,0.625,0.375,0.0,0.0,0.0,0.625,1.0,0.875,0.688,0.312,0.0,0.0,0.0,0.312,0.938,0.125,0.0,0.0,0.0,0.0,0.0,0.188,0.812,0.0,0.0,0.0,0.0,0.0,0.0,0.438,0.5,0.0,0.0,0.0,0.0,7
0.0,0.0,0.0,0.25,0.812,1.0,0.938,0.125,0.0,0.0,0.125,0.938,0.812,0.812,1.0,0.375,0.0,0.0,0.438,0.438,0.0,0.188,1.0,0.25,0.0,0.0,0.0,0.25,0.25,0.5,0.875,0.0,0.0,0.0,0.875,1.0,1.0,1.0,0.375,0.0,0.0,0.0,0.688,0.562,0.625,0.75,0.0,0.0,0.0,0.0,0.0,0.0,0.812,0.188,0.0,0.0,0.0,0.0,0.0,0.25,0.625,0.0,0.0,0.0,7
0.0,0.0,0.125,0.688,0.812,0.312,0.0,0.0,0.0,0.0,1.0,0.625,0.812,1.0,0.438,0.0,0.0,0.0,0.875,0.625,0.0,0.625,0.688,0.0,0.0,0.0,0.25,0.875,1.0,0.812,0.062,0.0,0.0,0.0,0.0,0.688,0.812,0.75,0.062,0.0,0.0,0.0,0.5,0.625,0.125,0.875,0.188,0.0,0.0,0.0,0.625,0.625,0.188,0.938,0.062,0.0,0.0,0.0,0.125,0.938,1.0,0.375,0.0,0.0,8
0.0,0.0,0.188,0.75,0.688,0.25,0.0,0.0,0.0,0.25,0.938,0.812,0.75,1.0,0.0,0.0,0.0,0.562,0.875,0.0,0.0,0.75,0.125,0.0,0.0,0.0,0.812,0.688,0.438,0.938,0.188,0.0,0.0,0.0,0.0,0.938,1.0,0.438,0.0,0.0,0.0,0.0,0.312,1.0,0.625,0.875,0.125,0.0,0.0,0.0,0.688,0.812,0.0,0.5,0.5,0.0,0.0,0.0,0.125,0.75,1.0,1.0,0.438,0.0,8
0.0,0.0,0.25,0.875,0.312,0.0,0.0,0.0,0.0,0.0,0.812,0.875,0.0,0.0,0.0,0.0,0.0,0.125,1.0,0.625,0.0,0.0,0.0,0.0,0.0,0.25,1.0,0.438,0.0,0.0,0.0,0.0,0.0,0.375,1.0,1.0,0.938,0.25,0.0,0.0,0.0,0.25,1.0,0.562,0.25,1.0,0.125,0.0,0.0,0.062,0.938,0.812,0.375,1.0,0.688,0.0,0.0,0.0,0.25,0.812,1.0,0.938,0.312,0.0,6
0.0,0.0,0.438,1.0,1.0,0.938,0.312,0.0,0.0,0.0,0.562,0.75,0.938,1.0,0.438,0.0,0.0,0.0,0.0,0.0,0.562,0.938,0.062,0.0,0.0,0.0,0.438,0.75,0.938,0.938,0.5,0.0,0.0,0.062,1.0,1.0,1.0,0.812,0.312,0.0,0.0,0.0,0.0,0.875,0.625,0.0,0.0,0.0,0.0,0.0,0.312,1.0,0.125,0.0,0.0,0.0,0.0,0.0,0.5,0.875,0.062,0.0,0.0,0.0,7
0.0,0.0,0.25,0.938,0.25,0.0,0.0,0.0,0.0,0.0,0.562,1.0,0.125,0.0,0.0,0.0,0.0,0.0,1.0,0.625,0.0,0.0,0.0,0.0,0.0,0.375,1.0,0.188,0.0,0.0,0.0,0.0,0.0,0.625,0.938,0.688,1.0,0.812,0.25,0.0,0.0,0.438,1.0,1.0,0.688,0.875,0.875,0.0,0.0,0.125,1.0,0.688,0.312,0.938,0.75,0.0,0.0,0.0,0.188,1.0,1.0,0.875,0.188,0.0,6
0.0,0.0,0.312,0.875,0.0,0.0,0.0,0.0,0.0,0.0,0.75,0.562,0.0,0.0,0.0,0.0,0.0,0.0,0.938,0.188,0.0,0.0,0.0,0.0,0.0,0.062,1.0,0.0,0.0,0.0,0.0,0.0,0.0,0.062,1.0,0.125,0.438,0.25,0.0,0.0,0.0,0.188,1.0,1.0,1.0,1.0,0.562,0.0,0.0,0.0,0.938,0.938,0.25,0.625,1.0,0.0,0.0,0.0,0.25,0.875,1.0,0.75,0.438,0.0,6
0.0,0.0,0.625,0.875,0.5,0.062,0.0,0.0,0.0,0.125,1.0,0.875,0.375,0.062,0.0,0.0,0.0,0.0,0.938,0.938,0.5,0.938,0.0,0.0,0.0,0.0,0.312,1.0,1.0,0.625,0.0,0.0,0.0,0.0,0.75,0.938,0.938,0.75,0.0,0.0,0.0,0.25,1.0,0.375,0.25,1.0,0.375,0.0,0.0,0.5,1.0,0.625,0.5,1.0,0.5,0.0,0.0,0.062,0.5,0.75,0.875,0.75,0.062,0.0,8
0.0,0.0,0.562,1.0,0.438,0.0,0.0,0.0,0.0,0.0,0.875,0.812,1.0,0.125,0.0,0.0,0.0,0.0,0.438,0.562,0.938,0.5,0.0,0.0,0.0,0.0,0.0,0.062,0.812,0.562,0.0,0.0,0.0,0.0,0.0,0.0,0.875,0.438,0.0,0.0,0.0,0.0,0.0,0.25,1.0,0.312,0.0,0.0,0.0,0.0,0.438,1.0,1.0,0.5,0.375,0.0,0.0,0.0,0.562,0.938,0.75,1.0,1.0,0.562,2
0.0,0.0,0.0,0.188,0.75,1.0,0.938,0.062,0.0,0.0,0.188,1.0,0.562,0.625,1.0,0.0,0.0,0.0,0.875,0.812,0.438,0.938,0.625,0.0,0.0,0.125,1.0,1.0,1.0,1.0,0.125,0.0,0.0,0.125,0.75,0.562,0.812,0.5,0.0,0.0,0.0,0.0,0.0,0.0,0.938,0.312,0.0,0.0,0.0,0.0,0.0,0.188,1.0,0.062,0.0,0.0,0.0,0.0,0.0,0.188,0.875,0.062,0.0,0.0,9
0.0,0.0,0.875,0.75,0.75,0.812,0.188,0.0,0.0,0.0,1.0,0.5,0.5,0.375,0.062,0.0,0.0,0.0,0.875,0.438,0.312,0.0,0.0,0.0,0.0,0.0,0.938,0.938,1.0,0.125,0.0,0.0,0.0,0.0,0.812,0.188,0.375,0.5,0.0,0.0,0.0,0.0,0.0,0.0,0.188,0.812,0.0,0.0,0.0,0.0,0.312,0.25,0.5,0.75,0.062,0.0,0.0,0.062,0.938,0.938,0.688,0.188,0.0,0.0,5
0.0,0.0,0.125,0.875,1.0,0.5,0.0,0.0,0.0,0.0,0.25,0.75,1.0,0.688,0.0,0.0,0.0,0.0,0.0,0.0,1.0,0.75,0.0,0.0,0.0,0.0,0.0,0.188,1.0,0.562,0.0,0.0,0.0,0.125,0.312,0.625,1.0,0.75,0.125,0.0,0.0,1.0,1.0,1.0,1.0,0.875,0.188,0.0,0.0,0.25,0.25,0.875,0.75,0.0,0.0,0.0,0.0,0.0,0.125,1.0,0.438,0.0,0.0,0.0,7
0.0,0.0,0.062,0.812,1.0,0.625,0.0,0.0,0.0,0.0,0.5,0.875,0.812,0.875,0.0,0.0,0.0,0.062,0.938,0.312,0.312,0.938,0.0,0.0,0.0,0.438,0.75,0.0,0.562,0.688,0.0,0.0,0.0,0.062,0.125,0.688,0.938,1.0,0.438,0.0,0.0,0.0,0.25,0.938,1.0,0.562,0.062,0.0,0.0,0.0,0.0,0.625,0.688,0.0,0.0,0.0,0.0,0.0,0.062,0.938,0.438,0.0,0.0,0.0,7
0.0,0.0,0.812,1.0,1.0,0.562,0.0,0.0,0.0,0.125,1.0,0.438,0.438,1.0,0.0,0.0,0.0,0.0,0.25,0.0,0.688,0.625,0.0,0.0,0.0,0.0,0.062,0.812,0.875,0.188,0.0,0.0,0.0,0.0,0.0,0.438,0.938,0.688,0.062,0.0,0.0,0.0,0.0,0.062,0.125,0.812,0.625,0.0,0.0,0.0,0.5,0.562,0.062,0.75,0.688,0.0,0.0,0.0,0.688,1.0,1.0,0.938,0.062,0.0,3
0.0,0.0,0.188,0.812,0.5,0.0,0.0,0.0,0.0,0.25,1.0,1.0,0.875,0.0,0.0,0.0,0.0,0.688,0.688,0.562,0.625,0.0,0.0,0.0,0.0,0.5,0.875,0.938,0.562,0.0,0.0,0.0,0.0,0.0,0.438,1.0,0.938,0.312,0.0,0.0,0.0,0.0,0.25,1.0,0.188,0.812,0.562,0.0,0.0,0.0,0.312,0.938,0.25,0.812,0.688,0.0,0.0,0.0,0.062,0.938,0.938,0.5,0.125,0.0,8
0.0,0.0,0.125,0.688,0.812,0.312,0.0,0.0,0.0,0.062,0.875,0.562,0.5,0.875,0.0,0.0,0.0,0.375,0.812,0.062,0.125,1.0,0.125,0.0,0.0,0.438,0.438,0.0,0.0,0.75,0.312,0.0,0.0,0.438,0.562,0.0,0.0,0.188,0.562,0.0,0.0,0.125,0.75,0.0,0.0,0.25,0.688,0.0,0.0,0.0,0.75,0.375,0.25,0.875,0.438,0.0,0.0,0.0,0.188,0.812,1.0,0.562,0.0,0.0,0
0.0,0.438,1.0,1.0,1.0,0.688,0.125,0.0,0.0,0.312,1.0,0.75,0.5,0.375,0.062,0.0,0.0,0.562,1.0,0.062,0.0,0.0,0.0,0.0,0.0,0.125,1.0,0.938,0.188,0.0,0.0,0.0,0.0,0.0,0.312,1.0,0.875,0.062,0.0,0.0,0.0,0.0,0.0,0.125,1.0,0.625,0.0,0.0,0.0,0.062,0.438,0.812,1.0,0.188,0.0,0.0,0.0,0.25,0.938,1.0,0.375,0.0,0.0,0.0,5
0.0,0.0,0.188,0.75,0.188,0.0,0.0,0.0,0.0,0.0,0.812,0.875,0.125,0.0,0.0,0.0,0.0,0.188,0.625,0.0,0.0,0.0,0.0,0.0,0.0,0.0,0.0,0.188,0.312,0.188,0.0,0.0,0.0,0.25,0.625,1.0,1.0,1.0,0.25,0.0,0.0,0.375,1.0,0.25,0.0,0.5,0.562,0.0,0.0,0.0,0.938,0.75,0.25,0.562,0.75,0.0,0.0,0.0,0.125,0.812,1.0,0.875,0.25,0.0,6
0.0,0.0,0.75,1.0,1.0,1.0,0.938,0.0,0.0,0.0,0.188,0.25,0.125,0.5,0.938,0.0,0.0,0.0,0.0,0.125,0.25,0.688,0.688,0.0,0.0,0.0,0.375,0.938,1.0,1.0,0.75,0.0,0.0,0.0,0.312,0.375,0.938,0.438,0.125,0.0,0.0,0.0,0.0,0.625,0.812,0.0,0.0,0.0,0.0,0.0,0.25,1.0,0.125,0.0,0.0,0.0,0.0,0.0,0.875,0.688,0.0,0.0,0.0,0.0,7
0.0,0.0,0.188,0.688,0.438,0.062,0.0,0.0,0.0,0.0,0.625,0.938,0.875,0.875,0.0,0.0,0.0,0.125,1.0,0.625,0.062,0.75,0.25,0.0,0.0,0.125,1.0,0.188,0.0,0.25,0.5,0.0,0.0,0.312,0.75,0.0,0.0,0.375,0.5,0.0,0.0,0.062,0.75,0.0,0.0,0.688,0.562,0.0,0.0,0.0,0.938,0.562,0.875,0.938,0.062,0.0,0.0,0.0,0.25,0.938,0.938,0.25,0.0,0.0,0
0.0,0.0,0.375,0.938,0.688,0.0,0.0,0.0,0.0,0.375,1.0,0.812,1.0,0.0,0.0,0.0,0.0,0.125,0.438,0.812,0.562,0.0,0.0,0.0,0.0,0.0,0.188,1.0,0.938,0.312,0.0,0.0,0.0,0.0,0.0,0.188,0.688,1.0,0.125,0.0,0.0,0.0,0.0,0.0,0.0,1.0,0.438,0.0,0.0,0.0,1.0,0.688,0.625,1.0,0.438,0.0,0.0,0.0,0.312,1.0,0.938,0.562,0.0,0.0,3
0.0,0.0,0.5,1.0,0.938,0.25,0.0,0.0,0.0,0.625,1.0,0.688,0.812,0.75,0.0,0.0,0.0,0.75,0.438,0.0,0.812,0.5,0.0,0.0,0.0,0.0,0.062,0.438,1.0,0.75,0.312,0.0,0.0,0.312,0.938,1.0,1.0,0.875,0.562,0.0,0.0,0.125,0.5,0.938,0.625,0.0,0.0,0.0,0.0,0.0,0.438,1.0,0.125,0.0,0.0,0.0,0.0,0.0,0.625,0.812,0.0,0.0,0.0,0.0,7
0.0,0.0,0.875,1.0,0.812,0.562,0.062,0.0,0.0,0.0,0.75,0.625,0.562,1.0,0.188,0.0,0.0,0.0,0.562,0.875,0.812,0.812,0.062,0.0,0.0,0.0,0.188,0.812,1.0,0.375,0.0,0.0,0.0,0.0,0.312,1.0,0.75,0.562,0.0,0.0,0.0,0.0,0.812,0.5,0.875,0.375,0.0,0.0,0.0,0.062,1.0,0.688,0.938,0.062,0.0,0.0,0.0,0.062,0.812,1.0,0.375,0.0,0.0,0.0,8
0.0,0.062,0.562,0.938,1.0,0.562,0.0,0.0,0.0,0.375,0.75,0.062,0.125,1.0,0.0,0.0,0.0,0.0,0.062,0.0,0.5,0.875,0.0,0.0,0.0,0.0,0.0,0.625,0.938,0.188,0.0,0.0,0.0,0.0,0.0,0.438,0.938,0.312,0.0,0.0,0.0,0.0,0.0,0.0,0.25,0.812,0.125,0.0,0.0,0.125,0.438,0.25,0.25,0.875,0.188,0.0,0.0,0.0,0.562,1.0,1.0,0.625,0.0,0.0,3
0.0,0.0,0.25,0.875,0.375,0.0,0.0,0.0,0.0,0.0,0.625,0.938,0.125,0.0,0.0,0.0,0.0,0.0,1.0,0.688,0.0,0.0,0.0,0.0,0.0,0.0,0.812,0.688,0.0,0.0,0.0,0.0,0.0,0.188,1.0,0.75,0.5,0.188,0.0,0.0,0.0,0.125,1.0,0.875,0.5,0.75,0.562,0.0,0.0,0.0,1.0,0.812,0.25,0.75,0.75,0.0,0.0,0.0,0.375,0.938,1.0,0.75,0.062,0.0,6
0.0,0.0,0.0,0.812,0.188,0.0,0.0,0.0,0.0,0.0,0.375,0.938,0.0,0.0,0.0,0.0,0.0,0.0,0.75,0.438,0.0,0.0,0.0,0.0,0.0,0.0,1.0,0.625,0.438,0.062,0.0,0.0,0.0,0.375,1.0,0.75,0.812,1.0,0.375,0.0,0.0,0.0,1.0,0.25,0.0,0.375,0.75,0.0,0.0,0.0,0.75,0.625,0.125,0.688,0.562,0.0,0.0,0.0,0.062,0.812,1.0,0.938,0.188,0.0,6
0.0,0.0,0.062,0.875,0.688,0.0,0.0,0.0,0.0,0.0,0.562,0.938,0.125,0.0,0.25,0.0,0.0,0.125,1.0,0.375,0.0,0.438,1.0,0.125,0.0,0.5,1.0,0.375,0.375,1.0,0.75,0.0,0.0,0.312,1.0,1.0,1.0,0.938,0.188,0.0,0.0,0.0,0.062,0.25,1.0,0.5,0.0,0.0,0.0,0.0,0.0,0.562,1.0,0.062,0.0,0.0,0.0,0.0,0.0,0.938,1.0,0.0,0.0,0.0,4
0.0,0.0,0.0,0.062,0.938,0.562,0.0,0.0,0.0,0.0,0.0,0.625,0.938,0.188,0.0,0.0,0.0,0.0,0.562,1.0,0.312,0.188,0.375,0.0,0.0,0.312,1.0,0.5,0.0,0.75,0.812,0.0,0.0,0.75,0.875,0.25,0.5,1.0,0.562,0.0,0.0,0.75,1.0,1.0,1.0,1.0,0.0,0.0,0.0,0.0,0.25,0.125,0.875,0.688,0.0,0.0,0.0,0.0,0.0,0.062,1.0,0.562,0.0,0.0,4
0.0,0.0,0.125,0.938,0.938,0.188,0.0,0.0,0.0,0.0,0.5,0.875,1.0,0.688,0.0,0.0,0.0,0.0,0.0,0.0,0.688,0.875,0.0,0.0,0.0,0.0,0.0,0.0,0.688,0.875,0.188,0.0,0.0,0.0,0.25,0.75,1.0,1.0,0.438,0.0,0.0,0.0,0.688,1.0,0.75,0.062,0.0,0.0,0.0,0.0,0.062,0.875,0.375,0.0,0.0,0.0,0.0,0.0,0.25,0.75,0.062,0.0,0.0,0.0,7
0.0,0.0,0.0,0.938,0.125,0.0,0.0,0.0,0.0,0.0,0.0,1.0,0.25,0.0,0.0,0.0,0.0,0.0,0.375,0.562,0.0,0.0,0.0,0.0,0.0,0.0,0.75,1.0,1.0,0.562,0.062,0.0,0.0,0.0,0.875,0.688,0.0,0.5,0.562,0.0,0.0,0.0,0.688,0.875,0.188,0.125,0.875,0.0,0.0,0.0,0.5,0.688,0.25,0.875,0.438,0.0,0.0,0.0,0.062,0.75,0.875,0.375,0.0,0.0,6
0.0,0.062,0.812,1.0,0.562,0.0,0.0,0.0,0.0,0.5,0.938,0.5,0.938,0.312,0.0,0.0,0.0,0.688,0.562,0.0,0.75,0.5,0.0,0.0,0.0,0.0,0.0,0.0,0.688,0.5,0.0,0.0,0.0,0.0,0.0,0.125,1.0,0.188,0.0,0.0,0.0,0.0,0.0,0.375,0.938,0.062,0.0,0.0,0.0,0.0,0.438,1.0,1.0,1.0,0.625,0.062,0.0,0.062,1.0,0.875,0.625,0.5,0.688,0.062,2
0.0,0.0,0.25,0.75,1.0,1.0,0.688,0.125,0.0,0.0,0.938,0.812,0.5,0.688,0.5,0.062,0.0,0.125,0.938,0.812,1.0,0.5,0.0,0.0,0.0,0.375,1.0,0.812,0.812,1.0,0.125,0.0,0.0,0.438,0.688,0.125,0.125,1.0,0.375,0.0,0.0,0.0,0.0,0.0,0.312,0.938,0.125,0.0,0.0,0.0,0.562,0.375,0.812,0.625,0.0,0.0,0.0,0.0,0.438,0.875,0.812,0.062,0.0,0.0,5
0.0,0.0,0.312,1.0,0.938,0.062,0.0,0.0,0.0,0.062,0.938,0.562,0.625,0.75,0.0,0.0,0.0,0.188,1.0,0.062,0.0,1.0,0.25,0.0,0.0,0.375,1.0,0.0,0.0,0.688,0.375,0.0,0.0,0.188,1.0,0.062,0.0,0.688,0.5,0.0,0.0,0.25,1.0,0.25,0.188,0.938,0.25,0.0,0.0,0.062,0.812,0.812,0.812,0.875,0.062,0.0,0.0,0.0,0.25,0.812,0.875,0.062,0.0,0.0,0
0.0,0.0,0.0,0.875,1.0,0.938,0.688,0.0,0.0,0.0,0.125,1.0,1.0,1.0,0.625,0.0,0.0,0.0,0.25,1.0,1.0,1.0,0.25,0.0,0.0,0.0,0.75,1.0,1.0,0.75,0.0,0.0,0.0,0.0,0.75,1.0,1.0,0.375,0.0,0.0,0.0,0.0,0.875,1.0,1.0,0.375,0.0,0.0,0.0,0.0,0.688,1.0,0.938,0.125,0.0,0.0,0.0,0.0,0.062,0.938,0.938,0.062,0.0,0.0,1
0.0,0.0,0.438,0.5,0.812,1.0,0.938,0.062,0.0,0.0,0.438,0.438,0.25,0.688,0.75,0.0,0.0,0.0,0.0,0.0,0.5,0.812,0.062,0.0,0.0,0.25,0.5,0.5,0.938,0.938,0.375,0.0,0.0,0.125,0.688,0.938,0.938,0.25,0.0,0.0,0.0,0.0,0.0,1.0,0.312,0.0,0.0,0.0,0.0,0.0,0.562,0.938,0.062,0.0,0.0,0.0,0.0,0.0,0.812,0.312,0.0,0.0,0.0,0.0,7
0.0,0.062,0.625,1.0,0.938,0.125,0.0,0.0,0.0,0.062,0.75,0.812,1.0,0.25,0.0,0.0,0.0,0.0,0.0,0.0,1.0,0.5,0.0,0.0,0.0,0.0,0.438,0.688,1.0,0.812,0.5,0.0,0.0,0.5,1.0,1.0,1.0,1.0,0.375,0.0,0.0,0.125,0.625,1.0,0.562,0.0,0.0,0.0,0.0,0.0,0.188,1.0,0.25,0.0,0.0,0.0,0.0,0.0,0.625,0.938,0.125,0.0,0.0,0.0,7
0.0,0.0,0.375,0.875,0.812,0.062,0.0,0.0,0.0,0.188,1.0,0.625,0.312,0.688,0.0,0.0,0.0,0.312,1.0,0.0,0.0,0.812,0.0,0.0,0.0,0.375,0.75,0.0,0.0,0.75,0.188,0.0,0.0,0.438,0.75,0.0,0.0,0.812,0.188,0.0,0.0,0.188,0.688,0.0,0.312,0.75,0.0,0.0,0.0,0.0,0.812,0.25,0.938,0.25,0.0,0.0,0.0,0.0,0.312,1.0,0.375,0.0,0.0,0.0,0
0.0,0.0,0.125,0.75,0.75,0.0,0.0,0.0,0.0,0.0,0.438,1.0,0.938,0.562,0.062,0.0,0.0,0.0,0.375,0.875,0.812,0.938,0.188,0.0,0.0,0.0,0.062,1.0,1.0,0.25,0.0,0.0,0.0,0.0,0.438,1.0,0.875,0.0,0.0,0.0,0.0,0.062,0.938,0.562,1.0,0.312,0.0,0.0,0.0,0.125,0.812,0.812,1.0,0.625,0.0,0.0,0.0,0.0,0.062,0.688,0.75,0.312,0.0,0.0,8
0.0,0.0,0.0,0.188,1.0,0.188,0.0,0.0,0.0,0.0,0.0,0.625,1.0,0.688,0.0,0.0,0.0,0.0,0.25,1.0,1.0,0.5,0.0,0.0,0.0,0.125,0.875,0.75,1.0,0.312,0.0,0.0,0.0,0.625,1.0,0.875,1.0,1.0,0.688,0.0,0.0,0.312,0.75,0.812,1.0,0.5,0.188,0.0,0.0,0.0,0.0,0.125,0.938,0.188,0.0,0.0,0.0,0.0,0.0,0.25,0.75,0.0,0.0,0.0,4
0.0,0.0,0.25,0.625,1.0,1.0,0.438,0.0,0.0,0.188,1.0,0.812,0.688,1.0,0.125,0.0,0.0,0.062,0.188,0.0,0.625,0.562,0.0,0.0,0.0,0.0,0.312,0.5,0.875,0.938,0.812,0.0,0.0,0.0,0.938,1.0,0.875,0.75,0.5,0.0,0.0,0.0,0.188,0.75,0.438,0.0,0.0,0.0,0.0,0.0,0.0,0.938,0.25,0.0,0.0,0.0,0.0,0.0,0.188,0.875,0.062,0.0,0.0,0.0,7
0.0,0.0,0.25,0.812,0.875,0.5,0.0,0.0,0.0,0.188,0.875,0.188,0.062,1.0,0.188,0.0,0.0,0.438,0.562,0.0,0.0,0.875,0.375,0.0,0.0,0.5,0.25,0.0,0.0,1.0,0.25,0.0,0.0,0.5,0.375,0.0,0.0,1.0,0.0,0.0,0.0,0.188,0.688,0.0,0.062,0.875,0.0,0.0,0.0,0.0,0.75,0.25,0.375,0.688,0.0,0.0,0.0,0.0,0.312,1.0,0.875,0.062,0.0,0.0,0
0.0,0.0,0.25,1.0,0.938,0.438,0.0,0.0,0.0,0.0,0.375,1.0,1.0,0.375,0.0,0.0,0.0,0.0,0.312,1.0,1.0,0.25,0.0,0.0,0.0,0.0,0.438,1.0,0.938,0.0,0.0,0.0,0.0,0.0,0.688,1.0,0.875,0.0,0.0,0.0,0.0,0.0,0.375,1.0,0.875,0.0,0.0,0.0,0.0,0.0,0.375,1.0,1.0,0.312,0.0,0.0,0.0,0.0,0.125,0.75,1.0,0.188,0.0,0.0,1
0.0,0.0,0.562,0.938,1.0,0.125,0.0,0.0,0.0,0.0,0.812,0.562,1.0,0.25,0.0,0.0,0.0,0.0,0.125,0.375,1.0,1.0,0.75,0.0,0.0,0.0,0.875,1.0,0.875,0.5,0.438,0.0,0.0,0.0,0.188,0.875,0.562,0.0,0.0,0.0,0.0,0.0,0.188,1.0,0.188,0.0,0.0,0.0,0.0,0.0,0.625,1.0,0.0,0.0,0.0,0.0,0.0,0.0,0.75,0.688,0.0,0.0,0.0,0.0,7
0.0,0.0,0.438,0.812,0.875,0.062,0.0,0.0,0.0,0.438,0.938,0.562,0.812,0.438,0.0,0.0,0.0,0.312,0.938,0.188,0.5,0.5,0.0,0.0,0.0,0.0,0.062,0.0,0.75,0.312,0.0,0.0,0.0,0.0,0.0,0.062,0.875,0.0,0.0,0.0,0.0,0.0,0.0,0.625,0.375,0.0,0.0,0.0,0.0,0.0,0.125,0.938,0.312,0.25,0.25,0.0,0.0,0.0,0.375,1.0,1.0,0.812,1.0,0.375,2
0.0,0.0,0.562,0.812,0.875,0.312,0.0,0.0,0.0,0.25,1.0,0.625,0.812,1.0,0.0,0.0,0.0,0.0,0.812,0.938,0.875,1.0,0.062,0.0,0.0,0.0,0.0,0.188,0.438,1.0,0.188,0.0,0.0,0.0,0.0,0.0,0.25,1.0,0.0,0.0,0.0,0.0,0.0,0.0,0.062,1.0,0.188,0.0,0.0,0.062,0.938,0.312,0.5,1.0,0.125,0.0,0.0,0.0,0.438,0.938,1.0,0.562,0.0,0.0,9
0.0,0.0,0.625,1.0,1.0,0.875,0.0,0.0,0.0,0.25,1.0,0.875,0.625,0.5,0.0,0.0,0.0,0.812,1.0,0.5,0.062,0.0,0.0,0.0,0.0,0.75,1.0,1.0,0.812,0.125,0.0,0.0,0.0,0.188,0.5,0.562,1.0,0.312,0.0,0.0,0.0,0.0,0.0,0.188,1.0,0.375,0.0,0.0,0.0,0.0,0.312,0.75,0.938,0.125,0.0,0.0,0.0,0.0,0.75,0.938,0.312,0.0,0.0,0.0,5
0.0,0.0,0.062,0.5,0.812,0.062,0.0,0.0,0.0,0.0,0.375,1.0,1.0,0.562,0.0,0.0,0.0,0.062,0.938,1.0,1.0,0.625,0.0,0.0,0.0,0.375,0.938,0.875,0.375,0.0,0.0,0.0,0.0,0.188,0.438,0.375,0.375,0.0,0.0,0.0,0.0,0.062,0.625,0.125,0.688,0.0,0.0,0.0,0.0,0.0,0.25,0.688,0.812,0.125,0.0,0.0,0.0,0.0,0.0,0.312,0.75,0.312,0.0,0.0,8
0.0,0.062,0.75,0.75,0.75,0.938,0.375,0.0,0.0,0.062,0.875,0.312,0.312,0.25,0.062,0.0,0.0,0.0,0.75,0.0,0.0,0.0,0.0,0.0,0.0,0.5,1.0,1.0,0.938,0.5,0.0,0.0,0.0,0.062,0.25,0.25,0.312,0.75,0.438,0.0,0.0,0.0,0.0,0.0,0.0,0.688,0.25,0.0,0.0,0.125,0.438,0.125,0.625,0.75,0.0,0.0,0.0,0.125,1.0,0.938,0.5,0.062,0.0,0.0,5
0.0,0.0,0.0,0.5,0.812,0.188,0.0,0.0,0.0,0.0,0.5,1.0,1.0,0.5,0.0,0.0,0.0,0.75,1.0,1.0,1.0,0.125,0.0,0.0,0.0,0.562,0.562,1.0,0.625,0.0,0.0,0.0,0.0,0.0,0.125,0.938,0.5,0.0,0.0,0.0,0.0,0.0,0.25,1.0,0.438,0.0,0.0,0.0,0.0,0.0,0.188,1.0,0.625,0.0,0.0,0.0,0.0,0.0,0.0,0.438,0.812,0.125,0.0,0.0,1
0.0,0.0,0.0,0.062,0.562,1.0,0.438,0.0,0.0,0.0,0.25,0.812,1.0,1.0,0.125,0.0,0.0,0.5,1.0,0.938,0.812,1.0,0.188,0.0,0.0,0.188,0.438,0.0,0.5,1.0,0.125,0.0,0.0,0.0,0.0,0.0,0.5,1.0,0.312,0.0,0.0,0.0,0.0,0.0,0.5,1.0,0.25,0.0,0.0,0.0,0.0,0.0,0.5,1.0,0.5,0.0,0.0,0.0,0.0,0.0,0.75,1.0,0.438,0.0,1
0.0,0.188,1.0,0.938,0.062,0.0,0.0,0.0,0.0,0.625,1.0,0.938,0.375,0.0,0.0,0.0,0.0,0.812,0.625,0.812,0.5,0.0,0.0,0.0,0.0,0.062,0.188,0.688,0.625,0.0,0.0,0.0,0.0,0.0,0.0,0.938,0.5,0.0,0.0,0.0,0.0,0.0,0.25,1.0,0.625,0.312,0.438,0.0,0.0,0.062,0.812,1.0,1.0,1.0,1.0,0.0,0.0,0.125,0.875,0.938,0.688,0.5,0.188,0.0,2
0.0,0.062,0.812,1.0,1.0,1.0,0.75,0.062,0.0,0.375,1.0,0.875,0.75,0.688,0.312,0.0,0.0,0.125,0.938,0.938,0.312,0.0,0.0,0.0,0.0,0.0,0.5,0.875,0.938,0.062,0.0,0.0,0.0,0.0,0.0,0.188,1.0,0.375,0.0,0.0,0.0,0.0,0.0,0.188,1.0,0.312,0.0,0.0,0.0,0.0,0.438,0.625,1.0,0.25,0.0,0.0,0.0,0.0,0.938,1.0,0.625,0.0,0.0,0.0,5
0.0,0.0,0.0,0.125,0.938,0.438,0.0,0.0,0.0,0.0,0.0,0.688,0.938,0.125,0.312,0.0,0.0,0.0,0.312,1.0,0.375,0.375,1.0,0.0,0.0,0.125,1.0,0.625,0.25,0.812,0.812,0.0,0.0,0.812,1.0,1.0,1.0,1.0,0.625,0.0,0.0,0.375,0.25,0.25,0.688,1.0,0.25,0.0,0.0,0.0,0.0,0.0,0.875,0.875,0.0,0.0,0.0,0.0,0.0,0.188,1.0,0.438,0.0,0.0,4
0.0,0.0,0.5,0.375,0.0,0.0,0.0,0.0,0.0,0.0,0.375,0.875,0.0,0.0,0.0,0.0,0.0,0.0,0.375,1.0,0.188,0.0,0.0,0.0,0.0,0.0,0.625,1.0,0.562,0.0,0.0,0.0,0.0,0.0,0.062,0.375,1.0,0.125,0.0,0.0,0.0,0.0,0.0,0.0,0.812,0.438,0.0,0.0,0.0,0.0,0.25,0.5,0.875,0.875,0.5,0.25,0.0,0.0,0.562,1.0,1.0,1.0,1.0,0.812,1
0.0,0.0,0.562,1.0,0.625,0.125,0.0,0.0,0.0,0.0,1.0,0.875,0.688,0.625,0.0,0.0,0.0,0.062,1.0,0.562,0.75,0.938,0.0,0.0,0.0,0.0,0.438,0.938,1.0,1.0,0.5,0.0,0.0,0.0,0.0,0.625,0.375,1.0,0.625,0.0,0.0,0.0,0.0,0.0,0.062,0.938,0.562,0.0,0.0,0.0,0.0,0.062,0.438,1.0,0.5,0.0,0.0,0.0,0.375,1.0,1.0,0.875,0.062,0.0,9
0.0,0.125,0.812,1.0,1.0,0.625,0.0,0.0,0.125,0.938,0.75,0.438,0.625,1.0,0.0,0.0,0.0,0.188,0.062,0.0,0.75,0.812,0.0,0.0,0.0,0.0,0.0,0.188,1.0,0.25,0.0,0.0,0.0,0.0,0.0,0.812,0.562,0.0,0.0,0.0,0.0,0.0,0.375,0.938,0.188,0.0,0.0,0.0,0.0,0.0,1.0,0.625,0.375,0.5,0.5,0.062,0.0,0.125,0.938,1.0,1.0,0.75,0.75,0.062,2
0.0,0.0,0.0,0.062,0.688,0.438,0.0,0.0,0.0,0.0,0.0,0.688,1.0,0.312,0.0,0.0,0.0,0.0,0.562,0.938,0.938,0.438,0.0,0.0,0.0,0.312,1.0,0.188,1.0,0.25,0.0,0.0,0.0,0.625,0.812,0.562,1.0,0.875,0.5,0.0,0.0,0.188,0.938,1.0,1.0,0.812,0.375,0.0,0.0,0.0,0.0,0.0,1.0,0.188,0.0,0.0,0.0,0.0,0.0,0.0,0.875,0.125,0.0,0.0,4
0.0,0.0,0.0,0.625,0.75,0.938,1.0,0.812,0.0,0.0,0.375,0.938,0.375,0.25,0.875,0.562,0.0,0.0,0.625,0.375,0.0,0.188,0.875,0.125,0.0,0.062,0.875,0.062,0.0,0.75,0.375,0.0,0.0,0.0,0.188,0.0,0.312,0.812,0.0,0.0,0.0,0.0,0.0,0.062,0.812,0.188,0.0,0.0,0.0,0.0,0.0,0.375,0.812,0.0,0.0,0.0,0.0,0.0,0.0,0.875,0.375,0.0,0.0,0.0,7
0.0,0.0,0.062,0.812,0.875,0.188,0.0,0.0,0.0,0.0,0.5,1.0,0.812,0.125,0.0,0.0,0.0,0.125,1.0,1.0,0.188,0.0,0.0,0.0,0.0,0.188,1.0,0.75,0.062,0.0,0.0,0.0,0.0,0.312,1.0,0.875,0.312,0.0,0.0,0.0,0.0,0.188,1.0,1.0,1.0,1.0,0.375,0.0,0.0,0.062,0.875,1.0,1.0,1.0,0.75,0.0,0.0,0.0,0.188,0.75,0.938,0.875,0.438,0.0,6
0.0,0.0,0.5,0.75,1.0,1.0,0.562,0.0,0.0,0.25,1.0,1.0,0.812,0.562,0.125,0.0,0.0,0.688,0.875,0.25,0.0,0.0,0.0,0.0,0.0,0.438,0.938,0.625,0.062,0.0,0.0,0.0,0.0,0.0,0.75,1.0,0.812,0.062,0.0,0.0,0.0,0.0,0.0,0.25,1.0,0.25,0.0,0.0,0.0,0.0,0.312,0.625,1.0,0.188,0.0,0.0,0.0,0.0,0.562,1.0,0.625,0.0,0.0,0.0,5
0.0,0.0,0.0,0.625,0.75,0.0,0.0,0.0,0.0,0.0,0.25,0.938,0.062,0.0,0.0,0.0,0.0,0.0,0.812,0.625,0.062,0.125,0.0,0.0,0.0,0.312,0.938,0.125,0.938,0.562,0.062,0.0,0.0,0.688,0.812,0.375,1.0,1.0,0.562,0.0,0.0,0.812,1.0,1.0,1.0,0.625,0.125,0.0,0.0,0.125,0.438,0.812,0.688,0.0,0.0,0.0,0.0,0.0,0.0,0.812,0.688,0.0,0.0,0.0,4
0.0,0.0,0.25,0.75,0.875,0.312,0.0,0.0,0.0,0.0,0.688,1.0,1.0,1.0,0.188,0.0,0.0,0.188,1.0,0.875,0.125,1.0,0.438,0.0,0.0,0.5,1.0,0.438,0.0,1.0,0.375,0.0,0.0,0.25,1.0,0.25,0.188,1.0,0.25,0.0,0.0,0.25,1.0,0.312,0.625,0.875,0.0,0.0,0.0,0.0,0.875,1.0,1.0,0.625,0.0,0.0,0.0,0.0,0.25,0.875,0.875,0.125,0.0,0.0,0
0.0,0.0,0.062,0.625,1.0,0.5,0.0,0.0,0.0,0.0,0.688,0.812,0.625,1.0,0.0,0.0,0.0,0.0,0.75,0.062,0.25,1.0,0.062,0.0,0.0,0.0,0.062,0.0,0.812,0.438,0.0,0.0,0.0,0.0,0.0,0.562,0.75,0.0,0.0,0.0,0.0,0.125,0.812,0.938,0.062,0.0,0.0,0.0,0.0,0.25,0.938,0.875,0.438,0.25,0.0,0.0,0.0,0.0,0.062,0.688,0.875,0.938,0.312,0.0,2
0.0,0.062,0.688,1.0,1.0,0.25,0.0,0.0,0.0,0.438,1.0,0.5,0.875,0.688,0.0,0.0,0.0,0.0,0.0,0.625,1.0,0.375,0.0,0.0,0.0,0.0,0.0,0.938,1.0,0.375,0.0,0.0,0.0,0.0,0.0,0.0,0.5,1.0,0.125,0.0,0.0,0.062,0.312,0.0,0.0,0.875,0.562,0.0,0.0,0.25,1.0,0.625,0.688,1.0,0.375,0.0,0.0,0.062,0.812,1.0,1.0,0.625,0.0,0.0,3
0.0,0.0,0.562,1.0,0.312,0.0,0.0,0.0,0.0,0.375,1.0,1.0,0.938,0.0,0.0,0.0,0.0,0.438,1.0,0.875,1.0,0.125,0.0,0.0,0.0,0.188,0.375,0.75,1.0,0.0,0.0,0.0,0.0,0.0,0.0,0.938,0.75,0.0,0.0,0.0,0.0,0.0,0.438,1.0,0.375,0.062,0.188,0.0,0.0,0.0,0.562,1.0,0.812,0.938,0.5,0.0,0.0,0.0,0.438,1.0,1.0,0.5,0.062,0.0,2
0.0,0.0,0.0,0.0,0.75,0.5,0.0,0.0,0.0,0.0,0.0,0.188,1.0,1.0,0.0,0.0,0.0,0.0,0.062,0.812,1.0,0.688,0.0,0.0,0.0,0.188,0.938,1.0,1.0,0.5,0.0,0.0,0.0,0.0,0.188,0.438,1.0,0.5,0.0,0.0,0.0,0.0,0.0,0.25,1.0,0.5,0.0,0.0,0.0,0.0,0.0,0.25,1.0,0.875,0.0,0.0,0.0,0.0,0.0,0.0,0.875,0.938,0.312,0.0,1
0.0,0.0,0.25,0.688,0.938,0.5,0.0,0.0,0.0,0.0,0.812,1.0,0.688,0.812,0.438,0.0,0.0,0.188,1.0,0.75,0.0,0.25,0.5,0.0,0.0,0.375,1.0,0.312,0.0,0.25,0.5,0.0,0.0,0.438,0.562,0.0,0.0,0.562,0.438,0.0,0.0,0.25,0.625,0.0,0.125,0.938,0.125,0.0,0.0,0.062,1.0,0.75,0.875,0.625,0.0,0.0,0.0,0.0,0.25,0.875,0.875,0.062,0.0,0.0,0
0.0,0.062,0.625,0.938,0.938,0.188,0.0,0.0,0.0,0.375,0.812,0.25,0.625,0.75,0.0,0.0,0.0,0.25,0.688,0.0,0.438,0.938,0.0,0.0,0.0,0.125,0.875,1.0,1.0,0.875,0.125,0.0,0.0,0.0,0.062,0.25,0.188,0.625,0.375,0.0,0.0,0.0,0.0,0.0,0.0,0.125,0.75,0.0,0.0,0.0,0.188,0.188,0.0,0.125,0.812,0.0,0.0,0.0,0.625,1.0,1.0,1.0,0.688,0.0,9
0.0,0.0,0.062,0.688,0.875,0.312,0.0,0.0,0.0,0.0,0.0,0.938,1.0,0.688,0.0,0.0,0.0,0.0,0.312,1.0,1.0,0.5,0.0,0.0,0.0,0.0,0.312,1.0,1.0,0.312,0.0,0.0,0.0,0.0,0.25,1.0,1.0,0.188,0.0,0.0,0.0,0.0,0.562,1.0,1.0,0.125,0.0,0.0,0.0,0.0,0.5,1.0,0.875,0.0,0.0,0.0,0.0,0.0,0.125,0.812,1.0,0.562,0.0,0.0,1
0.0,0.062,0.562,0.75,0.812,0.688,0.0,0.0,0.0,0.188,0.938,0.25,0.188,0.188,0.0,0.0,0.0,0.312,0.75,0.438,0.375,0.0,0.0,0.0,0.0,0.312,1.0,0.875,0.812,0.438,0.0,0.0,0.0,0.062,0.5,0.0,0.125,0.75,0.0,0.0,0.0,0.0,0.0,0.0,0.125,0.875,0.0,0.0,0.0,0.0,0.375,0.125,0.625,0.375,0.0,0.0,0.0,0.0,0.688,1.0,0.812,0.062,0.0,0.0,5
0.0,0.0,0.188,0.688,0.0,0.0,0.0,0.0,0.0,0.0,0.75,0.688,0.0,0.0,0.0,0.0,0.0,0.062,0.875,0.062,0.0,0.0,0.0,0.0,0.0,0.125,0.938,0.0,0.0,0.0,0.0,0.0,0.0,0.25,0.938,0.938,1.0,0.938,0.125,0.0,0.0,0.062,1.0,0.5,0.25,0.5,0.688,0.0,0.0,0.062,1.0,0.688,0.438,0.625,0.75,0.0,0.0,0.0,0.312,0.625,0.75,0.938,0.438,0.0,6
0.0,0.0,0.0,0.562,1.0,0.562,0.0,0.0,0.0,0.0,0.188,0.938,0.312,1.0,0.0,0.0,0.0,0.0,0.438,0.75,0.438,0.75,0.0,0.0,0.0,0.0,0.062,1.0,1.0,0.312,0.0,0.0,0.0,0.0,0.125,1.0,0.875,0.062,0.0,0.0,0.0,0.188,1.0,0.5,0.562,0.688,0.0,0.0,0.0,0.0,0.75,0.812,0.25,0.75,0.5,0.0,0.0,0.0,0.0,0.5,0.875,1.0,0.875,0.0,8
0.0,0.062,0.75,1.0,0.625,0.0,0.0,0.0,0.0,0.438,0.688,0.438,0.875,0.062,0.0,0.0,0.0,0.125,0.125,0.188,0.875,0.0,0.0,0.0,0.0,0.0,0.188,0.875,0.375,0.0,0.0,0.0,0.0,0.0,0.75,1.0,1.0,0.375,0.0,0.0,0.0,0.0,0.125,0.0,0.312,0.938,0.375,0.0,0.0,0.062,0.688,0.25,0.25,0.812,0.5,0.0,0.0,0.125,0.875,1.0,1.0,0.812,0.062,0.0,3
0.0,0.0,0.25,1.0,0.938,0.25,0.0,0.0,0.0,0.0,0.5,1.0,1.0,0.25,0.0,0.0,0.0,0.0,0.75,1.0,0.812,0.0,0.0,0.0,0.0,0.125,1.0,1.0,0.625,0.0,0.0,0.0,0.0,0.188,1.0,1.0,0.5,0.0,0.0,0.0,0.0,0.125,1.0,1.0,0.75,0.0,0.0,0.0,0.0,0.0,0.562,1.0,1.0,0.25,0.0,0.0,0.0,0.0,0.188,0.75,0.875,0.688,0.0,0.0,1
0.0,0.0,0.688,0.875,0.625,0.062,0.0,0.0,0.0,0.0,1.0,0.938,0.875,0.812,0.0,0.0,0.0,0.062,0.875,0.5,0.188,1.0,0.125,0.0,0.0,0.0,0.438,1.0,0.812,1.0,0.125,0.0,0.0,0.0,0.0,0.75,1.0,0.562,0.0,0.0,0.0,0.0,0.062,0.875,1.0,0.75,0.0,0.0,0.0,0.0,0.625,1.0,0.938,1.0,0.0,0.0,0.0,0.0,0.438,0.875,0.938,0.688,0.0,0.0,8
0.0,0.0,0.438,0.875,0.625,0.438,0.0,0.0,0.0,0.312,1.0,0.875,1.0,0.875,0.0,0.0,0.0,0.438,0.688,0.0,0.562,0.875,0.062,0.0,0.0,0.25,0.875,0.438,0.688,1.0,0.312,0.0,0.0,0.0,0.562,0.938,0.938,0.75,0.5,0.0,0.0,0.0,0.0,0.062,0.062,0.5,0.562,0.0,0.0,0.0,0.875,0.688,0.625,0.938,0.562,0.0,0.0,0.0,0.562,0.812,0.812,0.562,0.0,0.0,9
0.0,0.0,0.5,0.875,0.875,0.25,0.0,0.0,0.0,0.312,0.75,0.25,0.438,0.75,0.0,0.0,0.0,0.25,0.125,0.188,0.812,0.312,0.0,0.0,0.0,0.0,0.0,1.0,0.938,0.062,0.0,0.0,0.0,0.0,0.0,0.188,0.562,0.875,0.062,0.0,0.0,0.0,0.0,0.0,0.0,0.438,0.5,0.0,0.0,0.0,0.188,0.25,0.25,0.812,0.438,0.0,0.0,0.0,0.688,1.0,0.938,0.312,0.0,0.0,3
0.0,0.0,0.0,0.062,0.875,0.875,0.188,0.0,0.0,0.0,0.0,0.625,0.688,0.812,0.5,0.0,0.0,0.0,0.0,0.438,0.0,0.812,0.5,0.0,0.0,0.0,0.0,0.0,0.438,0.938,0.062,0.0,0.0,0.25,0.5,0.75,0.938,0.25,0.0,0.0,0.0,0.375,1.0,1.0,0.375,0.0,0.0,0.0,0.0,0.0,0.125,0.75,0.75,0.25,0.125,0.0,0.0,0.0,0.0,0.062,0.812,1.0,0.312,0.0,2
0.0,0.0,0.188,0.688,0.812,0.312,0.0,0.0,0.0,0.0,0.625,0.75,0.312,1.0,0.0,0.0,0.0,0.0,0.438,0.625,0.375,0.938,0.25,0.0,0.0,0.0,0.125,0.812,1.0,0.875,0.375,0.0,0.0,0.0,0.0,0.0,0.0,0.438,0.562,0.0,0.0,0.0,0.0,0.0,0.0,0.25,0.688,0.0,0.0,0.0,0.562,0.438,0.0,0.5,0.688,0.0,0.0,0.0,0.188,0.562,1.0,1.0,0.375,0.0,9
0.0,0.0,0.438,0.812,0.5,0.25,0.0,0.0,0.0,0.062,0.938,0.688,0.562,0.938,0.125,0.0,0.0,0.25,1.0,0.375,0.0,0.5,0.438,0.0,0.0,0.25,0.625,0.0,0.0,0.438,0.5,0.0,0.0,0.25,0.625,0.0,0.0,0.5,0.5,0.0,0.0,0.312,0.75,0.0,0.0,0.75,0.312,0.0,0.0,0.188,0.938,0.312,0.562,0.875,0.125,0.0,0.0,0.0,0.5,0.875,0.75,0.188,0.0,0.0,0
0.0,0.0,0.0,0.75,0.938,0.062,0.0,0.0,0.0,0.0,0.25,1.0,0.812,0.062,0.0,0.0,0.0,0.062,0.875,0.938,0.125,0.0,0.0,0.0,0.0,0.25,1.0,0.938,0.625,0.438,0.0,0.0,0.0,0.438,1.0,1.0,0.75,1.0,0.375,0.0,0.0,0.188,1.0,0.812,0.0,1.0,0.75,0.0,0.0,0.0,0.688,1.0,0.812,1.0,0.75,0.0,0.0,0.0,0.062,0.562,0.812,0.75,0.25,0.0,6
0.0,0.0,0.75,1.0,1.0,0.812,0.062,0.0,0.0,0.25,0.938,0.562,0.75,1.0,0.125,0.0,0.0,0.0,0.125,0.0,0.688,0.938,0.0,0.0,0.0,0.0,0.0,0.75,1.0,0.25,0.0,0.0,0.0,0.0,0.0,0.5,1.0,0.812,0.062,0.0,0.0,0.0,0.0,0.0,0.375,1.0,0.375,0.0,0.0,0.0,0.25,0.375,0.375,1.0,0.375,0.0,0.0,0.0,0.75,1.0,1.0,0.562,0.0,0.0,3
0.0,0.0,0.312,0.688,0.75,0.312,0.0,0.0,0.0,0.0,0.75,0.375,0.125,0.188,0.0,0.0,0.0,0.0,0.562,1.0,1.0,0.25,0.0,0.0,0.0,0.0,0.75,1.0,1.0,0.25,0.0,0.0,0.0,0.0,0.75,1.0,1.0,0.25,0.0,0.0,0.0,0.0,0.75,1.0,1.0,0.25,0.0,0.0,0.0,0.0,0.75,1.0,1.0,0.5,0.0,0.0,0.0,0.0,0.375,0.75,0.688,0.438,0.0,0.0,1
0.0,0.0,0.438,0.75,0.062,0.0,0.0,0.0,0.0,0.0,0.938,1.0,0.938,0.25,0.0,0.0,0.0,0.125,1.0,0.562,0.625,0.688,0.0,0.0,0.0,0.375,0.75,0.0,0.0,0.75,0.188,0.0,0.0,0.5,0.75,0.0,0.0,0.375,0.5,0.0,0.0,0.375,0.812,0.0,0.0,0.562,0.5,0.0,0.0,0.062,1.0,0.812,0.938,1.0,0.188,0.0,0.0,0.0,0.375,0.938,0.562,0.188,0.0,0.0,0
0.0,0.0,0.312,0.875,0.938,0.25,0.0,0.0,0.0,0.0,0.5,1.0,1.0,0.875,0.0,0.0,0.0,0.0,0.312,1.0,1.0,0.562,0.0,0.0,0.0,0.0,0.0,0.938,1.0,0.062,0.0,0.0,0.0,0.0,0.062,1.0,0.812,0.0,0.0,0.0,0.0,0.0,0.688,0.938,0.875,0.312,0.0,0.0,0.0,0.0,0.75,0.75,0.5,0.938,0.062,0.0,0.0,0.0,0.312,1.0,1.0,1.0,0.125,0.0,8
0.0,0.0,0.0,0.562,0.812,0.625,0.062,0.0,0.0,0.0,0.562,0.75,0.25,0.938,0.312,0.0,0.0,0.0,1.0,0.25,0.0,0.75,0.25,0.0,0.0,0.188,0.938,0.562,0.188,0.875,0.062,0.0,0.0,0.0,0.125,0.562,1.0,0.625,0.0,0.0,0.0,0.0,0.0,0.25,0.875,0.938,0.125,0.0,0.0,0.0,0.0,0.625,0.5,0.875,0.188,0.0,0.0,0.0,0.0,0.625,1.0,0.75,0.0,0.0,8
0.0,0.0,0.0,0.438,0.812,0.125,0.0,0.0,0.0,0.0,0.0,0.875,0.875,0.125,0.0,0.0,0.0,0.0,0.312,1.0,0.25,0.0,0.0,0.0,0.0,0.062,0.688,1.0,0.25,0.0,0.0,0.0,0.0,0.312,1.0,1.0,0.938,0.75,0.0,0.0,0.0,0.0,0.562,1.0,0.062,0.812,0.438,0.0,0.0,0.0,0.25,1.0,0.375,0.938,0.312,0.0,0.0,0.0,0.0,0.375,0.875,0.875,0.062,0.0,6
0.0,0.0,0.0,0.812,0.062,0.0,0.0,0.0,0.0,0.0,0.625,0.75,0.062,0.0,0.0,0.0,0.0,0.0,0.875,0.188,0.0,0.0,0.0,0.0,0.0,0.25,0.875,0.0,0.25,0.312,0.0,0.0,0.0,0.438,1.0,0.25,0.438,0.875,0.438,0.0,0.0,0.188,0.875,0.0,0.0,0.25,0.75,0.0,0.0,0.0,0.625,0.625,0.25,0.625,0.75,0.0,0.0,0.0,0.062,0.562,1.0,0.875,0.125,0.0,6
0.0,0.0,0.0,0.75,0.812,0.0,0.0,0.0,0.0,0.0,0.312,1.0,0.5,0.0,0.0,0.0,0.0,0.0,0.812,1.0,0.188,0.0,0.0,0.0,0.0,0.0,0.875,0.812,0.0,0.0,0.0,0.0,0.0,0.0,0.938,0.75,0.438,0.125,0.0,0.0,0.0,0.0,0.812,1.0,0.812,1.0,0.188,0.0,0.0,0.0,0.438,1.0,0.688,0.938,0.5,0.0,0.0,0.0,0.062,0.562,0.938,0.688,0.188,0.0,6
0.0,0.0,0.0,0.688,1.0,0.375,0.0,0.0,0.0,0.0,0.625,1.0,0.625,0.0,0.0,0.0,0.0,0.0,1.0,0.188,0.0,0.0,0.0,0.0,0.0,0.312,0.875,0.0,0.188,0.0,0.0,0.0,0.0,0.125,1.0,1.0,0.812,0.75,0.062,0.0,0.0,0.125,0.938,0.188,0.0,0.5,0.438,0.0,0.0,0.0,0.5,0.5,0.0,0.625,0.438,0.0,0.0,0.0,0.062,0.688,0.75,0.938,0.25,0.0,6
0.0,0.0,0.0,0.562,0.938,0.062,0.0,0.0,0.0,0.0,0.25,1.0,0.75,0.0,0.0,0.0,0.0,0.0,0.938,0.875,0.125,0.688,0.188,0.0,0.0,0.25,1.0,0.562,0.25,1.0,0.625,0.0,0.0,0.562,1.0,0.688,0.812,1.0,0.125,0.0,0.0,0.0,0.562,1.0,1.0,0.875,0.0,0.0,0.0,0.0,0.0,0.5,1.0,0.375,0.0,0.0,0.0,0.0,0.0,0.562,1.0,0.125,0.0,0.0,4
0.0,0.0,0.562,0.5,0.75,0.812,0.062,0.0,0.0,0.188,0.938,0.5,0.312,0.25,0.0,0.0,0.0,0.375,0.562,0.125,0.375,0.125,0.0,0.0,0.0,0.375,1.0,0.875,0.562,0.812,0.25,0.0,0.0,0.125,0.438,0.0,0.0,0.438,0.5,0.0,0.0,0.0,0.0,0.0,0.0,0.438,0.625,0.0,0.0,0.0,0.5,0.312,0.375,0.875,0.188,0.0,0.0,0.0,0.625,0.875,0.938,0.312,0.0,0.0,5
0.0,0.062,0.812,1.0,1.0,0.25,0.0,0.0,0.0,0.562,0.938,0.375,0.812,0.5,0.0,0.0,0.0,0.312,0.625,0.0,0.75,0.625,0.0,0.0,0.0,0.0,0.0,0.375,1.0,0.312,0.0,0.0,0.0,0.0,0.312,1.0,0.625,0.0,0.0,0.0,0.0,0.125,1.0,0.688,0.0,0.0,0.0,0.0,0.0,0.312,1.0,0.812,0.5,0.5,0.312,0.0,0.0,0.062,0.625,0.875,1.0,1.0,1.0,0.0,2
0.0,0.0,0.0,0.312,0.875,0.125,0.0,0.0,0.0,0.0,0.062,0.812,0.688,0.0,0.0,0.0,0.0,0.0,0.312,1.0,0.125,0.0,0.0,0.0,0.0,0.0,0.375,0.938,0.312,0.0,0.0,0.0,0.0,0.062,0.938,1.0,0.938,0.688,0.062,0.0,0.0,0.125,0.812,0.875,0.062,0.75,0.562,0.0,0.0,0.0,0.25,1.0,0.438,0.812,0.562,0.0,0.0,0.0,0.0,0.312,1.0,0.938,0.188,0.0,6
0.0,0.0,0.062,0.812,0.062,0.0,0.0,0.0,0.0,0.0,0.438,0.938,0.062,0.0,0.0,0.0,0.0,0.062,0.875,0.375,0.0,0.0,0.0,0.0,0.0,0.0,1.0,0.188,0.0,0.062,0.0,0.0,0.0,0.062,1.0,0.375,0.938,0.938,0.312,0.0,0.0,0.062,1.0,0.875,0.25,0.188,0.75,0.0,0.0,0.0,0.438,0.438,0.0,0.562,0.75,0.0,0.0,0.0,0.0,0.688,1.0,0.562,0.125,0.0,6
0.0,0.0,0.188,0.375,0.875,0.312,0.0,0.0,0.0,0.0,0.438,0.938,0.938,0.812,0.0,0.0,0.0,0.0,0.188,0.875,0.812,0.75,0.0,0.0,0.0,0.0,0.0,1.0,0.812,0.062,0.0,0.0,0.0,0.0,0.125,1.0,0.5,0.0,0.0,0.0,0.0,0.0,0.625,0.562,0.875,0.0,0.0,0.0,0.0,0.0,0.75,0.25,0.938,0.125,0.0,0.0,0.0,0.0,0.25,0.938,0.875,0.0,0.0,0.0,8
0.0,0.0,0.312,1.0,0.062,0.0,0.0,0.0,0.0,0.0,0.75,0.75,0.0,0.0,0.0,0.0,0.0,0.125,0.938,0.5,0.0,0.375,0.312,0.0,0.0,0.562,1.0,0.375,0.75,1.0,0.562,0.0,0.0,0.438,1.0,1.0,1.0,0.938,0.062,0.0,0.0,0.0,0.188,0.625,1.0,0.375,0.0,0.0,0.0,0.0,0.062,0.875,0.625,0.0,0.0,0.0,0.0,0.0,0.312,1.0,0.125,0.0,0.0,0.0,4
0.0,0.0,0.0,0.625,0.938,0.062,0.0,0.0,0.0,0.0,0.312,1.0,1.0,0.625,0.0,0.0,0.0,0.0,0.875,0.375,0.375,0.938,0.0,0.0,0.0,0.25,1.0,0.25,0.0,0.938,0.188,0.0,0.0,0.312,0.938,0.312,0.0,0.688,0.312,0.0,0.0,0.0,0.75,0.688,0.0,0.812,0.312,0.0,0.0,0.0,0.5,1.0,1.0,1.0,0.188,0.0,0.0,0.0,0.062,0.5,0.812,0.5,0.0,0.0,0
0.0,0.0,0.375,1.0,0.75,0.062,0.0,0.0,0.0,0.188,1.0,0.312,0.562,0.812,0.0,0.0,0.0,0.312,0.75,0.0,0.0,0.75,0.375,0.0,0.0,0.5,0.875,0.125,0.0,0.438,0.5,0.0,0.0,0.438,0.75,0.125,0.0,0.25,0.5,0.0,0.0,0.25,0.75,0.0,0.0,0.562,0.438,0.0,0.0,0.188,1.0,0.312,0.438,0.875,0.125,0.0,0.0,0.0,0.438,1.0,0.812,0.188,0.0,0.0,0
0.0,0.0,0.0,0.75,0.812,0.0,0.0,0.0,0.0,0.0,0.312,1.0,0.625,0.0,0.0,0.0,0.0,0.375,1.0,0.812,0.688,0.75,0.125,0.0,0.0,0.75,1.0,0.625,0.938,1.0,0.562,0.0,0.0,0.25,0.875,1.0,1.0,0.75,0.25,0.0,0.0,0.0,0.0,0.875,0.812,0.0,0.0,0.0,0.0,0.0,0.0,0.875,0.75,0.0,0.0,0.0,0.0,0.0,0.0,0.688,0.812,0.0,0.0,0.0,4
0.0,0.0,0.062,0.562,0.812,0.062,0.0,0.0,0.0,0.062,0.75,0.875,0.312,0.0,0.0,0.0,0.0,0.125,1.0,0.312,0.0,0.0,0.0,0.0,0.0,0.312,0.938,0.0,0.188,0.0,0.0,0.0,0.0,0.188,1.0,1.0,1.0,0.938,0.188,0.0,0.0,0.125,1.0,0.688,0.062,0.562,0.688,0.0,0.0,0.0,0.688,0.812,0.375,0.75,0.688,0.0,0.0,0.0,0.0,0.375,1.0,0.938,0.125,0.0,6
0.0,0.0,0.062,0.875,0.875,0.125,0.0,0.0,0.0,0.0,0.062,0.875,1.0,0.188,0.0,0.0,0.0,0.0,0.0,0.625,1.0,0.125,0.0,0.0,0.0,0.0,0.0,0.688,1.0,0.312,0.0,0.0,0.0,0.0,0.0,0.938,1.0,0.312,0.0,0.0,0.0,0.0,0.0,0.938,1.0,0.312,0.0,0.0,0.0,0.0,0.0,0.625,1.0,0.75,0.062,0.0,0.0,0.0,0.0,0.875,1.0,0.688,0.0,0.0,1
0.0,0.0,0.0,0.0,0.5,0.875,0.625,0.0,0.0,0.0,0.0,0.562,0.438,0.562,0.75,0.0,0.0,0.0,0.562,0.5,0.0,0.75,0.562,0.0,0.0,0.25,1.0,0.5,0.75,1.0,0.125,0.0,0.0,0.312,1.0,1.0,0.625,0.938,0.0,0.0,0.0,0.0,0.25,0.0,0.312,0.688,0.0,0.0,0.0,0.0,0.0,0.0,0.5,0.562,0.0,0.0,0.0,0.0,0.0,0.0,0.625,0.625,0.0,0.0,9
0.0,0.0,0.0,0.125,0.812,0.0,0.0,0.0,0.0,0.0,0.0,0.5,0.938,0.0,0.0,0.0,0.0,0.0,0.312,1.0,0.312,0.125,0.0,0.0,0.0,0.0,0.938,0.75,0.062,1.0,0.25,0.0,0.0,0.25,1.0,0.125,0.562,1.0,0.5,0.0,0.0,0.0,0.625,0.875,1.0,1.0,0.25,0.0,0.0,0.0,0.0,0.0,0.812,0.5,0.0,0.0,0.0,0.0,0.0,0.0,0.812,0.375,0.0,0.0,4
0.0,0.0,0.0,0.75,0.5,0.0,0.0,0.0,0.0,0.0,0.375,1.0,0.188,0.75,0.25,0.0,0.0,0.062,1.0,0.312,0.5,0.875,0.0,0.0,0.0,0.562,0.938,0.0,0.812,0.625,0.125,0.0,0.0,0.625,0.938,0.75,1.0,1.0,0.562,0.0,0.0,0.375,1.0,1.0,0.938,0.562,0.062,0.0,0.0,0.0,0.0,0.875,0.312,0.0,0.0,0.0,0.0,0.0,0.0,0.938,0.0,0.0,0.0,0.0,4
0.0,0.0,0.25,0.812,1.0,0.875,0.0,0.0,0.0,0.0,0.812,0.625,0.688,0.938,0.0,0.0,0.0,0.0,0.0,0.0,0.562,0.688,0.0,0.0,0.0,0.0,0.062,0.375,0.875,1.0,0.5,0.0,0.0,0.0,0.688,1.0,0.938,0.5,0.312,0.0,0.0,0.0,0.125,0.688,0.625,0.0,0.0,0.0,0.0,0.0,0.062,0.875,0.375,0.0,0.0,0.0,0.0,0.0,0.312,1.0,0.125,0.0,0.0,0.0,7
0.0,0.0,0.188,0.75,0.75,0.125,0.0,0.0,0.0,0.0,0.688,0.625,0.438,0.875,0.125,0.0,0.0,0.0,0.688,0.062,0.0,0.5,0.25,0.0,0.0,0.125,0.875,0.125,0.0,0.312,0.438,0.0,0.0,0.5,0.562,0.0,0.0,0.375,0.5,0.0,0.0,0.188,0.812,0.0,0.0,0.75,0.438,0.0,0.0,0.0,0.938,0.375,0.688,0.75,0.0,0.0,0.0,0.0,0.25,0.938,0.688,0.062,0.0,0.0,0
0.0,0.0,0.0,0.062,0.875,0.312,0.0,0.0,0.0,0.0,0.0,0.688,0.688,0.0,0.0,0.0,0.0,0.0,0.562,0.75,0.062,0.0,0.0,0.0,0.0,0.312,0.938,0.062,0.0,0.125,0.25,0.0,0.0,0.875,0.438,0.0,0.0,0.812,0.625,0.0,0.0,0.938,1.0,1.0,1.0,1.0,0.312,0.0,0.0,0.188,0.5,0.5,0.938,0.625,0.0,0.0,0.0,0.0,0.0,0.188,0.938,0.125,0.0,0.0,4
0.0,0.0,0.625,0.812,0.062,0.0,0.0,0.0,0.0,0.0,0.438,1.0,0.312,0.0,0.0,0.0,0.0,0.0,0.375,1.0,0.375,0.0,0.0,0.0,0.0,0.0,0.375,1.0,0.812,0.0,0.0,0.0,0.0,0.0,0.0,0.375,1.0,0.125,0.0,0.0,0.0,0.0,0.0,0.188,1.0,0.5,0.0,0.0,0.0,0.0,0.438,0.688,1.0,0.875,0.562,0.25,0.0,0.0,0.375,0.938,0.812,0.875,1.0,0.938,1
0.0,0.0,0.25,0.875,0.875,0.125,0.0,0.0,0.0,0.312,1.0,0.688,0.438,0.625,0.0,0.0,0.0,0.25,1.0,0.25,0.0,0.688,0.062,0.0,0.0,0.438,0.875,0.062,0.0,0.438,0.312,0.0,0.0,0.25,0.625,0.0,0.0,0.438,0.438,0.0,0.0,0.062,0.75,0.0,0.0,0.75,0.188,0.0,0.0,0.0,0.562,0.375,0.375,0.812,0.0,0.0,0.0,0.0,0.0,0.625,0.875,0.25,0.0,0.0,0
0.0,0.0,0.188,0.938,0.062,0.0,0.0,0.0,0.0,0.0,0.75,0.5,0.0,0.0,0.0,0.0,0.0,0.188,0.812,0.0,0.0,0.0,0.0,0.0,0.0,0.25,0.75,0.0,0.0,0.0,0.0,0.0,0.0,0.312,0.625,0.688,1.0,0.875,0.062,0.0,0.0,0.125,1.0,0.625,0.25,0.438,0.625,0.0,0.0,0.0,0.938,0.5,0.125,0.75,0.5,0.0,0.0,0.0,0.188,0.75,1.0,0.5,0.0,0.0,6
0.0,0.0,0.188,0.75,1.0,0.562,0.0,0.0,0.0,0.0,0.75,0.562,0.812,1.0,0.562,0.0,0.0,0.188,1.0,0.312,0.0,0.5,0.75,0.0,0.0,0.0,0.562,1.0,0.625,0.812,0.125,0.0,0.0,0.0,0.0,0.25,1.0,0.75,0.0,0.0,0.0,0.0,0.0,0.688,0.562,1.0,0.0,0.0,0.0,0.0,0.062,0.938,0.125,0.75,0.0,0.0,0.0,0.0,0.125,1.0,1.0,0.375,0.0,0.0,8
0.0,0.0,0.562,0.75,0.75,0.75,0.375,0.0,0.0,0.062,0.875,0.375,0.25,0.25,0.125,0.0,0.0,0.25,0.938,0.75,0.562,0.062,0.0,0.0,0.0,0.25,0.938,0.5,0.688,0.688,0.0,0.0,0.0,0.0,0.062,0.0,0.0,0.875,0.25,0.0,0.0,0.0,0.0,0.0,0.0,0.625,0.5,0.0,0.0,0.0,0.625,0.062,0.0,0.5,0.5,0.0,0.0,0.0,0.562,1.0,1.0,0.938,0.25,0.0,5
0.0,0.0,0.062,0.812,0.25,0.0,0.0,0.0,0.0,0.0,0.312,0.938,0.125,0.0,0.0,0.0,0.0,0.0,0.75,0.438,0.0,0.0,0.0,0.0,0.0,0.0,0.875,0.375,0.0,0.0,0.0,0.0,0.0,0.0,1.0,0.75,0.938,0.938,0.438,0.0,0.0,0.0,0.875,0.875,0.375,0.25,0.875,0.062,0.0,0.0,0.562,0.875,0.188,0.25,0.875,0.125,0.0,0.0,0.062,0.438,0.875,1.0,0.688,0.0,6
0.0,0.0,0.375,0.938,0.5,0.625,0.75,0.125,0.0,0.0,0.625,0.875,0.625,0.75,1.0,0.062,0.0,0.0,0.562,0.625,0.062,0.812,0.438,0.0,0.0,0.0,0.25,0.25,0.5,0.75,0.062,0.0,0.0,0.0,0.0,0.125,0.938,0.312,0.0,0.0,0.0,0.0,0.0,0.688,0.5,0.0,0.0,0.0,0.0,0.0,0.188,1.0,0.0,0.0,0.0,0.0,0.0,0.0,0.438,0.875,0.0,0.0,0.0,0.0,7
0.0,0.0,0.312,0.938,0.812,0.75,0.25,0.0,0.0,0.0,0.688,1.0,1.0,0.875,0.0,0.0,0.0,0.0,1.0,1.0,1.0,0.5,0.0,0.0,0.0,0.25,1.0,1.0,0.938,0.188,0.0,0.0,0.0,0.125,1.0,1.0,0.5,0.0,0.0,0.0,0.0,0.0,1.0,0.938,0.188,0.0,0.0,0.0,0.0,0.0,0.625,1.0,0.25,0.0,0.0,0.0,0.0,0.0,0.5,0.938,0.188,0.0,0.0,0.0,1
0.0,0.0,0.0,0.312,0.938,0.812,0.125,0.0,0.0,0.0,0.0,0.75,0.438,0.688,0.375,0.0,0.0,0.0,0.0,0.562,0.75,0.938,0.062,0.0,0.0,0.0,0.062,0.5,1.0,0.25,0.0,0.0,0.0,0.188,0.938,0.5,0.812,0.0,0.0,0.0,0.0,0.438,0.75,0.0,0.625,0.438,0.0,0.0,0.0,0.0,0.75,0.688,0.625,0.5,0.0,0.0,0.0,0.0,0.0,0.375,0.812,0.625,0.0,0.0,8
0.0,0.0,0.125,0.812,0.875,0.375,0.0,0.0,0.0,0.0,0.625,0.812,0.312,1.0,0.0,0.0,0.0,0.0,0.562,0.562,0.25,0.875,0.0,0.0,0.0,0.0,0.25,0.938,0.938,0.312,0.0,0.0,0.0,0.0,0.312,1.0,0.875,0.062,0.0,0.0,0.0,0.0,0.875,0.375,0.5,0.562,0.0,0.0,0.0,0.0,0.812,0.438,0.062,0.688,0.312,0.0,0.0,0.0,0.188,0.688,0.938,1.0,0.75,0.0,8
0.0,0.0,0.125,0.812,1.0,0.562,0.0,0.0,0.0,0.0,0.75,0.75,0.438,1.0,0.188,0.0,0.0,0.062,0.875,0.188,0.0,1.0,0.25,0.0,0.0,0.0,0.0,0.25,0.625,1.0,0.375,0.0,0.0,0.0,0.0,0.812,1.0,1.0,0.562,0.0,0.0,0.0,0.0,0.312,0.812,0.062,0.0,0.0,0.0,0.0,0.0,0.688,0.562,0.0,0.0,0.0,0.0,0.0,0.062,1.0,0.25,0.0,0.0,0.0,7
0.0,0.062,0.5,0.5,0.688,0.938,0.625,0.0,0.0,0.25,1.0,1.0,0.688,0.75,0.375,0.0,0.0,0.25,1.0,0.25,0.0,0.0,0.0,0.0,0.0,0.062,1.0,0.938,0.5,0.0,0.0,0.0,0.0,0.0,0.25,0.625,1.0,0.375,0.0,0.0,0.0,0.0,0.0,0.0,0.75,0.75,0.0,0.0,0.0,0.375,0.938,0.562,0.812,0.625,0.0,0.0,0.0,0.062,0.812,1.0,0.812,0.25,0.0,0.0,5
0.0,0.0,0.562,0.938,0.375,0.0,0.0,0.0,0.0,0.125,1.0,1.0,1.0,0.438,0.0,0.0,0.0,0.25,0.875,0.312,0.688,0.812,0.0,0.0,0.0,0.438,0.75,0.0,0.0,0.75,0.25,0.0,0.0,0.5,0.688,0.0,0.0,0.438,0.312,0.0,0.0,0.25,0.812,0.062,0.062,0.625,0.375,0.0,0.0,0.125,1.0,0.938,0.938,0.875,0.062,0.0,0.0,0.0,0.5,0.938,0.688,0.25,0.0,0.0,0
0.0,0.0,0.062,0.875,0.562,0.0,0.0,0.0,0.0,0.0,0.875,0.938,0.188,0.0,0.0,0.0,0.0,0.062,1.0,0.625,0.0,0.0,0.0,0.0,0.0,0.312,0.875,0.812,0.938,0.625,0.0,0.0,0.0,0.5,1.0,0.125,0.188,0.875,0.312,0.0,0.0,0.312,1.0,0.25,0.0,0.75,0.375,0.0,0.0,0.0,0.625,0.812,0.125,0.875,0.375,0.0,0.0,0.0,0.125,0.75,1.0,0.688,0.062,0.0,6
0.0,0.188,0.75,0.75,0.875,0.938,0.188,0.0,0.0,0.25,0.938,0.25,0.25,0.25,0.0,0.0,0.0,0.312,0.75,0.0,0.0,0.125,0.0,0.0,0.0,0.312,0.938,0.75,0.938,0.938,0.312,0.0,0.0,0.312,0.75,0.375,0.0,0.5,0.5,0.0,0.0,0.0,0.0,0.0,0.0,0.625,0.438,0.0,0.0,0.062,0.562,0.0,0.438,0.875,0.062,0.0,0.0,0.125,0.938,1.0,0.875,0.188,0.0,0.0,5
0.0,0.0,0.312,1.0,1.0,0.438,0.0,0.0,0.0,0.0,0.375,0.562,0.812,0.688,0.0,0.0,0.0,0.0,0.0,0.0,0.625,0.75,0.0,0.0,0.0,0.0,0.062,0.375,0.812,0.5,0.0,0.0,0.0,0.0,0.5,1.0,1.0,0.938,0.375,0.0,0.0,0.0,0.062,0.688,0.875,0.5,0.125,0.0,0.0,0.0,0.0,0.812,0.438,0.0,0.0,0.0,0.0,0.0,0.25,1.0,0.125,0.0,0.0,0.0,7
0.0,0.062,0.75,1.0,1.0,0.938,0.0,0.0,0.0,0.438,0.812,0.438,0.5,1.0,0.0,0.0,0.0,0.0,0.062,0.0,0.5,0.875,0.0,0.0,0.0,0.0,0.438,0.938,1.0,1.0,0.688,0.0,0.0,0.188,0.938,0.75,0.938,0.25,0.125,0.0,0.0,0.0,0.062,0.75,0.438,0.0,0.0,0.0,0.0,0.0,0.125,1.0,0.125,0.0,0.0,0.0,0.0,0.0,0.812,0.562,0.0,0.0,0.0,0.0,7
0.0,0.0,0.562,0.938,0.875,0.125,0.0,0.0,0.0,0.0,0.562,0.188,0.562,0.5,0.0,0.0,0.0,0.0,0.0,0.0,0.375,0.625,0.0,0.0,0.0,0.0,0.0,0.625,0.938,0.125,0.0,0.0,0.0,0.0,0.125,0.625,0.688,0.938,0.125,0.0,0.0,0.188,0.062,0.0,0.0,0.875,0.25,0.0,0.0,0.625,0.812,0.438,0.125,0.75,0.25,0.0,0.0,0.0,0.438,0.875,1.0,0.625,0.0,0.0,3
0.0,0.312,1.0,1.0,1.0,1.0,0.625,0.0,0.0,0.25,0.625,0.25,0.25,0.25,0.0,0.0,0.0,0.625,0.625,0.0,0.0,0.0,0.0,0.0,0.0,0.25,1.0,0.812,0.438,0.062,0.0,0.0,0.0,0.0,0.125,0.5,0.875,0.875,0.125,0.0,0.0,0.0,0.0,0.0,0.062,1.0,0.438,0.0,0.0,0.188,0.188,0.125,0.688,0.938,0.0,0.0,0.0,0.312,1.0,1.0,0.75,0.062,0.0,0.0,5
0.0,0.0,0.688,0.75,0.0,0.0,0.0,0.0,0.0,0.0,0.812,1.0,0.0,0.0,0.0,0.0,0.0,0.188,0.938,1.0,0.25,0.0,0.0,0.0,0.0,0.812,0.938,1.0,0.375,0.0,0.0,0.0,0.0,0.188,0.188,0.938,0.625,0.0,0.0,0.0,0.0,0.0,0.0,0.688,1.0,0.0,0.0,0.0,0.0,0.0,0.125,0.625,1.0,0.375,0.188,0.0,0.0,0.0,0.438,1.0,1.0,1.0,1.0,0.312,1
0.0,0.0,0.438,0.5,0.375,0.5,0.25,0.0,0.0,0.0,0.75,0.812,0.75,0.75,0.312,0.0,0.0,0.0,0.812,0.0,0.0,0.0,0.0,0.0,0.0,0.312,0.938,0.75,0.562,0.125,0.0,0.0,0.0,0.188,0.5,0.438,0.5,0.938,0.125,0.0,0.0,0.0,0.0,0.0,0.0,0.375,0.5,0.0,0.0,0.0,0.375,0.0,0.062,0.812,0.25,0.0,0.0,0.0,0.438,0.938,0.938,0.312,0.0,0.0,5
0.0,0.0,0.438,0.75,0.562,0.0,0.0,0.0,0.0,0.0,0.75,1.0,1.0,0.062,0.0,0.0,0.0,0.0,0.688,1.0,1.0,0.0,0.0,0.0,0.0,0.0,0.75,1.0,1.0,0.0,0.0,0.0,0.0,0.0,0.812,1.0,1.0,0.0,0.0,0.0,0.0,0.0,0.812,1.0,1.0,0.0,0.0,0.0,0.0,0.062,0.875,1.0,1.0,0.062,0.0,0.0,0.0,0.0,0.25,0.75,0.75,0.562,0.0,0.0,1
0.0,0.0,0.312,0.75,1.0,0.625,0.0,0.0,0.0,0.5,0.938,0.312,0.75,0.812,0.0,0.0,0.0,0.0,0.0,0.188,1.0,0.25,0.0,0.0,0.0,0.0,0.0,0.312,1.0,0.188,0.0,0.0,0.0,0.0,0.0,0.125,0.938,0.5,0.0,0.0,0.0,0.0,0.0,0.0,0.125,0.875,0.438,0.0,0.0,0.0,0.0,0.0,0.0,0.812,0.688,0.0,0.0,0.0,0.312,1.0,1.0,0.688,0.188,0.0,3
0.0,0.0,0.188,0.625,1.0,0.75,0.0,0.0,0.0,0.0,0.812,0.75,0.0,0.125,0.0,0.0,0.0,0.25,1.0,0.125,0.0,0.0,0.0,0.0,0.0,0.0,1.0,0.875,1.0,0.875,0.125,0.0,0.0,0.375,1.0,0.75,0.312,1.0,0.312,0.0,0.0,0.062,0.75,0.062,0.0,0.875,0.438,0.0,0.0,0.0,0.0,0.188,0.812,0.812,0.062,0.0,0.0,0.0,0.062,0.812,0.625,0.062,0.0,0.0,5
0.0,0.0,0.625,0.812,0.0,0.0,0.0,0.0,0.0,0.0,0.875,0.938,0.688,0.0,0.0,0.0,0.0,0.0,0.75,0.562,1.0,0.5,0.125,0.0,0.0,0.0,0.312,0.875,1.0,0.688,0.062,0.0,0.0,0.0,0.188,1.0,0.625,0.0,0.0,0.0,0.0,0.0,0.75,0.688,1.0,0.0,0.0,0.0,0.0,0.062,1.0,0.438,1.0,0.312,0.0,0.0,0.0,0.0,0.688,1.0,0.812,0.062,0.0,0.0,8
0.0,0.0,0.312,0.75,0.625,0.25,0.0,0.0,0.0,0.0,0.312,1.0,1.0,1.0,0.188,0.0,0.0,0.0,0.0,1.0,1.0,1.0,0.0,0.0,0.0,0.0,0.188,1.0,1.0,0.812,0.0,0.0,0.0,0.0,0.25,1.0,1.0,0.75,0.0,0.0,0.0,0.0,0.5,1.0,1.0,0.5,0.0,0.0,0.0,0.0,0.625,1.0,1.0,0.438,0.0,0.0,0.0,0.0,0.5,0.75,0.75,0.25,0.0,0.0,1
0.0,0.0,0.75,1.0,1.0,0.312,0.0,0.0,0.0,0.188,0.812,0.5,0.875,0.938,0.062,0.0,0.0,0.0,0.0,0.0,0.812,1.0,0.0,0.0,0.0,0.375,1.0,1.0,1.0,1.0,0.812,0.0,0.0,0.375,0.562,0.688,1.0,0.562,0.312,0.0,0.0,0.0,0.0,0.875,0.688,0.0,0.0,0.0,0.0,0.0,0.438,1.0,0.125,0.0,0.0,0.0,0.0,0.0,0.812,0.625,0.0,0.0,0.0,0.0,7
0.0,0.0,0.375,0.938,0.75,0.312,0.0,0.0,0.0,0.0,0.5,1.0,1.0,0.812,0.062,0.0,0.0,0.0,0.5,1.0,1.0,0.75,0.0,0.0,0.0,0.0,0.5,1.0,1.0,0.625,0.0,0.0,0.0,0.0,1.0,1.0,1.0,0.312,0.0,0.0,0.0,0.312,1.0,1.0,1.0,0.062,0.0,0.0,0.0,0.188,0.938,1.0,1.0,0.125,0.0,0.0,0.0,0.0,0.625,1.0,0.938,0.188,0.0,0.0,1
0.0,0.25,0.812,1.0,1.0,0.75,0.188,0.0,0.0,0.188,0.438,0.25,0.812,1.0,0.375,0.0,0.0,0.0,0.0,0.5,0.938,0.312,0.0,0.0,0.0,0.0,0.0,0.75,0.5,0.0,0.0,0.0,0.0,0.0,0.0,0.438,0.75,0.0,0.0,0.0,0.0,0.0,0.0,0.25,0.75,0.0,0.0,0.0,0.0,0.062,0.438,0.75,0.688,0.0,0.0,0.0,0.0,0.188,0.938,0.75,0.125,0.0,0.0,0.0,3
0.0,0.0,0.0,0.688,0.312,0.188,0.688,0.0,0.0,0.0,0.438,0.875,0.125,0.75,0.562,0.0,0.0,0.125,0.938,0.375,0.188,1.0,0.312,0.0,0.0,0.438,1.0,0.5,0.812,1.0,0.812,0.0,0.0,0.438,1.0,1.0,1.0,0.438,0.062,0.0,0.0,0.0,0.25,0.625,0.812,0.0,0.0,0.0,0.0,0.0,0.0,0.75,0.375,0.0,0.0,0.0,0.0,0.0,0.0,0.75,0.0,0.0,0.0,0.0,4
0.0,0.0,0.0,0.188,0.812,1.0,0.688,0.0,0.0,0.0,0.25,0.938,0.688,0.5,1.0,0.188,0.0,0.125,0.938,0.562,0.375,0.812,0.938,0.188,0.0,0.25,1.0,1.0,1.0,1.0,0.688,0.0,0.0,0.0,0.438,0.5,0.375,1.0,0.125,0.0,0.0,0.0,0.0,0.0,0.375,0.875,0.0,0.0,0.0,0.0,0.0,0.0,0.875,0.562,0.0,0.0,0.0,0.0,0.0,0.188,1.0,0.25,0.0,0.0,9
0.0,0.0,0.0,0.562,0.938,0.375,0.0,0.0,0.0,0.0,0.312,0.938,1.0,0.938,0.0,0.0,0.0,0.0,0.938,0.938,0.25,1.0,0.188,0.0,0.0,0.125,0.875,0.312,0.0,0.75,0.5,0.0,0.0,0.375,0.812,0.0,0.062,0.875,0.375,0.0,0.0,0.062,0.625,0.875,0.938,1.0,0.188,0.0,0.0,0.0,0.188,1.0,1.0,0.875,0.062,0.0,0.0,0.0,0.0,0.562,0.812,0.312,0.0,0.0,0
0.0,0.0,0.375,0.875,1.0,0.375,0.0,0.0,0.0,0.375,1.0,1.0,0.5,0.938,0.0,0.0,0.0,0.438,0.875,0.875,0.75,0.875,0.0,0.0,0.0,0.0,0.812,0.625,1.0,0.375,0.0,0.0,0.0,0.0,0.25,1.0,0.625,0.0,0.0,0.0,0.0,0.0,0.688,0.812,1.0,0.125,0.0,0.0,0.0,0.0,0.938,0.312,0.938,0.25,0.0,0.0,0.0,0.0,0.5,1.0,0.938,0.062,0.0,0.0,8
0.0,0.0,0.625,1.0,0.938,0.438,0.0,0.0,0.0,0.375,1.0,0.375,0.625,1.0,0.125,0.0,0.0,0.5,0.375,0.312,0.938,0.75,0.0,0.0,0.0,0.0,0.0,0.812,1.0,0.125,0.0,0.0,0.0,0.0,0.0,0.312,1.0,0.25,0.0,0.0,0.0,0.0,0.0,0.0,0.625,1.0,0.0,0.0,0.0,0.0,0.0,0.062,0.688,1.0,0.062,0.0,0.0,0.0,0.688,1.0,1.0,0.5,0.062,0.0,3
0.0,0.0,0.25,0.812,1.0,0.875,0.0,0.0,0.0,0.125,0.875,1.0,0.75,0.25,0.0,0.0,0.0,0.812,1.0,0.312,0.0,0.0,0.0,0.0,0.0,0.688,1.0,0.625,0.062,0.0,0.0,0.0,0.0,0.312,0.938,1.0,0.312,0.0,0.0,0.0,0.0,0.0,0.125,0.938,0.562,0.0,0.0,0.0,0.0,0.0,0.312,0.938,0.562,0.0,0.0,0.0,0.0,0.0,0.25,1.0,0.312,0.0,0.0,0.0,5
0.0,0.0,0.062,0.625,0.938,0.688,0.438,0.0,0.0,0.0,0.312,1.0,1.0,1.0,0.688,0.0,0.0,0.0,0.375,1.0,1.0,1.0,0.375,0.0,0.0,0.0,0.75,1.0,1.0,0.75,0.0,0.0,0.0,0.125,1.0,1.0,1.0,0.375,0.0,0.0,0.0,0.125,0.75,1.0,0.75,0.0,0.0,0.0,0.0,0.0,0.562,1.0,1.0,0.438,0.0,0.0,0.0,0.0,0.188,0.75,1.0,0.125,0.0,0.0,1
0.0,0.0,0.25,0.562,0.812,0.312,0.0,0.0,0.0,0.062,1.0,1.0,0.75,0.688,0.0,0.0,0.0,0.0,0.688,0.5,0.312,1.0,0.0,0.0,0.0,0.0,0.438,0.625,0.812,0.625,0.0,0.0,0.0,0.0,0.25,1.0,0.812,0.0,0.0,0.0,0.0,0.0,0.812,0.938,0.75,0.0,0.0,0.0,0.0,0.0,0.688,0.562,0.875,0.312,0.0,0.0,0.0,0.0,0.0,0.625,1.0,0.5,0.0,0.0,8
0.0,0.0,0.625,0.438,0.812,0.562,0.0,0.0,0.0,0.0,0.562,0.625,0.75,0.938,0.125,0.0,0.0,0.0,0.25,0.688,0.625,0.688,0.0,0.0,0.0,0.0,0.062,1.0,0.625,0.062,0.0,0.0,0.0,0.0,0.75,0.812,0.25,0.0,0.0,0.0,0.0,0.0,0.75,0.062,0.75,0.0,0.0,0.0,0.0,0.062,0.625,0.125,0.875,0.0,0.0,0.0,0.0,0.0,0.688,0.875,0.312,0.0,0.0,0.0,8
0.0,0.0,0.312,0.812,1.0,0.625,0.062,0.0,0.0,0.438,1.0,1.0,1.0,1.0,0.438,0.0,0.0,0.0,0.312,0.125,0.688,0.875,0.312,0.0,0.0,0.0,0.0,0.625,0.938,0.375,0.0,0.0,0.0,0.0,0.562,1.0,0.812,0.125,0.0,0.0,0.0,0.0,0.25,0.688,0.938,0.875,0.0,0.0,0.0,0.0,0.125,0.125,0.812,1.0,0.062,0.0,0.0,0.0,0.312,0.875,0.938,0.562,0.0,0.0,3
0.0,0.0,0.125,0.688,1.0,1.0,1.0,0.25,0.0,0.0,0.312,0.688,0.5,0.5,1.0,0.062,0.0,0.0,0.0,0.0,0.0,0.875,0.375,0.0,0.0,0.0,0.125,0.625,0.812,1.0,0.812,0.0,0.0,0.0,0.75,1.0,1.0,0.562,0.125,0.0,0.0,0.0,0.125,0.312,0.875,0.0,0.0,0.0,0.0,0.0,0.0,0.688,0.562,0.0,0.0,0.0,0.0,0.0,0.0,1.0,0.375,0.0,0.0,0.0,7
0.0,0.0,0.125,0.625,1.0,0.75,0.0,0.0,0.0,0.125,0.938,0.875,0.5,0.062,0.0,0.0,0.0,0.125,1.0,0.25,0.0,0.0,0.0,0.0,0.0,0.375,1.0,0.875,0.812,0.188,0.0,0.0,0.0,0.625,1.0,0.438,0.688,0.75,0.0,0.0,0.0,0.0,0.062,0.0,0.25,1.0,0.0,0.0,0.0,0.0,0.0,0.0,0.438,1.0,0.125,0.0,0.0,0.0,0.125,0.875,1.0,0.5,0.0,0.0,5
0.0,0.0,0.0,0.312,1.0,0.188,0.0,0.0,0.0,0.0,0.062,0.938,1.0,0.25,0.0,0.0,0.0,0.0,0.625,1.0,1.0,0.062,0.0,0.0,0.0,0.188,1.0,1.0,0.938,0.25,0.125,0.0,0.0,0.625,1.0,1.0,1.0,1.0,0.75,0.0,0.0,0.062,0.438,0.875,0.812,0.375,0.312,0.0,0.0,0.0,0.0,0.688,0.75,0.0,0.0,0.0,0.0,0.0,0.0,0.25,0.625,0.0,0.0,0.0,4
0.0,0.0,0.688,0.5,0.75,0.312,0.0,0.0,0.0,0.062,0.938,0.688,0.375,0.875,0.125,0.0,0.0,0.25,0.688,0.0,0.0,0.562,0.25,0.0,0.0,0.25,0.5,0.0,0.0,0.5,0.375,0.0,0.0,0.375,0.438,0.0,0.0,0.688,0.188,0.0,0.0,0.312,0.5,0.0,0.312,0.812,0.0,0.0,0.0,0.188,0.812,0.312,0.938,0.188,0.0,0.0,0.0,0.0,0.562,0.875,0.25,0.0,0.0,0.0,0
0.0,0.0,0.375,0.938,0.938,0.188,0.0,0.0,0.0,0.188,1.0,0.875,0.875,0.812,0.0,0.0,0.0,0.375,0.938,0.125,0.062,0.875,0.312,0.0,0.0,0.5,0.875,0.125,0.0,0.562,0.5,0.0,0.0,0.5,1.0,0.25,0.0,0.5,0.5,0.0,0.0,0.312,1.0,0.375,0.0,0.688,0.562,0.0,0.0,0.062,1.0,1.0,0.875,1.0,0.562,0.0,0.0,0.0,0.312,0.875,0.938,0.625,0.062,0.0,0
0.0,0.0,0.375,1.0,1.0,0.188,0.0,0.0,0.0,0.0,0.5,1.0,1.0,0.75,0.0,0.0,0.0,0.0,0.0,0.25,0.938,0.688,0.0,0.0,0.0,0.0,0.375,1.0,1.0,1.0,0.812,0.0,0.0,0.0,0.688,1.0,1.0,0.312,0.062,0.0,0.0,0.0,0.0,0.875,0.438,0.0,0.0,0.0,0.0,0.0,0.25,1.0,0.062,0.0,0.0,0.0,0.0,0.0,0.688,0.688,0.0,0.0,0.0,0.0,7
0.0,0.0,0.0,0.0,0.812,0.688,0.0,0.0,0.0,0.0,0.0,0.5,1.0,0.312,0.0,0.0,0.0,0.0,0.188,0.938,1.0,0.25,0.0,0.0,0.0,0.0,0.5,0.938,1.0,0.625,0.062,0.0,0.0,0.25,1.0,0.875,1.0,1.0,0.688,0.0,0.0,0.438,1.0,0.812,0.938,0.875,0.188,0.0,0.0,0.0,0.0,0.0,1.0,0.688,0.0,0.0,0.0,0.0,0.0,0.0,0.75,0.688,0.0,0.0,4
0.0,0.0,0.312,0.938,0.312,0.0,0.0,0.0,0.0,0.0,0.75,0.688,0.812,0.5,0.0,0.0,0.0,0.0,0.688,0.562,0.625,1.0,0.0,0.0,0.0,0.0,0.188,0.938,1.0,1.0,0.062,0.0,0.0,0.0,0.0,0.0,0.0,0.875,0.375,0.0,0.0,0.0,0.0,0.0,0.0,0.812,0.5,0.0,0.0,0.0,0.375,0.188,0.0,0.875,0.375,0.0,0.0,0.0,0.125,0.812,1.0,0.938,0.188,0.0,9
0.0,0.0,0.25,1.0,1.0,0.5,0.0,0.0,0.0,0.0,0.375,1.0,1.0,0.938,0.062,0.0,0.0,0.0,0.25,1.0,1.0,0.75,0.0,0.0,0.0,0.0,0.188,1.0,1.0,0.938,0.0,0.0,0.0,0.0,0.5,1.0,1.0,0.375,0.0,0.0,0.0,0.062,0.812,1.0,1.0,0.25,0.0,0.0,0.0,0.188,1.0,1.0,0.938,0.125,0.0,0.0,0.0,0.0,0.375,0.75,0.75,0.125,0.0,0.0,1
0.0,0.0,0.062,0.75,0.688,0.062,0.0,0.0,0.0,0.0,0.062,1.0,1.0,0.25,0.0,0.0,0.0,0.0,0.188,1.0,0.938,0.125,0.0,0.0,0.0,0.0,0.562,1.0,0.75,0.0,0.0,0.0,0.0,0.0,0.75,1.0,0.312,0.0,0.0,0.0,0.0,0.0,0.875,1.0,0.375,0.0,0.0,0.0,0.0,0.0,0.562,1.0,0.5,0.0,0.0,0.0,0.0,0.0,0.125,0.688,0.812,0.062,0.0,0.0,1
0.0,0.125,0.688,1.0,0.812,0.125,0.0,0.0,0.0,0.688,0.938,0.75,1.0,0.438,0.0,0.0,0.0,0.438,0.375,0.0,0.875,0.5,0.0,0.0,0.0,0.0,0.0,0.062,1.0,0.375,0.0,0.0,0.0,0.0,0.0,0.625,0.625,0.0,0.0,0.0,0.0,0.0,0.438,1.0,0.25,0.188,0.188,0.0,0.0,0.188,0.938,1.0,0.938,0.938,0.688,0.0,0.0,0.125,0.812,0.75,0.562,0.0,0.0,0.0,2
0.0,0.0,0.438,0.812,1.0,0.438,0.0,0.0,0.0,0.125,1.0,0.375,0.312,0.75,0.062,0.0,0.0,0.25,0.75,0.0,0.062,1.0,0.25,0.0,0.0,0.062,0.75,0.75,0.812,1.0,0.188,0.0,0.0,0.0,0.0,0.25,0.5,0.812,0.0,0.0,0.0,0.0,0.0,0.0,0.25,0.812,0.0,0.0,0.0,0.0,0.5,0.188,0.625,0.625,0.0,0.0,0.0,0.0,0.375,0.938,0.938,0.188,0.0,0.0,9
0.0,0.0,0.0,0.562,0.562,0.0,0.0,0.0,0.0,0.0,0.188,0.938,0.25,0.0,0.0,0.0,0.0,0.0,0.625,0.75,0.0,0.0,0.0,0.0,0.0,0.0,0.75,0.5,0.25,0.188,0.0,0.0,0.0,0.0,0.875,1.0,0.75,0.875,0.312,0.0,0.0,0.0,0.75,0.625,0.0,0.25,0.812,0.0,0.0,0.0,0.562,0.688,0.0,0.375,1.0,0.062,0.0,0.0,0.0,0.5,0.875,0.938,0.5,0.0,6
0.0,0.125,0.375,0.625,0.75,0.062,0.0,0.0,0.0,0.875,0.812,0.625,0.312,0.062,0.0,0.0,0.0,0.625,0.375,0.0,0.0,0.0,0.0,0.0,0.0,0.625,0.812,0.75,0.75,0.312,0.0,0.0,0.0,0.125,0.5,0.312,0.438,0.875,0.5,0.0,0.0,0.0,0.0,0.0,0.0,0.312,0.75,0.0,0.0,0.0,0.125,0.125,0.062,0.625,0.625,0.0,0.0,0.0,0.312,1.0,1.0,0.875,0.062,0.0,5
0.0,0.0,0.5,0.875,1.0,1.0,0.938,0.062,0.0,0.0,0.375,0.375,0.312,0.75,0.75,0.062,0.0,0.0,0.0,0.125,0.688,0.75,0.188,0.0,0.0,0.0,0.312,0.875,0.562,0.0,0.0,0.0,0.0,0.0,0.562,1.0,0.562,0.0,0.0,0.0,0.0,0.0,0.062,0.688,1.0,0.438,0.0,0.0,0.0,0.0,0.125,0.438,1.0,0.438,0.0,0.0,0.0,0.0,0.562,0.812,0.312,0.0,0.0,0.0,3
0.0,0.0,0.438,0.875,0.5,0.25,0.0,0.0,0.0,0.0,1.0,0.5,0.938,0.875,0.062,0.0,0.0,0.25,1.0,0.25,0.0,0.5,0.25,0.0,0.0,0.5,0.875,0.0,0.0,0.25,0.25,0.0,0.0,0.5,1.0,0.0,0.0,0.25,0.312,0.0,0.0,0.188,1.0,0.062,0.0,0.688,0.25,0.0,0.0,0.0,0.938,1.0,1.0,0.75,0.0,0.0,0.0,0.0,0.375,0.812,0.438,0.0,0.0,0.0,0
0.0,0.0,0.75,0.5,0.5,0.438,0.0,0.0,0.0,0.188,1.0,1.0,0.688,0.438,0.0,0.0,0.0,0.125,0.875,0.062,0.0,0.0,0.0,0.0,0.0,0.312,0.875,0.312,0.0,0.0,0.0,0.0,0.0,0.125,0.938,1.0,0.562,0.0,0.0,0.0,0.0,0.0,0.0,0.125,1.0,0.125,0.0,0.0,0.0,0.0,0.25,0.5,1.0,0.25,0.0,0.0,0.0,0.0,0.688,0.875,0.562,0.0,0.0,0.0,5
0.0,0.0,0.125,0.938,0.625,0.062,0.0,0.0,0.0,0.125,0.812,0.75,0.875,0.562,0.0,0.0,0.0,0.375,1.0,0.062,0.062,0.875,0.125,0.0,0.0,0.5,1.0,0.0,0.0,0.625,0.312,0.0,0.0,0.5,0.875,0.125,0.0,0.5,0.5,0.0,0.0,0.375,0.875,0.0,0.0,0.5,0.5,0.0,0.0,0.062,0.875,0.75,0.5,0.938,0.375,0.0,0.0,0.0,0.188,0.812,1.0,0.5,0.062,0.0,0
0.0,0.0,0.0,0.938,0.5,0.0,0.0,0.0,0.0,0.0,0.312,0.938,0.125,0.812,0.312,0.0,0.0,0.0,0.812,0.562,0.125,0.938,0.125,0.0,0.0,0.25,0.875,0.062,0.625,0.75,0.125,0.0,0.0,0.625,0.875,0.5,1.0,1.0,0.625,0.0,0.0,0.625,1.0,1.0,0.938,0.312,0.0,0.0,0.0,0.0,0.125,0.75,0.5,0.0,0.0,0.0,0.0,0.0,0.0,1.0,0.312,0.0,0.0,0.0,4
0.0,0.0,0.062,0.562,0.938,0.75,0.312,0.0,0.0,0.0,0.5,1.0,1.0,1.0,0.812,0.0,0.0,0.0,0.188,0.062,0.062,0.875,0.625,0.0,0.0,0.0,0.188,0.625,0.812,1.0,0.938,0.0,0.0,0.125,1.0,1.0,1.0,0.938,0.188,0.0,0.0,0.188,0.5,0.125,0.812,0.375,0.0,0.0,0.0,0.0,0.0,0.312,0.812,0.0,0.0,0.0,0.0,0.0,0.0,0.688,0.312,0.0,0.0,0.0,7
0.0,0.062,0.812,1.0,0.938,0.375,0.0,0.0,0.0,0.625,0.938,0.562,0.688,0.938,0.0,0.0,0.0,0.438,0.562,0.0,0.75,0.75,0.0,0.0,0.0,0.0,0.0,0.0,0.938,0.375,0.0,0.0,0.0,0.0,0.0,0.5,0.938,0.062,0.0,0.0,0.0,0.0,0.125,0.938,0.625,0.0,0.0,0.0,0.0,0.0,0.625,1.0,0.625,0.562,1.0,0.125,0.0,0.0,0.812,1.0,0.938,0.688,0.25,0.0,2
0.0,0.0,0.0,0.875,0.438,0.0,0.0,0.0,0.0,0.062,0.562,1.0,1.0,0.188,0.0,0.0,0.0,0.25,1.0,0.5,0.688,0.688,0.0,0.0,0.0,0.188,1.0,0.438,0.25,1.0,0.25,0.0,0.0,0.5,1.0,0.25,0.0,1.0,0.5,0.0,0.0,0.312,1.0,0.625,0.0,0.812,0.688,0.0,0.0,0.0,0.812,1.0,1.0,1.0,0.562,0.0,0.0,0.0,0.125,0.625,0.812,0.375,0.0,0.0,0
0.0,0.0,0.438,0.625,0.0,0.0,0.0,0.0,0.0,0.0,0.562,1.0,0.0,0.0,0.0,0.0,0.0,0.0,0.375,1.0,0.312,0.0,0.0,0.0,0.0,0.0,0.562,1.0,0.562,0.0,0.0,0.0,0.0,0.0,0.0,0.375,0.875,0.062,0.0,0.0,0.0,0.0,0.0,0.125,1.0,0.25,0.0,0.0,0.0,0.0,0.062,0.25,0.875,0.75,0.25,0.062,0.0,0.0,0.438,1.0,1.0,1.0,1.0,0.312,1
0.0,0.0,0.438,0.812,0.125,0.0,0.0,0.0,0.0,0.688,0.938,0.75,0.812,0.0,0.0,0.0,0.0,0.75,0.438,0.0,1.0,0.25,0.0,0.0,0.0,0.25,0.25,0.0,0.875,0.5,0.0,0.0,0.0,0.0,0.0,0.0,0.875,0.438,0.0,0.0,0.0,0.0,0.0,0.25,1.0,0.188,0.0,0.0,0.0,0.0,0.75,1.0,1.0,0.75,0.562,0.0,0.0,0.0,0.562,0.75,0.5,0.625,0.875,0.0,2
0.0,0.0,0.0,0.188,0.938,0.812,0.062,0.0,0.0,0.0,0.125,0.938,1.0,1.0,0.125,0.0,0.0,0.0,0.812,0.625,0.312,0.938,0.0,0.0,0.0,0.0,0.375,0.125,0.688,0.5,0.0,0.0,0.0,0.0,0.0,0.375,0.875,0.125,0.0,0.0,0.0,0.188,0.5,1.0,0.5,0.0,0.0,0.0,0.188,1.0,1.0,1.0,1.0,0.5,0.0,0.0,0.062,0.25,0.25,0.312,0.812,0.375,0.0,0.0,2
0.0,0.062,0.625,1.0,0.938,0.062,0.0,0.0,0.0,0.188,0.938,0.625,1.0,0.25,0.0,0.0,0.0,0.0,0.062,0.688,0.938,0.0,0.0,0.0,0.0,0.0,0.75,1.0,0.938,0.188,0.0,0.0,0.0,0.0,0.0,0.062,0.688,0.938,0.062,0.0,0.0,0.5,0.188,0.0,0.188,1.0,0.438,0.0,0.0,0.812,0.938,0.375,0.5,1.0,0.375,0.0,0.0,0.0,0.75,1.0,1.0,0.438,0.0,0.0,3
0.0,0.0,0.062,0.562,0.938,0.688,0.188,0.0,0.0,0.0,0.75,0.562,0.062,0.688,0.375,0.0,0.0,0.0,0.812,0.438,0.375,1.0,0.5,0.0,0.0,0.0,0.25,0.625,0.75,0.938,0.25,0.0,0.0,0.0,0.0,0.0,0.0,0.75,0.375,0.0,0.0,0.5,0.438,0.0,0.0,0.938,0.312,0.0,0.0,0.062,0.75,0.625,0.25,1.0,0.188,0.0,0.0,0.0,0.0,0.812,1.0,0.5,0.0,0.0,9
0.0,0.0,0.25,0.812,0.938,0.562,0.0,0.0,0.0,0.25,0.875,0.375,0.312,1.0,0.0,0.0,0.0,0.438,0.75,0.125,0.125,1.0,0.0,0.0,0.0,0.25,1.0,0.938,0.875,0.438,0.0,0.0,0.0,0.0,0.562,1.0,1.0,0.312,0.0,0.0,0.0,0.0,0.625,0.375,0.5,0.938,0.125,0.0,0.0,0.0,0.688,0.562,0.25,0.812,0.688,0.0,0.0,0.0,0.125,0.875,1.0,0.938,0.375,0.0,8
0.0,0.0,0.125,0.812,0.0,0.0,0.0,0.0,0.0,0.0,0.75,0.75,0.0,0.0,0.0,0.0,0.0,0.125,1.0,0.125,0.0,0.0,0.0,0.0,0.0,0.25,0.875,0.5,0.438,0.125,0.0,0.0,0.0,0.5,0.938,0.75,0.812,0.938,0.125,0.0,0.0,0.125,0.938,0.062,0.0,0.438,0.688,0.0,0.0,0.0,0.812,0.5,0.312,0.812,0.562,0.0,0.0,0.0,0.125,0.812,1.0,0.688,0.062,0.0,6
0.0,0.0,0.25,1.0,0.5,0.688,0.438,0.0,0.0,0.0,0.625,1.0,0.938,1.0,0.375,0.0,0.0,0.188,1.0,0.25,0.375,0.938,0.0,0.0,0.0,0.188,0.5,0.0,0.812,0.5,0.0,0.0,0.0,0.0,0.375,1.0,1.0,0.812,0.375,0.0,0.0,0.0,0.188,0.875,0.812,0.562,0.188,0.0,0.0,0.0,0.0,0.875,0.375,0.0,0.0,0.0,0.0,0.0,0.25,0.938,0.125,0.0,0.0,0.0,7
0.0,0.0,0.0,0.375,0.875,0.188,0.0,0.0,0.0,0.0,0.125,1.0,0.688,0.0,0.0,0.0,0.0,0.0,0.688,0.938,0.125,0.0,0.0,0.0,0.0,0.062,0.938,0.812,0.125,0.0,0.0,0.0,0.0,0.188,1.0,1.0,1.0,0.438,0.0,0.0,0.0,0.25,1.0,0.875,0.5,0.812,0.438,0.0,0.0,0.0,0.75,1.0,0.312,0.75,0.625,0.0,0.0,0.0,0.0,0.5,0.875,0.812,0.312,0.0,6
0.0,0.0,0.562,1.0,1.0,0.438,0.0,0.0,0.0,0.438,1.0,0.75,0.438,0.688,0.125,0.0,0.0,0.812,0.812,0.062,0.0,0.0,0.0,0.0,0.0,0.625,1.0,0.625,0.438,0.0,0.0,0.0,0.0,0.0,0.5,0.75,1.0,0.625,0.0,0.0,0.0,0.0,0.0,0.0,0.312,1.0,0.188,0.0,0.0,0.0,0.062,0.0,0.688,1.0,0.062,0.0,0.0,0.0,0.438,1.0,1.0,0.375,0.0,0.0,5
0.0,0.0,0.562,0.438,0.0,0.0,0.0,0.0,0.0,0.0,0.562,0.688,0.0,0.0,0.0,0.0,0.0,0.0,0.938,0.25,0.0,0.0,0.0,0.0,0.0,0.125,1.0,0.062,0.0,0.0,0.0,0.0,0.0,0.312,1.0,0.5,0.875,0.562,0.0,0.0,0.0,0.312,1.0,0.938,0.5,0.562,0.625,0.0,0.0,0.188,1.0,0.125,0.0,0.438,0.688,0.0,0.0,0.0,0.438,0.875,1.0,0.75,0.062,0.0,6
0.0,0.0,0.0,0.688,0.75,0.062,0.0,0.0,0.0,0.0,0.5,1.0,0.562,0.25,0.0,0.0,0.0,0.0,0.188,0.25,0.0,0.0,0.0,0.0,0.0,0.062,0.0,0.125,0.5,0.125,0.0,0.0,0.0,0.312,1.0,1.0,1.0,0.875,0.125,0.0,0.0,0.125,1.0,0.562,0.188,0.812,0.438,0.0,0.0,0.0,0.688,0.875,0.438,1.0,0.562,0.0,0.0,0.0,0.062,0.625,0.875,0.625,0.125,0.0,6
0.0,0.0,0.688,1.0,1.0,1.0,1.0,0.125,0.0,0.312,1.0,1.0,0.875,0.625,0.25,0.0,0.0,0.312,1.0,0.312,0.0,0.0,0.0,0.0,0.0,0.062,0.938,0.625,0.0,0.0,0.0,0.0,0.0,0.0,0.375,1.0,0.5,0.0,0.0,0.0,0.0,0.0,0.0,0.562,0.875,0.0,0.0,0.0,0.0,0.0,0.0,0.312,1.0,0.188,0.0,0.0,0.0,0.0,0.625,1.0,0.812,0.062,0.0,0.0,5
0.0,0.0,0.375,0.938,0.562,0.0,0.0,0.0,0.0,0.562,1.0,0.875,1.0,0.062,0.0,0.0,0.0,0.875,0.75,0.188,1.0,0.25,0.0,0.0,0.0,0.562,0.688,0.188,1.0,0.188,0.0,0.0,0.0,0.0,0.125,0.562,1.0,0.0,0.0,0.0,0.0,0.0,0.0,0.812,0.688,0.0,0.0,0.0,0.0,0.0,0.25,1.0,0.75,0.562,0.625,0.188,0.0,0.0,0.5,1.0,1.0,1.0,1.0,0.875,2
0.0,0.0,0.375,1.0,1.0,0.438,0.0,0.0,0.0,0.0,0.812,0.75,0.938,0.625,0.0,0.0,0.0,0.0,0.188,0.375,0.812,0.562,0.0,0.0,0.0,0.0,0.5,1.0,1.0,0.938,0.375,0.0,0.0,0.0,0.062,0.562,0.875,0.5,0.312,0.0,0.0,0.0,0.0,0.688,0.562,0.0,0.0,0.0,0.0,0.0,0.25,1.0,0.188,0.0,0.0,0.0,0.0,0.0,0.625,0.625,0.0,0.0,0.0,0.0,7
0.0,0.0,0.188,0.625,0.812,0.438,0.0,0.0,0.0,0.062,0.875,0.812,0.938,0.875,0.0,0.0,0.0,0.0,0.938,0.312,0.875,0.562,0.0,0.0,0.0,0.0,0.0,0.625,1.0,0.312,0.0,0.0,0.0,0.0,0.0,0.438,0.875,1.0,0.188,0.0,0.0,0.25,0.312,0.0,0.125,1.0,0.25,0.0,0.0,0.625,1.0,0.625,0.5,1.0,0.188,0.0,0.0,0.0,0.312,0.75,0.875,0.5,0.0,0.0,3
0.0,0.0,0.062,0.562,1.0,1.0,1.0,0.062,0.0,0.0,0.5,0.938,0.625,0.875,0.812,0.0,0.0,0.0,0.875,0.375,0.0,0.875,0.375,0.0,0.0,0.0,0.375,0.125,0.375,1.0,0.188,0.0,0.0,0.0,0.0,0.75,1.0,1.0,0.625,0.0,0.0,0.0,0.0,0.375,1.0,0.5,0.0,0.0,0.0,0.0,0.0,0.438,0.812,0.0,0.0,0.0,0.0,0.0,0.0,0.875,0.375,0.0,0.0,0.0,7
0.0,0.0,0.0,0.562,0.812,0.0,0.0,0.0,0.0,0.0,0.188,0.938,0.375,0.75,0.0,0.0,0.0,0.062,0.75,0.5,0.312,0.875,0.0,0.0,0.0,0.375,0.875,0.0,0.75,0.438,0.0,0.0,0.0,0.875,0.375,0.125,1.0,0.562,0.312,0.0,0.0,1.0,0.812,0.812,1.0,0.938,0.25,0.0,0.062,0.938,1.0,1.0,0.75,0.125,0.0,0.0,0.0,0.188,0.188,0.812,0.25,0.0,0.0,0.0,4
0.0,0.0,0.312,1.0,0.875,0.062,0.0,0.0,0.0,0.0,0.875,0.875,0.875,0.562,0.0,0.0,0.0,0.062,0.938,0.375,0.062,0.75,0.062,0.0,0.0,0.188,1.0,0.062,0.0,0.625,0.25,0.0,0.0,0.312,1.0,0.312,0.0,0.688,0.125,0.0,0.0,0.125,1.0,0.125,0.188,1.0,0.0,0.0,0.0,0.0,0.688,0.812,0.875,0.75,0.0,0.0,0.0,0.0,0.188,0.938,0.938,0.312,0.0,0.0,0
0.0,0.0,0.125,0.625,0.438,0.0,0.0,0.0,0.0,0.0,0.875,1.0,1.0,0.938,0.062,0.0,0.0,0.25,1.0,0.438,0.188,1.0,0.438,0.0,0.0,0.312,1.0,0.625,0.438,1.0,0.25,0.0,0.0,0.0,0.312,0.875,0.875,1.0,0.25,0.0,0.0,0.0,0.0,0.0,0.0,1.0,0.125,0.0,0.0,0.0,0.25,0.438,0.438,1.0,0.125,0.0,0.0,0.0,0.312,0.75,1.0,0.75,0.0,0.0,9
0.0,0.0,0.312,0.938,1.0,0.875,0.062,0.0,0.0,0.0,0.688,0.812,0.562,1.0,0.312,0.0,0.0,0.0,0.0,0.0,0.312,1.0,0.125,0.0,0.0,0.0,0.0,0.0,0.562,0.688,0.0,0.0,0.0,0.0,0.438,0.812,0.938,0.75,0.062,0.0,0.0,0.0,0.438,0.875,0.875,0.75,0.25,0.0,0.0,0.0,0.0,0.875,0.188,0.0,0.0,0.0,0.0,0.0,0.438,0.625,0.0,0.0,0.0,0.0,7
0.0,0.0,0.312,0.938,0.75,0.062,0.0,0.0,0.0,0.0,0.5,0.5,0.375,0.75,0.0,0.0,0.0,0.125,0.312,0.0,0.0,0.75,0.125,0.0,0.0,0.25,0.875,0.0,0.0,0.5,0.375,0.0,0.0,0.438,0.688,0.0,0.0,0.562,0.438,0.0,0.0,0.188,0.812,0.0,0.0,0.75,0.188,0.0,0.0,0.0,1.0,0.312,0.562,0.875,0.062,0.0,0.0,0.0,0.312,0.938,0.688,0.25,0.0,0.0,0
0.0,0.0,0.188,0.688,1.0,0.938,0.125,0.0,0.0,0.25,1.0,0.625,0.25,1.0,0.25,0.0,0.0,0.438,0.375,0.0,0.312,1.0,0.062,0.0,0.0,0.0,0.0,0.0,0.625,0.75,0.0,0.0,0.0,0.0,0.0,0.562,1.0,1.0,0.625,0.0,0.0,0.0,0.0,0.375,0.938,0.375,0.062,0.0,0.0,0.0,0.0,0.812,0.562,0.0,0.0,0.0,0.0,0.0,0.062,0.938,0.125,0.0,0.0,0.0,7
0.0,0.0,0.5,1.0,1.0,0.75,0.0,0.0,0.0,0.0,0.875,0.75,0.625,0.875,0.0,0.0,0.0,0.0,0.188,0.188,0.625,0.625,0.0,0.0,0.0,0.0,0.0,0.5,1.0,0.312,0.0,0.0,0.0,0.0,0.0,0.438,1.0,0.375,0.0,0.0,0.0,0.0,0.25,0.0,0.438,0.875,0.0,0.0,0.0,0.125,1.0,0.312,0.625,1.0,0.0,0.0,0.0,0.0,0.438,1.0,1.0,0.438,0.0,0.0,3
0.0,0.0,0.188,0.75,0.938,0.875,0.188,0.0,0.0,0.062,1.0,0.312,0.0,0.5,0.75,0.0,0.0,0.375,1.0,0.688,0.125,0.812,0.438,0.0,0.0,0.125,0.562,0.938,1.0,0.25,0.0,0.0,0.0,0.0,0.188,0.875,1.0,0.438,0.0,0.0,0.0,0.0,0.562,0.312,0.375,0.938,0.0,0.0,0.0,0.0,0.688,0.625,0.438,1.0,0.125,0.0,0.0,0.0,0.188,0.75,1.0,0.812,0.0,0.0,8
0.0,0.0,0.562,1.0,1.0,0.75,0.0,0.0,0.0,0.125,1.0,0.5,0.562,1.0,0.0,0.0,0.0,0.062,0.5,0.0,0.812,0.875,0.0,0.0,0.0,0.0,0.0,0.812,1.0,0.312,0.0,0.0,0.0,0.0,0.0,0.5,0.875,0.938,0.312,0.0,0.0,0.0,0.0,0.0,0.0,0.562,0.875,0.0,0.0,0.0,0.562,0.375,0.0,0.688,0.938,0.0,0.0,0.0,0.5,1.0,1.0,1.0,0.375,0.0,3
0.0,0.0,0.188,0.812,1.0,0.312,0.0,0.0,0.0,0.375,0.938,0.562,0.938,0.438,0.0,0.0,0.0,0.0,0.0,0.375,1.0,0.625,0.0,0.0,0.0,0.0,0.438,0.875,1.0,0.188,0.0,0.0,0.0,0.0,0.562,1.0,1.0,0.875,0.188,0.0,0.0,0.0,0.0,0.188,0.125,0.938,0.625,0.0,0.0,0.0,0.25,0.312,0.75,1.0,0.875,0.0,0.0,0.0,0.312,0.812,0.875,0.5,0.125,0.0,3
0.0,0.0,0.0,0.062,0.688,0.562,0.0,0.0,0.0,0.0,0.0,0.438,1.0,0.812,0.0,0.0,0.0,0.0,0.25,0.875,1.0,0.562,0.0,0.0,0.0,0.625,1.0,0.688,1.0,0.5,0.0,0.0,0.0,0.0,0.0,0.188,1.0,0.375,0.0,0.0,0.0,0.0,0.0,0.188,1.0,0.5,0.0,0.0,0.0,0.0,0.0,0.312,1.0,0.625,0.0,0.0,0.0,0.0,0.0,0.125,0.875,0.375,0.0,0.0,1
0.0,0.0,0.125,0.688,0.812,0.25,0.0,0.0,0.0,0.0,0.75,1.0,0.812,0.938,0.0,0.0,0.0,0.0,1.0,0.562,0.062,0.188,0.0,0.0,0.0,0.25,1.0,0.375,0.875,0.562,0.062,0.0,0.0,0.438,1.0,1.0,1.0,1.0,0.375,0.0,0.0,0.062,1.0,0.875,0.25,1.0,0.5,0.0,0.0,0.0,0.75,1.0,0.812,1.0,0.125,0.0,0.0,0.0,0.125,0.625,1.0,0.438,0.0,0.0,6
0.0,0.0,0.75,1.0,1.0,0.938,0.188,0.0,0.0,0.25,1.0,1.0,0.375,0.125,0.062,0.0,0.0,0.875,1.0,0.25,0.0,0.0,0.0,0.0,0.0,0.562,1.0,1.0,0.312,0.0,0.0,0.0,0.0,0.0,0.438,0.938,0.5,0.0,0.0,0.0,0.0,0.0,0.0,0.75,0.688,0.0,0.0,0.0,0.0,0.0,0.312,1.0,0.438,0.0,0.0,0.0,0.0,0.0,0.875,0.938,0.0,0.0,0.0,0.0,5
0.0,0.0,0.0,0.0,0.312,0.938,0.188,0.0,0.0,0.0,0.0,0.188,0.938,1.0,0.25,0.0,0.0,0.188,0.812,1.0,0.875,1.0,0.062,0.0,0.0,0.125,0.438,0.25,0.5,1.0,0.0,0.0,0.0,0.0,0.0,0.0,0.5,0.875,0.0,0.0,0.0,0.0,0.0,0.0,0.438,1.0,0.062,0.0,0.0,0.0,0.0,0.0,0.562,1.0,0.375,0.0,0.0,0.0,0.0,0.0,0.5,0.938,0.125,0.0,1
0.0,0.125,0.875,1.0,0.375,0.0,0.0,0.0,0.0,0.75,0.875,0.75,0.938,0.0,0.0,0.0,0.0,0.688,0.125,0.5,0.75,0.0,0.0,0.0,0.0,0.0,0.0,0.688,0.688,0.0,0.0,0.0,0.0,0.0,0.125,1.0,0.25,0.0,0.0,0.0,0.0,0.0,0.438,0.812,0.0,0.0,0.0,0.0,0.0,0.062,0.875,0.812,0.5,0.5,0.438,0.0,0.0,0.125,0.938,1.0,1.0,0.938,0.5,0.0,2
0.0,0.0,0.375,0.875,0.625,0.125,0.0,0.0,0.0,0.0,0.938,0.938,0.812,0.938,0.188,0.0,0.0,0.125,1.0,0.625,0.0,0.812,0.562,0.0,0.0,0.062,1.0,0.312,0.0,0.75,0.312,0.0,0.0,0.0,1.0,0.188,0.0,0.812,0.375,0.0,0.0,0.062,0.938,0.312,0.375,0.812,0.062,0.0,0.0,0.0,1.0,0.688,0.875,0.625,0.0,0.0,0.0,0.0,0.438,1.0,0.688,0.062,0.0,0.0,0
0.0,0.0,0.188,0.812,1.0,0.938,0.375,0.0,0.0,0.0,0.812,0.812,0.562,1.0,0.625,0.0,0.0,0.0,1.0,0.562,0.0,0.875,0.375,0.0,0.0,0.0,0.875,0.125,0.375,0.938,0.0,0.0,0.0,0.0,0.0,0.312,0.938,0.938,0.375,0.0,0.0,0.0,0.0,1.0,0.938,0.625,0.125,0.0,0.0,0.0,0.0,0.812,0.688,0.0,0.0,0.0,0.0,0.0,0.25,1.0,0.438,0.0,0.0,0.0,7
0.0,0.0,0.062,0.688,0.875,0.312,0.0,0.0,0.0,0.062,1.0,0.875,0.375,0.812,0.062,0.0,0.0,0.562,0.875,0.125,0.0,1.0,0.25,0.0,0.0,0.312,0.812,0.0,0.375,1.0,0.062,0.0,0.0,0.062,0.938,1.0,1.0,0.75,0.0,0.0,0.0,0.0,0.312,0.875,0.188,0.812,0.25,0.0,0.0,0.0,0.188,0.938,0.438,1.0,0.062,0.0,0.0,0.0,0.0,0.688,1.0,0.5,0.0,0.0,8
0.0,0.0,0.688,1.0,1.0,0.875,0.0,0.0,0.0,0.062,1.0,0.938,0.812,0.938,0.062,0.0,0.0,0.0,0.875,0.938,1.0,0.375,0.0,0.0,0.0,0.0,0.5,1.0,0.438,0.0,0.0,0.0,0.0,0.0,0.5,1.0,0.438,0.0,0.0,0.0,0.0,0.0,0.812,0.875,0.812,0.0,0.0,0.0,0.0,0.0,1.0,0.688,0.938,0.0,0.0,0.0,0.0,0.0,0.75,1.0,0.625,0.0,0.0,0.0,8
0.0,0.0,0.0,1.0,0.688,0.0,0.0,0.0,0.0,0.0,0.375,1.0,0.625,0.0,0.0,0.0,0.0,0.0,0.688,0.688,0.0,0.0,0.0,0.0,0.0,0.0,0.75,0.938,0.688,0.312,0.0,0.0,0.0,0.0,0.875,0.938,0.75,0.938,0.688,0.0,0.0,0.0,0.75,0.812,0.0,0.0,1.0,0.312,0.0,0.0,0.375,0.938,0.25,0.688,1.0,0.25,0.0,0.0,0.0,0.812,1.0,0.875,0.562,0.0,6
0.0,0.0,0.125,1.0,0.75,0.062,0.0,0.0,0.0,0.0,0.688,0.938,0.812,0.688,0.0,0.0,0.0,0.125,1.0,0.562,0.0,0.875,0.125,0.0,0.0,0.25,1.0,0.75,0.0,0.688,0.312,0.0,0.0,0.25,1.0,0.375,0.0,0.75,0.438,0.0,0.0,0.0,0.938,0.062,0.062,0.938,0.562,0.0,0.0,0.0,0.625,0.562,0.625,0.938,0.125,0.0,0.0,0.0,0.125,0.812,1.0,0.5,0.0,0.0,0
0.0,0.0,0.375,0.625,0.5,0.188,0.0,0.0,0.0,0.0,0.375,1.0,1.0,0.562,0.0,0.0,0.0,0.0,0.562,1.0,1.0,0.375,0.0,0.0,0.0,0.0,0.438,1.0,1.0,0.625,0.0,0.0,0.0,0.0,0.688,1.0,1.0,0.5,0.0,0.0,0.0,0.0,0.438,1.0,1.0,0.562,0.0,0.0,0.0,0.0,0.625,1.0,1.0,0.375,0.0,0.0,0.0,0.0,0.25,0.562,0.75,0.688,0.125,0.0,1
0.0,0.0,0.25,0.875,0.562,0.0,0.0,0.0,0.0,0.0,0.812,1.0,1.0,0.625,0.0,0.0,0.0,0.25,1.0,0.25,0.312,1.0,0.375,0.0,0.0,0.5,0.875,0.0,0.062,0.938,0.312,0.0,0.0,0.375,1.0,0.0,0.0,0.812,0.25,0.0,0.0,0.25,0.938,0.062,0.438,1.0,0.062,0.0,0.0,0.125,0.938,0.875,1.0,0.438,0.0,0.0,0.0,0.0,0.25,0.812,0.562,0.0,0.0,0.0,0
0.0,0.0,0.25,0.875,0.875,0.25,0.0,0.0,0.0,0.0,0.938,0.625,0.625,0.812,0.0,0.0,0.0,0.312,0.938,0.0,0.125,0.938,0.375,0.0,0.0,0.25,0.812,0.0,0.0,0.875,0.5,0.0,0.0,0.375,0.562,0.0,0.0,0.75,0.438,0.0,0.0,0.188,0.875,0.062,0.0,0.75,0.312,0.0,0.0,0.0,0.75,0.562,0.375,0.938,0.125,0.0,0.0,0.0,0.188,0.875,0.875,0.375,0.0,0.0,0
0.0,0.0,0.0,0.875,0.875,0.562,0.0,0.0,0.0,0.0,0.25,1.0,1.0,0.625,0.0,0.0,0.0,0.0,0.812,1.0,0.938,0.125,0.0,0.0,0.0,0.062,0.938,1.0,0.688,0.0,0.0,0.0,0.0,0.438,1.0,1.0,0.312,0.0,0.0,0.0,0.0,0.188,1.0,1.0,0.438,0.0,0.0,0.0,0.0,0.0,1.0,1.0,0.5,0.0,0.0,0.0,0.0,0.0,0.188,0.75,0.75,0.0,0.0,0.0,1
0.0,0.0,0.0,0.188,0.875,0.062,0.0,0.0,0.0,0.0,0.0,0.812,0.75,0.062,0.0,0.0,0.0,0.0,0.438,1.0,0.312,0.188,0.0,0.0,0.0,0.188,0.938,0.688,0.312,1.0,0.125,0.0,0.0,0.312,1.0,0.688,0.688,1.0,0.375,0.0,0.0,0.0,0.375,0.75,1.0,0.812,0.188,0.0,0.0,0.0,0.0,0.062,0.938,0.438,0.0,0.0,0.0,0.0,0.0,0.125,1.0,0.438,0.0,0.0,4
0.0,0.0,0.312,0.625,0.875,1.0,0.688,0.0,0.0,0.125,0.938,0.938,0.312,0.25,0.062,0.0,0.0,0.125,1.0,0.562,0.25,0.062,0.0,0.0,0.0,0.125,1.0,1.0,1.0,0.688,0.0,0.0,0.0,0.125,0.562,0.062,0.0,0.875,0.25,0.0,0.0,0.0,0.0,0.0,0.062,0.875,0.188,0.0,0.0,0.0,0.0,0.125,0.812,0.438,0.0,0.0,0.0,0.0,0.438,0.875,0.438,0.0,0.0,0.0,5
0.0,0.0,0.875,1.0,0.938,0.188,0.0,0.0,0.0,0.0,0.375,0.312,0.812,0.5,0.0,0.0,0.0,0.0,0.0,0.5,1.0,0.312,0.0,0.0,0.0,0.0,0.0,0.688,1.0,0.625,0.0,0.0,0.0,0.062,0.188,0.0,0.25,0.938,0.5,0.0,0.0,0.375,0.938,0.0,0.0,0.562,0.938,0.0,0.0,0.312,1.0,0.312,0.375,0.875,0.875,0.0,0.0,0.062,0.688,1.0,1.0,0.875,0.125,0.0,3
0.0,0.0,0.125,0.625,0.625,0.75,0.938,0.625,0.0,0.0,0.562,1.0,0.75,0.5,0.938,0.375,0.0,0.0,0.812,0.562,0.0,0.25,0.75,0.062,0.0,0.062,1.0,0.188,0.062,0.812,0.125,0.0,0.0,0.0,0.312,0.0,0.562,0.438,0.0,0.0,0.0,0.0,0.0,0.188,0.812,0.062,0.0,0.0,0.0,0.0,0.0,0.75,0.438,0.0,0.0,0.0,0.0,0.0,0.0,0.875,0.125,0.0,0.0,0.0,7
0.0,0.0,0.062,0.625,0.938,0.625,0.0,0.0,0.0,0.062,0.812,0.688,0.5,0.75,0.0,0.0,0.0,0.125,0.562,0.0,0.812,0.375,0.0,0.0,0.0,0.0,0.0,0.0,1.0,0.062,0.0,0.0,0.0,0.0,0.0,0.0,0.875,0.625,0.062,0.0,0.0,0.0,0.0,0.0,0.062,0.562,0.625,0.0,0.0,0.0,0.812,0.438,0.0,0.125,1.0,0.0,0.0,0.0,0.125,0.688,0.938,1.0,0.75,0.0,3
0.0,0.0,0.0,0.25,0.938,0.062,0.0,0.0,0.0,0.0,0.0,0.812,0.5,0.062,0.0,0.0,0.0,0.0,0.375,0.75,0.0,0.0,0.0,0.0,0.0,0.0,0.5,0.625,0.0,0.0,0.0,0.0,0.0,0.0,0.812,0.75,0.688,0.625,0.0,0.0,0.0,0.25,1.0,0.938,0.5,0.688,0.625,0.0,0.0,0.062,0.438,0.938,0.25,0.188,0.75,0.0,0.0,0.0,0.0,0.438,0.938,1.0,0.5,0.0,6
0.0,0.062,0.812,1.0,0.75,0.062,0.0,0.0,0.0,0.062,0.562,0.312,1.0,0.062,0.0,0.0,0.0,0.0,0.0,0.562,0.312,0.0,0.0,0.0,0.0,0.0,0.562,0.625,0.0,0.0,0.0,0.0,0.0,0.0,0.5,0.938,1.0,0.688,0.062,0.0,0.0,0.0,0.0,0.0,0.125,0.75,0.438,0.0,0.0,0.0,0.125,0.25,0.375,0.938,0.188,0.0,0.0,0.0,0.875,1.0,0.688,0.312,0.0,0.0,3
0.0,0.0,0.375,0.875,0.25,0.0,0.0,0.0,0.0,0.0,0.688,1.0,0.625,0.0,0.0,0.0,0.0,0.0,0.5,0.875,1.0,0.125,0.0,0.0,0.0,0.0,0.062,0.75,0.75,0.688,0.0,0.0,0.0,0.0,0.0,0.0,0.0,0.688,0.188,0.0,0.0,0.0,0.0,0.0,0.0,0.312,0.688,0.0,0.0,0.0,0.062,0.25,0.25,0.438,1.0,0.125,0.0,0.0,0.438,1.0,1.0,0.812,0.688,0.062,9
0.0,0.0,0.0,0.812,0.375,0.0,0.0,0.0,0.0,0.0,0.312,1.0,0.5,0.0,0.0,0.0,0.0,0.0,0.688,0.5,0.0,0.0,0.0,0.0,0.0,0.0,0.812,0.25,0.0,0.0,0.0,0.0,0.0,0.0,0.875,0.938,1.0,0.875,0.312,0.0,0.0,0.0,0.812,0.438,0.0,0.0,0.812,0.062,0.0,0.0,0.625,0.375,0.0,0.312,0.875,0.0,0.0,0.0,0.125,0.812,0.75,0.938,0.25,0.0,6
0.0,0.0,0.812,0.875,0.5,0.062,0.0,0.0,0.0,0.062,1.0,1.0,1.0,0.375,0.0,0.0,0.0,0.0,0.188,0.312,1.0,0.5,0.0,0.0,0.0,0.0,0.0,0.562,1.0,0.125,0.0,0.0,0.0,0.0,0.062,1.0,0.562,0.0,0.0,0.0,0.0,0.062,1.0,0.812,0.0,0.0,0.0,0.0,0.0,0.312,1.0,0.688,0.25,0.25,0.0,0.0,0.0,0.062,0.812,0.875,0.75,0.75,0.0,0.0,2
0.0,0.0,0.0,0.688,0.5,0.0,0.0,0.0,0.0,0.0,0.375,0.938,0.125,0.0,0.0,0.0,0.0,0.0,0.812,0.5,0.0,0.25,0.438,0.0,0.0,0.312,1.0,0.125,0.125,0.812,0.562,0.0,0.0,0.625,0.938,0.75,0.938,0.875,0.062,0.0,0.0,0.375,1.0,0.562,1.0,0.312,0.0,0.0,0.0,0.0,0.0,0.375,0.875,0.062,0.0,0.0,0.0,0.0,0.0,0.875,0.438,0.0,0.0,0.0,4
0.0,0.0,0.438,0.938,1.0,1.0,0.062,0.0,0.0,0.562,1.0,1.0,0.625,0.312,0.0,0.0,0.0,0.875,1.0,1.0,0.938,0.0,0.0,0.0,0.0,0.688,0.875,0.812,1.0,0.125,0.0,0.0,0.0,0.0,0.0,0.375,1.0,0.062,0.0,0.0,0.0,0.0,0.0,0.75,0.75,0.0,0.0,0.0,0.0,0.0,0.375,1.0,0.438,0.0,0.0,0.0,0.0,0.0,0.625,0.812,0.0,0.0,0.0,0.0,5
0.0,0.0,0.0,0.062,0.688,0.875,0.312,0.0,0.0,0.0,0.0,0.562,1.0,1.0,0.312,0.0,0.0,0.0,0.625,1.0,1.0,1.0,0.062,0.0,0.0,0.312,1.0,1.0,1.0,1.0,0.0,0.0,0.0,0.062,0.312,0.688,1.0,1.0,0.0,0.0,0.0,0.0,0.0,0.312,1.0,1.0,0.0,0.0,0.0,0.0,0.0,0.0,0.688,1.0,0.0,0.0,0.0,0.0,0.0,0.0,0.688,0.625,0.0,0.0,1
0.0,0.125,0.688,1.0,0.938,0.125,0.0,0.0,0.0,0.75,0.938,0.75,1.0,0.25,0.0,0.0,0.0,0.188,0.188,0.375,1.0,0.125,0.0,0.0,0.0,0.0,0.125,0.938,0.75,0.0,0.0,0.0,0.0,0.0,0.188,1.0,1.0,0.75,0.062,0.0,0.0,0.0,0.0,0.062,0.375,0.938,0.625,0.0,0.0,0.0,0.375,0.75,0.5,0.875,0.688,0.0,0.0,0.062,1.0,1.0,1.0,0.688,0.188,0.0,3
0.0,0.0,0.125,0.812,0.812,0.062,0.0,0.0,0.0,0.0,0.5,1.0,0.875,0.25,0.0,0.0,0.0,0.0,0.312,1.0,0.625,0.5,0.25,0.0,0.0,0.0,0.062,1.0,1.0,0.625,0.125,0.0,0.0,0.125,0.938,0.812,0.75,0.0,0.0,0.0,0.0,0.312,0.75,0.188,0.938,0.062,0.0,0.0,0.0,0.0,0.875,0.188,0.812,0.25,0.0,0.0,0.0,0.0,0.188,0.938,0.812,0.062,0.0,0.0,8
0.0,0.0,0.0,0.875,0.875,0.062,0.0,0.0,0.0,0.0,0.375,1.0,0.75,0.0,0.0,0.0,0.0,0.0,0.75,1.0,0.125,0.0,0.0,0.0,0.0,0.0,1.0,1.0,1.0,0.562,0.0,0.0,0.0,0.062,1.0,0.938,0.5,0.875,0.562,0.0,0.0,0.0,0.875,0.75,0.0,0.75,0.812,0.0,0.0,0.0,0.375,0.875,0.438,1.0,0.625,0.0,0.0,0.0,0.062,0.812,1.0,0.812,0.062,0.0,6
0.0,0.0,0.25,0.938,0.812,0.125,0.0,0.0,0.0,0.25,1.0,0.938,0.438,0.688,0.0,0.0,0.0,0.5,0.875,0.875,0.0,0.875,0.125,0.0,0.0,0.438,0.562,0.75,0.25,0.5,0.438,0.0,0.0,0.375,0.688,0.0,0.0,0.438,0.562,0.0,0.0,0.125,0.938,0.062,0.0,0.625,0.5,0.0,0.0,0.0,0.688,0.5,0.25,0.938,0.25,0.0,0.0,0.0,0.125,0.875,1.0,0.625,0.0,0.0,0
0.0,0.0,0.375,1.0,1.0,1.0,0.75,0.0,0.0,0.0,0.812,0.625,0.5,1.0,0.312,0.0,0.0,0.062,0.938,0.062,0.562,0.75,0.0,0.0,0.0,0.0,0.25,0.0,0.812,0.438,0.0,0.0,0.0,0.0,0.625,1.0,1.0,1.0,0.562,0.0,0.0,0.0,0.438,0.875,0.75,0.5,0.188,0.0,0.0,0.0,0.188,0.938,0.312,0.0,0.0,0.0,0.0,0.0,0.5,0.938,0.0,0.0,0.0,0.0,7
0.0,0.0,0.125,0.75,1.0,0.625,0.0,0.0,0.0,0.125,0.938,0.625,0.375,0.938,0.0,0.0,0.0,0.125,0.438,0.062,0.25,0.875,0.0,0.0,0.0,0.0,0.0,0.0,0.562,0.625,0.0,0.0,0.0,0.0,0.0,0.0,0.75,0.188,0.0,0.0,0.0,0.0,0.0,0.5,0.875,0.0,0.0,0.0,0.0,0.0,0.938,1.0,0.938,0.625,0.312,0.0,0.0,0.0,0.062,0.5,0.5,0.688,1.0,0.375,2
0.0,0.0,0.312,0.75,0.062,0.0,0.0,0.0,0.0,0.0,0.938,0.875,0.438,0.0,0.0,0.0,0.0,0.0,0.812,0.062,0.75,0.0,0.0,0.0,0.0,0.125,0.625,0.0,0.875,0.0,0.0,0.0,0.0,0.0,0.125,0.0,1.0,0.062,0.0,0.0,0.0,0.0,0.0,0.375,0.938,0.0,0.0,0.0,0.0,0.0,0.562,1.0,0.938,0.562,0.5,0.125,0.0,0.0,0.188,0.688,0.5,0.812,0.75,0.25,2
0.0,0.25,0.812,1.0,1.0,0.938,0.188,0.0,0.0,0.625,0.75,0.438,0.5,1.0,0.5,0.0,0.0,0.0,0.0,0.062,0.75,0.938,0.125,0.0,0.0,0.0,0.0,0.25,1.0,0.625,0.0,0.0,0.0,0.0,0.0,0.5,1.0,0.25,0.0,0.0,0.0,0.0,0.0,0.062,1.0,0.625,0.0,0.0,0.0,0.312,0.438,0.25,0.938,0.812,0.0,0.0,0.0,0.312,1.0,1.0,1.0,0.438,0.0,0.0,3
0.0,0.0,0.938,1.0,0.688,0.188,0.0,0.0,0.0,0.0,0.25,0.625,0.938,0.938,0.188,0.0,0.0,0.0,0.0,0.0,0.875,1.0,0.312,0.0,0.0,0.0,0.0,0.312,1.0,0.75,0.0,0.0,0.0,0.0,0.0,0.188,1.0,0.688,0.062,0.0,0.0,0.0,0.0,0.125,0.812,1.0,0.562,0.0,0.0,0.0,0.375,0.938,1.0,0.75,0.188,0.0,0.0,0.0,0.938,0.875,0.438,0.062,0.0,0.0,3
0.0,0.0,0.438,0.625,1.0,0.562,0.0,0.0,0.0,0.0,0.938,1.0,0.812,0.938,0.062,0.0,0.0,0.0,0.625,0.812,0.625,1.0,0.125,0.0,0.0,0.0,0.062,1.0,1.0,0.688,0.0,0.0,0.0,0.0,0.5,1.0,1.0,0.312,0.0,0.0,0.0,0.0,0.938,0.5,0.875,0.438,0.0,0.0,0.0,0.0,1.0,0.438,1.0,0.25,0.0,0.0,0.0,0.0,0.562,1.0,0.875,0.0,0.0,0.0,8
0.0,0.0,0.75,0.875,0.375,0.0,0.0,0.0,0.0,0.125,1.0,0.438,0.812,0.625,0.0,0.0,0.0,0.0,1.0,0.125,0.062,0.812,0.25,0.0,0.0,0.0,0.562,0.812,0.5,1.0,0.125,0.0,0.0,0.0,0.375,1.0,1.0,0.812,0.0,0.0,0.0,0.0,0.0,0.125,0.188,1.0,0.0,0.0,0.0,0.0,0.062,0.375,0.812,0.625,0.0,0.0,0.0,0.0,0.812,0.562,0.5,0.125,0.0,0.0,9
0.0,0.0,0.0,0.5,0.625,0.0,0.0,0.0,0.0,0.0,0.188,0.938,0.312,0.0,0.0,0.0,0.0,0.0,0.438,0.812,0.0,0.0,0.0,0.0,0.0,0.0,0.438,0.875,0.312,0.062,0.0,0.0,0.0,0.0,0.375,1.0,1.0,1.0,0.188,0.0,0.0,0.0,0.375,1.0,0.438,0.812,0.5,0.0,0.0,0.0,0.125,0.938,0.438,0.938,0.438,0.0,0.0,0.0,0.0,0.438,0.938,0.75,0.0,0.0,6
0.0,0.0,0.562,1.0,1.0,0.5,0.0,0.0,0.0,0.312,1.0,0.938,0.875,1.0,0.0,0.0,0.0,0.25,0.562,0.188,0.812,0.75,0.0,0.0,0.0,0.0,0.0,0.5,0.938,0.062,0.0,0.0,0.0,0.0,0.125,1.0,0.438,0.0,0.0,0.0,0.0,0.0,0.688,0.875,0.062,0.25,0.188,0.0,0.0,0.0,1.0,0.875,0.938,1.0,0.25,0.0,0.0,0.0,0.562,1.0,0.938,0.312,0.0,0.0,2
0.0,0.0,0.188,0.812,1.0,0.812,0.062,0.0,0.0,0.188,0.938,0.812,0.625,1.0,0.125,0.0,0.0,0.25,0.625,0.0,0.25,1.0,0.062,0.0,0.0,0.0,0.0,0.188,0.688,0.875,0.125,0.0,0.0,0.0,0.562,1.0,1.0,1.0,0.5,0.0,0.0,0.0,0.562,0.75,1.0,0.0,0.0,0.0,0.0,0.0,0.062,0.75,0.688,0.0,0.0,0.0,0.0,0.0,0.188,1.0,0.5,0.0,0.0,0.0,7
0.0,0.0,0.75,1.0,1.0,0.75,0.0,0.0,0.0,0.0,0.375,0.25,0.625,0.812,0.062,0.0,0.0,0.0,0.0,0.0,0.812,0.562,0.0,0.0,0.0,0.0,0.312,0.562,1.0,1.0,0.75,0.0,0.0,0.188,1.0,1.0,0.688,0.188,0.0,0.0,0.0,0.0,0.438,0.812,0.0,0.0,0.0,0.0,0.0,0.0,0.688,0.5,0.0,0.0,0.0,0.0,0.0,0.0,1.0,0.188,0.0,0.0,0.0,0.0,7
0.0,0.188,0.812,1.0,0.562,0.0,0.0,0.0,0.0,0.625,0.938,0.812,0.938,0.125,0.0,0.0,0.0,0.938,0.25,0.25,1.0,0.062,0.0,0.0,0.0,0.0,0.0,0.312,1.0,0.125,0.0,0.0,0.0,0.0,0.062,0.875,0.812,0.0,0.0,0.0,0.0,0.0,0.625,1.0,0.312,0.0,0.0,0.0,0.0,0.25,1.0,0.812,0.5,0.625,0.562,0.062,0.0,0.125,1.0,1.0,0.875,0.75,0.562,0.062,2
0.0,0.125,1.0,1.0,1.0,0.75,0.0,0.0,0.0,0.062,0.562,0.312,0.75,1.0,0.125,0.0,0.0,0.0,0.0,0.375,0.938,0.875,0.125,0.0,0.0,0.0,0.062,1.0,1.0,0.062,0.0,0.0,0.0,0.0,0.0,0.75,1.0,0.062,0.0,0.0,0.0,0.0,0.0,0.375,1.0,0.375,0.0,0.0,0.0,0.0,0.0,0.75,1.0,0.312,0.0,0.0,0.0,0.062,1.0,1.0,0.812,0.062,0.0,0.0,3
0.0,0.0,0.188,0.812,0.375,0.0,0.0,0.0,0.0,0.0,0.875,0.688,0.938,0.5,0.0,0.0,0.0,0.0,0.938,0.062,0.875,1.0,0.062,0.0,0.0,0.0,0.688,0.812,0.75,0.812,0.312,0.0,0.0,0.0,0.188,0.5,0.062,0.5,0.625,0.0,0.0,0.0,0.0,0.0,0.0,0.562,0.375,0.0,0.0,0.0,0.562,0.25,0.188,1.0,0.125,0.0,0.0,0.0,0.25,0.875,0.875,0.438,0.0,0.0,9
0.0,0.062,0.562,1.0,1.0,0.938,0.188,0.0,0.0,0.5,1.0,0.75,0.5,0.5,0.188,0.0,0.0,0.375,1.0,0.562,0.188,0.0,0.0,0.0,0.0,0.5,1.0,1.0,1.0,0.25,0.0,0.0,0.0,0.188,0.375,0.25,0.812,0.688,0.0,0.0,0.0,0.0,0.0,0.0,0.5,0.812,0.0,0.0,0.0,0.0,0.312,0.5,0.938,0.625,0.0,0.0,0.0,0.0,0.688,1.0,0.688,0.062,0.0,0.0,5
0.0,0.0,0.0,0.062,0.938,0.312,0.0,0.0,0.0,0.0,0.0,0.75,1.0,0.0,0.0,0.0,0.0,0.0,0.438,1.0,1.0,0.188,0.0,0.0,0.0,0.312,1.0,0.5,1.0,0.5,0.188,0.0,0.0,0.688,1.0,0.75,1.0,1.0,0.75,0.0,0.0,0.688,1.0,0.938,1.0,0.438,0.125,0.0,0.0,0.062,0.25,0.125,1.0,0.0,0.0,0.0,0.0,0.0,0.0,0.125,0.875,0.0,0.0,0.0,4
0.0,0.0,0.562,0.938,0.938,0.125,0.0,0.0,0.0,0.188,0.688,0.25,0.938,0.375,0.0,0.0,0.0,0.0,0.0,0.0,1.0,0.125,0.0,0.0,0.0,0.125,0.75,0.812,1.0,1.0,0.688,0.0,0.0,0.125,0.75,0.938,0.688,0.375,0.062,0.0,0.0,0.0,0.188,1.0,0.0,0.0,0.0,0.0,0.0,0.0,0.312,0.875,0.0,0.0,0.0,0.0,0.0,0.0,0.688,0.438,0.0,0.0,0.0,0.0,7
0.0,0.0,0.062,0.812,0.188,0.0,0.0,0.0,0.0,0.0,0.438,0.875,0.125,0.0,0.0,0.0,0.0,0.0,0.812,0.812,0.5,0.312,0.0,0.0,0.0,0.125,0.938,0.938,0.75,0.938,0.312,0.0,0.0,0.438,1.0,0.25,0.0,0.75,0.5,0.0,0.0,0.125,0.938,0.438,0.0,0.75,0.375,0.0,0.0,0.0,0.312,0.938,0.312,0.938,0.312,0.0,0.0,0.0,0.0,0.812,1.0,0.562,0.0,0.0,6
0.0,0.0,0.188,0.625,0.875,0.188,0.0,0.0,0.0,0.5,1.0,0.688,0.625,0.812,0.0,0.0,0.0,0.438,0.875,0.0,0.062,0.938,0.125,0.0,0.0,0.125,1.0,0.562,1.0,1.0,0.062,0.0,0.0,0.0,0.75,1.0,0.938,0.938,0.125,0.0,0.0,0.0,0.75,0.625,0.0,0.5,0.5,0.0,0.0,0.0,0.562,0.75,0.25,0.438,0.75,0.0,0.0,0.0,0.125,0.688,1.0,1.0,0.562,0.0,8
0.0,0.0,0.438,0.75,0.625,0.0,0.0,0.0,0.0,0.188,1.0,1.0,1.0,0.562,0.062,0.0,0.0,0.0,0.5,1.0,1.0,0.688,0.062,0.0,0.0,0.0,0.625,1.0,1.0,0.0,0.0,0.0,0.0,0.188,1.0,0.875,1.0,0.25,0.0,0.0,0.0,0.25,0.812,0.0,0.438,0.938,0.0,0.0,0.0,0.25,0.875,0.125,0.125,1.0,0.0,0.0,0.0,0.0,0.375,0.688,0.625,0.312,0.0,0.0,8
0.0,0.0,0.938,0.875,0.938,0.562,0.0,0.0,0.0,0.0,0.75,0.625,0.438,0.375,0.25,0.0,0.0,0.062,0.875,0.125,0.0,0.0,0.0,0.0,0.0,0.312,1.0,0.75,0.625,0.25,0.0,0.0,0.0,0.25,0.688,0.5,0.688,0.938,0.312,0.0,0.0,0.0,0.0,0.0,0.0,0.812,0.438,0.0,0.0,0.25,1.0,0.625,0.688,0.875,0.062,0.0,0.0,0.062,0.625,1.0,0.938,0.25,0.0,0.0,5
0.0,0.0,0.625,0.75,0.625,0.0,0.0,0.0,0.0,0.188,1.0,1.0,1.0,0.25,0.0,0.0,0.0,0.438,0.938,0.188,0.5,0.812,0.0,0.0,0.0,0.5,0.75,0.0,0.0,0.875,0.062,0.0,0.0,0.5,0.75,0.0,0.0,0.438,0.5,0.0,0.0,0.312,0.812,0.0,0.0,0.25,0.5,0.0,0.0,0.0,0.875,0.5,0.0,0.625,0.5,0.0,0.0,0.0,0.438,0.75,0.812,0.75,0.25,0.0,0
0.0,0.0,0.062,0.938,0.812,0.0,0.0,0.0,0.0,0.0,0.062,1.0,1.0,0.312,0.0,0.0,0.0,0.0,0.438,1.0,1.0,0.0,0.0,0.0,0.0,0.0,0.812,1.0,0.812,0.0,0.0,0.0,0.0,0.438,1.0,1.0,0.812,0.0,0.0,0.0,0.0,0.062,0.688,1.0,0.812,0.0,0.0,0.0,0.0,0.0,0.125,1.0,1.0,0.0,0.0,0.0,0.0,0.0,0.062,0.875,1.0,0.188,0.0,0.0,1
0.0,0.0,0.312,1.0,0.625,0.0,0.0,0.0,0.0,0.0,0.5,1.0,1.0,0.312,0.0,0.0,0.0,0.0,0.875,0.875,0.062,0.75,0.0,0.0,0.0,0.0,0.938,0.625,0.0,0.438,0.25,0.0,0.0,0.125,1.0,0.438,0.0,0.125,0.562,0.0,0.0,0.125,1.0,0.5,0.0,0.375,0.688,0.0,0.0,0.062,0.75,0.875,0.875,1.0,0.312,0.0,0.0,0.0,0.25,0.938,1.0,0.5,0.062,0.0,0
0.0,0.0,0.0,0.625,0.812,0.312,0.0,0.0,0.0,0.188,0.875,1.0,0.75,0.938,0.0,0.0,0.0,0.625,1.0,0.5,0.688,1.0,0.0,0.0,0.0,0.5,0.875,0.312,0.875,0.562,0.0,0.0,0.0,0.0,0.438,0.875,1.0,0.312,0.0,0.0,0.0,0.0,0.0,0.688,1.0,1.0,0.062,0.0,0.0,0.0,0.0,0.875,1.0,1.0,0.25,0.0,0.0,0.0,0.0,0.688,1.0,0.688,0.0,0.0,8
0.0,0.0,0.375,0.938,1.0,1.0,0.188,0.0,0.0,0.0,0.875,1.0,0.375,0.375,0.062,0.0,0.0,0.188,0.875,0.312,0.0,0.0,0.0,0.0,0.0,0.688,0.938,0.5,0.25,0.0,0.0,0.0,0.0,0.062,0.625,0.75,1.0,0.5,0.0,0.0,0.0,0.0,0.0,0.0,0.312,1.0,0.0,0.0,0.0,0.0,0.0,0.312,0.812,0.875,0.0,0.0,0.0,0.0,0.25,1.0,0.875,0.188,0.0,0.0,5
0.0,0.0,0.0,0.562,1.0,0.625,0.0,0.0,0.0,0.0,0.062,0.938,0.312,1.0,0.188,0.0,0.0,0.0,0.812,0.25,0.0,0.938,0.312,0.0,0.0,0.0,0.938,0.688,0.875,1.0,0.125,0.0,0.0,0.5,1.0,1.0,0.812,0.312,0.0,0.0,0.0,0.188,0.938,0.938,0.062,0.0,0.0,0.0,0.0,0.0,0.562,1.0,0.625,0.0,0.0,0.0,0.0,0.0,0.0,0.625,0.938,0.0,0.0,0.0,8
0.0,0.188,0.938,1.0,0.875,0.062,0.0,0.0,0.0,0.125,0.75,0.812,1.0,0.25,0.0,0.0,0.0,0.0,0.0,0.375,1.0,0.188,0.0,0.0,0.0,0.0,0.062,0.938,0.625,0.0,0.0,0.0,0.0,0.0,0.375,1.0,0.25,0.0,0.0,0.0,0.0,0.125,0.938,0.625,0.0,0.0,0.0,0.0,0.0,0.25,1.0,0.688,0.5,0.688,0.188,0.0,0.0,0.188,1.0,1.0,1.0,0.75,0.188,0.0,2
0.0,0.0,0.125,0.688,0.625,0.062,0.0,0.0,0.0,0.0,0.625,0.812,0.875,0.812,0.0,0.0,0.0,0.0,0.812,0.0,0.0,0.875,0.312,0.0,0.0,0.188,0.562,0.0,0.0,0.562,0.375,0.0,0.0,0.312,0.562,0.0,0.0,0.312,0.5,0.0,0.0,0.375,0.75,0.0,0.0,0.5,0.25,0.0,0.0,0.0,0.875,0.688,0.312,0.875,0.062,0.0,0.0,0.0,0.188,0.812,0.875,0.312,0.0,0.0,0
0.0,0.0,0.375,0.75,0.812,0.125,0.0,0.0,0.0,0.188,1.0,0.375,0.062,0.938,0.0,0.0,0.0,0.312,1.0,0.812,0.75,1.0,0.125,0.0,0.0,0.125,0.812,1.0,0.75,0.938,0.25,0.0,0.0,0.0,0.0,0.0,0.0,0.5,0.5,0.0,0.0,0.0,0.062,0.0,0.0,0.5,0.5,0.0,0.0,0.188,1.0,0.125,0.0,0.625,0.438,0.0,0.0,0.0,0.312,0.688,1.0,0.812,0.062,0.0,9
0.0,0.0,0.25,0.938,0.75,0.062,0.0,0.0,0.0,0.0,0.75,0.688,0.812,0.812,0.062,0.0,0.0,0.188,0.75,0.0,0.0,0.875,0.375,0.0,0.0,0.5,0.75,0.0,0.0,0.688,0.5,0.0,0.0,0.5,0.75,0.0,0.0,0.5,0.5,0.0,0.0,0.375,0.812,0.0,0.0,0.688,0.438,0.0,0.0,0.25,1.0,0.438,0.625,0.938,0.125,0.0,0.0,0.0,0.438,0.812,0.75,0.125,0.0,0.0,0
0.0,0.0,0.062,0.562,0.938,0.312,0.0,0.0,0.0,0.0,0.875,0.688,0.312,0.688,0.0,0.0,0.0,0.25,0.938,0.062,0.25,0.875,0.0,0.0,0.0,0.0,0.375,0.062,0.812,0.562,0.0,0.0,0.0,0.0,0.0,0.0,0.625,0.812,0.062,0.0,0.0,0.0,0.0,0.0,0.0,0.5,0.625,0.0,0.0,0.0,0.75,0.562,0.25,0.25,0.938,0.0,0.0,0.0,0.062,0.625,1.0,0.938,0.688,0.062,3
0.0,0.0,0.438,1.0,0.812,0.25,0.0,0.0,0.0,0.0,0.438,1.0,1.0,0.562,0.0,0.0,0.0,0.0,0.062,1.0,1.0,0.562,0.0,0.0,0.0,0.0,0.188,1.0,1.0,0.562,0.0,0.0,0.0,0.0,0.5,1.0,1.0,0.5,0.0,0.0,0.0,0.0,0.625,1.0,1.0,0.25,0.0,0.0,0.0,0.0,0.562,1.0,0.875,0.062,0.0,0.0,0.0,0.0,0.25,0.75,0.875,0.5,0.0,0.0,1
0.0,0.0,0.25,0.375,0.688,0.875,0.375,0.0,0.0,0.25,1.0,1.0,0.75,1.0,0.438,0.0,0.0,0.375,1.0,0.125,0.062,1.0,0.188,0.0,0.0,0.312,1.0,0.0,0.312,0.875,0.0,0.0,0.0,0.0,0.125,0.0,0.688,0.625,0.0,0.0,0.0,0.0,0.0,0.125,0.938,0.25,0.0,0.0,0.0,0.0,0.0,0.5,1.0,0.0,0.0,0.0,0.0,0.0,0.0,0.438,0.75,0.0,0.0,0.0,7
0.0,0.0,0.0,0.0,0.188,0.938,0.375,0.0,0.0,0.0,0.0,0.0,0.688,1.0,0.438,0.0,0.0,0.0,0.0,0.562,1.0,1.0,0.25,0.0,0.0,0.0,0.625,1.0,1.0,1.0,0.25,0.0,0.0,0.25,1.0,0.438,0.5,1.0,0.25,0.0,0.0,0.062,0.25,0.0,0.625,1.0,0.125,0.0,0.0,0.0,0.0,0.0,0.438,1.0,0.062,0.0,0.0,0.0,0.0,0.0,0.188,1.0,0.062,0.0,1
0.0,0.0,0.125,0.812,0.625,0.188,0.0,0.0,0.0,0.0,0.625,0.938,0.75,0.812,0.062,0.0,0.0,0.0,1.0,0.25,0.0,0.375,0.25,0.0,0.0,0.125,1.0,0.188,0.0,0.062,0.438,0.0,0.0,0.312,0.812,0.312,0.0,0.125,0.5,0.0,0.0,0.25,0.75,0.0,0.0,0.188,0.5,0.0,0.0,0.0,0.812,0.312,0.375,0.812,0.312,0.0,0.0,0.0,0.312,0.875,0.812,0.5,0.062,0.0,0
0.0,0.0,0.188,0.875,0.812,0.75,0.875,0.0,0.0,0.0,0.688,0.875,0.75,0.938,0.562,0.0,0.0,0.0,1.0,0.312,0.188,1.0,0.125,0.0,0.0,0.062,0.562,0.062,0.625,0.75,0.0,0.0,0.0,0.0,0.0,0.438,1.0,0.875,0.375,0.0,0.0,0.0,0.25,1.0,1.0,0.688,0.062,0.0,0.0,0.0,0.0,0.938,0.312,0.0,0.0,0.0,0.0,0.0,0.375,0.812,0.0,0.0,0.0,0.0,7
0.0,0.0,0.0,0.312,0.688,0.0,0.375,0.0,0.0,0.0,0.188,0.938,0.438,0.375,1.0,0.062,0.0,0.0,0.812,0.562,0.062,0.812,0.438,0.0,0.0,0.375,0.938,0.125,0.375,0.938,0.0,0.0,0.0,0.875,0.625,0.0,0.875,0.75,0.188,0.0,0.0,0.875,1.0,1.0,1.0,0.875,0.188,0.0,0.0,0.312,0.688,0.875,0.812,0.125,0.0,0.0,0.0,0.0,0.0,0.438,0.562,0.0,0.0,0.0,4
0.0,0.0,0.5,0.938,0.562,0.0,0.0,0.0,0.0,0.062,1.0,0.625,1.0,0.562,0.0,0.0,0.0,0.125,0.375,0.125,1.0,1.0,0.062,0.0,0.0,0.188,0.562,0.562,1.0,0.875,0.0,0.0,0.0,0.0,0.438,0.312,0.75,0.312,0.0,0.0,0.0,0.0,0.0,0.0,0.438,0.75,0.062,0.0,0.0,0.0,0.0,0.0,0.125,1.0,0.25,0.0,0.0,0.0,0.562,0.812,0.75,0.625,0.062,0.0,9
0.0,0.0,0.688,1.0,0.688,0.0,0.0,0.0,0.0,0.188,1.0,0.688,0.938,0.375,0.0,0.0,0.0,0.062,0.625,0.188,0.625,0.625,0.0,0.0,0.0,0.0,0.0,0.0,0.562,0.625,0.0,0.0,0.0,0.0,0.0,0.0,0.75,0.562,0.0,0.0,0.0,0.0,0.0,0.312,1.0,0.312,0.0,0.0,0.0,0.062,0.812,1.0,1.0,0.812,0.5,0.0,0.0,0.0,0.688,0.688,0.5,0.812,1.0,0.438,2
0.0,0.0,0.438,1.0,0.875,0.812,0.625,0.0,0.0,0.0,0.625,0.75,0.625,1.0,0.25,0.0,0.0,0.0,0.938,0.312,0.5,0.812,0.0,0.0,0.0,0.062,0.438,0.062,1.0,0.188,0.0,0.0,0.0,0.125,0.688,0.812,1.0,0.75,0.375,0.0,0.0,0.25,0.75,0.938,0.875,0.688,0.125,0.0,0.0,0.0,0.188,1.0,0.188,0.0,0.0,0.0,0.0,0.0,0.562,0.812,0.0,0.0,0.0,0.0,7
0.0,0.0,0.25,0.75,0.812,0.062,0.0,0.0,0.0,0.0,0.25,1.0,1.0,0.312,0.0,0.0,0.0,0.0,0.562,1.0,0.625,0.0,0.0,0.0,0.0,0.5,1.0,1.0,0.688,0.25,0.0,0.0,0.0,0.0,0.25,0.5,1.0,1.0,0.438,0.0,0.0,0.0,0.0,0.0,0.125,0.875,0.875,0.0,0.0,0.0,0.0,0.25,0.938,1.0,0.688,0.0,0.0,0.0,0.312,1.0,0.875,0.5,0.0,0.0,3
0.0,0.0,0.438,0.938,0.75,0.0,0.0,0.0,0.0,0.188,0.938,0.5,0.875,0.125,0.0,0.0,0.0,0.0,0.312,0.125,0.688,0.0,0.0,0.0,0.0,0.0,0.062,0.688,0.5,0.125,0.0,0.0,0.0,0.0,0.5,1.0,1.0,0.938,0.25,0.0,0.0,0.0,0.062,0.25,0.125,0.75,0.375,0.0,0.0,0.0,0.125,0.25,0.812,0.75,0.0,0.0,0.0,0.0,0.312,0.812,0.562,0.062,0.0,0.0,3
0.0,0.0,0.125,0.938,0.812,0.125,0.0,0.0,0.0,0.0,0.5,1.0,0.938,0.75,0.0,0.0,0.0,0.0,0.562,0.875,0.062,0.938,0.312,0.0,0.0,0.0,0.875,0.812,0.0,0.688,0.562,0.0,0.0,0.188,1.0,0.688,0.0,0.75,0.562,0.0,0.0,0.125,1.0,0.188,0.125,1.0,0.375,0.0,0.0,0.062,0.812,0.688,0.938,0.875,0.0,0.0,0.0,0.0,0.25,1.0,0.938,0.312,0.0,0.0,0
0.0,0.0,0.062,0.938,0.812,0.125,0.0,0.0,0.0,0.0,0.0,0.5,0.875,0.625,0.0,0.0,0.0,0.0,0.0,0.0,0.312,0.938,0.062,0.0,0.0,0.0,0.0,0.0,0.125,1.0,0.312,0.0,0.0,0.0,0.0,0.0,0.5,0.938,0.062,0.0,0.0,0.0,0.188,0.625,0.812,0.812,0.0,0.0,0.0,0.0,0.5,1.0,1.0,0.75,0.25,0.0,0.0,0.0,0.062,0.812,0.938,0.875,1.0,0.438,2
0.0,0.0,0.125,1.0,0.875,0.125,0.0,0.0,0.0,0.062,0.75,1.0,1.0,0.625,0.0,0.0,0.0,0.25,1.0,0.75,0.75,0.75,0.0,0.0,0.0,0.062,0.938,0.688,1.0,0.375,0.0,0.0,0.0,0.0,0.375,1.0,0.812,0.0,0.0,0.0,0.0,0.0,0.562,0.875,0.875,0.5,0.0,0.0,0.0,0.0,0.625,0.75,0.375,0.938,0.0,0.0,0.0,0.0,0.125,0.812,1.0,0.75,0.0,0.0,8
0.0,0.0,0.125,0.938,0.938,1.0,0.688,0.0,0.0,0.0,0.5,1.0,0.688,0.188,0.0,0.0,0.0,0.0,0.812,0.562,0.0,0.0,0.0,0.0,0.0,0.312,1.0,0.188,0.562,0.688,0.188,0.0,0.0,0.625,0.938,0.938,1.0,1.0,0.688,0.0,0.0,0.375,1.0,0.625,0.438,1.0,0.312,0.0,0.0,0.0,0.188,0.25,0.938,0.5,0.0,0.0,0.0,0.0,0.25,0.938,0.438,0.0,0.0,0.0,5
0.0,0.0,0.25,0.938,0.812,0.188,0.0,0.0,0.0,0.062,1.0,0.812,1.0,0.938,0.062,0.0,0.0,0.375,0.938,0.0,0.25,1.0,0.25,0.0,0.0,0.188,0.938,0.875,1.0,0.875,0.0,0.0,0.0,0.0,0.25,1.0,1.0,0.688,0.0,0.0,0.0,0.0,0.688,0.75,0.5,1.0,0.312,0.0,0.0,0.0,1.0,0.625,0.75,1.0,0.188,0.0,0.0,0.0,0.438,1.0,0.812,0.438,0.0,0.0,8
0.0,0.0,0.375,0.5,0.5,0.812,0.188,0.0,0.0,0.062,0.875,0.875,0.75,0.562,0.188,0.0,0.0,0.25,1.0,0.5,0.125,0.0,0.0,0.0,0.0,0.25,1.0,0.812,0.938,0.438,0.0,0.0,0.0,0.0,0.0,0.0,0.188,0.938,0.0,0.0,0.0,0.0,0.0,0.0,0.188,0.938,0.0,0.0,0.0,0.0,0.375,0.5,0.812,0.5,0.0,0.0,0.0,0.0,0.562,0.938,0.5,0.0,0.0,0.0,5
0.0,0.0,0.0,0.0,0.875,1.0,0.438,0.0,0.0,0.0,0.0,0.312,1.0,1.0,0.5,0.0,0.0,0.0,0.062,0.75,1.0,1.0,0.5,0.0,0.0,0.312,0.875,1.0,1.0,1.0,0.312,0.0,0.0,0.062,0.25,0.438,1.0,1.0,0.5,0.0,0.0,0.0,0.0,0.125,1.0,1.0,0.438,0.0,0.0,0.0,0.0,0.125,1.0,1.0,0.188,0.0,0.0,0.0,0.0,0.0,1.0,1.0,0.0,0.0,1
0.0,0.0,0.562,0.75,0.938,0.938,0.125,0.0,0.0,0.062,0.938,0.875,0.688,1.0,0.438,0.0,0.0,0.0,0.125,0.0,0.125,1.0,0.25,0.0,0.0,0.0,0.125,0.25,0.625,0.938,0.125,0.0,0.0,0.0,0.812,1.0,1.0,1.0,0.562,0.0,0.0,0.0,0.812,1.0,0.625,0.062,0.0,0.0,0.0,0.0,0.375,1.0,0.062,0.0,0.0,0.0,0.0,0.0,0.688,0.562,0.0,0.0,0.0,0.0,7
0.0,0.0,0.375,0.875,0.625,0.0,0.0,0.0,0.0,0.375,1.0,0.875,1.0,0.0,0.0,0.0,0.0,0.312,0.625,0.688,1.0,0.0,0.0,0.0,0.0,0.0,0.0,0.562,1.0,0.75,0.0,0.0,0.0,0.0,0.0,0.0,0.188,1.0,0.438,0.0,0.0,0.25,0.375,0.0,0.188,1.0,0.5,0.0,0.0,0.312,0.938,0.562,1.0,0.812,0.062,0.0,0.0,0.0,0.562,0.938,0.5,0.0,0.0,0.0,3
0.0,0.0,0.312,0.875,0.875,0.5,0.125,0.0,0.0,0.188,0.938,0.188,0.0,0.812,0.5,0.0,0.0,0.312,0.75,0.0,0.125,0.938,0.5,0.0,0.0,0.125,0.938,0.562,0.875,0.875,0.5,0.0,0.0,0.0,0.062,0.188,0.0,0.75,0.312,0.0,0.0,0.0,0.0,0.0,0.0,0.75,0.25,0.0,0.0,0.375,0.938,0.125,0.0,0.875,0.062,0.0,0.0,0.062,0.438,0.875,0.75,0.562,0.0,0.0,9
0.0,0.125,0.938,0.75,0.062,0.0,0.0,0.0,0.0,0.25,1.0,0.812,0.812,0.0,0.0,0.0,0.0,0.0,0.875,0.188,0.938,0.75,0.312,0.0,0.0,0.0,0.312,1.0,1.0,0.688,0.0,0.0,0.0,0.125,0.812,0.812,0.875,0.125,0.0,0.0,0.0,0.312,0.812,0.0,0.375,0.5,0.0,0.0,0.0,0.25,0.688,0.0,0.062,0.938,0.0,0.0,0.0,0.125,0.75,1.0,1.0,0.438,0.0,0.0,8
0.0,0.0,0.062,0.75,0.75,0.25,0.062,0.0,0.0,0.0,0.812,0.812,0.812,0.875,0.5,0.0,0.0,0.375,0.938,0.0,0.0,0.75,0.438,0.0,0.0,0.125,1.0,0.812,0.75,0.812,0.062,0.0,0.0,0.0,0.0,0.875,1.0,0.562,0.0,0.0,0.0,0.0,0.375,0.625,0.125,1.0,0.0,0.0,0.0,0.0,0.688,0.5,0.312,1.0,0.0,0.0,0.0,0.0,0.188,0.75,1.0,0.438,0.0,0.0,8
0.0,0.0,0.0,0.812,0.562,0.0,0.0,0.0,0.0,0.0,0.0,0.875,0.938,0.062,0.0,0.0,0.0,0.0,0.0,0.812,1.0,0.0,0.0,0.0,0.0,0.0,0.0,0.688,1.0,0.0,0.0,0.0,0.0,0.0,0.0,0.625,1.0,0.125,0.0,0.0,0.0,0.0,0.0,0.875,1.0,0.062,0.0,0.0,0.0,0.0,0.0,0.938,1.0,0.062,0.0,0.0,0.0,0.0,0.0,0.75,0.938,0.0,0.0,0.0,1
0.0,0.0,0.625,1.0,0.562,0.0,0.0,0.0,0.0,0.25,1.0,1.0,1.0,0.0,0.0,0.0,0.0,0.125,0.75,0.562,0.938,0.0,0.0,0.0,0.0,0.0,0.0,0.688,0.688,0.0,0.0,0.0,0.0,0.0,0.062,1.0,0.438,0.0,0.0,0.0,0.0,0.0,0.562,1.0,0.125,0.0,0.0,0.0,0.0,0.0,0.938,1.0,0.5,0.312,0.0,0.0,0.0,0.0,0.688,1.0,1.0,1.0,0.125,0.0,2
0.0,0.0,0.312,0.938,0.938,0.438,0.0,0.0,0.0,0.125,1.0,0.688,1.0,1.0,0.5,0.0,0.0,0.125,1.0,0.312,0.25,1.0,0.5,0.0,0.0,0.062,0.75,1.0,1.0,0.625,0.0,0.0,0.0,0.0,0.438,1.0,1.0,0.312,0.0,0.0,0.0,0.0,0.938,0.562,0.875,0.625,0.0,0.0,0.0,0.0,0.875,0.75,1.0,0.5,0.0,0.0,0.0,0.0,0.312,0.875,0.75,0.062,0.0,0.0,8
0.0,0.0,0.125,0.75,0.562,0.0,0.0,0.0,0.0,0.0,0.75,0.625,0.062,0.0,0.0,0.0,0.0,0.25,0.875,0.0,0.0,0.0,0.0,0.0,0.0,0.5,0.562,0.0,0.0,0.0,0.0,0.0,0.0,0.5,0.562,0.312,0.688,0.5,0.0,0.0,0.0,0.25,1.0,0.875,0.375,0.75,0.312,0.0,0.0,0.0,0.812,0.438,0.0,0.625,0.5,0.0,0.0,0.0,0.188,0.875,1.0,1.0,0.312,0.0,6
0.0,0.0,0.062,0.625,0.938,0.125,0.0,0.0,0.0,0.0,0.438,1.0,0.438,0.188,0.312,0.0,0.0,0.188,1.0,0.438,0.188,1.0,0.688,0.0,0.0,0.562,0.875,0.062,0.625,0.875,0.125,0.0,0.0,0.688,1.0,1.0,1.0,0.625,0.0,0.0,0.0,0.125,0.25,0.5,1.0,0.188,0.0,0.0,0.0,0.0,0.0,0.562,0.812,0.0,0.0,0.0,0.0,0.0,0.0,0.75,0.562,0.0,0.0,0.0,4
0.0,0.0,0.0,0.188,1.0,0.312,0.0,0.0,0.0,0.0,0.188,0.875,0.625,0.0,0.562,0.688,0.0,0.062,0.812,0.688,0.0,0.125,0.938,0.5,0.0,0.438,1.0,0.562,0.688,1.0,0.938,0.062,0.0,0.375,0.938,0.812,0.75,1.0,0.562,0.0,0.0,0.0,0.0,0.0,0.5,0.938,0.125,0.0,0.0,0.0,0.0,0.062,0.938,0.438,0.0,0.0,0.0,0.0,0.0,0.312,0.938,0.125,0.0,0.0,4
0.0,0.0,0.0,0.375,0.562,0.0,0.0,0.0,0.0,0.0,0.125,0.938,0.5,0.0,0.0,0.0,0.0,0.0,0.25,1.0,0.312,0.0,0.0,0.0,0.0,0.0,0.562,0.75,0.438,0.75,0.125,0.0,0.0,0.0,0.562,1.0,0.938,0.812,0.375,0.0,0.0,0.0,0.812,0.875,0.125,0.812,0.375,0.0,0.0,0.0,0.875,0.938,0.812,1.0,0.25,0.0,0.0,0.0,0.062,0.625,1.0,0.625,0.0,0.0,6
0.0,0.0,1.0,0.5,0.0,0.0,0.0,0.0,0.0,0.125,1.0,0.812,0.0,0.0,0.0,0.0,0.0,0.125,1.0,1.0,0.375,0.0,0.0,0.0,0.0,0.0,0.5,1.0,0.625,0.0,0.0,0.0,0.0,0.0,0.0,0.875,0.75,0.0,0.0,0.0,0.0,0.0,0.0,0.625,1.0,0.125,0.0,0.0,0.0,0.0,0.312,0.75,1.0,0.688,0.5,0.188,0.0,0.0,0.75,1.0,1.0,1.0,1.0,0.562,1
0.0,0.0,0.062,0.625,1.0,1.0,0.062,0.0,0.0,0.0,0.562,1.0,0.812,1.0,0.062,0.0,0.0,0.0,0.0,0.0,0.312,0.688,0.0,0.0,0.0,0.0,0.0,0.188,0.75,0.75,0.312,0.0,0.0,0.0,0.438,1.0,1.0,0.625,0.25,0.0,0.0,0.0,0.188,0.688,0.812,0.0,0.0,0.0,0.0,0.0,0.0,0.688,0.312,0.0,0.0,0.0,0.0,0.0,0.0,0.938,0.0,0.0,0.0,0.0,7
0.0,0.0,0.0,0.25,0.562,0.0,0.0,0.0,0.0,0.0,0.0,0.75,0.688,0.0,0.0,0.0,0.0,0.0,0.25,0.812,1.0,0.25,0.0,0.0,0.0,0.0,0.75,0.375,0.875,0.25,0.0,0.0,0.0,0.25,1.0,0.562,0.938,0.812,0.188,0.0,0.0,0.25,0.75,0.75,1.0,0.875,0.375,0.0,0.0,0.0,0.0,0.0,1.0,0.25,0.0,0.0,0.0,0.0,0.0,0.125,1.0,0.188,0.0,0.0,4
0.0,0.0,0.0,0.312,0.938,0.188,0.0,0.0,0.0,0.0,0.125,1.0,0.25,0.0,0.0,0.0,0.0,0.0,0.5,0.75,0.0,0.125,0.75,0.0,0.0,0.188,1.0,0.062,0.0,0.688,0.625,0.0,0.0,0.562,0.812,0.0,0.188,1.0,0.312,0.0,0.0,0.812,0.938,1.0,1.0,0.75,0.0,0.0,0.0,0.312,0.75,0.875,1.0,0.25,0.0,0.0,0.0,0.0,0.0,0.375,0.938,0.125,0.0,0.0,4
0.0,0.0,0.125,0.938,0.312,0.0,0.0,0.0,0.0,0.0,0.688,1.0,1.0,0.375,0.0,0.0,0.0,0.188,0.875,0.188,0.438,1.0,0.188,0.0,0.0,0.438,0.5,0.0,0.0,0.5,0.5,0.0,0.0,0.312,0.5,0.0,0.0,0.25,0.5,0.0,0.0,0.25,0.75,0.0,0.0,0.5,0.5,0.0,0.0,0.0,0.875,0.562,0.5,1.0,0.125,0.0,0.0,0.0,0.188,0.875,0.938,0.375,0.0,0.0,0
0.0,0.0,0.5,1.0,0.188,0.0,0.062,0.0,0.0,0.0,1.0,0.875,0.312,0.875,0.75,0.0,0.0,0.0,0.5,1.0,1.0,0.562,0.0,0.0,0.0,0.0,0.188,1.0,0.875,0.062,0.0,0.0,0.0,0.0,0.75,1.0,1.0,0.125,0.0,0.0,0.0,0.0,1.0,0.688,1.0,0.25,0.0,0.0,0.0,0.188,1.0,1.0,1.0,0.375,0.0,0.0,0.0,0.0,0.625,1.0,0.625,0.062,0.0,0.0,8
0.0,0.062,0.562,0.75,1.0,1.0,0.25,0.0,0.0,0.062,0.688,0.5,0.438,1.0,0.25,0.0,0.0,0.0,0.0,0.0,0.5,0.812,0.0,0.0,0.0,0.0,0.312,0.688,0.938,0.938,0.562,0.0,0.0,0.0,1.0,0.938,0.812,0.312,0.125,0.0,0.0,0.0,0.125,1.0,0.312,0.0,0.0,0.0,0.0,0.0,0.562,0.875,0.062,0.0,0.0,0.0,0.0,0.0,0.875,0.625,0.0,0.0,0.0,0.0,7
0.0,0.0,0.125,0.938,0.875,0.062,0.0,0.0,0.0,0.0,0.688,1.0,1.0,0.25,0.0,0.0,0.0,0.25,1.0,1.0,1.0,0.062,0.0,0.0,0.0,0.438,1.0,1.0,0.875,0.0,0.0,0.0,0.0,0.562,1.0,1.0,0.688,0.0,0.0,0.0,0.0,0.062,0.812,1.0,0.562,0.0,0.0,0.0,0.0,0.0,0.312,1.0,0.312,0.0,0.0,0.0,0.0,0.0,0.125,0.875,0.562,0.0,0.0,0.0,1
0.0,0.0,0.125,0.625,0.938,0.438,0.0,0.0,0.0,0.0,0.875,0.938,0.438,0.938,0.125,0.0,0.0,0.25,1.0,0.188,0.0,0.688,0.25,0.0,0.0,0.25,0.875,0.0,0.0,0.438,0.5,0.0,0.0,0.438,0.75,0.0,0.0,0.375,0.438,0.0,0.0,0.25,1.0,0.062,0.0,0.75,0.25,0.0,0.0,0.062,0.875,0.75,0.625,1.0,0.062,0.0,0.0,0.0,0.062,0.875,0.812,0.312,0.0,0.0,0
0.0,0.0,0.25,0.875,1.0,0.312,0.0,0.0,0.0,0.25,1.0,1.0,1.0,0.5,0.0,0.0,0.0,0.625,0.938,0.562,1.0,0.25,0.0,0.0,0.0,0.062,0.125,0.812,0.875,0.0,0.0,0.0,0.0,0.0,0.125,1.0,0.375,0.0,0.0,0.0,0.0,0.0,0.438,1.0,0.0,0.312,0.438,0.0,0.0,0.0,0.5,1.0,0.812,1.0,0.375,0.0,0.0,0.0,0.125,0.938,1.0,0.375,0.0,0.0,2
0.0,0.0,0.0,0.188,0.938,0.438,0.0,0.0,0.0,0.0,0.0,0.812,0.875,0.188,0.0,0.0,0.0,0.0,0.375,0.938,0.125,0.375,0.375,0.0,0.0,0.125,0.938,0.25,0.0,0.938,0.5,0.0,0.0,0.5,0.75,0.0,0.25,1.0,0.062,0.0,0.0,0.688,0.875,0.75,1.0,0.625,0.0,0.0,0.0,0.125,0.5,0.438,0.938,0.25,0.0,0.0,0.0,0.0,0.0,0.188,1.0,0.125,0.0,0.0,4
0.0,0.0,0.188,0.688,0.812,0.938,0.188,0.0,0.0,0.25,1.0,0.875,0.688,1.0,0.5,0.0,0.0,0.125,0.312,0.0,0.875,0.938,0.062,0.0,0.0,0.0,0.0,0.0,1.0,0.688,0.0,0.0,0.0,0.0,0.0,0.0,0.688,0.625,0.0,0.0,0.0,0.0,0.0,0.0,0.5,0.75,0.0,0.0,0.0,0.0,0.5,0.688,0.938,0.5,0.0,0.0,0.0,0.0,0.125,0.75,0.875,0.188,0.0,0.0,3
0.0,0.0,0.375,0.875,0.688,0.0,0.0,0.0,0.0,0.188,1.0,0.562,1.0,0.0,0.0,0.0,0.0,0.188,0.438,0.312,0.75,0.0,0.0,0.0,0.0,0.0,0.062,0.875,0.5,0.125,0.0,0.0,0.0,0.0,0.125,1.0,1.0,1.0,0.25,0.0,0.0,0.0,0.0,0.0,0.0,0.688,0.5,0.0,0.0,0.0,0.0,0.25,0.625,0.938,0.125,0.0,0.0,0.0,0.312,1.0,0.75,0.25,0.0,0.0,3
0.0,0.0,0.625,0.938,0.812,0.062,0.0,0.0,0.0,0.25,1.0,0.438,0.812,0.438,0.0,0.0,0.0,0.125,0.688,0.0,0.75,0.375,0.0,0.0,0.0,0.0,0.0,0.25,0.875,0.0,0.0,0.0,0.0,0.0,0.062,0.938,0.375,0.0,0.0,0.0,0.0,0.0,0.562,0.75,0.0,0.0,0.0,0.0,0.0,0.25,1.0,0.438,0.438,0.812,0.188,0.0,0.0,0.0,0.625,1.0,0.75,0.188,0.0,0.0,2
0.0,0.0,0.312,0.875,0.062,0.0,0.0,0.0,0.0,0.0,0.562,1.0,0.25,0.0,0.0,0.0,0.0,0.0,0.75,1.0,0.25,0.0,0.0,0.0,0.0,0.0,0.75,1.0,0.5,0.0,0.0,0.0,0.0,0.0,0.562,1.0,0.688,0.0,0.0,0.0,0.0,0.0,0.0,0.5,1.0,0.125,0.0,0.0,0.0,0.0,0.188,0.5,0.938,0.812,0.688,0.5,0.0,0.0,0.312,1.0,1.0,1.0,1.0,0.625,1
0.0,0.062,0.938,1.0,0.25,0.0,0.0,0.0,0.0,0.562,1.0,0.688,0.875,0.0,0.0,0.0,0.0,0.75,0.625,0.312,1.0,0.0,0.0,0.0,0.0,0.25,0.438,0.5,0.812,0.0,0.0,0.0,0.0,0.0,0.062,0.938,0.375,0.0,0.0,0.0,0.0,0.0,0.312,1.0,0.125,0.0,0.0,0.0,0.0,0.25,0.938,0.875,0.625,0.688,0.75,0.062,0.0,0.0,0.812,1.0,1.0,0.938,0.688,0.062,2
0.0,0.0,0.062,0.875,1.0,1.0,0.938,0.062,0.0,0.0,0.688,0.875,0.5,0.812,0.688,0.0,0.0,0.0,0.938,0.375,0.0,0.875,0.188,0.0,0.0,0.0,0.312,0.062,0.312,0.812,0.062,0.0,0.0,0.0,0.0,0.812,1.0,1.0,0.562,0.0,0.0,0.0,0.125,1.0,0.938,0.562,0.062,0.0,0.0,0.0,0.0,0.688,0.562,0.0,0.0,0.0,0.0,0.0,0.188,1.0,0.125,0.0,0.0,0.0,7
0.0,0.0,0.562,0.75,0.812,0.375,0.0,0.0,0.0,0.0,1.0,0.5,0.5,0.938,0.125,0.0,0.0,0.0,1.0,0.625,0.562,1.0,0.312,0.0,0.0,0.0,0.25,0.75,0.688,0.75,0.312,0.0,0.0,0.0,0.0,0.0,0.0,0.5,0.5,0.0,0.0,0.0,0.0,0.0,0.0,0.562,0.438,0.0,0.0,0.0,0.5,0.25,0.438,1.0,0.125,0.0,0.0,0.0,0.625,1.0,1.0,0.438,0.0,0.0,9
0.0,0.0,0.0,0.0,0.875,0.25,0.0,0.0,0.0,0.0,0.0,0.188,1.0,0.688,0.0,0.0,0.0,0.0,0.0,0.625,1.0,0.562,0.0,0.0,0.0,0.0,0.0,0.812,1.0,0.438,0.0,0.0,0.0,0.0,0.75,1.0,1.0,0.25,0.0,0.0,0.0,0.062,0.812,0.75,1.0,0.312,0.0,0.0,0.0,0.0,0.0,0.25,1.0,0.562,0.0,0.0,0.0,0.0,0.0,0.0,0.875,0.625,0.0,0.0,1
0.0,0.0,0.5,0.938,1.0,0.375,0.0,0.0,0.0,0.0,0.812,0.812,0.812,0.812,0.0,0.0,0.0,0.0,0.125,0.375,1.0,0.562,0.0,0.0,0.0,0.0,0.0,0.188,1.0,0.125,0.0,0.0,0.0,0.0,0.0,0.0,0.625,0.625,0.0,0.0,0.0,0.0,0.0,0.0,0.312,0.938,0.0,0.0,0.0,0.0,0.438,0.25,0.688,1.0,0.062,0.0,0.0,0.0,0.438,1.0,1.0,0.5,0.0,0.0,3
0.0,0.0,0.0,0.125,0.875,0.125,0.0,0.0,0.0,0.0,0.0,0.875,0.5,0.0,0.0,0.0,0.0,0.0,0.625,0.562,0.0,0.25,0.25,0.0,0.0,0.25,0.875,0.062,0.062,0.938,0.5,0.0,0.0,0.25,1.0,0.312,0.688,1.0,0.125,0.0,0.0,0.375,1.0,1.0,1.0,0.688,0.0,0.0,0.0,0.0,0.25,0.0,0.75,0.375,0.0,0.0,0.0,0.0,0.0,0.062,0.812,0.062,0.0,0.0,4
0.0,0.062,0.625,0.875,0.812,0.25,0.0,0.0,0.0,0.75,0.688,0.312,0.5,0.875,0.0,0.0,0.0,0.5,0.188,0.125,0.75,0.5,0.0,0.0,0.0,0.0,0.188,0.938,0.938,0.25,0.0,0.0,0.0,0.0,0.062,0.25,0.438,0.875,0.312,0.0,0.0,0.0,0.0,0.0,0.0,0.438,0.75,0.0,0.0,0.0,0.0,0.0,0.062,0.688,0.688,0.0,0.0,0.0,0.75,1.0,1.0,0.562,0.062,0.0,3
0.0,0.0,0.312,0.75,1.0,0.562,0.0,0.0,0.0,0.438,1.0,0.625,0.188,0.0,0.0,0.0,0.0,0.5,0.812,0.0,0.0,0.0,0.0,0.0,0.0,0.562,0.875,0.25,0.375,0.0,0.0,0.0,0.0,0.25,0.875,0.75,0.812,0.812,0.062,0.0,0.0,0.0,0.0,0.0,0.0,0.938,0.25,0.0,0.0,0.0,0.0,0.0,0.25,0.938,0.438,0.0,0.0,0.0,0.25,0.75,0.812,0.5,0.0,0.0,5
0.0,0.0,0.0,0.188,0.75,0.75,0.125,0.0,0.0,0.0,0.438,0.938,1.0,1.0,0.0,0.0,0.0,0.25,0.938,0.562,0.875,1.0,0.188,0.0,0.0,0.125,0.0,0.0,0.875,1.0,0.0,0.0,0.0,0.0,0.0,0.0,0.875,1.0,0.0,0.0,0.0,0.0,0.0,0.0,0.938,0.812,0.0,0.0,0.0,0.0,0.0,0.0,1.0,0.875,0.062,0.0,0.0,0.0,0.0,0.188,1.0,0.812,0.125,0.0,1
0.0,0.0,0.938,0.812,0.812,0.812,0.0,0.0,0.0,0.0,1.0,1.0,0.688,0.188,0.0,0.0,0.0,0.0,0.75,0.812,0.0,0.0,0.0,0.0,0.0,0.0,0.312,1.0,0.188,0.0,0.0,0.0,0.0,0.0,0.0,0.688,0.625,0.0,0.0,0.0,0.0,0.0,0.0,0.625,0.875,0.0,0.0,0.0,0.0,0.0,0.562,1.0,0.625,0.0,0.0,0.0,0.0,0.0,0.688,0.938,0.062,0.0,0.0,0.0,5
0.0,0.0,0.812,0.625,0.062,0.0,0.0,0.0,0.0,0.312,1.0,0.875,0.438,0.0,0.0,0.0,0.0,0.25,1.0,0.5,0.875,0.0,0.0,0.0,0.0,0.125,0.875,1.0,1.0,0.375,0.0,0.0,0.0,0.0,0.062,0.25,0.562,0.812,0.062,0.0,0.0,0.0,0.0,0.0,0.0,0.812,0.375,0.0,0.0,0.0,0.312,0.5,0.312,0.562,0.875,0.0,0.0,0.0,0.812,0.812,0.938,1.0,0.812,0.0,9
0.0,0.062,0.312,0.688,0.938,0.25,0.0,0.0,0.0,0.5,1.0,0.812,0.375,0.125,0.0,0.0,0.0,0.688,0.438,0.0,0.0,0.0,0.0,0.0,0.0,0.688,1.0,1.0,0.688,0.125,0.0,0.0,0.0,0.0,0.25,0.25,0.312,0.75,0.188,0.0,0.0,0.0,0.0,0.0,0.0,0.312,0.688,0.0,0.0,0.0,0.062,0.375,0.0,0.625,0.688,0.0,0.0,0.0,0.125,0.75,1.0,0.938,0.125,0.0,5
0.0,0.0,0.188,0.875,1.0,0.5,0.0,0.0,0.0,0.188,0.938,0.5,0.25,0.938,0.062,0.0,0.0,0.5,0.625,0.0,0.188,1.0,0.5,0.0,0.0,0.188,0.938,0.812,1.0,0.875,0.062,0.0,0.0,0.0,0.125,0.312,1.0,0.25,0.0,0.0,0.0,0.0,0.0,0.5,0.688,0.0,0.0,0.0,0.0,0.0,0.0,0.938,0.125,0.0,0.0,0.0,0.0,0.0,0.125,0.812,0.0,0.0,0.0,0.0,9
0.0,0.0,0.0,0.812,0.5,0.0,0.0,0.0,0.0,0.0,0.125,0.938,0.062,0.0,0.0,0.0,0.0,0.0,0.688,0.625,0.0,0.5,0.125,0.0,0.0,0.25,1.0,0.312,0.688,1.0,0.5,0.0,0.0,0.438,1.0,1.0,1.0,1.0,0.188,0.0,0.0,0.125,0.812,0.562,1.0,0.75,0.0,0.0,0.0,0.0,0.0,0.438,1.0,0.375,0.0,0.0,0.0,0.0,0.0,0.812,0.938,0.062,0.0,0.0,4
0.0,0.0,0.0,0.188,1.0,0.188,0.0,0.0,0.0,0.0,0.0,0.75,1.0,0.125,0.0,0.0,0.0,0.0,0.5,1.0,1.0,0.25,0.0,0.0,0.0,0.438,1.0,0.938,1.0,0.75,0.688,0.0,0.0,0.5,1.0,1.0,1.0,0.812,0.188,0.0,0.0,0.0,0.0,0.438,0.875,0.062,0.0,0.0,0.0,0.0,0.0,0.375,1.0,0.0,0.0,0.0,0.0,0.0,0.0,0.25,0.875,0.0,0.0,0.0,4
0.0,0.0,0.375,0.812,0.125,0.0,0.0,0.0,0.0,0.25,1.0,1.0,1.0,0.688,0.0,0.0,0.0,0.0,0.75,0.688,0.062,0.375,0.062,0.0,0.0,0.0,0.75,0.875,0.625,0.125,0.0,0.0,0.0,0.0,0.062,0.5,0.75,0.75,0.0,0.0,0.0,0.0,0.0,0.0,0.562,0.875,0.0,0.0,0.0,0.0,0.25,0.562,1.0,0.312,0.0,0.0,0.0,0.0,0.562,0.875,0.25,0.0,0.0,0.0,5
0.0,0.0,0.062,0.812,0.938,0.5,0.0,0.0,0.0,0.0,0.688,0.875,0.5,0.938,0.0,0.0,0.0,0.125,1.0,0.188,0.0,0.812,0.125,0.0,0.0,0.312,0.938,0.0,0.0,0.625,0.312,0.0,0.0,0.188,0.625,0.0,0.0,0.625,0.312,0.0,0.0,0.188,0.812,0.0,0.062,0.938,0.188,0.0,0.0,0.0,0.75,0.625,0.688,0.688,0.0,0.0,0.0,0.0,0.062,0.75,0.688,0.25,0.0,0.0,0
0.0,0.062,0.688,1.0,0.688,0.062,0.0,0.0,0.0,0.375,0.688,1.0,1.0,0.438,0.0,0.0,0.0,0.062,0.125,0.562,1.0,0.688,0.0,0.0,0.0,0.125,0.875,0.75,1.0,0.75,0.0,0.0,0.0,0.0,0.188,0.5,0.25,0.812,0.25,0.0,0.0,0.0,0.0,0.0,0.0,0.625,0.5,0.0,0.0,0.0,0.25,0.75,1.0,0.875,0.375,0.0,0.0,0.0,0.875,0.5,0.25,0.0,0.0,0.0,9
0.0,0.0,0.312,0.938,0.875,0.188,0.0,0.0,0.0,0.125,0.875,0.438,0.25,0.812,0.0,0.0,0.0,0.125,0.938,0.312,0.312,1.0,0.062,0.0,0.0,0.0,0.438,0.938,1.0,1.0,0.188,0.0,0.0,0.0,0.0,0.062,0.188,0.438,0.625,0.0,0.0,0.0,0.0,0.0,0.0,0.125,0.875,0.0,0.0,0.0,0.5,0.562,0.25,0.125,1.0,0.062,0.0,0.0,0.25,0.688,0.812,1.0,0.688,0.0,9
0.0,0.0,0.438,0.938,1.0,0.75,0.0,0.0,0.0,0.25,1.0,0.688,0.75,0.75,0.0,0.0,0.0,0.125,0.438,0.062,0.812,0.688,0.0,0.0,0.0,0.0,0.0,0.812,1.0,0.375,0.0,0.0,0.0,0.0,0.0,0.688,0.938,1.0,0.188,0.0,0.0,0.0,0.0,0.0,0.062,0.938,0.5,0.0,0.0,0.0,0.312,1.0,0.75,0.938,0.5,0.0,0.0,0.0,0.438,1.0,1.0,0.812,0.125,0.0,3
0.0,0.0,0.5,0.938,0.75,0.062,0.0,0.0,0.0,0.5,0.812,0.5,0.75,0.375,0.0,0.0,0.0,0.25,0.125,0.0,0.5,0.375,0.0,0.0,0.0,0.0,0.0,0.062,0.812,0.125,0.0,0.0,0.0,0.0,0.0,0.562,0.438,0.0,0.0,0.0,0.0,0.0,0.312,0.812,0.0,0.25,0.25,0.0,0.0,0.0,0.625,0.75,0.562,0.938,0.688,0.0,0.0,0.0,0.562,1.0,0.562,0.438,0.062,0.0,2
0.0,0.0,0.312,0.938,0.812,0.125,0.0,0.0,0.0,0.062,0.938,0.688,0.5,0.812,0.0,0.0,0.0,0.312,0.875,0.0,0.0,0.875,0.312,0.0,0.0,0.562,1.0,0.062,0.0,0.438,0.562,0.0,0.0,0.562,0.812,0.0,0.0,0.312,0.875,0.0,0.0,0.375,1.0,0.125,0.0,0.312,0.938,0.0,0.0,0.125,0.875,0.688,0.312,0.875,0.75,0.0,0.0,0.0,0.312,0.938,1.0,0.938,0.188,0.0,0
0.0,0.062,0.688,0.75,0.875,0.375,0.0,0.0,0.0,0.062,0.375,0.25,0.5,1.0,0.438,0.0,0.0,0.0,0.0,0.0,0.188,1.0,0.312,0.0,0.0,0.0,0.0,0.125,0.875,0.562,0.0,0.0,0.0,0.0,0.0,0.25,1.0,0.438,0.0,0.0,0.0,0.0,0.0,0.062,0.875,0.812,0.0,0.0,0.0,0.0,0.0,0.062,0.75,0.875,0.0,0.0,0.0,0.312,0.75,0.938,0.562,0.062,0.0,0.0,3
0.0,0.0,0.0,0.938,0.312,0.0,0.0,0.0,0.0,0.0,0.25,1.0,0.438,0.0,0.0,0.0,0.0,0.062,0.812,1.0,0.0,0.562,0.125,0.0,0.0,0.312,1.0,0.688,0.312,1.0,0.562,0.0,0.0,0.438,1.0,0.875,1.0,1.0,0.438,0.0,0.0,0.062,0.688,0.938,1.0,0.625,0.0,0.0,0.0,0.0,0.0,0.812,1.0,0.188,0.0,0.0,0.0,0.0,0.062,1.0,0.688,0.0,0.0,0.0,4
0.0,0.0,0.0,0.0,0.562,0.938,0.0,0.0,0.0,0.0,0.062,0.625,1.0,1.0,0.062,0.0,0.0,0.312,1.0,0.938,0.875,1.0,0.0,0.0,0.0,0.062,0.5,0.0,0.625,1.0,0.0,0.0,0.0,0.0,0.0,0.0,0.688,1.0,0.0,0.0,0.0,0.0,0.0,0.0,0.625,0.938,0.0,0.0,0.0,0.0,0.0,0.0,0.75,1.0,0.188,0.0,0.0,0.0,0.0,0.0,0.5,1.0,0.188,0.0,1
0.0,0.0,0.688,1.0,0.5,0.0,0.0,0.0,0.0,0.375,1.0,0.688,0.812,0.562,0.0,0.0,0.0,0.438,1.0,0.0,0.562,1.0,0.0,0.0,0.0,0.125,0.938,0.75,1.0,1.0,0.188,0.0,0.0,0.0,0.312,0.438,0.438,1.0,0.25,0.0,0.0,0.0,0.0,0.0,0.312,1.0,0.312,0.0,0.0,0.0,0.188,0.438,1.0,0.688,0.0,0.0,0.0,0.0,0.812,1.0,0.688,0.062,0.0,0.0,9
0.0,0.0,0.562,1.0,0.688,0.0,0.0,0.0,0.0,0.062,1.0,0.812,0.938,0.438,0.0,0.0,0.0,0.438,1.0,0.375,0.25,1.0,0.188,0.0,0.0,0.562,0.875,0.0,0.0,0.688,0.625,0.0,0.0,0.5,0.812,0.0,0.0,0.438,0.812,0.0,0.0,0.438,0.812,0.0,0.0,0.438,1.0,0.0,0.0,0.188,1.0,0.438,0.438,0.938,0.375,0.0,0.0,0.0,0.562,1.0,1.0,0.625,0.0,0.0,0
0.0,0.0,0.0,0.125,0.812,0.812,0.0,0.0,0.0,0.0,0.0,0.75,0.625,1.0,0.0,0.0,0.0,0.0,0.438,0.812,0.5,0.688,0.0,0.0,0.0,0.0,0.312,1.0,1.0,0.25,0.0,0.0,0.0,0.0,0.188,1.0,1.0,0.25,0.0,0.0,0.0,0.125,0.875,0.562,0.438,0.812,0.062,0.0,0.0,0.062,0.688,0.5,0.188,0.562,0.5,0.0,0.0,0.0,0.0,0.312,0.625,0.938,1.0,0.0,8
0.0,0.0,0.0,0.375,0.812,0.438,0.0,0.0,0.0,0.0,0.625,0.812,0.375,0.938,0.0,0.0,0.0,0.0,0.75,0.5,0.25,0.75,0.0,0.0,0.0,0.0,0.0,0.062,0.938,0.188,0.0,0.0,0.0,0.0,0.0,0.625,0.938,0.125,0.0,0.0,0.0,0.0,0.0,0.062,0.312,0.938,0.125,0.0,0.0,0.0,0.875,0.625,0.125,0.312,0.688,0.0,0.0,0.0,0.125,0.438,0.812,0.938,0.5,0.0,3
0.0,0.0,0.0,0.125,0.812,0.062,0.0,0.0,0.0,0.0,0.0,0.562,0.938,0.125,0.0,0.0,0.0,0.0,0.25,1.0,1.0,0.5,0.0,0.0,0.0,0.0,0.75,0.562,0.875,0.375,0.0,0.0,0.0,0.312,0.875,0.0,0.812,0.438,0.062,0.0,0.0,0.562,0.938,0.75,1.0,1.0,0.25,0.0,0.0,0.125,0.5,0.562,1.0,0.625,0.062,0.0,0.0,0.0,0.0,0.062,0.812,0.125,0.0,0.0,4
0.0,0.0,0.188,1.0,0.75,0.062,0.0,0.0,0.0,0.0,0.625,1.0,1.0,0.0,0.0,0.0,0.0,0.0,0.75,1.0,0.75,0.0,0.0,0.0,0.0,0.0,0.812,1.0,0.625,0.0,0.0,0.0,0.0,0.0,1.0,1.0,0.062,0.0,0.0,0.0,0.0,0.0,1.0,1.0,0.0,0.0,0.0,0.0,0.0,0.0,0.625,1.0,0.062,0.0,0.0,0.0,0.0,0.0,0.125,0.812,0.562,0.0,0.0,0.0,1
0.0,0.0,0.562,1.0,1.0,1.0,0.625,0.0,0.0,0.25,1.0,0.875,0.5,0.688,0.688,0.0,0.0,0.688,1.0,0.438,0.0,0.0,0.0,0.0,0.0,0.312,0.938,1.0,0.375,0.0,0.0,0.0,0.0,0.0,0.062,0.875,0.938,0.0,0.0,0.0,0.0,0.0,0.0,0.5,1.0,0.0,0.0,0.0,0.0,0.0,0.562,0.812,0.875,0.0,0.0,0.0,0.0,0.0,0.75,1.0,0.438,0.0,0.0,0.0,5
0.0,0.0,0.5,0.875,1.0,1.0,0.0,0.0,0.0,0.0,0.875,0.812,0.5,0.5,0.0,0.0,0.0,0.125,1.0,0.375,0.0,0.0,0.0,0.0,0.0,0.375,1.0,0.812,1.0,0.812,0.0,0.0,0.0,0.188,1.0,1.0,0.75,1.0,0.438,0.0,0.0,0.0,0.25,0.062,0.125,0.875,0.375,0.0,0.0,0.0,0.062,0.375,1.0,0.688,0.0,0.0,0.0,0.0,0.688,0.938,0.5,0.062,0.0,0.0,5
0.0,0.0,0.188,0.562,0.875,0.562,0.0,0.0,0.0,0.312,1.0,0.875,0.312,0.0,0.0,0.0,0.0,0.75,0.688,0.188,0.0,0.0,0.0,0.0,0.0,0.812,1.0,0.75,0.062,0.0,0.0,0.0,0.0,0.25,0.688,0.812,0.5,0.0,0.0,0.0,0.0,0.0,0.0,0.438,0.688,0.0,0.0,0.0,0.0,0.0,0.062,0.75,0.75,0.0,0.0,0.0,0.0,0.0,0.125,0.938,0.438,0.0,0.0,0.0,5
0.0,0.0,0.0,0.812,0.812,0.0,0.0,0.0,0.0,0.0,0.438,1.0,0.188,0.0,0.0,0.0,0.0,0.0,0.75,0.688,0.0,0.0,0.0,0.0,0.0,0.0,0.875,0.375,0.0,0.0,0.0,0.0,0.0,0.062,1.0,0.75,1.0,0.688,0.188,0.0,0.0,0.125,1.0,0.938,0.562,0.562,0.938,0.125,0.0,0.0,0.688,0.75,0.062,0.188,1.0,0.375,0.0,0.0,0.062,0.812,1.0,1.0,0.938,0.062,6
0.0,0.0,0.125,0.75,0.5,0.0,0.0,0.0,0.0,0.0,0.75,0.812,0.312,0.0,0.0,0.0,0.0,0.062,1.0,0.062,0.0,0.0,0.0,0.0,0.0,0.125,0.875,0.0,0.0,0.0,0.0,0.0,0.0,0.125,1.0,0.312,0.625,0.625,0.25,0.0,0.0,0.0,1.0,0.875,0.5,0.375,0.812,0.0,0.0,0.0,0.812,0.562,0.125,0.25,0.875,0.0,0.0,0.0,0.188,0.625,1.0,1.0,0.438,0.0,6
0.0,0.0,0.5,0.875,1.0,1.0,0.062,0.0,0.0,0.375,1.0,1.0,0.5,0.188,0.0,0.0,0.0,0.875,0.875,0.062,0.0,0.0,0.0,0.0,0.0,0.625,0.938,0.25,0.0,0.0,0.0,0.0,0.0,0.188,0.938,1.0,0.375,0.0,0.0,0.0,0.0,0.0,0.062,0.5,0.938,0.125,0.0,0.0,0.0,0.0,0.125,0.812,0.938,0.0,0.0,0.0,0.0,0.0,0.625,1.0,0.25,0.0,0.0,0.0,5
0.0,0.0,0.312,0.75,1.0,0.438,0.0,0.0,0.0,0.312,0.875,0.25,0.562,0.938,0.312,0.0,0.0,0.25,0.812,0.375,0.875,0.375,0.125,0.0,0.0,0.062,0.875,1.0,0.125,0.0,0.0,0.0,0.0,0.188,0.938,0.75,0.562,0.0,0.0,0.0,0.0,0.312,0.75,0.0,0.625,0.438,0.0,0.0,0.0,0.188,0.938,0.25,0.125,0.938,0.0,0.0,0.0,0.0,0.312,0.875,0.875,0.438,0.0,0.0,8
0.0,0.0,0.5,1.0,0.938,0.375,0.0,0.0,0.0,0.312,0.875,0.25,0.25,0.938,0.0,0.0,0.0,0.375,0.812,0.0,0.062,0.938,0.125,0.0,0.0,0.062,0.688,0.688,0.812,0.625,0.0,0.0,0.0,0.0,0.062,1.0,1.0,0.188,0.0,0.0,0.0,0.0,0.75,0.562,0.312,0.812,0.125,0.0,0.0,0.0,1.0,0.125,0.062,0.812,0.5,0.0,0.0,0.0,0.5,0.938,1.0,0.875,0.062,0.0,8
0.0,0.125,0.75,0.812,1.0,0.938,0.062,0.0,0.0,0.5,1.0,0.875,0.688,0.438,0.0,0.0,0.0,0.5,1.0,0.438,0.0,0.0,0.0,0.0,0.0,0.438,1.0,1.0,0.688,0.062,0.0,0.0,0.0,0.0,0.125,0.375,0.938,0.562,0.0,0.0,0.0,0.0,0.0,0.0,0.562,0.938,0.0,0.0,0.0,0.0,0.062,0.438,1.0,0.688,0.0,0.0,0.0,0.062,1.0,1.0,0.812,0.062,0.0,0.0,5
0.0,0.0,0.625,0.625,0.75,0.438,0.0,0.0,0.0,0.0,0.938,0.812,0.312,0.75,0.312,0.0,0.0,0.25,0.812,0.25,0.0,0.125,0.5,0.0,0.0,0.5,0.25,0.0,0.0,0.188,0.5,0.0,0.0,0.5,0.25,0.0,0.0,0.438,0.312,0.0,0.0,0.375,0.375,0.0,0.0,0.688,0.125,0.0,0.0,0.062,0.812,0.188,0.188,0.75,0.0,0.0,0.0,0.0,0.438,0.938,1.0,0.438,0.0,0.0,0
0.0,0.0,0.188,0.875,0.812,0.0,0.0,0.0,0.0,0.125,1.0,0.562,1.0,0.125,0.0,0.0,0.0,0.25,0.75,0.188,1.0,0.0,0.0,0.0,0.0,0.125,0.562,0.938,1.0,0.625,0.062,0.0,0.0,0.0,0.0,0.688,0.5,1.0,0.375,0.0,0.0,0.0,0.375,0.0,0.0,0.75,0.5,0.0,0.0,0.0,0.875,0.625,0.312,1.0,0.438,0.0,0.0,0.0,0.188,0.812,1.0,0.688,0.062,0.0,3
0.0,0.0,0.0,0.75,0.25,0.0,0.0,0.0,0.0,0.0,0.375,0.875,0.062,0.0,0.0,0.0,0.0,0.0,0.875,0.125,0.0,0.0,0.0,0.0,0.0,0.125,0.875,0.062,0.25,0.125,0.0,0.0,0.0,0.25,1.0,0.938,0.75,0.938,0.312,0.0,0.0,0.188,1.0,0.375,0.0,0.312,0.688,0.0,0.0,0.0,0.562,0.688,0.25,0.812,0.312,0.0,0.0,0.0,0.062,0.688,1.0,0.562,0.0,0.0,6
0.0,0.0,0.75,1.0,0.438,0.0,0.0,0.0,0.0,0.125,1.0,0.312,0.75,0.188,0.0,0.0,0.0,0.0,0.875,0.375,0.188,1.0,0.125,0.0,0.0,0.0,0.125,0.875,1.0,0.75,0.0,0.0,0.0,0.0,0.0,0.0,0.625,0.625,0.0,0.0,0.0,0.0,0.0,0.0,0.625,0.5,0.0,0.0,0.0,0.0,0.5,0.125,0.812,0.438,0.0,0.0,0.0,0.0,0.688,1.0,1.0,0.188,0.0,0.0,9
0.0,0.0,0.0,0.125,0.938,0.5,0.0,0.0,0.0,0.0,0.062,0.938,0.812,0.188,0.0,0.0,0.0,0.0,0.562,0.812,0.062,0.0,0.0,0.0,0.0,0.062,0.938,0.375,0.0,0.312,0.688,0.0,0.0,0.438,0.875,0.0,0.062,0.938,0.5,0.0,0.0,0.5,0.938,0.562,0.938,1.0,0.188,0.0,0.0,0.062,0.688,1.0,1.0,0.625,0.0,0.0,0.0,0.0,0.0,0.125,0.938,0.312,0.0,0.0,4
0.0,0.0,0.375,0.938,0.875,0.125,0.0,0.0,0.0,0.312,1.0,0.688,0.875,0.75,0.0,0.0,0.0,0.312,0.688,0.188,1.0,0.312,0.0,0.0,0.0,0.0,0.0,0.875,1.0,0.438,0.0,0.0,0.0,0.0,0.0,0.5,0.625,1.0,0.188,0.0,0.0,0.062,0.25,0.0,0.0,0.75,0.438,0.0,0.0,0.438,1.0,0.312,0.375,1.0,0.312,0.0,0.0,0.062,0.5,0.938,1.0,0.75,0.062,0.0,3
0.0,0.125,0.938,1.0,1.0,0.812,0.125,0.0,0.0,0.062,0.625,0.5,0.875,1.0,0.5,0.0,0.0,0.0,0.0,0.0,1.0,0.938,0.062,0.0,0.0,0.0,0.0,0.0,1.0,0.5,0.0,0.0,0.0,0.0,0.0,0.0,0.875,0.875,0.0,0.0,0.0,0.0,0.0,0.0,0.688,1.0,0.062,0.0,0.0,0.125,0.875,0.812,1.0,1.0,0.188,0.0,0.0,0.125,0.938,1.0,0.875,0.312,0.0,0.0,3
0.0,0.0,0.188,0.938,0.438,0.0,0.0,0.0,0.0,0.188,0.938,0.688,0.062,0.062,0.438,0.0,0.0,0.5,1.0,0.125,0.0,0.812,0.938,0.0,0.0,0.5,1.0,0.812,0.875,1.0,0.312,0.0,0.0,0.0,0.5,0.562,0.938,0.812,0.0,0.0,0.0,0.0,0.0,0.5,1.0,0.125,0.0,0.0,0.0,0.0,0.0,0.75,0.75,0.0,0.0,0.0,0.0,0.0,0.188,1.0,0.25,0.0,0.0,0.0,4
0.0,0.0,0.125,0.812,1.0,0.812,0.25,0.0,0.0,0.0,0.562,0.688,0.562,1.0,0.438,0.0,0.0,0.125,0.938,0.125,0.125,0.938,0.125,0.0,0.0,0.188,0.188,0.0,0.5,0.812,0.125,0.0,0.0,0.0,0.062,0.812,1.0,1.0,0.625,0.0,0.0,0.0,0.0,0.688,0.812,0.312,0.062,0.0,0.0,0.0,0.0,0.688,0.375,0.0,0.0,0.0,0.0,0.0,0.188,0.938,0.125,0.0,0.0,0.0,7
0.0,0.0,0.125,0.875,0.312,0.0,0.0,0.0,0.0,0.0,0.562,0.75,0.0,0.0,0.0,0.0,0.0,0.062,0.938,0.062,0.0,0.0,0.0,0.0,0.0,0.188,0.938,0.0,0.0,0.0,0.0,0.0,0.0,0.375,1.0,1.0,1.0,0.812,0.062,0.0,0.0,0.125,1.0,0.5,0.25,0.438,0.688,0.0,0.0,0.0,0.75,0.688,0.062,0.5,0.688,0.0,0.0,0.0,0.188,0.75,1.0,0.938,0.25,0.0,6
0.0,0.0,0.0,0.312,0.562,0.0,0.0,0.0,0.0,0.0,0.125,0.875,0.875,0.125,0.0,0.0,0.0,0.0,0.375,0.875,0.688,0.75,0.0,0.0,0.0,0.188,0.938,0.188,0.688,0.625,0.0,0.0,0.0,0.5,0.688,0.0,0.812,0.625,0.125,0.0,0.0,0.625,1.0,1.0,1.0,0.938,0.188,0.0,0.0,0.0,0.25,0.625,0.938,0.0,0.0,0.0,0.0,0.0,0.0,0.5,0.562,0.0,0.0,0.0,4
0.0,0.0,0.0,0.438,0.812,0.5,0.0,0.0,0.0,0.0,0.125,1.0,0.5,0.938,0.0,0.0,0.0,0.0,0.25,0.75,0.5,0.688,0.0,0.0,0.0,0.0,0.125,1.0,1.0,0.188,0.0,0.0,0.0,0.0,0.312,1.0,1.0,0.125,0.0,0.0,0.0,0.125,1.0,0.438,0.562,0.688,0.0,0.0,0.0,0.0,0.562,0.75,0.062,0.875,0.375,0.0,0.0,0.0,0.0,0.375,0.938,0.938,0.75,0.0,8
0.0,0.0,0.0,0.062,0.75,0.375,0.0,0.0,0.0,0.0,0.0,0.688,0.938,0.125,0.0,0.0,0.0,0.0,0.5,1.0,0.375,0.062,0.125,0.0,0.0,0.25,1.0,0.562,0.062,0.938,0.562,0.0,0.0,0.812,0.938,0.375,0.625,1.0,0.375,0.0,0.0,0.75,1.0,1.0,1.0,1.0,0.062,0.0,0.0,0.062,0.438,0.25,0.875,0.812,0.0,0.0,0.0,0.0,0.0,0.0,0.875,0.562,0.0,0.0,4
0.0,0.0,0.125,0.875,0.812,0.125,0.0,0.0,0.0,0.0,0.688,1.0,0.938,0.812,0.0,0.0,0.0,0.0,0.812,0.812,0.062,1.0,0.188,0.0,0.0,0.0,0.75,0.812,0.0,0.938,0.375,0.0,0.0,0.062,1.0,0.438,0.062,1.0,0.25,0.0,0.0,0.062,1.0,0.312,0.5,1.0,0.062,0.0,0.0,0.0,0.938,0.812,0.938,0.812,0.0,0.0,0.0,0.0,0.188,0.938,0.938,0.125,0.0,0.0,0
0.0,0.0,0.188,0.75,0.75,0.188,0.0,0.0,0.0,0.0,0.25,1.0,1.0,0.25,0.0,0.0,0.0,0.0,0.312,1.0,1.0,0.312,0.0,0.0,0.0,0.0,0.688,1.0,0.938,0.0,0.0,0.0,0.0,0.0,0.75,1.0,0.875,0.0,0.0,0.0,0.0,0.0,0.812,1.0,0.562,0.0,0.0,0.0,0.0,0.0,0.438,1.0,0.625,0.062,0.0,0.0,0.0,0.0,0.312,0.812,0.875,0.25,0.0,0.0,1
0.0,0.25,1.0,0.938,0.062,0.0,0.0,0.0,0.0,0.375,0.875,1.0,0.25,0.0,0.0,0.0,0.0,0.0,0.0,1.0,0.5,0.0,0.0,0.0,0.0,0.0,0.188,1.0,0.375,0.0,0.0,0.0,0.0,0.0,0.375,1.0,0.062,0.0,0.0,0.0,0.0,0.0,0.812,0.688,0.0,0.0,0.0,0.0,0.0,0.188,1.0,1.0,0.75,0.625,0.312,0.0,0.0,0.188,1.0,1.0,1.0,1.0,0.5,0.0,2
0.0,0.0,0.312,0.812,0.062,0.0,0.0,0.0,0.0,0.0,0.75,0.812,0.062,0.0,0.0,0.0,0.0,0.0,1.0,0.188,0.0,0.0,0.0,0.0,0.0,0.188,1.0,0.0,0.0,0.0,0.0,0.0,0.0,0.188,1.0,1.0,0.875,0.562,0.0,0.0,0.0,0.125,1.0,0.5,0.188,0.5,0.562,0.0,0.0,0.0,0.875,0.125,0.0,0.188,1.0,0.062,0.0,0.0,0.375,0.938,1.0,0.875,0.312,0.0,6
0.0,0.0,0.125,0.875,0.875,0.0,0.0,0.0,0.0,0.0,0.062,0.938,1.0,0.125,0.0,0.0,0.0,0.0,0.0,0.875,1.0,0.188,0.0,0.0,0.0,0.0,0.0,0.625,1.0,0.312,0.0,0.0,0.0,0.0,0.0,0.75,0.875,0.062,0.0,0.0,0.0,0.0,0.0,0.812,0.812,0.0,0.0,0.0,0.0,0.0,0.062,1.0,0.688,0.0,0.0,0.0,0.0,0.0,0.125,0.938,0.75,0.0,0.0,0.0,1
0.0,0.0,0.188,0.75,1.0,0.812,0.0,0.0,0.0,0.062,0.875,0.562,0.625,0.812,0.0,0.0,0.0,0.0,0.125,0.0,0.625,0.625,0.0,0.0,0.0,0.0,0.188,0.438,0.938,1.0,0.625,0.0,0.0,0.0,1.0,1.0,0.938,0.188,0.0,0.0,0.0,0.0,0.188,0.812,0.438,0.0,0.0,0.0,0.0,0.0,0.0,1.0,0.125,0.0,0.0,0.0,0.0,0.0,0.25,0.938,0.0,0.0,0.0,0.0,7
0.0,0.0,0.25,0.375,0.688,0.312,0.0,0.0,0.0,0.125,0.875,0.438,0.125,0.938,0.0,0.0,0.0,0.25,0.5,0.0,0.0,0.625,0.125,0.0,0.0,0.0,0.875,0.5,0.5,0.812,0.062,0.0,0.0,0.0,0.938,0.625,1.0,0.438,0.0,0.0,0.0,0.062,0.625,0.0,0.062,0.625,0.25,0.0,0.0,0.0,0.75,0.125,0.0,0.375,0.5,0.0,0.0,0.0,0.375,0.625,0.688,0.438,0.062,0.0,8
0.0,0.0,0.25,0.625,0.688,0.25,0.0,0.0,0.0,0.062,0.688,1.0,1.0,0.875,0.0,0.0,0.0,0.25,1.0,1.0,1.0,0.75,0.0,0.0,0.0,0.25,1.0,1.0,1.0,0.438,0.0,0.0,0.0,0.25,1.0,1.0,1.0,0.5,0.0,0.0,0.0,0.25,1.0,1.0,1.0,0.438,0.0,0.0,0.0,0.188,0.938,1.0,1.0,0.75,0.0,0.0,0.0,0.0,0.312,0.75,0.75,0.75,0.062,0.0,1
0.0,0.0,0.125,0.812,0.938,0.5,0.0,0.0,0.0,0.0,0.625,0.875,0.625,0.688,0.5,0.0,0.0,0.0,1.0,0.062,0.0,0.0,0.562,0.0,0.0,0.188,0.812,0.0,0.0,0.0,0.5,0.0,0.0,0.25,0.75,0.0,0.0,0.062,0.5,0.0,0.0,0.312,0.75,0.0,0.0,0.625,0.0,0.0,0.0,0.0,0.938,0.5,0.438,0.625,0.0,0.0,0.0,0.0,0.25,0.875,0.875,0.062,0.0,0.0,0
0.0,0.125,0.688,0.812,0.688,0.125,0.0,0.0,0.0,0.438,0.75,0.25,0.812,0.5,0.0,0.0,0.0,0.375,0.812,0.312,0.875,0.812,0.0,0.0,0.0,0.0,0.188,0.688,0.562,0.688,0.312,0.0,0.0,0.0,0.0,0.0,0.0,0.5,0.5,0.0,0.0,0.0,0.0,0.0,0.0,0.188,0.688,0.0,0.0,0.0,0.125,0.0,0.062,0.562,0.625,0.0,0.0,0.062,0.938,1.0,1.0,0.875,0.125,0.0,9
0.0,0.0,0.062,0.938,0.875,0.062,0.0,0.0,0.0,0.125,0.812,1.0,1.0,0.188,0.0,0.0,0.0,0.312,1.0,1.0,1.0,0.25,0.0,0.0,0.0,0.25,1.0,1.0,1.0,0.062,0.0,0.0,0.0,0.0,0.438,1.0,0.812,0.0,0.0,0.0,0.0,0.0,0.312,1.0,0.688,0.0,0.0,0.0,0.0,0.0,0.25,1.0,0.625,0.0,0.0,0.0,0.0,0.0,0.125,1.0,0.688,0.0,0.0,0.0,1
0.0,0.0,0.0,0.0,0.688,0.75,0.0,0.0,0.0,0.0,0.0,0.188,0.938,0.875,0.0,0.0,0.0,0.0,0.0,0.688,1.0,0.688,0.0,0.0,0.0,0.0,0.562,1.0,1.0,0.625,0.0,0.0,0.0,0.25,1.0,0.75,1.0,0.75,0.0,0.0,0.0,0.188,0.625,0.188,1.0,0.688,0.0,0.0,0.0,0.0,0.0,0.0,1.0,0.875,0.0,0.0,0.0,0.0,0.0,0.0,0.688,0.688,0.0,0.0,1
0.0,0.312,0.938,0.75,0.75,0.75,0.25,0.0,0.0,0.625,0.875,0.75,0.75,0.562,0.438,0.0,0.0,0.75,0.688,0.0,0.0,0.0,0.0,0.0,0.0,0.312,0.938,0.625,0.0,0.0,0.0,0.0,0.0,0.0,0.188,1.0,0.188,0.0,0.0,0.0,0.0,0.0,0.0,0.938,0.25,0.0,0.0,0.0,0.0,0.062,0.438,1.0,0.25,0.0,0.0,0.0,0.0,0.25,0.938,0.75,0.0,0.0,0.0,0.0,5
0.0,0.0,0.25,0.562,0.812,0.812,0.0,0.0,0.0,0.062,0.812,0.938,0.375,0.125,0.0,0.0,0.0,0.0,0.562,0.438,0.0,0.0,0.0,0.0,0.0,0.0,0.812,0.188,0.25,0.0,0.0,0.0,0.0,0.125,1.0,1.0,1.0,0.5,0.0,0.0,0.0,0.125,0.688,0.188,0.0,0.625,0.25,0.0,0.0,0.0,0.125,0.312,0.25,0.938,0.062,0.0,0.0,0.0,0.188,0.75,0.875,0.5,0.0,0.0,5
0.0,0.125,0.812,1.0,0.938,0.062,0.0,0.0,0.0,0.438,0.812,0.625,1.0,0.25,0.0,0.0,0.0,0.0,0.0,0.5,1.0,0.125,0.0,0.0,0.0,0.0,0.5,1.0,1.0,0.625,0.0,0.0,0.0,0.0,0.062,0.25,0.625,1.0,0.5,0.0,0.0,0.0,0.0,0.0,0.0,1.0,0.562,0.0,0.0,0.125,0.75,0.375,0.375,1.0,0.375,0.0,0.0,0.062,0.938,1.0,1.0,0.562,0.062,0.0,3
0.0,0.0,0.75,0.812,0.75,0.75,0.75,0.0,0.0,0.0,1.0,0.812,0.75,0.688,0.688,0.0,0.0,0.0,1.0,0.812,0.688,0.125,0.0,0.0,0.0,0.188,1.0,0.875,1.0,0.438,0.0,0.0,0.0,0.0,0.0,0.0,0.688,0.688,0.0,0.0,0.0,0.0,0.0,0.0,0.5,0.688,0.0,0.0,0.0,0.062,0.875,0.688,0.938,0.562,0.0,0.0,0.0,0.0,0.625,0.875,0.75,0.0,0.0,0.0,5
0.0,0.0,0.375,0.562,0.688,0.562,0.0,0.0,0.0,0.812,1.0,0.938,0.938,0.938,0.0,0.0,0.0,0.25,0.312,0.125,0.938,0.375,0.0,0.0,0.0,0.0,0.0,0.188,0.938,0.375,0.0,0.0,0.0,0.0,0.0,0.0,0.375,0.938,0.375,0.0,0.0,0.0,0.0,0.0,0.0,0.312,0.75,0.0,0.0,0.0,0.0,0.312,0.812,1.0,0.562,0.0,0.0,0.0,0.188,0.812,0.75,0.438,0.062,0.0,3
0.0,0.0,0.188,0.938,0.188,0.0,0.0,0.0,0.0,0.0,0.875,1.0,0.062,0.0,0.0,0.0,0.0,0.5,1.0,0.375,0.0,0.5,0.312,0.0,0.0,0.75,0.875,0.0,0.312,1.0,0.5,0.0,0.0,0.75,0.938,0.875,1.0,0.812,0.0,0.0,0.0,0.062,0.688,0.875,1.0,0.312,0.0,0.0,0.0,0.0,0.25,0.938,0.625,0.0,0.0,0.0,0.0,0.0,0.25,1.0,0.312,0.0,0.0,0.0,4
0.0,0.0,0.188,0.938,0.875,0.062,0.0,0.0,0.0,0.0,0.812,1.0,1.0,0.375,0.0,0.0,0.0,0.0,0.25,0.25,1.0,0.5,0.0,0.0,0.0,0.0,0.0,0.062,1.0,0.625,0.062,0.0,0.0,0.0,0.438,1.0,1.0,1.0,0.5,0.0,0.0,0.0,0.75,0.938,1.0,0.375,0.0,0.0,0.0,0.0,0.0,0.875,0.688,0.0,0.0,0.0,0.0,0.0,0.25,0.75,0.062,0.0,0.0,0.0,7
0.0,0.0,0.125,0.875,0.062,0.0,0.0,0.0,0.0,0.0,0.5,0.75,0.0,0.0,0.0,0.0,0.0,0.0,0.75,0.312,0.0,0.0,0.0,0.0,0.0,0.125,0.875,0.0,0.0,0.0,0.0,0.0,0.0,0.0,0.625,0.0,0.375,0.438,0.125,0.0,0.0,0.25,0.75,0.812,0.938,0.875,0.75,0.0,0.0,0.0,0.812,0.75,0.125,0.688,0.875,0.0,0.0,0.0,0.188,0.812,1.0,0.812,0.062,0.0,6
0.0,0.0,0.0,0.438,0.875,0.0,0.0,0.0,0.0,0.0,0.25,1.0,0.312,0.0,0.0,0.0,0.0,0.0,0.875,0.562,0.0,0.0,0.625,0.188,0.0,0.438,0.938,0.0,0.0,0.562,0.938,0.0,0.0,0.75,0.938,0.5,0.625,0.938,0.625,0.0,0.0,0.5,0.938,0.75,1.0,0.75,0.062,0.0,0.0,0.0,0.0,0.312,0.938,0.188,0.0,0.0,0.0,0.0,0.0,0.562,0.812,0.0,0.0,0.0,4
0.0,0.0,0.125,0.75,0.438,0.0,0.0,0.0,0.0,0.0,0.938,0.875,0.938,0.375,0.0,0.0,0.0,0.375,0.625,0.25,0.125,0.875,0.062,0.0,0.0,0.5,0.5,0.0,0.0,0.5,0.312,0.0,0.0,0.438,0.5,0.0,0.0,0.25,0.5,0.0,0.0,0.125,0.875,0.0,0.0,0.312,0.375,0.0,0.0,0.0,0.562,0.75,0.25,0.875,0.188,0.0,0.0,0.0,0.062,0.812,0.938,0.562,0.0,0.0,0
0.0,0.0,0.25,0.875,1.0,0.25,0.0,0.0,0.0,0.188,1.0,1.0,1.0,0.375,0.0,0.0,0.0,0.5,1.0,0.75,1.0,0.438,0.0,0.0,0.0,0.188,0.312,0.75,0.938,0.0,0.0,0.0,0.0,0.0,0.0,0.938,0.75,0.0,0.0,0.0,0.0,0.0,0.375,1.0,0.125,0.0,0.0,0.0,0.0,0.0,0.5,1.0,0.75,0.312,0.062,0.0,0.0,0.0,0.25,1.0,1.0,0.938,0.25,0.0,2
0.0,0.0,0.125,0.688,0.938,0.125,0.0,0.0,0.0,0.0,0.75,0.375,0.688,0.562,0.0,0.0,0.0,0.25,0.688,0.0,0.438,1.0,0.0,0.0,0.0,0.312,0.375,0.0,0.062,1.0,0.375,0.0,0.0,0.312,0.25,0.0,0.0,0.625,0.438,0.0,0.0,0.0,0.625,0.0,0.0,0.625,0.312,0.0,0.0,0.0,0.812,0.125,0.375,0.75,0.0,0.0,0.0,0.0,0.25,1.0,0.75,0.062,0.0,0.0,0
0.0,0.0,0.375,0.5,0.688,0.875,0.875,0.0,0.0,0.062,1.0,1.0,0.812,0.75,0.438,0.0,0.0,0.0,1.0,0.438,0.062,0.0,0.0,0.0,0.0,0.25,1.0,1.0,0.938,0.062,0.0,0.0,0.0,0.062,0.312,0.375,0.812,0.562,0.0,0.0,0.0,0.0,0.375,0.0,0.75,0.562,0.0,0.0,0.0,0.0,0.75,0.625,1.0,0.25,0.0,0.0,0.0,0.0,0.625,0.875,0.5,0.0,0.0,0.0,5
0.0,0.0,0.188,0.688,0.938,0.5,0.0,0.0,0.0,0.188,0.875,0.625,0.312,0.938,0.125,0.0,0.0,0.5,0.625,0.0,0.188,1.0,0.25,0.0,0.0,0.5,0.562,0.062,0.625,1.0,0.438,0.0,0.0,0.062,0.938,1.0,0.562,0.562,0.438,0.0,0.0,0.0,0.0,0.0,0.0,0.312,0.5,0.0,0.0,0.0,0.25,0.375,0.312,0.812,0.438,0.0,0.0,0.0,0.188,1.0,0.938,0.5,0.062,0.0,9
0.0,0.0,0.0,0.188,0.938,0.312,0.0,0.0,0.0,0.0,0.062,0.938,0.688,0.0,0.0,0.0,0.0,0.0,0.625,0.938,0.125,0.188,0.0,0.0,0.0,0.312,1.0,0.25,0.375,1.0,0.062,0.0,0.0,0.625,0.938,0.25,0.562,1.0,0.125,0.0,0.0,0.75,1.0,1.0,1.0,0.812,0.125,0.0,0.0,0.062,0.25,0.438,1.0,0.25,0.0,0.0,0.0,0.0,0.0,0.25,0.938,0.0,0.0,0.0,4
0.0,0.0,0.0,0.438,0.812,0.562,0.062,0.0,0.0,0.0,0.438,0.938,0.5,0.938,0.312,0.0,0.0,0.062,0.938,0.125,0.0,0.625,0.5,0.0,0.0,0.25,0.75,0.0,0.0,0.75,0.438,0.0,0.0,0.312,0.562,0.0,0.0,0.875,0.188,0.0,0.0,0.25,0.875,0.0,0.0,0.688,0.0,0.0,0.0,0.062,1.0,0.5,0.5,0.688,0.0,0.0,0.0,0.0,0.125,0.688,0.875,0.312,0.0,0.0,0
0.0,0.0,0.062,0.625,0.0,0.0,0.0,0.0,0.0,0.0,0.25,0.938,0.0,0.0,0.0,0.0,0.0,0.0,0.625,0.688,0.0,0.0,0.0,0.0,0.0,0.0,0.812,0.562,0.188,0.125,0.0,0.0,0.0,0.0,0.812,1.0,1.0,0.938,0.25,0.0,0.0,0.0,0.812,0.812,0.375,0.25,0.75,0.0,0.0,0.0,0.562,0.688,0.312,0.562,0.938,0.125,0.0,0.0,0.125,0.75,1.0,0.75,0.375,0.0,6
0.0,0.0,0.562,1.0,0.812,0.062,0.0,0.0,0.0,0.5,1.0,0.5,0.688,0.5,0.0,0.0,0.0,0.688,0.625,0.0,0.5,0.625,0.0,0.0,0.0,0.062,0.312,0.0,0.688,0.688,0.0,0.0,0.0,0.0,0.0,0.0,0.812,0.562,0.0,0.0,0.0,0.0,0.0,0.25,1.0,0.125,0.0,0.0,0.0,0.0,0.25,0.875,0.938,0.438,0.25,0.062,0.0,0.0,0.5,1.0,1.0,1.0,1.0,0.75,2
0.0,0.0,0.312,1.0,0.938,0.188,0.0,0.0,0.0,0.0,0.812,0.938,0.875,0.438,0.0,0.0,0.0,0.0,0.812,0.25,0.812,0.5,0.0,0.0,0.0,0.0,0.0,0.0,1.0,0.312,0.0,0.0,0.0,0.0,0.0,0.438,1.0,0.0,0.0,0.0,0.0,0.0,0.375,0.938,0.562,0.0,0.0,0.0,0.0,0.125,1.0,1.0,1.0,0.562,0.812,0.188,0.0,0.0,0.312,0.125,0.562,1.0,0.875,0.188,2
0.0,0.0,0.188,0.25,0.625,0.0,0.0,0.0,0.0,0.188,0.938,0.5,0.875,0.188,0.0,0.0,0.0,0.5,0.438,0.0,0.625,0.375,0.0,0.0,0.0,0.188,0.688,0.5,0.938,0.688,0.0,0.0,0.0,0.0,0.062,0.438,0.188,0.812,0.188,0.0,0.0,0.0,0.0,0.0,0.0,0.375,0.562,0.0,0.0,0.0,0.562,0.375,0.062,0.0,1.0,0.0,0.0,0.0,0.0,0.188,0.688,1.0,1.0,0.188,9
0.0,0.0,0.125,0.812,0.688,0.0,0.0,0.0,0.0,0.0,0.688,0.875,0.688,0.562,0.0,0.0,0.0,0.0,0.938,0.438,0.375,0.75,0.0,0.0,0.0,0.0,0.5,0.312,0.562,0.75,0.0,0.0,0.0,0.0,0.0,0.062,0.875,0.438,0.0,0.0,0.0,0.0,0.0,0.438,1.0,0.0,0.0,0.0,0.0,0.0,0.062,0.75,0.75,0.25,0.25,0.062,0.0,0.0,0.062,0.938,1.0,1.0,1.0,0.438,2
0.0,0.0,0.0,0.688,0.5,0.0,0.0,0.0,0.0,0.0,0.125,1.0,0.312,0.0,0.0,0.0,0.0,0.0,0.75,0.625,0.25,0.625,0.0,0.0,0.0,0.375,0.938,0.125,0.938,0.5,0.0,0.0,0.0,0.625,0.75,0.25,1.0,0.438,0.375,0.0,0.0,0.625,1.0,0.938,1.0,0.875,0.375,0.0,0.0,0.188,0.5,1.0,0.562,0.0,0.0,0.0,0.0,0.0,0.0,0.875,0.688,0.0,0.0,0.0,4
0.0,0.0,0.75,1.0,1.0,0.5,0.0,0.0,0.0,0.188,1.0,0.812,0.5,0.312,0.0,0.0,0.0,0.125,1.0,0.188,0.0,0.0,0.0,0.0,0.0,0.0,1.0,0.812,0.562,0.0,0.0,0.0,0.0,0.0,0.625,1.0,1.0,0.438,0.0,0.0,0.0,0.0,0.0,0.062,0.625,0.812,0.0,0.0,0.0,0.0,0.125,0.688,1.0,0.625,0.0,0.0,0.0,0.0,0.688,1.0,0.75,0.0,0.0,0.0,5
0.0,0.0,0.125,1.0,0.625,0.0,0.0,0.0,0.0,0.0,0.25,1.0,1.0,0.312,0.0,0.0,0.0,0.0,0.5,1.0,1.0,0.188,0.0,0.0,0.0,0.0,0.562,1.0,1.0,0.188,0.0,0.0,0.0,0.0,0.5,1.0,1.0,0.188,0.0,0.0,0.0,0.0,0.5,1.0,1.0,0.062,0.0,0.0,0.0,0.0,0.312,1.0,0.875,0.0,0.0,0.0,0.0,0.0,0.062,0.75,1.0,0.188,0.0,0.0,1
0.0,0.0,0.625,0.938,0.875,0.25,0.0,0.0,0.0,0.0,0.25,0.375,0.812,1.0,0.125,0.0,0.0,0.0,0.0,0.188,1.0,0.562,0.0,0.0,0.0,0.0,0.0,0.062,1.0,0.375,0.0,0.0,0.0,0.0,0.0,0.0,0.625,0.75,0.0,0.0,0.0,0.0,0.0,0.0,0.062,1.0,0.25,0.0,0.0,0.062,0.562,0.312,0.375,1.0,0.438,0.0,0.0,0.0,0.875,0.75,0.938,0.688,0.125,0.0,3
0.0,0.0,0.0,0.375,0.938,0.062,0.0,0.0,0.0,0.0,0.312,1.0,0.625,0.0,0.5,0.375,0.0,0.125,1.0,0.688,0.0,0.562,1.0,0.375,0.0,0.5,1.0,0.875,0.875,1.0,0.812,0.062,0.0,0.375,0.75,0.75,0.75,1.0,0.188,0.0,0.0,0.0,0.0,0.0,0.812,0.688,0.0,0.0,0.0,0.0,0.0,0.375,1.0,0.312,0.0,0.0,0.0,0.0,0.0,0.625,0.875,0.0,0.0,0.0,4
0.0,0.0,0.0,0.688,1.0,1.0,0.625,0.0,0.0,0.0,0.625,0.75,0.562,0.938,0.562,0.0,0.0,0.0,0.812,0.5,0.0,0.75,0.312,0.0,0.0,0.0,0.375,0.0,0.25,0.75,0.0,0.0,0.0,0.0,0.125,0.938,1.0,1.0,0.562,0.0,0.0,0.0,0.375,0.812,0.938,0.562,0.062,0.0,0.0,0.0,0.0,0.562,0.562,0.0,0.0,0.0,0.0,0.0,0.062,0.875,0.25,0.0,0.0,0.0,7
0.0,0.0,0.375,1.0,0.812,0.75,0.875,0.062,0.0,0.0,0.875,0.25,0.25,0.938,0.25,0.0,0.0,0.062,0.438,0.0,0.625,0.438,0.0,0.0,0.0,0.0,0.0,0.125,0.812,0.062,0.0,0.0,0.0,0.125,0.562,0.875,1.0,0.75,0.0,0.0,0.0,0.25,0.375,0.938,0.125,0.25,0.062,0.0,0.0,0.0,0.375,0.438,0.0,0.0,0.0,0.0,0.0,0.0,0.625,0.25,0.0,0.0,0.0,0.0,7
0.0,0.0,0.438,0.688,0.938,0.562,0.0,0.0,0.0,0.0,0.938,0.938,0.25,0.688,0.25,0.0,0.0,0.188,0.688,0.312,0.0,0.125,0.625,0.0,0.0,0.438,0.5,0.0,0.0,0.188,0.5,0.0,0.0,0.375,0.5,0.0,0.0,0.25,0.5,0.0,0.0,0.312,0.5,0.0,0.0,0.5,0.312,0.0,0.0,0.062,0.75,0.125,0.062,0.812,0.0,0.0,0.0,0.0,0.312,1.0,0.875,0.188,0.0,0.0,0
0.0,0.0,0.25,1.0,1.0,0.562,0.0,0.0,0.0,0.0,0.062,0.562,0.625,1.0,0.062,0.0,0.0,0.0,0.0,0.312,0.938,1.0,0.062,0.0,0.0,0.0,0.0,0.625,1.0,0.312,0.0,0.0,0.0,0.0,0.0,0.125,1.0,0.375,0.0,0.0,0.0,0.0,0.0,0.0,0.625,0.625,0.0,0.0,0.0,0.0,0.688,0.5,0.75,0.875,0.062,0.0,0.0,0.0,0.312,0.812,1.0,0.938,0.0,0.0,3
0.0,0.0,0.5,0.938,0.688,0.062,0.0,0.0,0.0,0.0,0.625,0.25,0.625,0.375,0.0,0.0,0.0,0.0,0.0,0.062,0.812,0.375,0.0,0.0,0.0,0.0,0.0,0.938,1.0,0.125,0.0,0.0,0.0,0.0,0.0,0.25,0.5,0.938,0.062,0.0,0.0,0.062,0.062,0.0,0.0,0.562,0.438,0.0,0.0,0.25,0.812,0.312,0.188,0.625,0.5,0.0,0.0,0.0,0.438,0.875,1.0,0.938,0.125,0.0,3
0.0,0.125,0.0,0.5,0.562,0.0,0.0,0.0,0.0,0.812,0.312,0.875,0.5,0.438,0.0,0.0,0.0,0.75,0.312,0.125,0.0,0.562,0.0,0.0,0.0,0.438,0.312,0.0,0.0,0.188,0.312,0.0,0.0,0.188,0.625,0.0,0.0,0.125,0.625,0.0,0.0,0.062,0.812,0.0,0.0,0.062,0.75,0.0,0.0,0.0,0.312,0.812,0.312,0.562,0.812,0.0,0.0,0.0,0.0,0.562,1.0,1.0,0.438,0.0,0
0.0,0.0,0.188,0.75,0.75,0.062,0.0,0.0,0.0,0.188,0.812,0.375,0.562,0.75,0.0,0.0,0.0,0.562,0.312,0.0,0.125,0.938,0.0,0.0,0.0,0.438,0.562,0.25,0.75,1.0,0.062,0.0,0.0,0.0,0.562,0.688,0.188,0.625,0.125,0.0,0.0,0.0,0.0,0.0,0.0,0.688,0.188,0.0,0.0,0.0,0.625,0.125,0.062,0.812,0.0,0.0,0.0,0.0,0.188,0.812,1.0,0.25,0.0,0.0,9
0.0,0.0,0.0,0.0,0.188,0.875,0.188,0.0,0.0,0.0,0.0,0.062,0.875,1.0,0.312,0.0,0.0,0.062,0.562,0.938,1.0,1.0,0.25,0.0,0.0,0.25,0.75,0.438,0.188,1.0,0.25,0.0,0.0,0.0,0.0,0.0,0.25,1.0,0.25,0.0,0.0,0.0,0.0,0.0,0.25,1.0,0.25,0.0,0.0,0.0,0.0,0.0,0.375,1.0,0.25,0.0,0.0,0.0,0.0,0.0,0.312,1.0,0.25,0.0,1
0.0,0.125,0.938,0.938,0.312,0.0,0.0,0.0,0.0,0.312,1.0,1.0,0.688,0.0,0.0,0.0,0.0,0.562,0.938,1.0,0.75,0.0,0.0,0.0,0.0,0.0,0.25,1.0,0.375,0.0,0.0,0.0,0.0,0.0,0.5,1.0,0.125,0.0,0.0,0.0,0.0,0.062,0.875,0.812,0.0,0.0,0.0,0.0,0.0,0.25,1.0,0.875,0.875,1.0,0.312,0.0,0.0,0.125,0.875,1.0,0.812,0.562,0.062,0.0,2
0.0,0.0,0.188,0.875,1.0,0.562,0.0,0.0,0.0,0.0,0.812,0.625,0.375,1.0,0.438,0.0,0.0,0.312,1.0,0.188,0.125,0.875,0.375,0.0,0.0,0.0,0.625,1.0,1.0,1.0,0.25,0.0,0.0,0.0,0.0,0.0,0.0,0.75,0.312,0.0,0.0,0.0,0.0,0.0,0.0,0.812,0.25,0.0,0.0,0.188,0.688,0.125,0.312,0.938,0.0,0.0,0.0,0.0,0.25,0.75,1.0,0.625,0.0,0.0,9
0.0,0.0,0.188,0.625,0.938,0.5,0.0,0.0,0.0,0.0,0.75,0.875,0.5,0.062,0.0,0.0,0.0,0.062,1.0,0.188,0.0,0.0,0.0,0.0,0.0,0.125,1.0,0.562,0.688,1.0,0.188,0.0,0.0,0.25,1.0,0.875,0.562,0.938,0.438,0.0,0.0,0.062,0.25,0.0,0.0,0.938,0.188,0.0,0.0,0.0,0.0,0.188,0.75,0.5,0.0,0.0,0.0,0.0,0.125,0.625,0.5,0.0,0.0,0.0,5
0.0,0.0,0.0,0.312,0.875,0.0,0.0,0.0,0.0,0.0,0.0,0.812,0.875,0.75,0.0,0.0,0.0,0.0,0.438,0.812,0.375,0.812,0.0,0.0,0.0,0.125,1.0,0.188,0.625,0.688,0.0,0.0,0.0,0.375,1.0,0.812,1.0,1.0,0.312,0.0,0.0,0.125,0.5,0.562,1.0,0.688,0.125,0.0,0.0,0.0,0.0,0.188,1.0,0.0,0.0,0.0,0.0,0.0,0.0,0.438,0.75,0.0,0.0,0.0,4
0.0,0.0,0.688,1.0,1.0,0.75,0.0,0.0,0.0,0.188,1.0,0.438,0.875,1.0,0.062,0.0,0.0,0.0,0.938,0.875,0.938,1.0,0.375,0.0,0.0,0.0,0.125,0.625,0.562,0.938,0.562,0.0,0.0,0.0,0.0,0.0,0.0,0.562,0.625,0.0,0.0,0.0,0.0,0.0,0.0,0.75,0.5,0.0,0.0,0.0,0.375,0.688,0.375,0.938,0.312,0.0,0.0,0.0,0.562,1.0,1.0,0.75,0.0,0.0,9
0.0,0.0,0.25,0.875,1.0,0.938,0.062,0.0,0.0,0.312,1.0,0.5,0.25,1.0,0.438,0.0,0.0,0.5,0.812,0.0,0.25,1.0,0.75,0.0,0.0,0.438,1.0,0.938,1.0,0.812,0.188,0.0,0.0,0.0,0.375,0.75,1.0,0.25,0.0,0.0,0.0,0.0,0.0,0.688,0.75,0.0,0.0,0.0,0.0,0.0,0.0,1.0,0.438,0.0,0.0,0.0,0.0,0.0,0.188,1.0,0.125,0.0,0.0,0.0,9
0.0,0.0,0.25,0.688,0.75,0.875,0.0,0.0,0.0,0.0,0.938,0.75,0.875,1.0,0.25,0.0,0.0,0.0,1.0,0.562,1.0,0.812,0.188,0.0,0.0,0.0,0.312,0.75,0.688,0.75,0.438,0.0,0.0,0.0,0.0,0.0,0.0,0.5,0.5,0.0,0.0,0.0,0.0,0.0,0.0,0.625,0.438,0.0,0.0,0.375,0.812,0.25,0.0,0.875,0.25,0.0,0.0,0.0,0.438,0.812,1.0,0.875,0.062,0.0,9
0.0,0.0,0.188,0.938,0.562,0.0,0.0,0.0,0.0,0.0,0.875,0.5,0.688,0.312,0.0,0.0,0.0,0.188,1.0,0.188,0.062,0.875,0.125,0.0,0.0,0.312,0.75,0.0,0.0,0.75,0.25,0.0,0.0,0.125,0.75,0.0,0.0,0.375,0.5,0.0,0.0,0.125,0.875,0.0,0.0,0.75,0.312,0.0,0.0,0.0,0.75,0.5,0.312,0.938,0.0,0.0,0.0,0.0,0.062,0.812,0.875,0.312,0.0,0.0,0
0.0,0.0,0.188,0.812,0.375,0.0,0.0,0.0,0.0,0.0,0.625,0.938,0.125,0.0,0.0,0.0,0.0,0.125,0.938,0.188,0.0,0.0,0.0,0.0,0.0,0.25,0.875,0.0,0.0,0.0,0.0,0.0,0.0,0.25,0.875,0.875,1.0,0.812,0.125,0.0,0.0,0.188,1.0,0.562,0.062,0.25,0.75,0.0,0.0,0.0,0.875,0.625,0.312,0.688,0.688,0.0,0.0,0.0,0.188,0.812,0.938,0.5,0.0,0.0,6
0.0,0.0,0.125,0.812,0.812,0.062,0.0,0.0,0.0,0.0,0.75,1.0,0.562,0.0,0.0,0.0,0.0,0.0,1.0,0.688,0.0,0.0,0.0,0.0,0.0,0.25,1.0,0.5,0.0,0.0,0.0,0.0,0.0,0.375,1.0,0.562,0.188,0.0,0.0,0.0,0.0,0.188,1.0,0.875,0.75,0.812,0.25,0.0,0.0,0.0,0.875,0.625,0.0,0.625,0.938,0.0,0.0,0.0,0.125,0.75,1.0,0.812,0.438,0.0,6
0.0,0.0,0.0,0.688,0.25,0.0,0.0,0.0,0.0,0.0,0.062,1.0,0.25,0.188,0.0,0.0,0.0,0.0,0.625,0.562,1.0,0.25,0.0,0.0,0.0,0.125,0.875,0.312,1.0,0.125,0.0,0.0,0.0,0.5,0.812,0.438,1.0,0.688,0.125,0.0,0.0,0.625,1.0,1.0,1.0,0.875,0.062,0.0,0.0,0.0,0.0,0.688,0.812,0.0,0.0,0.0,0.0,0.0,0.0,0.688,0.438,0.0,0.0,0.0,4
0.0,0.0,0.25,0.875,0.688,0.188,0.0,0.0,0.0,0.0,0.062,0.938,1.0,0.375,0.0,0.0,0.0,0.0,0.0,1.0,1.0,0.562,0.0,0.0,0.0,0.0,0.062,0.875,1.0,0.188,0.0,0.0,0.0,0.0,0.375,1.0,1.0,0.125,0.0,0.0,0.0,0.0,0.5,1.0,0.938,0.0,0.0,0.0,0.0,0.0,0.438,1.0,0.688,0.0,0.0,0.0,0.0,0.0,0.375,0.938,0.875,0.25,0.0,0.0,1
0.0,0.0,0.438,1.0,0.812,0.312,0.0,0.0,0.0,0.0,0.812,1.0,1.0,0.312,0.0,0.0,0.0,0.062,1.0,1.0,1.0,0.188,0.0,0.0,0.0,0.062,0.875,1.0,0.938,0.0,0.0,0.0,0.0,0.062,1.0,1.0,0.938,0.062,0.0,0.0,0.0,0.0,0.875,1.0,1.0,0.25,0.0,0.0,0.0,0.0,0.375,1.0,1.0,0.438,0.0,0.0,0.0,0.0,0.25,0.875,0.812,0.375,0.0,0.0,1
0.0,0.0,0.0,0.0,0.938,0.438,0.0,0.0,0.0,0.0,0.0,0.625,1.0,0.375,0.0,0.0,0.0,0.0,0.5,0.938,0.875,0.25,0.0,0.0,0.0,0.375,0.938,0.125,0.938,0.125,0.062,0.0,0.0,0.562,1.0,1.0,1.0,1.0,0.688,0.0,0.0,0.312,0.625,0.75,1.0,0.5,0.062,0.0,0.0,0.0,0.0,0.062,0.938,0.0,0.0,0.0,0.0,0.0,0.0,0.062,0.938,0.0,0.0,0.0,4
0.0,0.0,0.125,0.875,0.812,0.188,0.0,0.0,0.0,0.0,0.812,0.812,0.562,0.688,0.0,0.0,0.0,0.0,1.0,0.438,0.0,0.75,0.0,0.0,0.0,0.188,1.0,0.312,0.0,0.625,0.312,0.0,0.0,0.312,1.0,0.062,0.0,0.5,0.312,0.0,0.0,0.188,1.0,0.062,0.0,0.625,0.312,0.0,0.0,0.0,1.0,0.5,0.312,0.875,0.188,0.0,0.0,0.0,0.25,1.0,1.0,0.562,0.062,0.0,0
0.0,0.0,0.062,0.875,0.125,0.0,0.0,0.0,0.0,0.0,0.0,1.0,0.312,0.0,0.0,0.0,0.0,0.0,0.0,0.875,0.625,0.0,0.0,0.0,0.0,0.0,0.0,0.688,1.0,0.062,0.0,0.0,0.0,0.0,0.0,0.188,0.875,0.375,0.0,0.0,0.0,0.0,0.0,0.0,0.5,0.75,0.0,0.0,0.0,0.0,0.625,0.875,0.812,1.0,0.5,0.188,0.0,0.0,0.125,0.688,0.75,0.938,1.0,0.938,1
0.0,0.0,0.0,1.0,0.438,0.0,0.0,0.0,0.0,0.0,0.375,1.0,0.25,0.0,0.0,0.0,0.0,0.0,0.688,0.938,0.0,0.0,0.0,0.0,0.0,0.0,0.75,0.75,0.0,0.0,0.0,0.0,0.0,0.0,0.938,1.0,1.0,0.5,0.0,0.0,0.0,0.0,0.75,1.0,0.812,0.938,0.5,0.0,0.0,0.0,0.75,1.0,0.438,0.812,0.938,0.0,0.0,0.0,0.062,0.688,1.0,0.938,0.562,0.0,6
0.0,0.0,0.312,1.0,0.938,0.25,0.0,0.0,0.0,0.188,0.938,0.812,0.812,0.75,0.0,0.0,0.0,0.438,0.875,0.062,0.0,1.0,0.312,0.0,0.0,0.75,0.562,0.0,0.062,0.688,0.625,0.0,0.0,0.625,0.625,0.0,0.0,0.438,0.812,0.0,0.0,0.375,0.938,0.0,0.0,0.5,0.75,0.0,0.0,0.062,0.875,0.438,0.375,0.938,0.688,0.0,0.0,0.0,0.312,0.938,1.0,0.875,0.188,0.0,0
0.0,0.0,0.0,0.688,1.0,0.375,0.0,0.0,0.0,0.0,0.562,1.0,0.688,0.125,0.0,0.0,0.0,0.188,1.0,0.688,0.0,0.0,0.0,0.0,0.0,0.375,1.0,0.75,0.25,0.0,0.0,0.0,0.0,0.438,1.0,0.812,0.938,0.688,0.0,0.0,0.0,0.062,0.938,0.5,0.188,1.0,0.312,0.0,0.0,0.0,0.562,0.875,0.312,1.0,0.625,0.0,0.0,0.0,0.0,0.562,1.0,1.0,0.625,0.0,6
0.0,0.0,0.625,0.938,0.5,0.812,0.375,0.0,0.0,0.0,0.812,0.875,0.875,0.938,0.125,0.0,0.0,0.062,0.938,0.0,0.812,0.438,0.0,0.0,0.0,0.125,0.438,0.562,1.0,0.812,0.812,0.0,0.0,0.0,0.625,1.0,0.688,0.438,0.125,0.0,0.0,0.0,0.25,1.0,0.125,0.0,0.0,0.0,0.0,0.0,0.438,0.812,0.0,0.0,0.0,0.0,0.0,0.0,0.75,0.25,0.0,0.0,0.0,0.0,7
0.0,0.0,0.25,1.0,1.0,0.25,0.0,0.0,0.0,0.0,0.625,0.938,0.75,0.875,0.0,0.0,0.0,0.125,0.688,0.0,0.0,0.562,0.375,0.0,0.0,0.312,0.375,0.0,0.0,0.25,0.312,0.0,0.0,0.25,0.562,0.0,0.0,0.438,0.25,0.0,0.0,0.25,0.625,0.0,0.125,0.875,0.0,0.0,0.0,0.0,0.875,0.938,1.0,0.5,0.0,0.0,0.0,0.0,0.25,0.812,0.625,0.0,0.0,0.0,0
0.0,0.062,0.312,0.75,1.0,0.875,0.125,0.0,0.0,0.5,1.0,1.0,1.0,1.0,0.188,0.0,0.0,0.375,0.562,0.125,0.75,0.75,0.0,0.0,0.0,0.0,0.0,0.312,1.0,0.5,0.0,0.0,0.0,0.0,0.0,0.062,0.812,1.0,0.562,0.0,0.0,0.0,0.0,0.0,0.062,0.875,0.625,0.0,0.0,0.0,0.062,0.688,0.938,0.938,0.312,0.0,0.0,0.0,0.375,1.0,0.75,0.312,0.0,0.0,3
0.0,0.0,0.625,1.0,0.875,0.062,0.0,0.0,0.0,0.0,0.875,1.0,1.0,0.438,0.0,0.0,0.0,0.0,0.062,0.312,1.0,0.438,0.0,0.0,0.0,0.0,0.125,0.625,1.0,0.688,0.375,0.0,0.0,0.438,1.0,1.0,0.938,0.75,0.438,0.0,0.0,0.688,0.625,0.938,0.625,0.0,0.0,0.0,0.0,0.0,0.375,1.0,0.125,0.0,0.0,0.0,0.0,0.0,0.812,0.562,0.0,0.0,0.0,0.0,7
0.0,0.188,0.688,0.938,0.75,0.438,0.062,0.0,0.0,0.25,1.0,0.812,0.688,0.562,0.375,0.0,0.0,0.25,0.938,0.0,0.0,0.0,0.0,0.0,0.0,0.188,1.0,0.5,0.0,0.0,0.0,0.0,0.0,0.0,0.688,1.0,0.5,0.0,0.0,0.0,0.0,0.0,0.0,0.812,0.75,0.0,0.0,0.0,0.0,0.062,0.438,1.0,0.188,0.0,0.0,0.0,0.0,0.312,0.812,0.375,0.0,0.0,0.0,0.0,5
0.0,0.0,0.0,1.0,0.688,0.062,0.0,0.0,0.0,0.0,0.812,1.0,0.625,0.562,0.0,0.0,0.0,0.125,1.0,0.688,0.062,0.875,0.125,0.0,0.0,0.188,1.0,0.062,0.0,0.5,0.438,0.0,0.0,0.25,0.812,0.0,0.0,0.5,0.562,0.0,0.0,0.188,1.0,0.062,0.0,0.625,0.562,0.0,0.0,0.0,0.625,0.5,0.188,1.0,0.25,0.0,0.0,0.0,0.062,0.688,1.0,0.812,0.062,0.0,0
0.0,0.062,0.938,0.938,0.188,0.0,0.0,0.0,0.0,0.5,0.938,0.75,0.875,0.0,0.0,0.0,0.0,0.5,0.5,0.375,1.0,0.0,0.0,0.0,0.0,0.0,0.0,0.5,0.938,0.0,0.0,0.0,0.0,0.0,0.0,0.75,0.75,0.0,0.0,0.0,0.0,0.0,0.062,1.0,0.625,0.625,0.312,0.0,0.0,0.062,0.812,1.0,1.0,1.0,0.688,0.0,0.0,0.188,1.0,0.75,0.5,0.312,0.062,0.0,2
0.0,0.0,0.188,0.812,0.875,0.25,0.0,0.0,0.0,0.0,0.938,0.5,0.438,0.688,0.0,0.0,0.0,0.0,1.0,0.0,0.0,0.688,0.188,0.0,0.0,0.0,0.625,0.375,0.875,0.875,0.062,0.0,0.0,0.0,0.312,1.0,0.875,0.062,0.0,0.0,0.0,0.0,0.75,0.625,0.5,0.75,0.0,0.0,0.0,0.0,0.875,0.188,0.0,0.562,0.5,0.0,0.0,0.0,0.25,0.875,0.938,0.75,0.25,0.0,8
0.0,0.0,0.812,0.875,0.562,0.062,0.0,0.0,0.0,0.312,1.0,0.75,0.75,0.75,0.062,0.0,0.0,0.375,1.0,0.125,0.125,1.0,0.312,0.0,0.0,0.188,1.0,0.312,0.188,1.0,0.562,0.0,0.0,0.0,0.562,1.0,1.0,1.0,0.625,0.0,0.0,0.0,0.0,0.375,0.438,0.938,0.562,0.0,0.0,0.0,0.0,0.0,0.375,1.0,0.312,0.0,0.0,0.0,0.625,1.0,1.0,0.75,0.0,0.0,9
0.0,0.0,0.25,0.688,0.875,0.25,0.0,0.0,0.0,0.312,0.812,0.25,0.562,0.438,0.0,0.0,0.0,0.438,0.625,0.625,0.812,0.125,0.0,0.0,0.0,0.062,0.562,1.0,0.938,0.125,0.0,0.0,0.0,0.0,0.5,0.438,0.562,0.75,0.0,0.0,0.0,0.0,0.75,0.0,0.062,0.875,0.312,0.0,0.0,0.0,0.688,0.375,0.0,0.438,0.5,0.0,0.0,0.0,0.125,0.938,1.0,0.938,0.25,0.0,8
0.0,0.0,0.25,0.625,0.938,1.0,0.25,0.0,0.0,0.0,0.812,0.875,0.562,1.0,0.188,0.0,0.0,0.0,0.125,0.062,0.312,0.938,0.0,0.0,0.0,0.0,0.188,0.25,0.812,0.875,0.125,0.0,0.0,0.312,1.0,1.0,1.0,1.0,0.5,0.0,0.0,0.25,0.562,0.75,0.875,0.062,0.0,0.0,0.0,0.0,0.312,0.938,0.625,0.0,0.0,0.0,0.0,0.0,0.375,1.0,0.25,0.0,0.0,0.0,7
0.0,0.0,0.125,0.75,0.75,0.5,0.062,0.0,0.0,0.0,0.125,0.938,1.0,1.0,0.5,0.0,0.0,0.0,0.312,1.0,1.0,0.875,0.188,0.0,0.0,0.0,0.5,1.0,1.0,0.625,0.0,0.0,0.0,0.188,0.938,1.0,0.812,0.0,0.0,0.0,0.0,0.125,0.875,1.0,0.562,0.0,0.0,0.0,0.0,0.0,0.688,1.0,0.562,0.0,0.0,0.0,0.0,0.0,0.062,0.562,0.312,0.0,0.0,0.0,1
0.0,0.0,0.0,0.562,0.625,0.0,0.0,0.0,0.0,0.0,0.188,1.0,0.25,0.0,0.0,0.0,0.0,0.0,0.75,0.5,0.125,0.438,0.0,0.0,0.0,0.25,1.0,0.188,0.812,0.812,0.188,0.0,0.0,0.875,0.812,0.5,1.0,1.0,0.625,0.0,0.0,0.875,1.0,1.0,1.0,0.562,0.062,0.0,0.0,0.125,0.25,0.562,1.0,0.062,0.0,0.0,0.0,0.0,0.0,0.562,0.938,0.125,0.0,0.0,4
0.0,0.0,0.812,0.875,0.625,0.125,0.0,0.0,0.0,0.0,0.375,1.0,1.0,1.0,0.0,0.0,0.0,0.0,0.0,1.0,1.0,1.0,0.25,0.0,0.0,0.0,0.25,1.0,1.0,0.875,0.125,0.0,0.0,0.0,0.5,1.0,1.0,0.438,0.0,0.0,0.0,0.188,0.938,1.0,1.0,0.25,0.0,0.0,0.0,0.062,1.0,1.0,0.875,0.062,0.0,0.0,0.0,0.0,0.875,1.0,0.812,0.188,0.0,0.0,1
0.0,0.0,0.188,0.688,1.0,1.0,0.25,0.0,0.0,0.0,0.562,0.75,0.75,1.0,0.562,0.0,0.0,0.0,0.0,0.0,0.062,1.0,0.5,0.0,0.0,0.0,0.0,0.562,0.875,1.0,0.562,0.0,0.0,0.0,0.062,1.0,1.0,0.875,0.312,0.0,0.0,0.0,0.0,0.375,1.0,0.25,0.0,0.0,0.0,0.0,0.0,0.688,0.875,0.0,0.0,0.0,0.0,0.0,0.062,0.938,0.438,0.0,0.0,0.0,7
0.0,0.0,0.125,0.875,0.812,0.5,0.0,0.0,0.0,0.0,0.75,0.812,0.75,0.812,0.0,0.0,0.0,0.0,0.688,0.375,0.375,1.0,0.25,0.0,0.0,0.0,0.312,1.0,0.938,1.0,0.5,0.0,0.0,0.0,0.0,0.125,0.25,0.688,0.5,0.0,0.0,0.0,0.0,0.0,0.0,0.688,0.562,0.0,0.0,0.125,0.812,0.438,0.062,0.688,0.625,0.0,0.0,0.0,0.125,0.625,0.938,1.0,0.125,0.0,9
0.0,0.0,0.125,1.0,0.812,0.062,0.0,0.0,0.0,0.0,0.375,0.938,1.0,0.438,0.0,0.0,0.0,0.0,0.188,0.375,1.0,0.5,0.0,0.0,0.0,0.0,0.0,0.188,1.0,0.375,0.0,0.0,0.0,0.0,0.062,0.812,0.812,0.0,0.0,0.0,0.0,0.375,0.875,1.0,0.25,0.0,0.0,0.0,0.0,0.562,1.0,1.0,0.812,0.625,0.188,0.0,0.0,0.0,0.25,0.688,0.938,1.0,0.625,0.0,2
0.0,0.0,0.125,0.812,0.5,0.375,0.0,0.0,0.0,0.0,0.438,0.875,0.875,1.0,0.0,0.0,0.0,0.0,0.438,0.562,0.188,1.0,0.25,0.0,0.0,0.0,0.312,0.875,0.938,1.0,0.25,0.0,0.0,0.0,0.0,0.188,0.125,0.812,0.312,0.0,0.0,0.0,0.188,0.0,0.0,0.75,0.375,0.0,0.0,0.062,0.75,0.375,0.0,0.688,0.438,0.0,0.0,0.0,0.188,0.75,1.0,1.0,0.062,0.0,9
0.0,0.0,0.625,1.0,0.812,0.75,0.938,0.312,0.0,0.25,1.0,0.5,0.75,1.0,0.375,0.0,0.0,0.375,0.75,0.125,1.0,0.438,0.0,0.0,0.0,0.062,0.312,0.562,0.875,0.062,0.0,0.0,0.0,0.062,0.438,1.0,0.75,0.125,0.0,0.0,0.0,0.5,1.0,1.0,0.75,0.312,0.0,0.0,0.0,0.062,0.688,0.625,0.0,0.0,0.0,0.0,0.0,0.0,0.875,0.375,0.0,0.0,0.0,0.0,7
0.0,0.125,0.5,0.938,1.0,0.625,0.0,0.0,0.0,0.688,1.0,0.625,0.25,0.938,0.062,0.0,0.0,0.75,0.812,0.0,0.0,0.812,0.312,0.0,0.0,0.688,0.812,0.0,0.0,0.938,0.438,0.0,0.0,0.5,1.0,0.0,0.0,0.938,0.375,0.0,0.0,0.375,1.0,0.062,0.312,1.0,0.125,0.0,0.0,0.125,1.0,0.375,0.938,0.75,0.0,0.0,0.0,0.0,0.438,1.0,0.875,0.062,0.0,0.0,0
0.0,0.125,0.938,0.938,0.188,0.0,0.0,0.0,0.0,0.688,0.938,0.688,0.75,0.0,0.0,0.0,0.0,0.5,0.625,0.0,1.0,0.0,0.0,0.0,0.0,0.062,0.188,0.125,1.0,0.0,0.0,0.0,0.0,0.0,0.0,0.25,0.75,0.0,0.0,0.0,0.0,0.0,0.062,0.75,0.562,0.0,0.0,0.0,0.0,0.0,0.875,1.0,0.812,0.812,0.938,0.188,0.0,0.125,0.812,0.875,0.75,0.75,0.5,0.062,2
0.0,0.0,0.562,1.0,1.0,0.438,0.0,0.0,0.0,0.812,0.938,0.562,0.75,0.938,0.0,0.0,0.0,0.312,0.25,0.0,0.812,0.812,0.0,0.0,0.0,0.0,0.0,0.688,1.0,0.312,0.0,0.0,0.0,0.0,0.0,0.688,1.0,0.625,0.188,0.0,0.0,0.0,0.0,0.0,0.25,0.75,0.812,0.0,0.0,0.0,0.438,0.062,0.062,0.75,0.875,0.0,0.0,0.0,0.562,1.0,1.0,0.875,0.312,0.0,3
0.0,0.062,0.812,1.0,0.438,0.0,0.0,0.0,0.0,0.312,1.0,0.75,0.938,0.188,0.0,0.0,0.0,0.0,0.562,0.375,0.938,0.562,0.0,0.0,0.0,0.0,0.0,0.0,0.875,0.625,0.0,0.0,0.0,0.0,0.0,0.0,0.875,0.688,0.0,0.0,0.0,0.0,0.0,0.5,1.0,0.25,0.062,0.0,0.0,0.0,0.562,1.0,1.0,0.375,1.0,0.312,0.0,0.0,0.5,0.75,0.812,1.0,1.0,0.688,2
0.0,0.0,0.0,1.0,0.812,0.0,0.0,0.0,0.0,0.0,0.0,0.938,0.938,0.0,0.0,0.0,0.0,0.0,0.0,1.0,0.812,0.0,0.0,0.0,0.0,0.0,0.188,1.0,0.688,0.0,0.0,0.0,0.0,0.0,0.125,1.0,0.75,0.0,0.0,0.0,0.0,0.0,0.188,1.0,0.75,0.0,0.0,0.0,0.0,0.0,0.062,1.0,0.75,0.0,0.0,0.0,0.0,0.0,0.0,0.75,0.938,0.062,0.0,0.0,1
0.0,0.0,0.0,0.188,0.938,0.625,0.062,0.0,0.0,0.0,0.0,0.688,0.625,1.0,0.25,0.0,0.0,0.0,0.0,0.75,0.062,0.938,0.375,0.0,0.0,0.0,0.0,0.188,0.25,0.938,0.25,0.0,0.0,0.0,0.0,0.375,0.938,0.375,0.0,0.0,0.0,0.25,0.938,1.0,0.562,0.0,0.0,0.0,0.0,0.0,0.812,1.0,0.938,0.562,0.188,0.0,0.0,0.0,0.0,0.25,0.562,0.875,0.438,0.0,2
0.0,0.25,0.938,1.0,0.812,0.062,0.0,0.0,0.0,0.562,0.875,0.625,1.0,0.375,0.0,0.0,0.0,0.062,0.062,0.375,1.0,0.125,0.0,0.0,0.0,0.0,0.0,0.5,0.875,0.062,0.0,0.0,0.0,0.0,0.312,1.0,0.312,0.0,0.0,0.0,0.0,0.0,0.812,0.875,0.0,0.0,0.0,0.0,0.0,0.312,1.0,0.562,0.5,0.5,0.625,0.0,0.0,0.25,0.938,1.0,1.0,1.0,0.562,0.0,2
0.0,0.0,0.625,1.0,0.688,0.0,0.0,0.0,0.0,0.5,0.938,0.625,0.938,0.125,0.0,0.0,0.0,0.688,0.688,0.125,1.0,0.312,0.0,0.0,0.0,0.438,0.312,0.375,1.0,0.188,0.0,0.0,0.0,0.0,0.062,0.938,0.625,0.0,0.0,0.0,0.0,0.0,0.625,1.0,0.125,0.0,0.0,0.0,0.0,0.0,0.75,0.875,0.5,0.625,0.312,0.0,0.0,0.0,0.75,1.0,1.0,1.0,0.938,0.0,2
0.0,0.0,0.0,0.688,1.0,0.125,0.0,0.0,0.0,0.0,0.438,1.0,0.5,0.125,0.0,0.0,0.0,0.0,0.938,0.438,0.0,0.0,0.0,0.0,0.0,0.0,1.0,0.25,0.188,0.062,0.0,0.0,0.0,0.062,1.0,1.0,1.0,1.0,0.25,0.0,0.0,0.0,0.875,0.75,0.25,0.375,0.75,0.0,0.0,0.0,0.625,1.0,0.312,0.625,0.938,0.0,0.0,0.0,0.125,0.688,1.0,0.75,0.5,0.0,6
0.0,0.0,0.0,0.688,0.812,0.0,0.0,0.0,0.0,0.0,0.062,1.0,0.75,0.0,0.0,0.0,0.0,0.0,0.25,1.0,0.375,0.0,0.0,0.0,0.0,0.0,0.438,1.0,1.0,0.438,0.0,0.0,0.0,0.0,0.5,1.0,1.0,0.875,0.688,0.0,0.0,0.0,0.562,1.0,0.188,0.312,1.0,0.25,0.0,0.0,0.375,0.938,0.312,0.875,1.0,0.125,0.0,0.0,0.062,0.688,1.0,0.938,0.25,0.0,6
0.0,0.0,0.312,0.812,0.875,0.312,0.0,0.0,0.0,0.125,0.938,0.375,0.688,0.938,0.062,0.0,0.0,0.062,1.0,0.312,0.5,1.0,0.25,0.0,0.0,0.0,0.25,0.75,0.562,0.812,0.5,0.0,0.0,0.0,0.0,0.0,0.0,0.5,0.5,0.0,0.0,0.0,0.0,0.0,0.0,0.688,0.438,0.0,0.0,0.0,0.438,0.438,0.312,0.938,0.125,0.0,0.0,0.0,0.312,0.938,1.0,0.438,0.0,0.0,9
0.0,0.0,0.312,0.938,0.875,0.188,0.0,0.0,0.0,0.0,0.75,0.438,0.125,0.75,0.0,0.0,0.0,0.0,1.0,0.188,0.0,0.75,0.062,0.0,0.0,0.0,0.75,0.688,0.625,0.938,0.0,0.0,0.0,0.0,0.125,0.625,0.938,0.812,0.062,0.0,0.0,0.0,0.0,0.0,0.0,0.875,0.25,0.0,0.0,0.0,0.0,0.375,0.75,0.938,0.125,0.0,0.0,0.0,0.438,0.812,0.25,0.0,0.0,0.0,9
0.0,0.0,0.188,0.938,0.375,0.0,0.0,0.0,0.0,0.0,0.562,0.812,0.062,0.375,0.562,0.0,0.0,0.188,1.0,0.188,0.375,0.938,0.312,0.0,0.0,0.438,0.938,0.062,0.875,0.562,0.312,0.0,0.0,0.625,0.812,0.562,1.0,0.938,0.438,0.0,0.0,0.438,1.0,1.0,0.688,0.25,0.0,0.0,0.0,0.0,0.188,1.0,0.312,0.0,0.0,0.0,0.0,0.0,0.25,1.0,0.188,0.0,0.0,0.0,4
0.0,0.0,0.0,0.625,0.75,0.188,0.0,0.0,0.0,0.0,0.5,1.0,0.938,0.875,0.0,0.0,0.0,0.0,0.312,1.0,0.625,1.0,0.062,0.0,0.0,0.0,0.312,1.0,1.0,0.625,0.062,0.0,0.0,0.062,1.0,0.75,1.0,0.5,0.0,0.0,0.0,0.062,1.0,0.188,0.25,1.0,0.25,0.0,0.0,0.0,0.75,0.688,0.25,1.0,0.562,0.0,0.0,0.0,0.125,0.625,0.875,0.812,0.25,0.0,8
0.0,0.0,0.062,0.688,0.938,0.375,0.0,0.0,0.0,0.125,0.938,0.625,1.0,0.938,0.0,0.0,0.0,0.062,0.875,0.312,0.375,0.688,0.0,0.0,0.0,0.0,0.312,0.875,0.875,0.188,0.0,0.0,0.0,0.0,0.062,0.875,1.0,0.375,0.0,0.0,0.0,0.0,0.625,0.5,0.375,0.938,0.062,0.0,0.0,0.0,0.562,0.562,0.25,1.0,0.188,0.0,0.0,0.0,0.062,0.938,0.938,0.375,0.0,0.0,8
0.0,0.0,0.438,0.875,1.0,0.688,0.0,0.0,0.0,0.125,1.0,0.688,0.688,1.0,0.125,0.0,0.0,0.0,0.188,0.188,0.938,0.562,0.0,0.0,0.0,0.0,0.0,0.625,1.0,0.5,0.0,0.0,0.0,0.0,0.0,0.188,0.875,0.938,0.125,0.0,0.0,0.0,0.0,0.0,0.062,1.0,0.375,0.0,0.0,0.0,0.188,0.75,0.812,0.938,0.125,0.0,0.0,0.0,0.375,1.0,0.75,0.312,0.0,0.0,3
0.0,0.0,0.75,0.75,0.875,0.938,0.062,0.0,0.0,0.062,0.938,0.688,0.375,0.312,0.0,0.0,0.0,0.375,0.938,0.75,0.25,0.0,0.0,0.0,0.0,0.375,0.688,0.5,0.812,0.375,0.0,0.0,0.0,0.0,0.0,0.0,0.062,0.812,0.0,0.0,0.0,0.0,0.0,0.0,0.0,0.562,0.188,0.0,0.0,0.125,0.375,0.062,0.375,0.875,0.188,0.0,0.0,0.062,0.688,1.0,0.812,0.5,0.0,0.0,5
0.0,0.0,0.062,0.75,0.312,0.0,0.0,0.0,0.0,0.0,0.562,1.0,0.875,0.188,0.0,0.0,0.0,0.125,1.0,0.875,0.688,0.812,0.0,0.0,0.0,0.125,1.0,0.625,0.0,0.875,0.25,0.0,0.0,0.25,1.0,0.0,0.0,0.75,0.25,0.0,0.0,0.25,1.0,0.188,0.0,0.688,0.625,0.0,0.0,0.0,0.812,0.75,0.5,0.875,0.375,0.0,0.0,0.0,0.188,0.625,1.0,0.75,0.062,0.0,0
0.0,0.062,0.875,1.0,0.75,0.0,0.0,0.0,0.0,0.312,1.0,0.562,1.0,0.375,0.0,0.0,0.0,0.188,0.688,0.0,0.875,0.562,0.0,0.0,0.0,0.0,0.0,0.0,0.625,0.625,0.0,0.0,0.0,0.0,0.0,0.0,0.875,0.625,0.0,0.0,0.0,0.0,0.0,0.625,1.0,0.312,0.0,0.0,0.0,0.125,0.938,1.0,0.875,0.5,0.75,0.125,0.0,0.0,0.688,1.0,1.0,1.0,0.938,0.312,2
0.0,0.0,0.188,0.812,1.0,0.688,0.0,0.0,0.0,0.0,0.875,0.75,0.875,1.0,0.062,0.0,0.0,0.0,0.375,0.0,0.438,0.938,0.0,0.0,0.0,0.0,0.0,0.0,0.75,0.688,0.0,0.0,0.0,0.0,0.5,0.812,1.0,0.875,0.25,0.0,0.0,0.312,1.0,1.0,0.875,0.75,0.25,0.0,0.0,0.0,0.188,1.0,0.188,0.0,0.0,0.0,0.0,0.0,0.5,0.812,0.0,0.0,0.0,0.0,7
0.0,0.312,1.0,0.938,0.312,0.0,0.0,0.0,0.0,0.125,0.75,0.938,1.0,0.0,0.0,0.0,0.0,0.0,0.0,0.875,0.875,0.125,0.0,0.0,0.0,0.0,0.125,1.0,0.562,0.0,0.0,0.0,0.0,0.0,0.688,1.0,0.125,0.0,0.0,0.0,0.0,0.25,1.0,0.5,0.0,0.0,0.0,0.0,0.0,0.812,1.0,0.688,0.5,0.5,0.188,0.0,0.0,0.375,1.0,1.0,1.0,1.0,0.438,0.0,2
0.0,0.0,0.0,0.062,0.688,0.0,0.0,0.0,0.0,0.0,0.0,0.438,0.5,0.0,0.0,0.0,0.0,0.0,0.062,0.812,0.375,0.125,0.125,0.0,0.0,0.0,0.438,0.938,0.0,0.562,0.5,0.0,0.0,0.312,1.0,0.625,0.0,1.0,0.375,0.0,0.0,0.25,0.938,1.0,0.812,1.0,0.062,0.0,0.0,0.0,0.0,0.188,0.938,0.625,0.0,0.0,0.0,0.0,0.0,0.125,1.0,0.25,0.0,0.0,4
0.0,0.125,0.562,0.938,0.875,0.562,0.188,0.0,0.0,0.25,0.812,0.5,0.562,1.0,0.5,0.0,0.0,0.0,0.0,0.375,0.875,0.938,0.188,0.0,0.0,0.0,0.0,0.688,0.875,0.125,0.0,0.0,0.0,0.0,0.0,0.125,0.938,0.688,0.0,0.0,0.0,0.0,0.0,0.0,0.125,0.938,0.25,0.0,0.0,0.062,0.312,0.375,0.812,1.0,0.375,0.0,0.0,0.125,0.75,0.75,0.812,0.688,0.0,0.0,3
0.0,0.0,0.0,0.0,0.75,0.688,0.062,0.0,0.0,0.0,0.0,0.062,1.0,1.0,0.438,0.0,0.0,0.0,0.062,0.875,1.0,1.0,0.438,0.0,0.0,0.062,0.875,1.0,0.875,1.0,0.5,0.0,0.0,0.312,0.75,0.188,0.5,1.0,0.438,0.0,0.0,0.0,0.0,0.0,0.5,1.0,0.25,0.0,0.0,0.0,0.0,0.0,0.5,1.0,0.062,0.0,0.0,0.0,0.0,0.0,0.688,0.75,0.0,0.0,1
0.0,0.0,0.125,0.688,0.875,0.5,0.062,0.0,0.0,0.188,0.875,0.562,0.5,0.812,0.25,0.0,0.0,0.375,0.688,0.062,0.25,0.875,0.062,0.0,0.0,0.0,0.562,0.875,0.938,0.375,0.0,0.0,0.0,0.0,0.0,0.75,0.875,0.625,0.0,0.0,0.0,0.0,0.25,0.75,0.125,0.812,0.312,0.0,0.0,0.0,0.25,0.688,0.062,0.688,0.5,0.0,0.0,0.0,0.062,0.562,1.0,0.875,0.125,0.0,8
0.0,0.0,0.375,0.938,0.938,0.188,0.0,0.0,0.0,0.312,1.0,0.812,0.938,0.5,0.0,0.0,0.0,0.5,0.812,0.0,0.812,0.5,0.0,0.0,0.0,0.0,0.0,0.188,1.0,0.188,0.0,0.0,0.0,0.0,0.0,0.688,0.75,0.0,0.0,0.0,0.0,0.0,0.188,1.0,0.312,0.562,0.5,0.0,0.0,0.0,0.5,0.938,0.938,0.938,0.188,0.0,0.0,0.0,0.312,1.0,0.75,0.062,0.0,0.0,2
0.0,0.0,0.75,1.0,1.0,1.0,0.438,0.0,0.0,0.062,0.875,0.938,0.375,0.25,0.062,0.0,0.0,0.5,1.0,0.125,0.0,0.0,0.0,0.0,0.0,0.562,1.0,0.75,0.75,0.562,0.062,0.0,0.0,0.062,0.5,0.5,0.5,0.938,0.625,0.0,0.0,0.0,0.0,0.0,0.0,0.812,0.75,0.0,0.0,0.0,0.5,0.125,0.375,1.0,0.312,0.0,0.0,0.062,0.688,1.0,1.0,0.5,0.0,0.0,5
0.0,0.0,0.0,0.438,0.812,0.0,0.0,0.0,0.0,0.0,0.0,0.875,0.375,0.0,0.0,0.0,0.0,0.0,0.625,0.625,0.125,0.375,0.0,0.0,0.0,0.188,1.0,0.188,0.562,0.812,0.125,0.0,0.0,0.688,0.75,0.375,0.875,1.0,0.625,0.0,0.0,0.688,1.0,1.0,1.0,0.625,0.188,0.0,0.0,0.125,0.5,0.625,1.0,0.062,0.0,0.0,0.0,0.0,0.0,0.562,0.812,0.0,0.0,0.0,4
0.0,0.125,0.562,1.0,0.812,0.812,0.125,0.0,0.0,0.688,0.688,0.25,0.125,0.625,0.25,0.0,0.0,0.375,0.75,0.125,0.25,0.75,0.0,0.0,0.0,0.0,0.375,0.875,0.812,0.125,0.0,0.0,0.0,0.0,0.062,0.875,0.75,0.0,0.0,0.0,0.0,0.0,0.5,0.438,0.812,0.0,0.0,0.0,0.0,0.0,0.75,0.312,0.75,0.0,0.0,0.0,0.0,0.0,0.812,0.875,0.188,0.0,0.0,0.0,8
0.0,0.0,0.0,0.5,0.938,0.25,0.0,0.0,0.0,0.0,0.188,1.0,0.625,0.688,0.0,0.0,0.0,0.0,0.375,0.75,0.688,0.812,0.0,0.0,0.0,0.0,0.625,1.0,1.0,0.562,0.0,0.0,0.0,0.062,1.0,0.75,0.688,0.312,0.0,0.0,0.0,0.125,0.812,0.0,0.125,0.562,0.0,0.0,0.0,0.0,0.5,0.375,0.125,0.75,0.0,0.0,0.0,0.0,0.062,0.562,0.875,0.562,0.0,0.0,8
0.0,0.0,0.438,0.938,0.938,0.375,0.0,0.0,0.0,0.25,1.0,1.0,0.688,0.938,0.0,0.0,0.0,0.438,1.0,0.625,0.625,1.0,0.062,0.0,0.0,0.188,0.688,1.0,1.0,0.375,0.0,0.0,0.0,0.062,0.938,1.0,0.625,0.0,0.0,0.0,0.0,0.312,1.0,0.312,0.875,0.0,0.0,0.0,0.0,0.062,0.812,0.188,0.875,0.062,0.0,0.0,0.0,0.0,0.312,0.938,0.938,0.125,0.0,0.0,8
0.0,0.0,0.375,0.75,0.812,0.312,0.0,0.0,0.0,0.125,1.0,0.562,0.5,0.938,0.125,0.0,0.0,0.5,0.75,0.0,0.188,0.938,0.5,0.0,0.0,0.25,0.938,0.75,1.0,0.812,0.062,0.0,0.0,0.0,0.125,0.125,1.0,0.375,0.0,0.0,0.0,0.0,0.0,0.062,1.0,0.062,0.0,0.0,0.0,0.0,0.0,0.312,1.0,0.0,0.0,0.0,0.0,0.0,0.188,1.0,0.875,0.0,0.0,0.0,9
0.0,0.0,0.562,1.0,0.875,0.375,0.0,0.0,0.0,0.375,1.0,0.312,0.625,1.0,0.0,0.0,0.0,0.125,0.938,0.438,0.625,1.0,0.188,0.0,0.0,0.0,0.25,0.5,0.75,1.0,0.25,0.0,0.0,0.0,0.0,0.0,0.0,1.0,0.438,0.0,0.0,0.0,0.0,0.0,0.062,1.0,0.5,0.0,0.0,0.0,0.188,0.0,0.5,1.0,0.062,0.0,0.0,0.0,0.625,1.0,0.812,0.25,0.0,0.0,9
0.0,0.0,0.062,0.625,0.0,0.0,0.0,0.0,0.0,0.0,0.438,0.75,0.0,0.0,0.0,0.0,0.0,0.0,0.75,0.438,0.0,0.0,0.0,0.0,0.0,0.0,0.875,0.188,0.0,0.0,0.0,0.0,0.0,0.0,0.938,0.562,0.75,0.625,0.125,0.0,0.0,0.0,1.0,0.812,0.5,0.5,0.688,0.0,0.0,0.0,0.812,0.625,0.25,0.562,0.938,0.0,0.0,0.0,0.188,0.625,0.938,0.562,0.125,0.0,6
0.0,0.0,0.0,0.375,1.0,0.25,0.0,0.0,0.0,0.0,0.062,0.812,0.938,0.062,0.0,0.0,0.0,0.062,0.688,1.0,0.312,0.0,0.0,0.0,0.0,0.5,1.0,0.625,0.0,0.625,0.375,0.0,0.0,0.75,1.0,0.5,0.562,1.0,0.75,0.0,0.0,0.125,0.938,1.0,1.0,1.0,0.438,0.0,0.0,0.0,0.0,0.25,1.0,0.688,0.0,0.0,0.0,0.0,0.0,0.438,1.0,0.188,0.0,0.0,4
0.0,0.125,1.0,1.0,1.0,1.0,0.188,0.0,0.0,0.062,1.0,0.812,0.375,0.25,0.0,0.0,0.0,0.562,1.0,0.188,0.0,0.0,0.0,0.0,0.0,0.562,1.0,0.812,0.438,0.0,0.0,0.0,0.0,0.188,0.688,0.812,1.0,0.562,0.0,0.0,0.0,0.0,0.0,0.0,0.438,1.0,0.062,0.0,0.0,0.125,0.688,0.312,0.75,0.875,0.0,0.0,0.0,0.188,1.0,1.0,1.0,0.312,0.0,0.0,5
0.0,0.0,0.938,0.938,0.625,0.125,0.0,0.0,0.0,0.0,1.0,0.312,0.5,0.688,0.0,0.0,0.0,0.0,0.562,0.75,0.062,0.875,0.25,0.0,0.0,0.0,0.375,1.0,1.0,0.938,0.125,0.0,0.0,0.0,0.0,0.25,0.688,0.062,0.0,0.0,0.0,0.0,0.0,0.0,0.438,0.438,0.0,0.0,0.0,0.0,0.0,0.0,0.125,0.688,0.0,0.0,0.0,0.0,0.625,0.75,0.812,0.688,0.0,0.0,9
0.0,0.0,0.625,0.75,1.0,1.0,0.5,0.0,0.0,0.25,1.0,1.0,0.688,0.312,0.25,0.0,0.0,0.625,0.75,0.188,0.0,0.0,0.0,0.0,0.0,0.75,0.688,0.0,0.0,0.0,0.0,0.0,0.0,0.375,1.0,0.875,0.5,0.0,0.0,0.0,0.0,0.0,0.312,0.625,1.0,0.188,0.0,0.0,0.0,0.0,0.25,0.5,1.0,0.188,0.0,0.0,0.0,0.0,0.812,1.0,0.688,0.0,0.0,0.0,5
0.0,0.0,0.0,0.0,0.625,0.688,0.0,0.0,0.0,0.0,0.0,0.0,1.0,0.812,0.0,0.0,0.0,0.0,0.0,0.438,1.0,0.562,0.0,0.0,0.0,0.0,0.0,0.812,1.0,0.188,0.0,0.0,0.0,0.0,0.625,1.0,1.0,0.0,0.0,0.0,0.0,0.0,0.938,1.0,1.0,0.25,0.0,0.0,0.0,0.188,0.75,0.375,1.0,0.375,0.0,0.0,0.0,0.0,0.0,0.0,0.625,0.812,0.438,0.0,1
0.0,0.0,0.0,0.375,1.0,0.375,0.0,0.0,0.0,0.0,0.0,0.812,1.0,0.625,0.0,0.0,0.0,0.0,0.562,1.0,1.0,0.375,0.0,0.0,0.0,0.188,1.0,1.0,1.0,0.25,0.0,0.0,0.0,0.312,1.0,1.0,1.0,0.375,0.0,0.0,0.0,0.0,0.0,0.562,1.0,0.625,0.0,0.0,0.0,0.0,0.0,0.5,1.0,0.938,0.0,0.0,0.0,0.0,0.0,0.25,0.812,0.688,0.125,0.0,1
0.0,0.0,0.562,1.0,1.0,1.0,0.25,0.0,0.0,0.0,0.5,1.0,0.312,0.25,0.0,0.0,0.0,0.062,0.938,0.562,0.0,0.0,0.0,0.0,0.0,0.562,0.938,0.5,0.438,0.188,0.0,0.0,0.0,0.188,0.75,0.75,0.875,1.0,0.312,0.0,0.0,0.0,0.0,0.0,0.062,0.688,0.75,0.0,0.0,0.0,0.062,0.125,0.062,0.688,0.625,0.0,0.0,0.0,0.562,1.0,1.0,1.0,0.25,0.0,5
0.0,0.062,0.562,0.938,1.0,0.375,0.0,0.0,0.0,0.812,0.938,0.625,1.0,0.688,0.0,0.0,0.0,0.312,0.188,0.25,1.0,0.438,0.0,0.0,0.0,0.0,0.0,0.5,1.0,0.438,0.0,0.0,0.0,0.0,0.0,0.062,0.812,0.938,0.312,0.0,0.0,0.0,0.0,0.0,0.125,0.812,0.688,0.0,0.0,0.0,0.75,0.312,0.188,0.812,0.875,0.0,0.0,0.0,0.625,1.0,1.0,0.875,0.312,0.0,3
0.0,0.0,0.625,1.0,0.875,0.375,0.0,0.0,0.0,0.0,1.0,0.5,0.375,1.0,0.188,0.0,0.0,0.0,0.562,0.312,0.0,0.812,0.375,0.0,0.0,0.0,0.0,0.0,0.0,0.875,0.5,0.0,0.0,0.0,0.0,0.0,0.25,1.0,0.125,0.0,0.0,0.0,0.0,0.0,0.812,0.688,0.0,0.0,0.0,0.0,0.125,0.562,1.0,0.625,0.375,0.062,0.0,0.0,0.75,1.0,0.875,0.812,1.0,0.5,2
0.0,0.0,0.125,0.562,0.812,0.75,0.125,0.0,0.0,0.062,0.875,0.812,0.438,0.625,0.375,0.0,0.0,0.0,0.812,0.5,0.062,0.438,0.438,0.0,0.0,0.0,0.188,0.812,0.875,0.875,0.0,0.0,0.0,0.0,0.0,0.0,0.938,0.938,0.062,0.0,0.0,0.0,0.0,0.562,0.312,0.5,0.312,0.0,0.0,0.0,0.0,0.812,0.25,0.812,0.125,0.0,0.0,0.0,0.0,0.812,0.938,0.375,0.0,0.0,8
0.0,0.0,0.562,0.875,1.0,0.625,0.0,0.0,0.0,0.0,0.625,0.375,0.75,0.812,0.0,0.0,0.0,0.0,0.0,0.0,0.812,0.812,0.312,0.0,0.0,0.125,0.75,0.938,1.0,0.938,0.875,0.0,0.0,0.125,0.75,1.0,0.438,0.0,0.062,0.0,0.0,0.0,0.188,0.938,0.0,0.0,0.0,0.0,0.0,0.0,0.5,0.875,0.0,0.0,0.0,0.0,0.0,0.0,0.562,0.688,0.0,0.0,0.0,0.0,7
0.0,0.188,0.875,0.312,0.0,0.0,0.0,0.0,0.0,0.125,0.938,0.938,0.188,0.062,0.062,0.0,0.0,0.0,0.375,1.0,0.25,0.812,0.5,0.0,0.0,0.0,0.0,0.875,0.875,0.812,0.062,0.0,0.0,0.0,0.125,0.938,0.812,0.062,0.0,0.0,0.0,0.062,0.875,0.5,0.938,0.0,0.0,0.0,0.0,0.312,0.75,0.0,0.75,0.188,0.0,0.0,0.0,0.125,0.875,0.812,0.938,0.188,0.0,0.0,8
0.0,0.0,0.438,0.75,1.0,0.562,0.0,0.0,0.0,0.25,1.0,0.375,0.438,0.188,0.0,0.0,0.0,0.25,1.0,0.125,0.5,0.188,0.0,0.0,0.0,0.438,1.0,0.938,0.812,1.0,0.188,0.0,0.0,0.312,0.688,0.062,0.062,1.0,0.5,0.0,0.0,0.0,0.0,0.0,0.438,1.0,0.0,0.0,0.0,0.0,0.0,0.625,1.0,0.375,0.0,0.0,0.0,0.0,0.625,0.688,0.25,0.0,0.0,0.0,5
0.0,0.0,0.0,0.688,0.625,0.0,0.0,0.0,0.0,0.0,0.5,1.0,0.312,0.0,0.0,0.0,0.0,0.188,1.0,0.625,0.25,0.688,0.0,0.0,0.0,0.688,0.812,0.0,0.562,1.0,0.0,0.0,0.0,0.75,0.812,0.312,0.875,1.0,0.5,0.0,0.0,0.188,0.75,0.875,1.0,0.688,0.188,0.0,0.0,0.0,0.0,0.625,0.688,0.0,0.0,0.0,0.0,0.0,0.0,0.688,0.5,0.0,0.0,0.0,4
0.0,0.062,0.75,1.0,1.0,0.562,0.0,0.0,0.0,0.688,0.938,0.562,0.438,1.0,0.188,0.0,0.0,0.812,0.188,0.062,0.625,0.938,0.062,0.0,0.0,0.0,0.0,0.688,1.0,0.5,0.0,0.0,0.0,0.0,0.0,0.312,0.938,1.0,0.312,0.0,0.0,0.0,0.0,0.0,0.0,0.625,0.812,0.0,0.0,0.0,0.438,0.25,0.5,0.938,0.562,0.0,0.0,0.0,0.812,1.0,1.0,0.75,0.062,0.0,3
0.0,0.0,0.062,1.0,0.688,0.0,0.0,0.0,0.0,0.0,0.0,0.938,1.0,0.062,0.0,0.0,0.0,0.0,0.0,0.938,0.875,0.0,0.0,0.0,0.0,0.0,0.125,1.0,0.875,0.0,0.0,0.0,0.0,0.0,0.062,1.0,0.938,0.0,0.0,0.0,0.0,0.0,0.0,0.875,0.812,0.0,0.0,0.0,0.0,0.0,0.0,0.812,0.625,0.0,0.0,0.0,0.0,0.0,0.0,0.75,0.688,0.0,0.0,0.0,1
0.0,0.0,0.125,0.75,0.562,0.0,0.0,0.0,0.0,0.0,0.688,0.938,0.75,0.312,0.0,0.0,0.0,0.0,0.938,0.312,0.0,0.875,0.0,0.0,0.0,0.125,0.938,0.062,0.0,0.562,0.438,0.0,0.0,0.25,0.625,0.0,0.0,0.438,0.5,0.0,0.0,0.0,0.75,0.0,0.0,0.5,0.625,0.0,0.0,0.125,0.938,0.312,0.625,1.0,0.062,0.0,0.0,0.0,0.312,0.875,0.75,0.25,0.0,0.0,0
0.0,0.0,0.0,0.125,0.562,0.812,0.375,0.0,0.0,0.0,0.688,0.938,0.5,0.562,0.625,0.0,0.0,0.188,1.0,0.625,0.25,0.812,0.312,0.0,0.0,0.062,0.938,1.0,0.938,0.938,0.438,0.0,0.0,0.0,0.0,0.0,0.062,0.875,0.062,0.0,0.0,0.0,0.0,0.0,0.688,0.375,0.0,0.0,0.0,0.0,0.0,0.062,0.812,0.0,0.0,0.0,0.0,0.0,0.0,0.312,0.25,0.0,0.0,0.0,9
0.0,0.0,0.375,0.875,0.812,0.25,0.0,0.0,0.0,0.25,1.0,0.688,0.625,0.938,0.0,0.0,0.0,0.562,0.688,0.0,0.75,0.688,0.0,0.0,0.0,0.438,0.688,0.5,1.0,0.188,0.0,0.0,0.0,0.0,0.812,1.0,0.625,0.0,0.0,0.0,0.0,0.0,0.812,0.812,0.75,0.562,0.0,0.0,0.0,0.0,0.75,0.5,0.0,0.938,0.062,0.0,0.0,0.0,0.312,1.0,1.0,0.688,0.0,0.0,8
0.0,0.0,0.0,0.062,0.438,0.875,0.875,0.0,0.0,0.0,0.188,0.938,0.438,0.062,0.875,0.0,0.0,0.125,1.0,0.625,0.312,0.875,0.5,0.0,0.0,0.25,0.938,1.0,0.75,1.0,0.312,0.0,0.0,0.0,0.312,0.188,0.062,0.938,0.0,0.0,0.0,0.0,0.0,0.0,0.25,0.75,0.0,0.0,0.0,0.0,0.0,0.0,0.438,0.625,0.0,0.0,0.0,0.0,0.0,0.0,0.438,0.75,0.0,0.0,9
0.0,0.062,0.812,0.812,0.625,0.0,0.0,0.0,0.0,0.062,0.812,1.0,0.938,0.0,0.0,0.0,0.0,0.0,0.75,1.0,1.0,0.0,0.0,0.0,0.0,0.0,1.0,1.0,0.75,0.0,0.0,0.0,0.0,0.0,0.938,1.0,0.812,0.062,0.0,0.0,0.0,0.0,0.938,1.0,0.688,0.0,0.0,0.0,0.0,0.0,1.0,1.0,1.0,0.312,0.0,0.0,0.0,0.0,0.875,1.0,0.938,0.5,0.062,0.0,1
0.0,0.0,0.0,0.875,0.625,0.0,0.0,0.0,0.0,0.0,0.188,1.0,1.0,0.188,0.0,0.0,0.0,0.0,0.438,1.0,1.0,0.438,0.0,0.0,0.0,0.0,0.75,1.0,1.0,0.312,0.0,0.0,0.0,0.0,0.25,0.938,1.0,0.375,0.0,0.0,0.0,0.0,0.0,0.812,1.0,0.0,0.0,0.0,0.0,0.0,0.0,0.875,0.75,0.0,0.0,0.0,0.0,0.0,0.0,0.625,0.625,0.0,0.0,0.0,1
0.0,0.0,0.5,1.0,0.25,0.0,0.0,0.0,0.0,0.375,0.75,0.125,0.875,0.812,0.0,0.0,0.0,0.562,0.375,0.062,0.875,0.875,0.0,0.0,0.0,0.125,0.688,0.75,0.5,1.0,0.125,0.0,0.0,0.0,0.0,0.0,0.0,0.688,0.5,0.0,0.0,0.0,0.0,0.0,0.0,0.438,0.562,0.0,0.0,0.0,0.125,0.0,0.062,0.75,0.375,0.0,0.0,0.0,0.5,0.562,0.812,0.438,0.0,0.0,9
0.0,0.0,0.312,0.75,0.812,0.75,0.0,0.0,0.0,0.438,0.812,0.312,0.5,0.938,0.0,0.0,0.0,0.25,0.875,0.25,0.812,1.0,0.188,0.0,0.0,0.0,0.375,0.75,0.5,0.562,0.25,0.0,0.0,0.0,0.0,0.0,0.0,0.5,0.5,0.0,0.0,0.0,0.0,0.0,0.0,0.375,0.5,0.0,0.0,0.0,0.062,0.188,0.125,0.812,0.375,0.0,0.0,0.0,0.375,1.0,1.0,0.5,0.062,0.0,9
0.0,0.0,0.062,0.875,1.0,0.5,0.0,0.0,0.0,0.0,0.125,0.625,0.312,0.875,0.0,0.0,0.0,0.0,0.0,0.125,0.438,0.938,0.0,0.0,0.0,0.0,0.0,0.375,1.0,0.625,0.0,0.0,0.0,0.0,0.0,0.0,0.188,0.875,0.25,0.0,0.0,0.0,0.812,0.0,0.0,0.25,0.75,0.0,0.0,0.0,0.812,0.375,0.25,0.5,0.812,0.0,0.0,0.0,0.0,0.75,1.0,0.938,0.375,0.0,3
0.0,0.0,0.812,0.875,0.75,0.938,0.25,0.0,0.0,0.0,1.0,0.312,0.312,1.0,0.312,0.0,0.0,0.0,0.812,0.438,0.938,0.25,0.0,0.0,0.0,0.0,0.688,1.0,0.125,0.0,0.0,0.0,0.0,0.125,0.812,0.625,0.375,0.0,0.0,0.0,0.0,0.5,0.312,0.062,0.938,0.0,0.0,0.0,0.0,0.312,0.5,0.062,1.0,0.0,0.0,0.0,0.0,0.062,0.625,1.0,0.5,0.0,0.0,0.0,8
0.0,0.0,0.375,1.0,1.0,1.0,1.0,0.625,0.0,0.0,0.375,0.625,0.5,0.875,1.0,0.188,0.0,0.0,0.0,0.0,0.25,1.0,0.5,0.0,0.0,0.0,0.125,0.625,0.875,0.938,0.375,0.0,0.0,0.0,0.375,1.0,1.0,1.0,0.438,0.0,0.0,0.0,0.0,0.938,0.562,0.0,0.0,0.0,0.0,0.0,0.375,1.0,0.375,0.0,0.0,0.0,0.0,0.0,0.625,0.812,0.062,0.0,0.0,0.0,7
0.0,0.125,1.0,1.0,1.0,0.875,0.312,0.0,0.0,0.562,1.0,0.688,0.375,0.5,0.188,0.0,0.0,0.562,1.0,0.125,0.0,0.0,0.0,0.0,0.0,0.188,1.0,0.812,0.062,0.0,0.0,0.0,0.0,0.0,0.5,1.0,0.75,0.0,0.0,0.0,0.0,0.0,0.0,0.75,1.0,0.25,0.0,0.0,0.0,0.0,0.062,0.688,1.0,0.375,0.0,0.0,0.0,0.25,1.0,1.0,0.5,0.0,0.0,0.0,5
0.0,0.0,0.0,0.125,0.938,0.25,0.0,0.0,0.0,0.0,0.0,0.5,0.938,0.062,0.0,0.0,0.0,0.0,0.062,0.875,0.75,0.0,0.0,0.0,0.0,0.0,0.375,1.0,0.75,0.0,0.0,0.0,0.0,0.0,0.812,1.0,0.938,0.25,0.125,0.0,0.0,0.562,1.0,1.0,1.0,1.0,0.688,0.0,0.0,0.188,0.5,0.5,1.0,0.188,0.0,0.0,0.0,0.0,0.0,0.188,0.938,0.0,0.0,0.0,4
0.0,0.0,0.062,0.688,0.75,0.562,0.312,0.0,0.0,0.0,0.875,0.375,0.062,0.938,0.625,0.0,0.0,0.125,0.75,0.25,0.75,0.438,0.625,0.0,0.0,0.062,0.812,0.75,0.188,0.25,0.5,0.0,0.0,0.0,0.0,0.0,0.0,0.25,0.5,0.0,0.0,0.0,0.188,0.25,0.0,0.438,0.375,0.0,0.0,0.0,0.75,0.438,0.188,0.688,0.0,0.0,0.0,0.0,0.188,0.812,0.938,0.188,0.0,0.0,9
0.0,0.0,0.812,1.0,0.938,0.25,0.0,0.0,0.0,0.0,0.562,0.5,0.812,1.0,0.188,0.0,0.0,0.0,0.0,0.0,0.812,1.0,0.438,0.0,0.0,0.0,0.0,0.062,1.0,0.75,0.0,0.0,0.0,0.0,0.0,0.0,0.938,0.625,0.0,0.0,0.0,0.0,0.0,0.0,0.5,0.938,0.0,0.0,0.0,0.0,0.188,0.375,0.938,1.0,0.438,0.0,0.0,0.0,0.938,1.0,1.0,0.688,0.062,0.0,3
0.0,0.0,0.375,0.875,1.0,0.938,0.062,0.0,0.0,0.562,1.0,0.75,0.562,1.0,0.188,0.0,0.0,0.75,1.0,0.688,0.875,0.812,0.0,0.0,0.0,0.438,0.938,1.0,0.875,0.0,0.0,0.0,0.0,0.0,0.125,0.5,1.0,0.312,0.0,0.0,0.0,0.0,0.0,0.375,1.0,0.25,0.0,0.0,0.0,0.0,0.125,0.812,0.75,0.0,0.0,0.0,0.0,0.0,0.562,1.0,0.062,0.0,0.0,0.0,9
0.0,0.0,0.188,0.625,0.938,0.875,0.25,0.0,0.0,0.125,0.875,0.438,0.562,1.0,0.5,0.0,0.0,0.438,0.75,0.188,0.875,1.0,0.0,0.0,0.0,0.125,0.875,1.0,0.812,1.0,0.0,0.0,0.0,0.0,0.0,0.0,0.0,1.0,0.0,0.0,0.0,0.062,0.188,0.0,0.0,0.875,0.0,0.0,0.0,0.312,0.938,0.5,0.125,1.0,0.0,0.0,0.0,0.0,0.25,0.688,1.0,0.938,0.0,0.0,9
0.0,0.25,0.75,0.812,0.812,0.375,0.0,0.0,0.0,0.375,0.875,0.5,0.812,1.0,0.0,0.0,0.0,0.0,0.0,0.0,0.688,1.0,0.125,0.0,0.0,0.0,0.0,0.0,1.0,0.938,0.0,0.0,0.0,0.0,0.0,0.0,0.75,1.0,0.188,0.0,0.0,0.0,0.0,0.0,0.25,1.0,0.562,0.0,0.0,0.0,0.062,0.25,0.75,1.0,0.5,0.0,0.0,0.125,0.812,1.0,0.75,0.375,0.0,0.0,3
0.0,0.125,0.812,1.0,1.0,0.938,0.25,0.0,0.0,0.438,0.75,0.5,0.5,1.0,0.75,0.0,0.0,0.0,0.0,0.0,0.5,1.0,0.438,0.0,0.0,0.0,0.0,0.0,0.875,0.625,0.0,0.0,0.0,0.0,0.0,0.0,0.75,0.938,0.188,0.0,0.0,0.0,0.0,0.0,0.125,1.0,0.688,0.0,0.0,0.0,0.25,0.25,0.438,1.0,0.625,0.0,0.0,0.125,0.938,1.0,1.0,0.75,0.062,0.0,3
0.0,0.0,0.5,0.938,0.875,0.438,0.0,0.0,0.0,0.0,0.75,1.0,0.875,1.0,0.0,0.0,0.0,0.0,0.188,0.938,0.875,0.875,0.062,0.0,0.0,0.0,0.0,0.688,1.0,0.062,0.0,0.0,0.0,0.0,0.312,0.875,0.875,0.25,0.0,0.0,0.0,0.0,0.75,0.375,0.5,0.5,0.0,0.0,0.0,0.062,1.0,0.125,0.562,0.438,0.0,0.0,0.0,0.0,0.562,1.0,0.688,0.062,0.0,0.0,8
0.0,0.0,0.375,0.875,0.062,0.0,0.0,0.0,0.0,0.0,0.75,0.625,0.0,0.0,0.0,0.0,0.0,0.188,1.0,0.062,0.0,0.0,0.0,0.0,0.0,0.312,0.875,0.0,0.25,0.125,0.0,0.0,0.0,0.438,1.0,1.0,1.0,1.0,0.312,0.0,0.0,0.25,1.0,0.375,0.0,0.562,0.688,0.0,0.0,0.0,0.875,0.5,0.312,0.812,0.562,0.0,0.0,0.0,0.312,0.812,1.0,0.75,0.062,0.0,6
0.0,0.0,0.0,0.25,0.75,0.0,0.0,0.0,0.0,0.0,0.0,0.75,1.0,0.5,0.0,0.0,0.0,0.0,0.25,1.0,0.938,0.5,0.0,0.0,0.0,0.062,0.938,0.5,0.875,0.438,0.0,0.0,0.0,0.375,1.0,0.5,0.875,0.875,0.25,0.0,0.0,0.625,1.0,1.0,1.0,0.812,0.062,0.0,0.0,0.0,0.0,0.125,1.0,0.25,0.0,0.0,0.0,0.0,0.0,0.25,0.812,0.125,0.0,0.0,4
0.0,0.0,0.188,0.625,0.875,0.188,0.0,0.0,0.0,0.25,1.0,0.812,0.938,0.688,0.0,0.0,0.0,0.5,0.812,0.062,0.812,1.0,0.125,0.0,0.0,0.375,1.0,0.875,0.875,0.875,0.375,0.0,0.0,0.0,0.312,0.438,0.062,0.688,0.5,0.0,0.0,0.062,0.5,0.062,0.0,0.5,0.5,0.0,0.0,0.125,1.0,0.688,0.5,0.875,0.438,0.0,0.0,0.0,0.312,0.75,0.875,0.562,0.062,0.0,9
0.0,0.0,0.438,0.875,0.938,0.25,0.0,0.0,0.0,0.438,0.938,0.25,0.562,0.75,0.0,0.0,0.0,0.375,0.938,0.062,0.25,0.875,0.0,0.0,0.0,0.0,0.562,0.812,0.875,0.438,0.0,0.0,0.0,0.0,0.125,1.0,1.0,0.25,0.0,0.0,0.0,0.0,0.875,0.438,0.188,0.938,0.25,0.0,0.0,0.0,1.0,0.188,0.0,0.812,0.5,0.0,0.0,0.0,0.438,1.0,1.0,0.625,0.062,0.0,8
0.0,0.0,0.438,1.0,0.75,0.062,0.0,0.0,0.0,0.0,1.0,0.688,1.0,0.5,0.0,0.0,0.0,0.0,0.188,0.562,1.0,0.375,0.0,0.0,0.0,0.0,0.0,0.812,1.0,0.938,0.062,0.0,0.0,0.0,0.062,0.125,0.312,0.875,0.5,0.0,0.0,0.312,0.875,0.0,0.0,0.562,0.938,0.0,0.0,0.25,1.0,0.438,0.375,0.812,0.875,0.0,0.0,0.0,0.438,1.0,1.0,1.0,0.25,0.0,3
0.0,0.0,0.375,0.75,0.625,0.875,0.5,0.0,0.0,0.0,0.938,0.875,0.812,1.0,0.188,0.0,0.0,0.062,0.75,0.0,0.562,0.688,0.0,0.0,0.0,0.0,0.0,0.25,1.0,0.5,0.125,0.0,0.0,0.0,0.562,1.0,1.0,1.0,0.562,0.0,0.0,0.0,0.125,0.938,0.375,0.0,0.0,0.0,0.0,0.0,0.188,0.938,0.062,0.0,0.0,0.0,0.0,0.0,0.5,0.688,0.0,0.0,0.0,0.0,7
0.0,0.0,0.5,0.75,0.312,0.0,0.0,0.0,0.0,0.188,1.0,0.5,0.75,0.062,0.0,0.0,0.0,0.0,0.875,0.0,0.75,0.188,0.0,0.0,0.0,0.0,0.188,0.0,0.75,0.188,0.0,0.0,0.0,0.0,0.0,0.188,0.875,0.0,0.0,0.0,0.0,0.0,0.0,0.312,0.75,0.0,0.0,0.0,0.0,0.0,0.312,1.0,0.375,0.25,0.25,0.0,0.0,0.0,0.875,1.0,1.0,1.0,0.875,0.0,2
0.0,0.0,0.0,0.188,0.875,0.375,0.0,0.0,0.0,0.0,0.188,0.875,0.625,0.062,0.0,0.0,0.0,0.062,0.812,0.625,0.0,0.0,0.0,0.0,0.0,0.562,0.875,0.062,0.0,0.438,0.312,0.0,0.0,0.688,0.938,0.5,0.562,1.0,0.625,0.0,0.0,0.438,1.0,1.0,0.938,0.938,0.125,0.0,0.0,0.0,0.0,0.0,0.75,0.688,0.0,0.0,0.0,0.0,0.0,0.188,1.0,0.125,0.0,0.0,4
0.0,0.0,0.438,0.812,0.938,0.312,0.0,0.0,0.0,0.0,0.5,1.0,1.0,0.75,0.0,0.0,0.0,0.0,0.438,1.0,0.938,0.188,0.0,0.0,0.0,0.0,0.375,1.0,0.312,0.0,0.0,0.0,0.0,0.0,0.312,1.0,0.125,0.0,0.0,0.0,0.0,0.0,0.5,1.0,0.375,0.0,0.0,0.0,0.0,0.0,0.75,0.75,0.812,0.0,0.0,0.0,0.0,0.0,0.312,0.812,0.625,0.0,0.0,0.0,8
0.0,0.0,0.0,0.312,0.875,0.0,0.0,0.0,0.0,0.0,0.062,0.938,0.812,0.0,0.0,0.0,0.0,0.0,0.562,1.0,0.812,0.0,0.0,0.0,0.0,0.312,1.0,0.938,0.812,0.0,0.0,0.0,0.0,0.5,1.0,1.0,1.0,0.938,0.562,0.0,0.0,0.0,0.25,0.625,0.875,0.5,0.312,0.0,0.0,0.0,0.0,0.5,0.75,0.0,0.0,0.0,0.0,0.0,0.0,0.438,0.625,0.0,0.0,0.0,4
0.0,0.0,0.875,0.75,0.75,0.75,0.375,0.0,0.0,0.125,0.938,0.5,0.5,0.5,0.25,0.0,0.0,0.312,0.75,0.0,0.0,0.0,0.0,0.0,0.0,0.5,1.0,0.75,0.688,0.438,0.0,0.0,0.0,0.062,0.25,0.25,0.562,0.938,0.438,0.0,0.0,0.0,0.0,0.0,0.0,0.5,0.5,0.0,0.0,0.062,0.688,0.25,0.312,0.875,0.438,0.0,0.0,0.0,0.75,1.0,1.0,0.5,0.062,0.0,5
0.0,0.0,0.688,0.875,0.312,0.0,0.0,0.0,0.0,0.375,0.75,0.25,0.812,0.25,0.0,0.0,0.0,0.625,0.625,0.0,0.25,0.875,0.0,0.0,0.0,0.438,0.812,0.312,0.812,1.0,0.125,0.0,0.0,0.062,0.625,0.75,0.75,0.875,0.5,0.0,0.0,0.0,0.0,0.0,0.0,0.438,0.75,0.0,0.0,0.0,0.062,0.0,0.0,0.062,0.938,0.0,0.0,0.0,0.688,0.5,0.25,0.312,1.0,0.062,9
0.0,0.0,0.125,1.0,0.812,0.0,0.0,0.0,0.0,0.0,0.25,1.0,0.938,0.0,0.0,0.0,0.0,0.0,0.25,1.0,0.75,0.0,0.0,0.0,0.0,0.0,0.438,1.0,0.625,0.0,0.0,0.0,0.0,0.0,0.312,1.0,0.562,0.0,0.0,0.0,0.0,0.0,0.438,1.0,0.438,0.0,0.0,0.0,0.0,0.0,0.188,1.0,0.562,0.0,0.0,0.0,0.0,0.0,0.062,0.75,0.938,0.0,0.0,0.0,1
0.0,0.0,0.125,0.875,0.938,0.188,0.0,0.0,0.0,0.0,0.438,1.0,0.688,0.0,0.0,0.0,0.0,0.0,0.812,0.938,0.062,0.0,0.0,0.0,0.0,0.062,1.0,0.688,0.0,0.0,0.0,0.0,0.0,0.125,1.0,0.562,0.0,0.0,0.0,0.0,0.0,0.125,1.0,1.0,1.0,0.562,0.0,0.0,0.0,0.0,0.812,1.0,0.625,1.0,0.438,0.0,0.0,0.0,0.188,0.938,1.0,1.0,0.25,0.0,6
0.0,0.0,0.188,0.812,1.0,1.0,0.812,0.0,0.0,0.0,0.688,0.875,0.5,0.938,0.562,0.0,0.0,0.0,0.188,0.312,0.125,0.875,0.125,0.0,0.0,0.0,0.0,0.0,0.562,0.688,0.062,0.0,0.0,0.0,0.125,0.938,0.938,1.0,0.562,0.0,0.0,0.0,0.125,0.938,0.875,0.5,0.125,0.0,0.0,0.0,0.0,0.688,0.625,0.0,0.0,0.0,0.0,0.0,0.125,0.938,0.25,0.0,0.0,0.0,7
0.0,0.0,0.5,1.0,0.625,0.125,0.0,0.0,0.0,0.0,0.75,0.812,0.875,0.688,0.0,0.0,0.0,0.0,0.625,0.812,0.5,1.0,0.125,0.0,0.0,0.0,0.25,0.938,0.938,1.0,0.5,0.0,0.0,0.0,0.0,0.188,0.5,0.688,0.812,0.0,0.0,0.0,0.0,0.0,0.0,0.312,1.0,0.25,0.0,0.0,0.062,0.125,0.125,0.438,1.0,0.312,0.0,0.0,0.188,0.875,1.0,1.0,0.688,0.062,9
0.0,0.0,0.438,1.0,1.0,1.0,0.375,0.0,0.0,0.0,0.75,0.812,0.312,0.062,0.0,0.0,0.0,0.0,0.938,0.438,0.062,0.0,0.0,0.0,0.0,0.188,1.0,1.0,0.812,0.0,0.0,0.0,0.0,0.688,0.938,0.312,1.0,0.25,0.0,0.0,0.0,0.312,0.188,0.062,1.0,0.188,0.0,0.0,0.0,0.0,0.0,0.688,0.75,0.0,0.0,0.0,0.0,0.0,0.438,0.938,0.062,0.0,0.0,0.0,5
0.0,0.062,0.438,0.938,1.0,0.562,0.0,0.0,0.062,0.812,0.875,0.438,0.875,0.875,0.0,0.0,0.0,0.375,0.062,0.5,1.0,0.5,0.0,0.0,0.0,0.0,0.188,1.0,0.562,0.0,0.0,0.0,0.0,0.0,0.0,0.688,0.938,0.375,0.062,0.0,0.0,0.0,0.0,0.0,0.438,0.938,0.688,0.0,0.0,0.0,0.312,0.062,0.0,0.688,1.0,0.125,0.0,0.0,0.625,1.0,1.0,1.0,0.438,0.0,3
0.0,0.312,0.75,0.812,1.0,1.0,0.125,0.0,0.0,0.688,1.0,0.938,0.5,0.25,0.0,0.0,0.0,0.5,0.875,0.688,0.062,0.0,0.0,0.0,0.0,0.5,1.0,1.0,0.875,0.0,0.0,0.0,0.0,0.062,0.375,0.375,1.0,0.0,0.0,0.0,0.0,0.0,0.0,0.312,1.0,0.188,0.0,0.0,0.0,0.062,0.312,0.938,0.812,0.0,0.0,0.0,0.0,0.25,0.938,1.0,0.125,0.0,0.0,0.0,5
0.0,0.0,0.688,0.75,0.0,0.0,0.0,0.0,0.0,0.125,1.0,1.0,1.0,0.812,0.0,0.0,0.0,0.188,1.0,0.75,0.625,0.875,0.0,0.0,0.0,0.062,1.0,0.062,0.75,0.938,0.0,0.0,0.0,0.0,0.812,1.0,0.562,0.938,0.125,0.0,0.0,0.0,0.0,0.188,0.0,0.562,0.688,0.0,0.0,0.0,0.0,0.0,0.562,0.938,0.25,0.0,0.0,0.0,0.562,0.75,0.812,0.188,0.0,0.0,9
0.0,0.25,0.625,0.938,1.0,1.0,0.875,0.0,0.0,0.688,1.0,0.875,0.5,0.312,0.125,0.0,0.0,0.375,1.0,0.5,0.0,0.0,0.0,0.0,0.0,0.0,0.625,0.938,0.062,0.0,0.0,0.0,0.0,0.0,0.125,1.0,0.312,0.0,0.0,0.0,0.0,0.0,0.0,0.812,0.625,0.0,0.0,0.0,0.0,0.312,0.625,0.875,0.625,0.0,0.0,0.0,0.0,0.188,1.0,0.938,0.188,0.0,0.0,0.0,5
0.0,0.0,0.25,0.875,0.688,0.0,0.0,0.0,0.0,0.188,0.938,0.938,1.0,0.562,0.0,0.0,0.0,0.5,0.812,0.0,0.188,0.938,0.062,0.0,0.0,0.5,0.75,0.0,0.0,0.5,0.375,0.0,0.0,0.5,0.75,0.0,0.0,0.5,0.5,0.0,0.0,0.312,0.812,0.062,0.0,0.5,0.5,0.0,0.0,0.125,0.938,0.875,0.75,0.938,0.375,0.0,0.0,0.0,0.312,1.0,0.938,0.5,0.0,0.0,0
0.0,0.0,0.562,0.938,0.312,0.0,0.0,0.0,0.0,0.0,0.812,0.875,0.812,0.438,0.0,0.0,0.0,0.0,0.375,0.875,0.625,0.812,0.062,0.0,0.0,0.0,0.0,0.562,0.75,0.938,0.312,0.0,0.0,0.0,0.0,0.0,0.0,0.625,0.625,0.0,0.0,0.0,0.0,0.0,0.0,0.438,0.875,0.0,0.0,0.0,0.188,0.5,0.562,0.938,0.938,0.0,0.0,0.0,0.312,0.75,0.75,0.562,0.062,0.0,9
0.0,0.0,0.125,0.812,0.75,0.0,0.0,0.0,0.0,0.0,0.5,1.0,0.438,0.0,0.0,0.0,0.0,0.0,0.812,1.0,0.25,0.0,0.0,0.0,0.0,0.25,1.0,1.0,1.0,0.688,0.0,0.0,0.0,0.188,1.0,0.625,0.188,0.938,0.5,0.0,0.0,0.0,1.0,0.5,0.0,0.812,0.625,0.0,0.0,0.0,0.75,0.938,0.062,0.938,0.562,0.0,0.0,0.0,0.125,0.688,1.0,1.0,0.125,0.0,6
0.0,0.0,0.438,0.312,0.875,0.812,0.0,0.0,0.0,0.0,1.0,0.938,0.375,0.562,0.125,0.0,0.0,0.25,1.0,0.438,0.0,0.25,0.25,0.0,0.0,0.375,0.75,0.062,0.0,0.312,0.438,0.0,0.0,0.5,0.438,0.0,0.0,0.75,0.188,0.0,0.0,0.25,0.5,0.0,0.25,0.75,0.0,0.0,0.0,0.125,0.75,0.312,0.938,0.25,0.0,0.0,0.0,0.0,0.375,0.938,0.375,0.0,0.0,0.0,0
0.0,0.0,0.562,0.812,1.0,1.0,0.25,0.0,0.0,0.125,0.75,0.312,0.25,0.875,0.25,0.0,0.0,0.0,0.0,0.0,0.312,0.812,0.0,0.0,0.0,0.0,0.0,0.188,0.812,0.75,0.312,0.0,0.0,0.0,0.0,0.812,0.875,0.75,0.5,0.0,0.0,0.0,0.0,0.812,0.375,0.0,0.0,0.0,0.0,0.0,0.25,0.875,0.062,0.0,0.0,0.0,0.0,0.0,0.875,0.438,0.0,0.0,0.0,0.0,7
0.0,0.0,0.0,0.875,0.875,0.062,0.0,0.0,0.0,0.0,0.188,1.0,0.875,0.0,0.0,0.0,0.0,0.0,0.625,1.0,0.125,0.0,0.0,0.0,0.0,0.0,1.0,1.0,0.5,0.188,0.0,0.0,0.0,0.188,1.0,0.938,0.5,0.875,0.125,0.0,0.0,0.0,1.0,0.688,0.0,0.688,0.625,0.0,0.0,0.0,0.562,0.875,0.438,1.0,0.625,0.0,0.0,0.0,0.0,0.75,1.0,0.875,0.062,0.0,6
0.0,0.25,1.0,1.0,1.0,0.938,0.188,0.0,0.0,0.688,1.0,0.875,0.5,0.5,0.062,0.0,0.0,0.75,0.875,0.188,0.0,0.0,0.0,0.0,0.0,0.5,1.0,0.25,0.0,0.0,0.0,0.0,0.0,0.125,1.0,0.562,0.0,0.0,0.0,0.0,0.0,0.0,0.625,0.75,0.0,0.0,0.0,0.0,0.0,0.062,0.875,0.688,0.0,0.0,0.0,0.0,0.0,0.312,1.0,0.188,0.0,0.0,0.0,0.0,5
0.0,0.25,0.875,1.0,1.0,0.75,0.062,0.0,0.0,0.125,0.75,0.438,0.875,1.0,0.375,0.0,0.0,0.0,0.0,0.312,1.0,0.625,0.0,0.0,0.0,0.0,0.0,0.25,1.0,0.438,0.0,0.0,0.0,0.0,0.0,0.25,1.0,0.375,0.0,0.0,0.0,0.0,0.0,0.062,0.938,0.688,0.0,0.0,0.0,0.062,0.5,0.625,1.0,0.625,0.0,0.0,0.0,0.312,1.0,1.0,0.938,0.062,0.0,0.0,3
0.0,0.0,0.0,0.5,0.938,0.312,0.0,0.0,0.0,0.0,0.188,1.0,0.812,0.062,0.0,0.0,0.0,0.0,0.75,1.0,0.125,0.0,0.0,0.0,0.0,0.312,1.0,0.438,0.562,0.25,0.0,0.0,0.0,0.875,1.0,0.812,1.0,0.875,0.188,0.0,0.0,0.5,0.875,1.0,1.0,0.875,0.125,0.0,0.0,0.0,0.0,0.562,1.0,0.188,0.0,0.0,0.0,0.0,0.0,0.688,0.875,0.0,0.0,0.0,4
0.0,0.312,1.0,0.812,0.062,0.0,0.0,0.0,0.0,0.562,0.875,0.875,0.25,0.0,0.0,0.0,0.0,0.562,0.438,0.75,0.25,0.0,0.0,0.0,0.0,0.0,0.0,0.812,0.25,0.0,0.0,0.0,0.0,0.0,0.125,1.0,0.062,0.0,0.0,0.0,0.0,0.0,0.438,0.812,0.0,0.0,0.0,0.0,0.0,0.062,0.938,1.0,1.0,1.0,0.688,0.0,0.0,0.312,1.0,0.875,0.625,0.5,0.375,0.0,2
0.0,0.0,0.312,0.688,1.0,0.75,0.0,0.0,0.0,0.0,1.0,0.75,0.25,0.188,0.0,0.0,0.0,0.25,1.0,0.375,0.188,0.0,0.0,0.0,0.0,0.25,0.938,1.0,1.0,0.562,0.0,0.0,0.0,0.0,0.0,0.0,0.188,1.0,0.375,0.0,0.0,0.0,0.0,0.0,0.0,0.688,0.375,0.0,0.0,0.0,0.0,0.062,0.5,0.938,0.062,0.0,0.0,0.0,0.375,1.0,0.812,0.062,0.0,0.0,5
0.0,0.0,0.0,0.062,0.75,0.438,0.0,0.0,0.0,0.0,0.0,0.562,1.0,1.0,0.062,0.0,0.0,0.062,0.438,0.938,1.0,0.875,0.0,0.0,0.0,0.25,1.0,1.0,1.0,1.0,0.0,0.0,0.0,0.0,0.0,0.188,1.0,1.0,0.0,0.0,0.0,0.0,0.0,0.125,1.0,1.0,0.188,0.0,0.0,0.0,0.0,0.375,1.0,1.0,0.0,0.0,0.0,0.0,0.0,0.188,0.938,0.812,0.0,0.0,1
0.0,0.0,0.75,0.562,0.562,0.5,0.062,0.0,0.0,0.125,0.938,0.5,0.5,0.5,0.125,0.0,0.0,0.5,0.75,0.5,0.312,0.0,0.0,0.0,0.0,0.5,0.938,0.562,0.875,0.562,0.0,0.0,0.0,0.125,0.062,0.0,0.062,0.875,0.188,0.0,0.0,0.0,0.0,0.0,0.0,0.375,0.688,0.0,0.0,0.062,0.5,0.25,0.312,0.875,0.562,0.0,0.0,0.062,0.688,1.0,0.75,0.438,0.0,0.0,5
0.0,0.0,0.438,0.938,0.938,0.25,0.0,0.0,0.0,0.5,1.0,1.0,1.0,0.25,0.0,0.0,0.0,0.5,0.938,0.5,1.0,0.25,0.0,0.0,0.0,0.0,0.0,0.625,0.938,0.0,0.0,0.0,0.0,0.0,0.062,0.938,0.562,0.0,0.0,0.0,0.0,0.0,0.375,1.0,0.125,0.0,0.0,0.0,0.0,0.0,0.5,1.0,0.5,0.688,0.562,0.0,0.0,0.0,0.562,1.0,1.0,0.75,0.188,0.0,2
0.0,0.0,0.0,0.375,0.875,0.0,0.0,0.0,0.0,0.0,0.25,1.0,0.375,0.0,0.0,0.0,0.0,0.0,0.875,0.625,0.062,0.125,0.0,0.0,0.0,0.375,1.0,0.25,0.75,0.625,0.0,0.0,0.0,0.875,0.688,0.0,1.0,0.5,0.0,0.0,0.25,1.0,1.0,1.0,1.0,0.625,0.0,0.0,0.062,0.688,0.75,0.75,1.0,0.312,0.0,0.0,0.0,0.0,0.0,0.5,1.0,0.25,0.0,0.0,4
0.0,0.0,0.0,0.375,0.75,0.0,0.0,0.0,0.0,0.0,0.125,0.938,0.312,0.0,0.0,0.0,0.0,0.0,0.75,0.5,0.0,0.125,0.375,0.0,0.0,0.25,0.938,0.0,0.062,0.812,0.5,0.0,0.0,0.375,1.0,0.125,0.375,0.875,0.062,0.0,0.0,0.5,1.0,1.0,1.0,0.375,0.0,0.0,0.0,0.062,0.312,0.5,1.0,0.062,0.0,0.0,0.0,0.0,0.0,0.188,0.688,0.0,0.0,0.0,4
0.0,0.0,0.25,0.812,0.688,0.438,0.0,0.0,0.0,0.0,0.875,1.0,0.812,1.0,0.125,0.0,0.0,0.312,1.0,0.25,0.0,0.312,0.438,0.0,0.0,0.5,0.875,0.0,0.0,0.25,0.5,0.0,0.0,0.375,0.562,0.0,0.0,0.25,0.5,0.0,0.0,0.125,0.875,0.062,0.0,0.5,0.375,0.0,0.0,0.0,0.812,0.75,0.562,0.938,0.125,0.0,0.0,0.0,0.188,1.0,0.75,0.312,0.0,0.0,0
0.0,0.0,0.5,0.688,0.5,0.625,0.0,0.0,0.0,0.188,0.938,0.5,0.75,1.0,0.25,0.0,0.0,0.188,0.75,0.0,0.188,1.0,0.125,0.0,0.0,0.0,0.688,0.625,0.938,0.625,0.0,0.0,0.0,0.0,0.25,1.0,1.0,0.375,0.0,0.0,0.0,0.0,0.438,0.562,0.25,1.0,0.0,0.0,0.0,0.0,0.75,0.688,0.312,1.0,0.0,0.0,0.0,0.0,0.188,0.625,0.562,0.188,0.0,0.0,8
0.0,0.0,0.0,0.625,0.812,0.062,0.0,0.0,0.0,0.062,0.688,0.75,0.438,0.0,0.0,0.0,0.0,0.125,1.0,0.75,0.0,0.0,0.0,0.0,0.0,0.25,1.0,0.688,0.0,0.0,0.0,0.0,0.0,0.25,1.0,0.938,0.5,0.25,0.0,0.0,0.0,0.25,1.0,1.0,0.812,1.0,0.375,0.0,0.0,0.0,0.438,1.0,0.438,0.812,0.875,0.0,0.0,0.0,0.0,0.438,0.938,0.938,0.312,0.0,6
0.0,0.062,0.625,0.938,0.688,0.062,0.0,0.0,0.0,0.188,0.5,0.5,0.688,0.75,0.0,0.0,0.0,0.0,0.0,0.312,0.875,0.938,0.062,0.0,0.0,0.0,0.0,0.688,0.938,0.125,0.0,0.0,0.0,0.0,0.0,0.25,0.938,0.125,0.0,0.0,0.0,0.0,0.0,0.0,0.75,0.625,0.0,0.0,0.0,0.0,0.188,0.25,0.625,1.0,0.062,0.0,0.0,0.0,0.812,1.0,0.938,0.625,0.0,0.0,3
0.0,0.0,0.0,0.438,0.938,0.062,0.0,0.0,0.0,0.0,0.0,0.938,1.0,0.062,0.0,0.0,0.0,0.0,0.562,1.0,1.0,0.125,0.0,0.0,0.0,0.125,1.0,1.0,1.0,0.0,0.0,0.0,0.0,0.625,1.0,1.0,1.0,1.0,0.5,0.0,0.0,0.5,0.938,0.938,0.875,0.5,0.312,0.0,0.0,0.0,0.0,0.688,0.75,0.0,0.0,0.0,0.0,0.0,0.0,0.375,0.938,0.062,0.0,0.0,4
0.0,0.0,0.438,0.5,0.75,0.375,0.0,0.0,0.0,0.062,0.875,0.688,0.75,0.938,0.0,0.0,0.0,0.188,0.938,0.0,0.0,0.625,0.312,0.0,0.0,0.25,0.562,0.0,0.0,0.5,0.25,0.0,0.0,0.5,0.5,0.0,0.0,0.812,0.0,0.0,0.0,0.438,0.562,0.0,0.562,0.688,0.0,0.0,0.0,0.125,0.875,0.625,0.875,0.312,0.0,0.0,0.0,0.0,0.562,0.938,0.375,0.0,0.0,0.0,0
0.0,0.0,0.25,0.75,0.812,0.312,0.0,0.0,0.0,0.188,0.938,0.5,0.625,0.938,0.125,0.0,0.0,0.188,0.875,0.125,0.125,0.938,0.188,0.0,0.0,0.0,0.625,1.0,1.0,0.438,0.0,0.0,0.0,0.0,0.0,0.438,0.812,0.938,0.188,0.0,0.0,0.0,0.125,0.688,0.062,0.75,0.312,0.0,0.0,0.0,0.438,0.562,0.062,0.875,0.125,0.0,0.0,0.0,0.25,1.0,1.0,0.438,0.0,0.0,8
0.0,0.0,0.125,0.688,0.75,0.062,0.0,0.0,0.0,0.125,0.875,0.562,0.562,0.5,0.0,0.0,0.0,0.625,0.75,0.0,0.812,0.375,0.0,0.0,0.0,0.375,0.312,0.125,0.812,0.125,0.0,0.0,0.0,0.0,0.0,0.625,0.562,0.0,0.0,0.0,0.0,0.0,0.0,0.062,0.625,0.562,0.062,0.0,0.0,0.0,0.375,0.438,0.0,0.75,0.375,0.0,0.0,0.0,0.062,0.75,1.0,1.0,0.312,0.0,3
0.0,0.0,0.438,1.0,1.0,0.5,0.0,0.0,0.0,0.0,0.875,0.75,0.688,0.875,0.0,0.0,0.0,0.0,0.688,0.938,1.0,0.75,0.0,0.0,0.0,0.0,0.312,0.938,0.938,0.25,0.0,0.0,0.0,0.0,0.0,0.188,0.75,0.875,0.0,0.0,0.0,0.062,0.625,0.0,0.438,0.938,0.0,0.0,0.0,0.062,0.875,0.375,0.812,0.75,0.0,0.0,0.0,0.0,0.438,1.0,1.0,0.688,0.0,0.0,9
0.0,0.0,0.625,1.0,1.0,0.5,0.0,0.0,0.0,0.312,1.0,0.375,0.438,0.875,0.0,0.0,0.0,0.188,1.0,0.188,0.812,0.562,0.0,0.0,0.0,0.0,0.812,0.938,0.562,0.0,0.0,0.0,0.0,0.0,0.625,1.0,0.062,0.0,0.0,0.0,0.0,0.0,1.0,0.938,0.375,0.0,0.0,0.0,0.0,0.062,0.938,0.75,0.688,0.0,0.0,0.0,0.0,0.0,0.312,1.0,0.625,0.0,0.0,0.0,8
0.0,0.0,0.0,0.0,0.688,0.312,0.0,0.0,0.0,0.0,0.0,0.5,1.0,0.125,0.0,0.0,0.0,0.0,0.25,0.938,1.0,0.188,0.0,0.0,0.0,0.0,0.75,0.375,1.0,0.188,0.0,0.0,0.0,0.312,0.938,0.0,0.938,0.312,0.188,0.0,0.0,0.375,1.0,1.0,1.0,0.688,0.25,0.0,0.0,0.0,0.0,0.0,0.875,0.0,0.0,0.0,0.0,0.0,0.0,0.0,0.75,0.125,0.0,0.0,4
0.0,0.0,0.062,0.625,0.812,0.812,0.062,0.0,0.0,0.062,0.812,0.625,0.25,0.875,0.25,0.0,0.0,0.5,0.812,0.0,0.438,0.75,0.0,0.0,0.0,0.125,0.75,0.875,0.938,0.125,0.0,0.0,0.0,0.0,0.312,0.938,0.938,0.125,0.0,0.0,0.0,0.0,0.5,0.438,0.188,0.812,0.188,0.0,0.0,0.0,0.5,0.5,0.0,0.812,0.25,0.0,0.0,0.0,0.062,0.688,1.0,1.0,0.125,0.0,8
0.0,0.0,0.062,0.625,1.0,0.812,0.0,0.0,0.0,0.125,0.938,0.938,0.562,0.375,0.0,0.0,0.0,0.312,1.0,0.062,0.0,0.0,0.0,0.0,0.0,0.5,1.0,0.875,0.312,0.0,0.0,0.0,0.0,0.688,1.0,0.812,0.938,0.188,0.0,0.0,0.0,0.062,0.188,0.0,0.688,0.75,0.0,0.0,0.0,0.0,0.0,0.125,0.812,0.625,0.0,0.0,0.0,0.0,0.062,0.875,0.938,0.188,0.0,0.0,5
0.0,0.0,0.688,0.938,0.75,0.062,0.0,0.0,0.0,0.0,0.438,1.0,1.0,0.438,0.0,0.0,0.0,0.0,0.75,1.0,1.0,1.0,0.062,0.0,0.0,0.0,0.812,1.0,1.0,0.812,0.125,0.0,0.0,0.0,0.875,1.0,1.0,0.25,0.0,0.0,0.0,0.125,1.0,1.0,0.875,0.0,0.0,0.0,0.0,0.0,0.875,1.0,0.875,0.0,0.0,0.0,0.0,0.0,0.5,1.0,0.812,0.062,0.0,0.0,1
0.0,0.0,0.312,1.0,0.688,0.0,0.0,0.0,0.0,0.0,0.75,0.812,0.812,0.688,0.0,0.0,0.0,0.0,0.812,0.5,0.375,1.0,0.0,0.0,0.0,0.0,0.438,0.875,1.0,1.0,0.25,0.0,0.0,0.0,0.0,0.438,0.5,0.875,0.438,0.0,0.0,0.0,0.25,0.0,0.0,0.5,0.75,0.0,0.0,0.062,0.938,0.688,0.5,0.812,0.688,0.0,0.0,0.0,0.312,0.688,0.75,0.875,0.188,0.0,9
0.0,0.0,0.312,0.812,0.0,0.0,0.0,0.0,0.0,0.0,0.75,0.562,0.25,0.812,0.0,0.0,0.0,0.0,1.0,0.312,0.688,0.812,0.0,0.0,0.0,0.0,0.938,0.812,0.938,0.438,0.0,0.0,0.0,0.0,0.25,0.875,0.938,0.0,0.0,0.0,0.0,0.0,0.0,0.875,0.5,0.0,0.0,0.0,0.0,0.0,0.125,1.0,0.25,0.0,0.0,0.0,0.0,0.0,0.375,1.0,0.062,0.0,0.0,0.0,4
0.0,0.0,0.5,0.812,0.875,0.312,0.0,0.0,0.0,0.312,0.812,0.25,0.688,0.562,0.0,0.0,0.0,0.25,0.812,0.062,0.75,0.875,0.0,0.0,0.0,0.0,0.5,0.875,0.688,0.75,0.25,0.0,0.0,0.0,0.0,0.0,0.0,0.438,0.5,0.0,0.0,0.0,0.0,0.0,0.0,0.25,0.5,0.0,0.0,0.0,0.125,0.125,0.0,0.688,0.438,0.0,0.0,0.0,0.5,1.0,1.0,0.812,0.125,0.0,9
0.0,0.125,0.688,1.0,0.938,0.125,0.0,0.0,0.0,0.75,1.0,0.938,1.0,0.25,0.0,0.0,0.0,0.125,0.188,0.125,1.0,0.25,0.0,0.0,0.0,0.0,0.0,0.625,0.875,0.0,0.0,0.0,0.0,0.0,0.25,1.0,0.312,0.0,0.0,0.0,0.0,0.0,0.75,0.75,0.188,0.688,0.562,0.0,0.0,0.0,1.0,1.0,1.0,1.0,0.375,0.0,0.0,0.0,0.875,0.938,0.75,0.312,0.0,0.0,2
0.0,0.0,0.312,0.938,0.125,0.0,0.0,0.0,0.0,0.0,0.062,1.0,0.5,0.0,0.0,0.0,0.0,0.0,0.0,0.875,0.75,0.0,0.0,0.0,0.0,0.0,0.125,1.0,1.0,0.188,0.0,0.0,0.0,0.0,0.125,0.562,0.875,0.375,0.0,0.0,0.0,0.0,0.0,0.0,0.375,0.812,0.0,0.0,0.0,0.0,0.125,0.625,0.75,1.0,0.25,0.25,0.0,0.0,0.25,0.938,1.0,1.0,1.0,1.0,1
0.0,0.0,0.062,0.5,0.5,0.562,0.75,0.438,0.0,0.0,0.5,1.0,0.75,0.812,1.0,0.312,0.0,0.0,0.688,0.375,0.0,0.5,0.688,0.0,0.0,0.0,0.938,0.188,0.062,0.938,0.188,0.0,0.0,0.0,0.062,0.0,0.625,0.562,0.0,0.0,0.0,0.0,0.0,0.188,0.812,0.062,0.0,0.0,0.0,0.0,0.0,0.812,0.438,0.0,0.0,0.0,0.0,0.0,0.062,0.688,0.062,0.0,0.0,0.0,7
0.0,0.0,0.938,0.75,0.688,0.375,0.125,0.0,0.0,0.25,1.0,0.938,0.75,0.75,0.625,0.0,0.0,0.438,0.875,0.062,0.0,0.0,0.0,0.0,0.0,0.625,0.75,0.188,0.062,0.0,0.0,0.0,0.0,0.5,1.0,1.0,0.875,0.125,0.0,0.0,0.0,0.062,0.5,0.5,1.0,0.5,0.0,0.0,0.0,0.0,0.062,0.688,0.938,0.125,0.0,0.0,0.0,0.0,0.812,1.0,0.375,0.0,0.0,0.0,5
0.0,0.0,0.375,0.75,0.688,0.0,0.0,0.0,0.0,0.0,0.75,1.0,0.938,0.0,0.0,0.0,0.0,0.0,0.812,1.0,0.875,0.125,0.0,0.0,0.0,0.062,0.938,1.0,0.688,0.125,0.0,0.0,0.0,0.0,0.562,1.0,0.625,0.0,0.0,0.0,0.0,0.0,0.562,1.0,0.875,0.312,0.0,0.0,0.0,0.0,0.625,1.0,1.0,0.875,0.0,0.0,0.0,0.0,0.25,0.688,0.75,0.5,0.0,0.0,1
0.0,0.0,0.125,0.938,0.75,0.0,0.0,0.0,0.0,0.0,0.562,1.0,0.312,0.0,0.125,0.0,0.0,0.125,0.938,0.625,0.0,0.688,1.0,0.062,0.0,0.625,1.0,0.25,0.375,1.0,0.625,0.0,0.0,0.375,1.0,1.0,1.0,0.938,0.062,0.0,0.0,0.0,0.375,0.812,1.0,0.25,0.0,0.0,0.0,0.0,0.0,0.938,0.812,0.0,0.0,0.0,0.0,0.0,0.375,1.0,0.312,0.0,0.0,0.0,4
0.0,0.0,0.062,0.875,0.5,0.0,0.0,0.0,0.0,0.0,0.5,1.0,0.25,0.0,0.0,0.0,0.0,0.062,1.0,0.562,0.0,0.062,0.312,0.0,0.0,0.5,1.0,0.312,0.062,0.75,0.938,0.0,0.0,0.625,1.0,0.75,0.688,1.0,0.375,0.0,0.0,0.188,0.875,1.0,1.0,0.5,0.0,0.0,0.0,0.0,0.0,0.688,1.0,0.062,0.0,0.0,0.0,0.0,0.0,0.812,0.875,0.0,0.0,0.0,4
0.0,0.0,0.438,0.875,0.312,0.0,0.0,0.0,0.0,0.312,1.0,1.0,0.688,0.0,0.0,0.0,0.0,0.125,0.875,0.125,0.875,0.0,0.0,0.0,0.0,0.0,0.0,0.312,1.0,0.0,0.0,0.0,0.0,0.0,0.0,0.5,1.0,0.0,0.0,0.0,0.0,0.0,0.0,0.688,0.75,0.0,0.0,0.0,0.0,0.0,0.688,1.0,0.875,0.5,0.625,0.0,0.0,0.0,0.438,0.75,0.75,0.75,0.938,0.125,2
0.0,0.0,0.0,0.938,0.688,0.0,0.0,0.0,0.0,0.0,0.375,1.0,1.0,0.125,0.0,0.0,0.0,0.0,0.625,1.0,1.0,0.062,0.0,0.0,0.0,0.125,1.0,1.0,1.0,0.188,0.0,0.0,0.0,0.438,1.0,1.0,0.875,0.0,0.0,0.0,0.0,0.0,0.188,0.938,0.625,0.0,0.0,0.0,0.0,0.0,0.0,0.938,0.438,0.0,0.0,0.0,0.0,0.0,0.0,0.875,0.25,0.0,0.0,0.0,1
0.0,0.0,0.0,0.25,0.938,0.125,0.0,0.0,0.0,0.0,0.062,1.0,0.562,0.0,0.0,0.0,0.0,0.0,0.562,0.938,0.062,0.688,0.562,0.0,0.0,0.188,0.875,0.5,0.0,0.875,0.625,0.0,0.0,0.625,1.0,0.75,0.75,1.0,0.5,0.0,0.0,0.812,1.0,0.875,0.938,1.0,0.312,0.0,0.0,0.0,0.0,0.0,0.938,0.812,0.0,0.0,0.0,0.0,0.0,0.25,1.0,0.562,0.0,0.0,4
0.0,0.0,0.0,0.5,0.188,0.0,0.0,0.0,0.0,0.0,0.125,1.0,0.5,0.0,0.0,0.0,0.0,0.0,0.562,0.938,0.062,0.0,0.0,0.0,0.0,0.0,0.75,0.625,0.0,0.0,0.0,0.0,0.0,0.0,0.875,0.438,0.0,0.0,0.0,0.0,0.0,0.0,0.625,0.938,1.0,1.0,0.875,0.062,0.0,0.0,0.25,1.0,0.062,0.25,0.938,0.375,0.0,0.0,0.0,0.312,0.875,0.938,0.625,0.0,6
0.0,0.0,0.0,0.0,0.75,0.812,0.062,0.0,0.0,0.0,0.0,0.5,1.0,0.938,0.125,0.0,0.0,0.0,0.625,1.0,1.0,0.75,0.0,0.0,0.0,0.25,1.0,1.0,1.0,0.812,0.0,0.0,0.0,0.25,0.438,0.25,1.0,0.375,0.0,0.0,0.0,0.0,0.0,0.062,1.0,0.5,0.0,0.0,0.0,0.0,0.0,0.062,1.0,0.5,0.0,0.0,0.0,0.0,0.0,0.0,0.75,0.75,0.0,0.0,1
0.0,0.0,0.125,0.812,0.062,0.0,0.0,0.0,0.0,0.0,0.0,0.938,0.375,0.0,0.0,0.0,0.0,0.0,0.0,0.938,0.625,0.0,0.0,0.0,0.0,0.0,0.0,0.812,1.0,0.062,0.0,0.0,0.0,0.0,0.0,0.375,0.938,0.375,0.0,0.0,0.0,0.0,0.0,0.0,0.75,0.562,0.0,0.0,0.0,0.0,0.312,0.75,0.875,1.0,0.562,0.125,0.0,0.0,0.125,0.75,0.75,0.75,0.812,0.5,1
0.0,0.0,0.062,0.625,0.438,0.0,0.0,0.0,0.0,0.0,0.375,0.812,0.0,0.0,0.0,0.0,0.0,0.0,0.812,0.312,0.0,0.0,0.0,0.0,0.0,0.125,1.0,0.062,0.312,0.125,0.0,0.0,0.0,0.188,1.0,0.938,0.688,0.562,0.312,0.0,0.0,0.125,1.0,0.375,0.0,0.125,0.875,0.0,0.0,0.0,0.625,0.625,0.062,0.312,0.938,0.0,0.0,0.0,0.062,0.75,0.938,0.875,0.375,0.0,6
0.0,0.0,0.625,1.0,1.0,0.625,0.0,0.0,0.0,0.5,0.938,0.438,0.375,0.875,0.0,0.0,0.0,0.062,0.188,0.0,0.938,0.5,0.0,0.0,0.0,0.0,0.0,0.75,0.812,0.062,0.0,0.0,0.0,0.0,0.0,0.438,0.938,0.25,0.0,0.0,0.0,0.0,0.0,0.0,0.5,0.75,0.0,0.0,0.0,0.0,0.375,0.0,0.75,0.625,0.0,0.0,0.0,0.0,0.812,1.0,0.938,0.188,0.0,0.0,3
0.0,0.0,0.25,1.0,1.0,1.0,0.75,0.0,0.0,0.0,0.25,0.75,0.688,0.875,0.812,0.0,0.0,0.0,0.0,0.0,0.0,0.938,0.562,0.0,0.0,0.0,0.125,0.5,0.625,1.0,0.562,0.0,0.0,0.0,0.438,0.812,1.0,0.875,0.312,0.0,0.0,0.0,0.0,0.188,1.0,0.312,0.0,0.0,0.0,0.0,0.0,0.625,0.938,0.0,0.0,0.0,0.0,0.0,0.188,1.0,0.562,0.0,0.0,0.0,7
0.0,0.0,0.375,0.938,1.0,0.188,0.0,0.0,0.0,0.188,1.0,0.75,0.938,0.5,0.0,0.0,0.0,0.0,0.25,0.0,0.875,0.375,0.0,0.0,0.0,0.0,0.0,0.125,1.0,0.375,0.125,0.0,0.0,0.0,0.25,0.875,1.0,1.0,0.5,0.0,0.0,0.0,0.938,1.0,0.438,0.0,0.0,0.0,0.0,0.0,0.375,1.0,0.0,0.0,0.0,0.0,0.0,0.0,0.438,0.562,0.0,0.0,0.0,0.0,7
0.0,0.0,0.0,0.0,0.312,0.938,0.375,0.0,0.0,0.0,0.0,0.25,0.938,1.0,0.25,0.0,0.0,0.188,0.688,1.0,0.625,1.0,0.25,0.0,0.0,0.25,0.688,0.188,0.0,1.0,0.25,0.0,0.0,0.0,0.0,0.0,0.062,1.0,0.25,0.0,0.0,0.0,0.0,0.0,0.188,1.0,0.188,0.0,0.0,0.0,0.0,0.0,0.312,1.0,0.25,0.0,0.0,0.0,0.0,0.0,0.375,0.938,0.25,0.0,1
0.0,0.0,0.25,0.75,0.312,0.0,0.0,0.0,0.0,0.0,0.75,0.875,0.938,0.438,0.0,0.0,0.0,0.125,0.875,0.062,0.125,1.0,0.0,0.0,0.0,0.25,0.5,0.0,0.0,0.625,0.25,0.0,0.0,0.438,0.5,0.0,0.0,0.375,0.5,0.0,0.0,0.25,0.688,0.0,0.0,0.312,0.5,0.0,0.0,0.0,0.875,0.688,0.188,0.812,0.312,0.0,0.0,0.0,0.125,0.688,1.0,0.688,0.0,0.0,0
0.0,0.0,0.0,0.625,0.375,0.0,0.0,0.0,0.0,0.0,0.25,1.0,0.125,0.188,0.0,0.0,0.0,0.0,0.812,0.5,0.438,0.875,0.0,0.0,0.0,0.438,0.938,0.0,0.812,0.875,0.312,0.0,0.0,0.875,0.938,0.875,1.0,1.0,0.562,0.0,0.0,0.812,1.0,0.938,1.0,0.375,0.0,0.0,0.0,0.0,0.062,0.562,0.875,0.0,0.0,0.0,0.0,0.0,0.0,0.875,0.625,0.0,0.0,0.0,4
0.0,0.0,0.125,0.75,0.25,0.0,0.0,0.0,0.0,0.062,0.75,1.0,1.0,0.188,0.0,0.0,0.0,0.438,1.0,0.375,0.25,0.812,0.0,0.0,0.0,0.5,1.0,0.375,0.0,0.812,0.312,0.0,0.0,0.062,1.0,0.312,0.0,0.438,0.562,0.0,0.0,0.0,1.0,0.5,0.0,0.5,0.75,0.0,0.0,0.0,0.812,0.875,0.875,1.0,0.625,0.0,0.0,0.0,0.25,0.875,0.938,0.438,0.0,0.0,0
0.0,0.062,0.938,1.0,0.625,0.0,0.0,0.0,0.0,0.25,1.0,0.562,1.0,0.25,0.0,0.0,0.0,0.125,0.75,0.312,1.0,0.188,0.0,0.0,0.0,0.0,0.0,0.375,1.0,0.188,0.0,0.0,0.0,0.0,0.062,0.938,0.812,0.0,0.0,0.0,0.0,0.0,0.5,1.0,0.25,0.0,0.0,0.0,0.0,0.125,1.0,0.812,0.25,0.25,0.188,0.0,0.0,0.125,0.812,1.0,1.0,1.0,1.0,0.125,2
0.0,0.0,0.5,1.0,1.0,0.062,0.0,0.0,0.0,0.062,0.75,0.625,1.0,0.312,0.0,0.0,0.0,0.0,0.0,0.188,1.0,0.375,0.0,0.0,0.0,0.0,0.0,0.375,1.0,0.125,0.0,0.0,0.0,0.25,0.75,0.875,1.0,0.75,0.312,0.0,0.0,0.75,1.0,1.0,0.875,0.75,0.312,0.0,0.0,0.0,0.375,0.812,0.0,0.0,0.0,0.0,0.0,0.0,0.688,0.5,0.0,0.0,0.0,0.0,7
0.0,0.0,0.438,1.0,0.938,0.062,0.0,0.0,0.0,0.312,1.0,0.812,1.0,0.5,0.0,0.0,0.0,0.562,0.688,0.0,0.25,1.0,0.25,0.0,0.0,0.75,0.5,0.0,0.0,0.688,0.688,0.0,0.0,0.688,0.5,0.0,0.0,0.5,0.75,0.0,0.0,0.5,0.812,0.0,0.0,0.75,0.625,0.0,0.0,0.125,1.0,0.562,0.75,0.938,0.188,0.0,0.0,0.0,0.5,1.0,0.812,0.312,0.0,0.0,0
0.0,0.0,0.0,0.5,0.875,0.938,0.438,0.0,0.0,0.0,0.25,1.0,0.75,0.938,0.875,0.0,0.0,0.0,0.062,0.062,0.0,0.688,0.75,0.0,0.0,0.0,0.125,0.25,0.375,0.875,0.938,0.0,0.0,0.25,1.0,1.0,1.0,1.0,0.312,0.0,0.0,0.5,0.75,0.438,0.875,0.75,0.0,0.0,0.0,0.0,0.0,0.25,1.0,0.188,0.0,0.0,0.0,0.0,0.0,0.688,0.438,0.0,0.0,0.0,7
0.0,0.062,0.562,1.0,0.812,0.438,0.0,0.0,0.0,0.438,0.875,0.25,0.625,0.75,0.0,0.0,0.0,0.375,0.938,0.562,1.0,0.688,0.0,0.0,0.0,0.0,0.562,0.688,0.438,0.875,0.0,0.0,0.0,0.0,0.0,0.0,0.0,0.938,0.125,0.0,0.0,0.0,0.0,0.0,0.0,0.688,0.375,0.0,0.0,0.188,0.812,0.5,0.312,0.875,0.312,0.0,0.0,0.0,0.562,0.875,0.812,0.625,0.062,0.0,9
0.0,0.062,0.562,0.938,0.812,0.25,0.0,0.0,0.0,0.312,0.75,0.25,0.625,0.375,0.0,0.0,0.0,0.0,0.0,0.188,0.938,0.125,0.0,0.0,0.0,0.0,0.0,0.938,0.812,0.062,0.0,0.0,0.0,0.0,0.0,0.125,0.562,0.875,0.125,0.0,0.0,0.0,0.0,0.0,0.0,0.688,0.5,0.0,0.0,0.0,0.625,0.375,0.25,0.688,0.438,0.0,0.0,0.0,0.5,0.938,1.0,0.562,0.062,0.0,3
0.0,0.0,0.125,0.625,0.938,0.062,0.0,0.0,0.0,0.188,1.0,1.0,0.812,0.812,0.0,0.0,0.0,0.312,1.0,0.75,0.062,0.75,0.062,0.0,0.0,0.438,0.812,0.312,0.0,0.438,0.312,0.0,0.0,0.125,0.875,0.0,0.0,0.438,0.625,0.0,0.0,0.0,0.75,0.125,0.0,0.75,0.438,0.0,0.0,0.0,0.562,0.75,0.75,1.0,0.25,0.0,0.0,0.0,0.0,0.625,1.0,0.375,0.0,0.0,0
0.0,0.0,0.0,0.312,0.812,0.062,0.0,0.0,0.0,0.0,0.062,0.938,0.75,0.0,0.0,0.0,0.0,0.0,0.25,1.0,0.312,0.0,0.0,0.0,0.0,0.0,0.688,0.875,0.188,0.0,0.0,0.0,0.0,0.0,0.688,1.0,1.0,0.25,0.0,0.0,0.0,0.0,0.688,0.688,0.312,0.812,0.0,0.0,0.0,0.0,0.375,0.812,0.438,0.938,0.0,0.0,0.0,0.0,0.0,0.312,0.875,0.562,0.0,0.0,6
0.0,0.0,0.188,0.812,0.625,0.062,0.0,0.0,0.0,0.0,0.188,1.0,1.0,0.25,0.0,0.0,0.0,0.0,0.062,1.0,1.0,0.125,0.0,0.0,0.0,0.0,0.375,1.0,1.0,0.062,0.0,0.0,0.0,0.0,0.25,1.0,1.0,0.062,0.0,0.0,0.0,0.0,0.25,1.0,1.0,0.188,0.0,0.0,0.0,0.0,0.438,1.0,1.0,0.0,0.0,0.0,0.0,0.0,0.125,0.875,1.0,0.312,0.0,0.0,1
0.0,0.188,0.938,1.0,0.438,0.0,0.0,0.0,0.0,0.75,0.812,0.688,1.0,0.0,0.0,0.0,0.0,0.75,0.312,0.25,1.0,0.0,0.0,0.0,0.0,0.0,0.0,0.188,1.0,0.25,0.0,0.0,0.0,0.0,0.0,0.375,1.0,0.188,0.0,0.0,0.0,0.0,0.0,0.688,1.0,0.0,0.0,0.0,0.0,0.062,0.75,1.0,0.875,0.5,0.312,0.0,0.0,0.125,0.812,1.0,1.0,1.0,1.0,0.125,2
0.0,0.0,0.0,0.0,0.312,0.688,0.875,0.062,0.0,0.0,0.0,0.625,0.812,0.5,0.938,0.125,0.0,0.0,0.688,0.562,0.25,0.562,0.75,0.0,0.0,0.312,1.0,1.0,1.0,1.0,0.375,0.0,0.0,0.0,0.938,1.0,0.812,1.0,0.188,0.0,0.0,0.0,0.125,0.188,0.062,0.938,0.0,0.0,0.0,0.0,0.0,0.0,0.312,0.312,0.0,0.0,0.0,0.0,0.0,0.0,0.375,0.0,0.0,0.0,9
0.0,0.0,0.562,0.812,0.375,0.0,0.0,0.0,0.0,0.0,0.875,0.438,0.688,0.188,0.0,0.0,0.0,0.25,0.438,0.5,0.312,0.5,0.0,0.0,0.0,0.5,0.625,0.938,0.875,0.562,0.0,0.0,0.0,0.0,0.25,0.438,0.562,0.812,0.062,0.0,0.0,0.0,0.0,0.0,0.0,0.312,0.688,0.0,0.0,0.0,0.125,0.0,0.125,0.75,0.375,0.0,0.0,0.0,0.625,0.875,0.875,0.438,0.0,0.0,9
0.0,0.0,0.562,0.75,0.75,0.812,0.438,0.0,0.0,0.0,0.938,0.312,0.312,0.25,0.125,0.0,0.0,0.25,0.938,0.625,0.25,0.0,0.0,0.0,0.0,0.125,0.688,0.688,0.938,0.688,0.0,0.0,0.0,0.0,0.0,0.0,0.0,0.625,0.312,0.0,0.0,0.0,0.0,0.0,0.0,0.438,0.438,0.0,0.0,0.312,0.688,0.25,0.312,0.875,0.062,0.0,0.0,0.0,0.562,1.0,0.812,0.188,0.0,0.0,5
0.0,0.062,0.688,0.75,0.062,0.0,0.0,0.0,0.0,0.5,1.0,0.75,0.562,0.0,0.0,0.0,0.0,0.438,0.5,0.438,0.75,0.0,0.0,0.0,0.0,0.062,0.062,0.25,0.875,0.0,0.0,0.0,0.0,0.0,0.0,0.312,0.688,0.0,0.0,0.0,0.0,0.0,0.0,0.688,0.562,0.0,0.0,0.0,0.0,0.062,0.875,1.0,1.0,0.938,0.625,0.0,0.0,0.0,0.812,0.688,0.5,0.75,0.5,0.0,2
0.0,0.0,0.25,0.562,0.75,1.0,0.5,0.0,0.0,0.0,0.938,0.938,0.5,0.5,0.125,0.0,0.0,0.25,1.0,0.688,0.25,0.062,0.0,0.0,0.0,0.5,1.0,1.0,1.0,0.875,0.0,0.0,0.0,0.0,0.688,0.562,0.5,1.0,0.0,0.0,0.0,0.0,0.0,0.0,0.438,1.0,0.0,0.0,0.0,0.0,0.0,0.5,1.0,0.75,0.0,0.0,0.0,0.0,0.188,0.812,0.562,0.062,0.0,0.0,5
0.0,0.0,0.062,0.688,0.938,0.062,0.0,0.0,0.0,0.0,0.812,1.0,0.5,0.125,0.062,0.0,0.0,0.0,1.0,0.938,0.625,1.0,0.312,0.0,0.0,0.0,0.5,1.0,1.0,0.438,0.0,0.0,0.0,0.0,0.562,1.0,1.0,0.25,0.0,0.0,0.0,0.0,1.0,0.875,1.0,0.938,0.0,0.0,0.0,0.0,0.938,0.938,0.938,1.0,0.0,0.0,0.0,0.0,0.125,0.562,0.812,0.375,0.0,0.0,8
0.0,0.125,0.938,1.0,0.938,0.125,0.0,0.0,0.0,0.5,0.875,0.5,0.875,0.5,0.0,0.0,0.0,0.438,0.312,0.125,1.0,0.312,0.0,0.0,0.0,0.0,0.0,0.75,0.812,0.0,0.0,0.0,0.0,0.0,0.5,0.938,0.062,0.0,0.0,0.0,0.0,0.062,0.938,0.438,0.0,0.0,0.0,0.0,0.0,0.25,1.0,0.562,0.5,0.5,0.125,0.0,0.0,0.125,0.938,1.0,1.0,1.0,0.812,0.0,2
0.0,0.0,0.0,0.75,0.875,0.312,0.0,0.0,0.0,0.0,0.375,0.688,0.25,0.938,0.0,0.0,0.0,0.0,0.5,0.562,0.5,1.0,0.188,0.0,0.0,0.0,0.188,0.875,0.812,0.812,0.25,0.0,0.0,0.0,0.0,0.0,0.0,0.625,0.438,0.0,0.0,0.0,0.0,0.0,0.0,0.438,0.5,0.0,0.0,0.0,0.812,0.375,0.062,0.438,0.562,0.0,0.0,0.0,0.062,0.625,0.875,0.938,0.125,0.0,9
0.0,0.0,0.688,0.688,0.125,0.0,0.0,0.0,0.0,0.188,1.0,1.0,0.5,0.0,0.0,0.0,0.0,0.375,0.75,0.5,0.5,0.0,0.0,0.0,0.0,0.0,0.312,0.375,0.75,0.0,0.0,0.0,0.0,0.0,0.0,0.688,0.562,0.0,0.0,0.0,0.0,0.0,0.0,0.938,0.375,0.188,0.312,0.0,0.0,0.0,0.812,1.0,0.812,0.938,0.562,0.0,0.0,0.062,0.75,0.75,0.75,0.75,0.062,0.0,2
0.0,0.0,0.0,0.062,1.0,0.688,0.0,0.0,0.0,0.0,0.0,0.062,1.0,1.0,0.25,0.0,0.0,0.0,0.0,0.5,1.0,1.0,0.0,0.0,0.0,0.0,0.625,1.0,1.0,1.0,0.062,0.0,0.0,0.375,1.0,0.875,1.0,0.938,0.0,0.0,0.0,0.062,0.188,0.312,1.0,0.75,0.0,0.0,0.0,0.0,0.0,0.25,1.0,0.75,0.0,0.0,0.0,0.0,0.0,0.125,0.938,0.75,0.0,0.0,1
0.0,0.0,0.5,1.0,0.5,0.0,0.0,0.0,0.0,0.0,0.625,1.0,1.0,0.188,0.0,0.0,0.0,0.0,0.125,0.25,0.875,0.25,0.0,0.0,0.0,0.0,0.0,0.5,0.875,0.0,0.0,0.0,0.0,0.0,0.312,1.0,0.5,0.0,0.0,0.0,0.0,0.125,0.938,0.875,0.438,0.375,0.188,0.0,0.0,0.312,1.0,0.938,1.0,0.938,0.188,0.0,0.0,0.0,0.625,0.812,0.5,0.125,0.0,0.0,2
0.0,0.0,0.438,0.75,0.75,0.125,0.0,0.0,0.0,0.312,0.938,0.375,0.625,0.562,0.0,0.0,0.0,0.688,0.25,0.0,0.688,0.375,0.0,0.0,0.0,0.188,0.0,0.125,0.938,0.125,0.0,0.0,0.0,0.0,0.062,0.812,0.375,0.0,0.0,0.0,0.0,0.0,0.688,0.688,0.062,0.0,0.0,0.0,0.0,0.062,1.0,0.438,0.25,0.25,0.125,0.0,0.0,0.0,0.688,0.75,0.812,0.875,0.688,0.0,2
0.0,0.0,0.062,0.875,0.375,0.0,0.0,0.0,0.0,0.0,0.438,1.0,0.062,0.0,0.0,0.0,0.0,0.0,0.812,0.625,0.0,0.0,0.0,0.0,0.0,0.0,0.875,0.438,0.0,0.0,0.0,0.0,0.0,0.188,1.0,0.625,0.5,0.188,0.0,0.0,0.0,0.0,1.0,0.812,0.75,0.875,0.438,0.0,0.0,0.0,0.875,0.562,0.25,0.688,0.812,0.0,0.0,0.0,0.125,0.75,1.0,0.75,0.25,0.0,6
0.0,0.0,0.5,0.562,0.5,0.75,0.5,0.0,0.0,0.0,0.75,0.875,0.625,0.5,0.312,0.0,0.0,0.062,0.875,0.125,0.0,0.0,0.0,0.0,0.0,0.375,1.0,0.75,0.75,0.5,0.0,0.0,0.0,0.062,0.25,0.25,0.438,0.938,0.438,0.0,0.0,0.0,0.0,0.0,0.0,0.625,0.438,0.0,0.0,0.062,0.75,0.25,0.562,0.938,0.062,0.0,0.0,0.0,0.562,1.0,0.875,0.188,0.0,0.0,5
0.0,0.062,0.625,1.0,0.188,0.0,0.0,0.0,0.0,0.312,1.0,0.875,0.5,0.0,0.0,0.0,0.0,0.625,0.688,0.5,0.75,0.0,0.0,0.0,0.0,0.062,0.062,0.5,0.75,0.0,0.0,0.0,0.0,0.0,0.0,0.75,0.5,0.0,0.0,0.0,0.0,0.0,0.125,0.938,0.312,0.062,0.125,0.0,0.0,0.0,0.625,1.0,0.875,0.875,0.75,0.0,0.0,0.0,0.875,1.0,1.0,0.812,0.438,0.0,2
0.0,0.0,0.938,0.75,0.188,0.0,0.0,0.0,0.0,0.0,0.938,0.562,0.875,0.062,0.0,0.0,0.0,0.0,0.75,0.625,0.938,0.062,0.0,0.0,0.0,0.0,0.312,1.0,0.25,0.625,0.438,0.0,0.0,0.0,0.0,0.688,0.875,0.688,0.0,0.0,0.0,0.0,0.062,0.75,0.812,0.688,0.0,0.0,0.0,0.0,0.75,0.375,0.0,0.562,0.25,0.0,0.0,0.0,0.938,0.25,0.312,0.812,0.375,0.0,8
0.0,0.0,0.0,0.438,0.625,0.0,0.0,0.0,0.0,0.0,0.188,0.938,0.312,0.0,0.0,0.0,0.0,0.0,0.688,0.688,0.0,0.125,0.125,0.0,0.0,0.312,0.875,0.125,0.062,0.812,0.438,0.0,0.0,0.438,0.938,0.125,0.5,1.0,0.188,0.0,0.0,0.188,0.875,1.0,1.0,0.5,0.0,0.0,0.0,0.0,0.0,0.438,1.0,0.0,0.0,0.0,0.0,0.0,0.0,0.375,1.0,0.125,0.0,0.0,4
0.0,0.0,0.625,0.75,0.812,1.0,0.125,0.0,0.0,0.25,0.938,0.375,0.25,0.25,0.0,0.0,0.0,0.312,0.625,0.0,0.0,0.0,0.0,0.0,0.0,0.312,1.0,1.0,1.0,0.562,0.0,0.0,0.0,0.125,0.688,0.188,0.188,0.75,0.0,0.0,0.0,0.0,0.0,0.0,0.125,0.812,0.0,0.0,0.0,0.0,0.25,0.062,0.562,0.625,0.0,0.0,0.0,0.0,1.0,1.0,0.812,0.062,0.0,0.0,5
0.0,0.0,0.125,0.812,0.5,0.0,0.0,0.0,0.0,0.0,0.375,1.0,1.0,0.375,0.0,0.0,0.0,0.0,0.312,0.938,0.812,0.688,0.0,0.0,0.0,0.0,0.0,0.438,1.0,0.938,0.0,0.0,0.0,0.0,0.0,0.0,0.0,0.875,0.188,0.0,0.0,0.0,0.0,0.0,0.0,0.438,0.688,0.0,0.0,0.0,0.0,0.188,0.25,0.25,1.0,0.125,0.0,0.0,0.125,0.938,0.812,0.875,0.812,0.125,9
0.0,0.0,0.0,0.562,0.938,0.562,0.0,0.0,0.0,0.0,0.5,0.938,0.312,0.75,0.125,0.0,0.0,0.0,0.938,0.938,0.188,0.812,0.188,0.0,0.0,0.0,0.688,1.0,1.0,0.812,0.0,0.0,0.0,0.25,1.0,0.625,0.938,0.0,0.0,0.0,0.0,0.188,0.75,0.0,0.5,0.438,0.0,0.0,0.0,0.0,0.75,0.5,0.625,0.688,0.0,0.0,0.0,0.0,0.0,0.562,0.812,0.25,0.0,0.0,8
0.0,0.0,0.25,0.875,1.0,0.875,0.062,0.0,0.0,0.125,0.875,1.0,1.0,0.5,0.0,0.0,0.0,0.25,1.0,1.0,0.875,0.188,0.0,0.0,0.0,0.25,1.0,1.0,0.625,0.0,0.0,0.0,0.0,0.0,0.75,0.812,0.75,0.0,0.0,0.0,0.0,0.062,0.875,1.0,0.938,0.188,0.0,0.0,0.0,0.0,0.625,1.0,1.0,0.75,0.0,0.0,0.0,0.0,0.125,0.562,0.938,1.0,0.5,0.0,1
0.0,0.0,0.312,0.75,0.0,0.0,0.0,0.0,0.0,0.0,0.875,0.625,0.875,0.75,0.0,0.0,0.0,0.125,1.0,1.0,0.5,0.688,0.125,0.0,0.0,0.188,1.0,0.688,0.0,0.562,0.188,0.0,0.0,0.312,0.75,0.125,0.0,0.75,0.25,0.0,0.0,0.062,0.75,0.0,0.0,0.812,0.188,0.0,0.0,0.0,0.812,0.375,0.5,0.812,0.0,0.0,0.0,0.0,0.188,0.875,0.75,0.188,0.0,0.0,0
0.0,0.0,0.375,0.875,1.0,1.0,0.125,0.0,0.0,0.312,1.0,0.812,0.688,1.0,0.0,0.0,0.0,0.0,0.438,0.125,0.938,0.75,0.0,0.0,0.0,0.0,0.0,0.438,1.0,0.812,0.062,0.0,0.0,0.0,0.0,0.0,0.375,0.938,0.625,0.0,0.0,0.0,0.0,0.0,0.0,0.938,0.562,0.0,0.0,0.0,0.188,0.688,0.5,1.0,0.375,0.0,0.0,0.0,0.438,1.0,1.0,0.5,0.0,0.0,3
0.0,0.062,0.812,0.562,0.5,0.812,0.125,0.0,0.0,0.625,0.438,0.0,0.0,0.75,0.125,0.0,0.0,0.562,0.375,0.0,0.562,0.375,0.0,0.0,0.0,0.062,0.812,0.625,0.625,0.0,0.0,0.0,0.0,0.0,0.562,1.0,0.125,0.0,0.0,0.0,0.0,0.125,0.75,0.312,0.75,0.062,0.0,0.0,0.0,0.25,0.562,0.0,0.562,0.312,0.0,0.0,0.0,0.062,0.75,0.688,0.5,0.0,0.0,0.0,8
0.0,0.062,0.5,0.812,0.938,0.312,0.0,0.0,0.0,0.5,0.875,0.438,1.0,0.875,0.0,0.0,0.0,0.625,0.75,0.062,0.625,1.0,0.125,0.0,0.0,0.125,0.75,0.875,0.938,1.0,0.25,0.0,0.0,0.0,0.0,0.25,0.25,0.938,0.5,0.0,0.0,0.0,0.0,0.0,0.0,0.562,0.562,0.0,0.0,0.0,0.562,0.438,0.062,0.625,0.75,0.0,0.0,0.0,0.375,0.812,1.0,0.938,0.375,0.0,9
0.0,0.0,0.375,0.812,0.625,0.188,0.0,0.0,0.0,0.312,0.938,0.688,1.0,0.688,0.0,0.0,0.0,0.125,0.375,0.0,1.0,0.75,0.0,0.0,0.0,0.0,0.0,0.0,1.0,0.75,0.0,0.0,0.0,0.0,0.0,0.438,1.0,0.375,0.0,0.0,0.0,0.0,0.312,0.938,0.625,0.0,0.0,0.0,0.0,0.0,0.688,1.0,0.5,0.25,0.0,0.0,0.0,0.0,0.5,0.875,0.812,0.75,0.25,0.0,2
0.0,0.0,0.25,1.0,0.875,0.188,0.0,0.0,0.125,0.875,1.0,0.75,0.625,0.688,0.0,0.0,0.0,0.812,0.75,0.562,0.938,0.625,0.0,0.0,0.0,0.188,0.875,0.875,1.0,0.25,0.0,0.0,0.0,0.0,0.562,1.0,0.5,0.0,0.0,0.0,0.0,0.0,0.75,0.938,0.875,0.062,0.0,0.0,0.0,0.0,0.75,0.75,1.0,0.25,0.0,0.0,0.0,0.0,0.25,0.938,1.0,0.188,0.0,0.0,8
0.0,0.0,0.062,0.75,0.375,0.0,0.0,0.0,0.0,0.0,0.75,0.938,0.0,0.0,0.0,0.0,0.0,0.25,1.0,0.625,0.0,0.0,0.0,0.0,0.0,0.438,1.0,0.625,0.062,0.0,0.0,0.0,0.0,0.5,1.0,1.0,0.938,0.438,0.0,0.0,0.0,0.375,1.0,0.562,0.562,1.0,0.188,0.0,0.0,0.0,0.5,1.0,0.812,0.938,0.688,0.0,0.0,0.0,0.062,0.625,0.938,0.875,0.25,0.0,6
0.0,0.0,0.0,0.75,0.75,0.0,0.0,0.0,0.0,0.0,0.312,1.0,0.25,0.0,0.0,0.0,0.0,0.062,0.875,0.688,0.0,0.0,0.0,0.0,0.0,0.375,1.0,0.188,0.125,0.0,0.0,0.0,0.0,0.812,0.75,0.5,0.75,0.0,0.0,0.0,0.0,0.938,1.0,0.938,1.0,0.812,0.25,0.0,0.0,0.25,0.562,0.875,1.0,0.438,0.0,0.0,0.0,0.0,0.0,0.688,0.812,0.0,0.0,0.0,4
0.0,0.0,0.688,1.0,0.438,0.0,0.0,0.0,0.0,0.062,1.0,0.688,0.938,0.0,0.0,0.0,0.0,0.125,1.0,0.312,1.0,0.25,0.0,0.0,0.0,0.0,0.125,0.125,1.0,0.188,0.0,0.0,0.0,0.0,0.0,0.312,1.0,0.0,0.0,0.0,0.0,0.0,0.0,0.562,0.875,0.0,0.0,0.0,0.0,0.0,0.562,1.0,0.875,0.438,0.375,0.0,0.0,0.0,0.812,0.875,0.875,1.0,1.0,0.375,2
0.0,0.062,0.188,0.938,0.938,0.125,0.0,0.0,0.125,1.0,1.0,0.75,1.0,0.375,0.0,0.0,0.062,0.938,0.438,0.375,0.875,0.0,0.0,0.0,0.0,0.312,0.875,0.875,0.625,0.0,0.0,0.0,0.0,0.0,0.438,1.0,0.438,0.0,0.0,0.0,0.0,0.0,0.375,0.938,0.812,0.5,0.0,0.0,0.0,0.0,0.5,0.75,0.438,1.0,0.0,0.0,0.0,0.0,0.25,0.938,1.0,0.875,0.0,0.0,8
0.0,0.0,0.0,0.5,0.875,0.0,0.0,0.0,0.0,0.0,0.312,1.0,0.688,0.0,0.0,0.0,0.0,0.062,0.938,0.875,0.062,0.375,0.0,0.0,0.0,0.438,1.0,0.312,0.188,1.0,0.5,0.0,0.0,0.5,1.0,0.5,0.875,1.0,0.125,0.0,0.0,0.0,0.375,0.875,1.0,0.688,0.0,0.0,0.0,0.0,0.0,0.375,1.0,0.25,0.0,0.0,0.0,0.0,0.0,0.625,0.938,0.0,0.0,0.0,4
0.0,0.062,0.75,1.0,0.812,0.438,0.0,0.0,0.0,0.75,0.688,0.25,0.25,0.938,0.0,0.0,0.0,0.5,0.188,0.0,0.375,0.875,0.125,0.0,0.0,0.0,0.0,0.562,1.0,0.5,0.0,0.0,0.0,0.0,0.0,0.062,0.312,0.812,0.188,0.0,0.0,0.0,0.0,0.0,0.0,0.438,0.5,0.0,0.0,0.0,0.0,0.0,0.0,0.562,0.625,0.0,0.0,0.0,0.625,0.625,0.812,0.875,0.062,0.0,3
0.0,0.0,0.0,0.562,0.938,1.0,0.562,0.0,0.0,0.0,0.625,0.812,0.25,0.75,0.438,0.0,0.0,0.312,0.875,0.062,0.125,0.938,0.188,0.0,0.0,0.25,0.875,0.75,1.0,0.938,0.0,0.0,0.0,0.0,0.062,0.062,0.812,0.438,0.0,0.0,0.0,0.0,0.0,0.25,0.938,0.062,0.0,0.0,0.0,0.0,0.0,0.688,0.5,0.0,0.0,0.0,0.0,0.0,0.0,0.75,0.25,0.0,0.0,0.0,9
0.0,0.0,0.0,0.062,0.562,0.688,0.0,0.0,0.0,0.0,0.0,0.812,1.0,1.0,0.0,0.0,0.0,0.0,0.0,0.75,0.438,0.875,0.0,0.0,0.0,0.0,0.0,0.0,0.875,0.438,0.0,0.0,0.0,0.0,0.312,0.75,0.75,0.0,0.0,0.0,0.0,0.438,1.0,1.0,0.375,0.0,0.0,0.0,0.0,0.25,0.562,0.812,1.0,0.688,0.25,0.0,0.0,0.0,0.0,0.0,0.562,0.812,0.188,0.0,2
0.0,0.0,0.5,0.75,0.75,0.875,0.188,0.0,0.0,0.0,0.688,0.688,0.625,1.0,0.125,0.0,0.0,0.0,0.0,0.0,0.562,0.812,0.0,0.0,0.0,0.0,0.0,0.875,1.0,0.812,0.0,0.0,0.0,0.0,0.0,0.5,0.5,1.0,0.25,0.0,0.0,0.0,0.188,0.0,0.0,1.0,0.25,0.0,0.0,0.062,1.0,0.562,0.562,0.938,0.125,0.0,0.0,0.062,0.688,0.875,0.938,0.188,0.0,0.0,3
0.0,0.0,0.625,0.875,0.0,0.0,0.0,0.0,0.0,0.062,1.0,0.438,0.062,0.438,0.0,0.0,0.0,0.0,0.938,0.438,0.75,1.0,0.125,0.0,0.0,0.0,0.625,1.0,1.0,0.25,0.0,0.0,0.0,0.0,0.0,0.562,0.875,0.0,0.0,0.0,0.0,0.0,0.0,0.875,0.625,0.0,0.0,0.0,0.0,0.0,0.312,1.0,0.125,0.0,0.0,0.0,0.0,0.0,0.688,0.75,0.0,0.0,0.0,0.0,4
0.0,0.0,0.188,0.938,1.0,1.0,0.375,0.0,0.0,0.0,0.188,0.875,0.438,0.938,0.188,0.0,0.0,0.0,0.0,0.0,0.25,0.875,0.0,0.0,0.0,0.0,0.125,0.562,0.938,1.0,0.875,0.0,0.0,0.0,0.438,1.0,0.875,0.375,0.125,0.0,0.0,0.0,0.0,0.5,0.5,0.0,0.0,0.0,0.0,0.0,0.125,1.0,0.125,0.0,0.0,0.0,0.0,0.0,0.312,0.75,0.0,0.0,0.0,0.0,7
0.0,0.0,0.125,0.938,0.812,0.0,0.0,0.0,0.0,0.0,0.812,1.0,1.0,0.562,0.0,0.0,0.0,0.312,1.0,0.562,0.375,1.0,0.25,0.0,0.0,0.312,1.0,0.188,0.062,0.875,0.438,0.0,0.0,0.375,1.0,0.25,0.0,1.0,0.5,0.0,0.0,0.188,1.0,0.75,0.375,1.0,0.75,0.0,0.0,0.0,0.875,1.0,1.0,1.0,0.25,0.0,0.0,0.0,0.125,0.812,0.938,0.5,0.0,0.0,0
0.0,0.0,0.625,0.438,0.188,0.0,0.0,0.0,0.0,0.062,0.938,0.75,0.875,0.375,0.0,0.0,0.0,0.312,0.75,0.0,0.125,0.812,0.0,0.0,0.0,0.25,0.75,0.0,0.0,0.25,0.438,0.0,0.0,0.5,0.312,0.0,0.0,0.25,0.5,0.0,0.0,0.312,0.5,0.0,0.0,0.312,0.625,0.0,0.0,0.0,0.875,0.188,0.25,0.875,0.375,0.0,0.0,0.0,0.438,1.0,1.0,0.625,0.0,0.0,0
0.0,0.0,0.0,0.0,0.562,0.812,0.0,0.0,0.0,0.0,0.0,0.125,1.0,1.0,0.062,0.0,0.0,0.0,0.0,0.312,0.562,0.938,0.0,0.0,0.0,0.0,0.0,0.0,0.312,0.875,0.0,0.0,0.0,0.0,0.0,0.188,0.938,0.438,0.0,0.0,0.0,0.438,1.0,1.0,0.688,0.0,0.0,0.0,0.0,0.0,0.688,0.875,1.0,0.438,0.188,0.0,0.0,0.0,0.0,0.0,0.562,0.938,0.562,0.0,2
0.0,0.0,0.188,0.875,0.5,0.375,0.25,0.0,0.0,0.0,0.688,1.0,1.0,1.0,0.938,0.062,0.0,0.188,1.0,0.188,0.125,0.938,0.375,0.0,0.0,0.312,0.5,0.0,0.562,0.875,0.0,0.0,0.0,0.0,0.438,0.562,0.938,0.812,0.25,0.0,0.0,0.0,0.625,1.0,1.0,0.938,0.188,0.0,0.0,0.0,0.0,0.812,0.438,0.0,0.0,0.0,0.0,0.0,0.375,0.938,0.125,0.0,0.0,0.0,7
0.0,0.0,0.125,0.625,0.875,0.562,0.0,0.0,0.0,0.125,0.875,0.688,0.75,1.0,0.0,0.0,0.0,0.25,1.0,0.062,0.0,0.938,0.0,0.0,0.0,0.125,0.812,0.75,0.438,0.812,0.0,0.0,0.0,0.0,0.062,0.5,1.0,0.75,0.0,0.0,0.0,0.0,0.0,0.25,0.875,0.938,0.25,0.0,0.0,0.0,0.0,0.812,0.438,0.875,0.25,0.0,0.0,0.0,0.0,0.875,0.938,0.625,0.0,0.0,8
0.0,0.0,0.0,0.25,0.688,0.938,1.0,0.75,0.0,0.0,0.125,1.0,0.75,0.562,0.688,0.75,0.0,0.0,0.062,0.125,0.0,0.0,0.875,0.312,0.0,0.0,0.0,0.438,0.75,0.875,0.938,0.0,0.0,0.0,0.188,1.0,1.0,0.938,0.125,0.0,0.0,0.0,0.0,0.062,0.688,0.5,0.0,0.0,0.0,0.0,0.0,0.125,0.938,0.062,0.0,0.0,0.0,0.0,0.0,0.312,0.625,0.0,0.0,0.0,7
0.0,0.0,0.375,0.875,0.562,0.312,0.125,0.0,0.0,0.438,0.938,0.375,0.125,0.75,0.5,0.0,0.0,0.312,0.938,0.125,0.5,0.938,0.062,0.0,0.0,0.062,0.75,0.875,1.0,0.25,0.0,0.0,0.0,0.0,0.062,1.0,0.688,0.0,0.0,0.0,0.0,0.0,0.25,0.625,1.0,0.188,0.0,0.0,0.0,0.0,0.562,0.125,0.812,0.5,0.0,0.0,0.0,0.0,0.312,0.875,0.688,0.188,0.0,0.0,8
0.0,0.0,0.0,0.0,0.5,0.812,0.188,0.0,0.0,0.0,0.0,0.75,0.688,0.688,0.312,0.0,0.0,0.0,0.688,0.5,0.5,1.0,0.0,0.0,0.0,0.125,1.0,1.0,1.0,0.938,0.0,0.0,0.0,0.125,1.0,0.688,0.438,0.625,0.0,0.0,0.0,0.0,0.0,0.0,0.5,0.438,0.0,0.0,0.0,0.0,0.0,0.0,0.625,0.5,0.0,0.0,0.0,0.0,0.0,0.0,0.562,0.438,0.0,0.0,9
0.0,0.0,0.062,0.75,0.5,0.0,0.0,0.0,0.0,0.0,0.688,0.938,0.312,0.0,0.0,0.0,0.0,0.125,1.0,0.312,0.0,0.0,0.0,0.0,0.0,0.312,1.0,0.0,0.0,0.0,0.0,0.0,0.0,0.312,0.75,0.5,0.875,0.875,0.188,0.0,0.0,0.25,1.0,1.0,0.562,0.75,0.5,0.0,0.0,0.0,0.812,0.5,0.0,0.688,0.5,0.0,0.0,0.0,0.062,0.875,1.0,0.688,0.062,0.0,6
0.0,0.0,0.0,0.125,0.812,0.562,0.0,0.0,0.0,0.0,0.0,0.438,1.0,0.938,0.0,0.0,0.0,0.0,0.0,0.688,1.0,0.438,0.0,0.0,0.0,0.0,0.0,0.938,1.0,0.125,0.0,0.0,0.0,0.0,0.438,1.0,0.875,0.0,0.0,0.0,0.0,0.0,0.812,1.0,0.875,0.0,0.0,0.0,0.0,0.0,0.5,0.938,1.0,0.0,0.0,0.0,0.0,0.0,0.0,0.188,0.812,0.5,0.0,0.0,1
0.0,0.0,0.125,0.938,1.0,0.938,0.0,0.0,0.0,0.0,0.75,0.562,0.688,0.75,0.0,0.0,0.0,0.312,0.938,0.0,0.812,0.438,0.0,0.0,0.0,0.312,0.375,0.188,0.875,0.312,0.125,0.0,0.0,0.0,0.0,0.562,1.0,1.0,0.562,0.0,0.0,0.0,0.438,1.0,0.562,0.125,0.0,0.0,0.0,0.0,0.062,0.938,0.188,0.0,0.0,0.0,0.0,0.0,0.188,1.0,0.0,0.0,0.0,0.0,7
0.0,0.0,0.125,1.0,0.312,0.0,0.0,0.0,0.0,0.0,0.25,1.0,0.625,0.0,0.0,0.0,0.0,0.0,0.312,1.0,0.438,0.0,0.0,0.0,0.0,0.0,0.5,1.0,0.562,0.0,0.0,0.0,0.0,0.0,0.938,1.0,0.875,0.125,0.0,0.0,0.0,0.0,0.438,0.5,0.875,0.625,0.0,0.0,0.0,0.0,0.75,0.938,0.875,1.0,0.875,0.562,0.0,0.0,0.125,0.625,0.812,1.0,0.625,0.188,1
0.0,0.188,0.938,1.0,0.375,0.0,0.0,0.0,0.0,0.688,0.938,0.75,0.938,0.0,0.0,0.0,0.0,0.125,0.125,0.125,1.0,0.25,0.0,0.0,0.0,0.0,0.0,0.0,1.0,0.25,0.0,0.0,0.0,0.0,0.0,0.312,1.0,0.062,0.0,0.0,0.0,0.0,0.0,0.688,0.938,0.25,0.062,0.0,0.0,0.062,0.625,1.0,1.0,1.0,0.688,0.0,0.0,0.25,1.0,0.875,0.75,0.5,0.188,0.0,2
0.0,0.0,0.188,1.0,0.938,0.312,0.0,0.0,0.0,0.0,0.438,1.0,0.938,0.875,0.0,0.0,0.0,0.0,0.0,0.062,0.438,1.0,0.25,0.0,0.0,0.125,0.375,0.562,0.875,1.0,0.312,0.0,0.0,0.562,1.0,1.0,1.0,0.75,0.062,0.0,0.0,0.0,0.562,0.938,1.0,0.25,0.0,0.0,0.0,0.0,0.375,1.0,0.688,0.0,0.0,0.0,0.0,0.0,0.125,0.938,0.25,0.0,0.0,0.0,7
0.0,0.0,0.0,0.25,0.938,0.688,0.0,0.0,0.0,0.0,0.125,0.938,1.0,0.812,0.0,0.0,0.0,0.0,0.812,0.812,0.688,0.625,0.0,0.0,0.0,0.438,0.875,0.188,0.875,0.75,0.375,0.0,0.0,0.5,1.0,1.0,1.0,0.938,0.5,0.0,0.0,0.062,0.5,0.562,1.0,0.25,0.0,0.0,0.0,0.0,0.0,0.188,1.0,0.0,0.0,0.0,0.0,0.0,0.0,0.188,0.875,0.0,0.0,0.0,4
0.0,0.0,0.312,0.812,0.688,0.062,0.0,0.0,0.0,0.188,1.0,0.688,0.5,0.75,0.0,0.0,0.0,0.312,1.0,0.0,0.0,0.812,0.188,0.0,0.0,0.312,0.812,0.0,0.0,0.375,0.438,0.0,0.0,0.438,0.625,0.0,0.0,0.5,0.438,0.0,0.0,0.25,0.812,0.0,0.062,0.875,0.312,0.0,0.0,0.062,0.938,0.312,0.75,0.625,0.0,0.0,0.0,0.0,0.438,1.0,0.625,0.062,0.0,0.0,0
0.0,0.0,0.0,1.0,0.375,0.0,0.0,0.0,0.0,0.0,0.188,1.0,0.375,0.0,0.0,0.0,0.0,0.0,0.562,1.0,0.0,0.0,0.0,0.0,0.0,0.0,0.75,1.0,0.75,0.562,0.062,0.0,0.0,0.0,0.938,1.0,0.875,0.812,0.75,0.0,0.0,0.0,0.875,0.938,0.438,0.0,0.938,0.375,0.0,0.0,0.562,0.875,0.25,0.438,0.938,0.5,0.0,0.0,0.062,0.812,1.0,1.0,0.75,0.062,6
0.0,0.0,0.625,0.812,0.875,0.5,0.0,0.0,0.0,0.0,0.812,0.562,0.312,0.75,0.312,0.0,0.0,0.25,0.812,0.0,0.0,0.25,0.5,0.0,0.0,0.25,0.5,0.0,0.0,0.25,0.5,0.0,0.0,0.5,0.25,0.0,0.0,0.812,0.125,0.0,0.0,0.5,0.25,0.0,0.562,0.625,0.0,0.0,0.0,0.25,0.75,0.75,0.812,0.062,0.0,0.0,0.0,0.062,0.688,0.688,0.062,0.0,0.0,0.0,0
0.0,0.0,0.188,0.625,0.938,0.375,0.0,0.0,0.0,0.25,1.0,0.562,0.25,1.0,0.125,0.0,0.0,0.5,0.875,0.0,0.562,0.625,0.0,0.0,0.0,0.062,0.25,0.438,1.0,0.125,0.0,0.0,0.0,0.0,0.0,0.125,0.938,0.438,0.0,0.0,0.0,0.0,0.0,0.0,0.062,0.875,0.062,0.0,0.0,0.0,0.75,0.5,0.062,0.688,0.438,0.0,0.0,0.0,0.375,0.5,1.0,0.938,0.312,0.0,3
0.0,0.0,0.125,0.75,0.938,0.75,0.062,0.0,0.0,0.062,0.875,0.875,0.875,0.688,0.5,0.0,0.0,0.312,1.0,0.188,0.0,0.125,0.5,0.0,0.0,0.5,0.875,0.0,0.0,0.375,0.5,0.0,0.0,0.25,0.75,0.0,0.0,0.562,0.25,0.0,0.0,0.062,1.0,0.062,0.062,0.875,0.062,0.0,0.0,0.0,0.688,0.562,0.688,0.5,0.0,0.0,0.0,0.0,0.125,0.812,0.875,0.062,0.0,0.0,0
0.0,0.0,0.625,0.875,0.688,0.188,0.0,0.0,0.0,0.25,1.0,0.812,0.375,0.875,0.062,0.0,0.0,0.25,1.0,0.125,0.0,0.688,0.438,0.0,0.0,0.5,1.0,0.0,0.0,0.625,0.312,0.0,0.0,0.5,1.0,0.0,0.0,0.875,0.25,0.0,0.0,0.5,1.0,0.0,0.062,1.0,0.062,0.0,0.0,0.25,1.0,0.062,0.688,0.938,0.0,0.0,0.0,0.0,0.688,1.0,0.75,0.188,0.0,0.0,0
0.0,0.0,0.25,0.938,0.75,0.125,0.0,0.0,0.0,0.125,0.938,0.438,0.688,0.625,0.0,0.0,0.0,0.25,1.0,0.0,0.0,0.938,0.062,0.0,0.0,0.375,0.625,0.0,0.0,0.625,0.5,0.0,0.0,0.5,0.5,0.0,0.0,0.375,0.5,0.0,0.0,0.312,0.75,0.0,0.0,0.688,0.5,0.0,0.0,0.125,1.0,0.438,0.5,1.0,0.125,0.0,0.0,0.0,0.375,0.938,1.0,0.5,0.0,0.0,0
0.0,0.0,0.188,0.5,0.75,0.938,1.0,0.125,0.0,0.0,0.75,0.875,0.625,0.812,0.938,0.0,0.0,0.0,0.062,0.062,0.125,0.875,0.375,0.0,0.0,0.0,0.125,0.5,0.812,1.0,0.5,0.0,0.0,0.0,0.562,1.0,1.0,0.625,0.312,0.0,0.0,0.0,0.062,0.5,0.75,0.062,0.0,0.0,0.0,0.0,0.0,0.875,0.5,0.0,0.0,0.0,0.0,0.0,0.125,1.0,0.312,0.0,0.0,0.0,7
0.0,0.0,0.0,0.562,0.688,0.0,0.0,0.0,0.0,0.0,0.062,1.0,0.688,0.0,0.0,0.0,0.0,0.0,0.375,1.0,0.062,0.0,0.0,0.0,0.0,0.0,0.688,0.688,0.375,0.438,0.062,0.0,0.0,0.0,0.812,0.875,0.938,1.0,0.5,0.0,0.0,0.0,0.75,0.812,0.312,0.312,0.812,0.0,0.0,0.0,0.375,0.875,0.5,0.938,0.75,0.0,0.0,0.0,0.0,0.625,1.0,0.75,0.125,0.0,6
0.0,0.0,0.0,0.062,0.812,0.812,0.0,0.0,0.0,0.0,0.25,0.938,0.938,1.0,0.0,0.0,0.0,0.5,1.0,0.625,0.375,0.875,0.0,0.0,0.0,0.625,0.375,0.0,0.5,0.812,0.0,0.0,0.0,0.0,0.0,0.0,0.625,0.812,0.0,0.0,0.0,0.0,0.0,0.0,0.812,0.562,0.0,0.0,0.0,0.0,0.0,0.0,0.875,0.438,0.0,0.0,0.0,0.0,0.0,0.0,1.0,0.438,0.0,0.0,1
0.0,0.0,0.0,0.75,0.625,0.0,0.0,0.0,0.0,0.0,0.25,1.0,0.188,0.562,0.188,0.0,0.0,0.0,0.875,0.438,0.375,1.0,0.125,0.0,0.0,0.188,0.938,0.125,0.625,0.625,0.0,0.0,0.0,0.625,0.562,0.062,1.0,0.75,0.625,0.0,0.0,0.875,0.688,0.875,1.0,0.688,0.062,0.0,0.0,0.562,1.0,0.938,0.562,0.0,0.0,0.0,0.0,0.0,0.0,0.875,0.5,0.0,0.0,0.0,4
0.0,0.0,0.25,0.75,0.812,0.125,0.0,0.0,0.0,0.0,0.312,1.0,1.0,0.312,0.0,0.0,0.0,0.0,0.312,1.0,1.0,0.375,0.0,0.0,0.0,0.0,0.562,1.0,0.938,0.0,0.0,0.0,0.0,0.0,0.625,1.0,0.875,0.0,0.0,0.0,0.0,0.0,0.75,1.0,0.75,0.0,0.0,0.0,0.0,0.0,0.312,1.0,0.688,0.0,0.0,0.0,0.0,0.0,0.375,1.0,0.812,0.0,0.0,0.0,1
0.0,0.062,0.438,0.875,1.0,0.75,0.062,0.0,0.0,0.438,1.0,0.562,0.375,0.688,0.062,0.0,0.0,0.688,0.75,0.25,0.062,0.0,0.0,0.0,0.0,0.75,1.0,1.0,0.938,0.375,0.0,0.0,0.0,0.188,0.562,0.25,0.688,0.75,0.0,0.0,0.0,0.0,0.0,0.0,0.5,1.0,0.0,0.0,0.0,0.0,0.0,0.0,0.875,0.812,0.0,0.0,0.0,0.0,0.375,1.0,0.938,0.188,0.0,0.0,5
0.0,0.0,0.25,0.75,0.812,0.188,0.0,0.0,0.0,0.0,0.438,0.875,1.0,0.562,0.0,0.0,0.0,0.0,0.0,0.75,1.0,0.5,0.0,0.0,0.0,0.0,0.0,0.375,1.0,0.375,0.0,0.0,0.0,0.0,0.0,0.562,1.0,0.375,0.0,0.0,0.0,0.0,0.0,0.75,1.0,0.188,0.0,0.0,0.0,0.0,0.0,0.812,1.0,0.188,0.0,0.0,0.0,0.0,0.0,0.938,1.0,0.688,0.0,0.0,1
0.0,0.0,0.0,0.5,0.938,0.062,0.0,0.0,0.0,0.0,0.062,0.875,0.812,0.062,0.062,0.0,0.0,0.0,0.625,0.938,0.188,0.938,0.688,0.0,0.0,0.438,1.0,0.438,0.062,1.0,0.5,0.0,0.0,0.562,1.0,0.812,0.875,1.0,0.312,0.0,0.0,0.062,0.625,0.938,1.0,0.875,0.0,0.0,0.0,0.0,0.0,0.062,1.0,0.625,0.0,0.0,0.0,0.0,0.0,0.625,0.938,0.25,0.0,0.0,4
0.0,0.0,0.125,0.875,0.812,0.0,0.0,0.0,0.0,0.0,0.625,0.938,0.938,0.5,0.0,0.0,0.0,0.125,1.0,0.438,0.25,0.938,0.0,0.0,0.0,0.25,1.0,0.25,0.0,0.812,0.438,0.0,0.0,0.25,1.0,0.062,0.0,0.625,0.5,0.0,0.0,0.25,1.0,0.312,0.062,0.75,0.688,0.0,0.0,0.062,0.938,0.875,0.812,1.0,0.188,0.0,0.0,0.0,0.188,0.75,0.812,0.312,0.0,0.0,0
0.0,0.125,0.625,0.875,0.688,0.062,0.0,0.0,0.0,0.438,0.938,0.5,1.0,0.25,0.0,0.0,0.0,0.062,0.062,0.375,0.938,0.062,0.0,0.0,0.0,0.0,0.0,0.938,0.562,0.0,0.0,0.0,0.0,0.0,0.062,1.0,0.938,0.562,0.062,0.0,0.0,0.0,0.0,0.062,0.375,0.938,0.5,0.0,0.0,0.125,0.5,0.25,0.375,0.938,0.438,0.0,0.0,0.125,0.812,1.0,0.938,0.562,0.0,0.0,3
0.0,0.0,0.062,0.625,0.812,0.75,0.312,0.0,0.0,0.0,0.812,0.812,0.25,0.25,0.75,0.0,0.0,0.188,1.0,0.438,0.25,0.75,0.375,0.0,0.0,0.125,0.938,1.0,0.938,0.312,0.0,0.0,0.0,0.0,0.062,0.562,1.0,0.0,0.0,0.0,0.0,0.0,0.0,0.125,0.938,0.0,0.0,0.0,0.0,0.0,0.0,0.688,0.375,0.0,0.0,0.0,0.0,0.0,0.0,0.938,0.0,0.0,0.0,0.0,9
0.0,0.0,0.0,0.5,0.938,0.125,0.0,0.0,0.0,0.0,0.375,1.0,0.312,0.0,0.0,0.0,0.0,0.0,0.75,0.5,0.0,0.0,0.0,0.0,0.0,0.0,0.812,0.375,0.0,0.0,0.0,0.0,0.0,0.0,0.75,0.75,1.0,0.875,0.0,0.0,0.0,0.0,0.875,0.938,0.375,0.5,0.688,0.0,0.0,0.188,0.75,0.875,0.312,0.625,0.812,0.0,0.0,0.0,0.0,0.562,1.0,0.812,0.312,0.0,6
0.0,0.0,0.0,0.75,0.562,0.0,0.0,0.0,0.0,0.0,0.125,1.0,1.0,0.0,0.0,0.0,0.0,0.0,0.188,1.0,1.0,0.062,0.0,0.0,0.0,0.0,0.25,1.0,0.812,0.0,0.0,0.0,0.0,0.0,0.188,1.0,0.688,0.0,0.0,0.0,0.0,0.0,0.312,1.0,0.625,0.0,0.0,0.0,0.0,0.0,0.125,1.0,0.625,0.0,0.0,0.0,0.0,0.0,0.0,0.688,0.812,0.0,0.0,0.0,1
0.0,0.0,0.5,0.938,0.938,0.125,0.0,0.0,0.0,0.125,1.0,0.812,0.75,0.625,0.0,0.0,0.0,0.188,0.938,0.062,0.562,0.688,0.0,0.0,0.0,0.0,0.0,0.062,0.938,0.5,0.0,0.0,0.0,0.0,0.0,0.625,0.812,0.062,0.0,0.0,0.0,0.0,0.5,1.0,0.438,0.0,0.0,0.0,0.0,0.375,1.0,1.0,0.812,0.438,0.375,0.062,0.0,0.0,0.438,0.312,0.75,1.0,0.938,0.125,2
0.0,0.0,0.0,0.25,0.875,0.875,0.312,0.0,0.0,0.0,0.0,0.562,1.0,1.0,0.438,0.0,0.0,0.0,0.312,0.938,1.0,0.938,0.188,0.0,0.0,0.25,0.938,1.0,1.0,0.75,0.0,0.0,0.0,0.312,1.0,1.0,1.0,0.75,0.0,0.0,0.0,0.0,0.0,0.75,1.0,0.812,0.062,0.0,0.0,0.0,0.0,0.5,1.0,1.0,0.438,0.0,0.0,0.0,0.0,0.25,0.875,0.938,0.375,0.0,1
0.0,0.0,0.5,0.438,0.0,0.0,0.0,0.0,0.0,0.0,0.688,0.75,0.0,0.0,0.0,0.0,0.0,0.0,0.938,0.562,0.0,0.0,0.0,0.0,0.0,0.438,1.0,1.0,0.562,0.25,0.0,0.0,0.0,0.312,1.0,0.875,0.688,1.0,0.312,0.0,0.0,0.125,1.0,1.0,0.0,0.75,0.5,0.0,0.0,0.0,0.938,0.938,0.062,0.938,0.375,0.0,0.0,0.0,0.438,0.875,1.0,0.812,0.062,0.0,6
0.0,0.0,0.0,0.0,0.812,1.0,0.375,0.0,0.0,0.0,0.188,0.688,1.0,1.0,0.312,0.0,0.0,0.312,1.0,1.0,1.0,1.0,0.25,0.0,0.0,0.25,0.625,0.562,1.0,1.0,0.25,0.0,0.0,0.0,0.0,0.0,0.812,1.0,0.25,0.0,0.0,0.0,0.0,0.0,0.75,1.0,0.25,0.0,0.0,0.0,0.0,0.125,1.0,1.0,0.438,0.0,0.0,0.0,0.0,0.062,0.75,0.875,0.312,0.0,1
0.0,0.0,0.0,0.5,0.938,0.562,0.062,0.0,0.0,0.0,0.688,0.875,0.75,0.938,0.5,0.0,0.0,0.0,0.938,0.312,0.375,0.875,0.125,0.0,0.0,0.0,0.875,0.875,0.938,0.062,0.0,0.0,0.0,0.062,0.812,1.0,0.375,0.0,0.0,0.0,0.0,0.375,1.0,0.562,0.812,0.0,0.0,0.0,0.0,0.125,0.812,0.938,1.0,0.25,0.0,0.0,0.0,0.0,0.062,0.562,0.938,0.125,0.0,0.0,8
0.0,0.0,0.0,0.438,1.0,1.0,0.688,0.0,0.0,0.0,0.375,1.0,1.0,1.0,1.0,0.0,0.0,0.0,0.688,1.0,1.0,1.0,0.562,0.0,0.0,0.0,0.125,0.562,0.688,0.875,0.625,0.0,0.0,0.0,0.0,0.0,0.0,0.625,0.375,0.0,0.0,0.0,0.0,0.0,0.25,0.688,0.062,0.0,0.0,0.0,0.0,0.125,0.875,0.125,0.0,0.0,0.0,0.0,0.0,0.688,0.188,0.0,0.0,0.0,9
0.0,0.125,0.625,0.75,1.0,0.5,0.0,0.0,0.0,0.25,0.5,0.312,0.812,1.0,0.0,0.0,0.0,0.0,0.0,0.438,0.938,0.438,0.0,0.0,0.0,0.0,0.375,1.0,0.625,0.0,0.0,0.0,0.0,0.0,0.0,0.312,1.0,0.688,0.0,0.0,0.0,0.0,0.0,0.0,0.375,1.0,0.188,0.0,0.0,0.0,0.0,0.0,0.625,1.0,0.312,0.0,0.0,0.125,0.875,1.0,0.75,0.562,0.0,0.0,3
0.0,0.0,0.0,0.938,0.75,0.062,0.0,0.0,0.0,0.0,0.312,1.0,1.0,0.375,0.0,0.0,0.0,0.0,0.125,1.0,1.0,0.188,0.0,0.0,0.0,0.0,0.125,1.0,1.0,0.062,0.0,0.0,0.0,0.0,0.375,1.0,0.812,0.0,0.0,0.0,0.0,0.0,0.062,1.0,1.0,0.125,0.0,0.0,0.0,0.0,0.188,1.0,0.938,0.188,0.0,0.0,0.0,0.0,0.0,0.938,1.0,0.062,0.0,0.0,1
0.0,0.0,0.562,0.875,0.5,0.062,0.0,0.0,0.0,0.0,0.75,0.875,0.875,0.75,0.0,0.0,0.0,0.0,0.562,0.625,0.0,0.938,0.25,0.0,0.0,0.0,0.188,1.0,0.75,0.875,0.125,0.0,0.0,0.0,0.25,1.0,1.0,0.125,0.0,0.0,0.0,0.188,1.0,0.5,0.625,0.812,0.125,0.0,0.0,0.062,0.938,0.062,0.188,1.0,0.5,0.0,0.0,0.0,0.688,1.0,0.938,0.688,0.062,0.0,8
0.0,0.125,0.875,1.0,0.875,0.25,0.0,0.0,0.0,0.25,0.688,0.312,0.812,0.75,0.0,0.0,0.0,0.0,0.0,0.125,0.938,0.438,0.0,0.0,0.0,0.0,0.0,0.25,1.0,0.25,0.0,0.0,0.0,0.0,0.0,0.062,0.812,0.812,0.062,0.0,0.0,0.0,0.0,0.0,0.125,1.0,0.25,0.0,0.0,0.0,0.062,0.188,0.688,0.938,0.125,0.0,0.0,0.062,0.75,1.0,0.562,0.125,0.0,0.0,3
0.0,0.062,0.75,1.0,0.812,0.125,0.0,0.0,0.0,0.312,0.875,0.375,0.812,0.75,0.0,0.0,0.0,0.0,0.0,0.188,0.938,0.438,0.0,0.0,0.0,0.0,0.125,1.0,0.5,0.0,0.0,0.0,0.0,0.0,0.062,0.75,1.0,0.688,0.062,0.0,0.0,0.0,0.0,0.0,0.312,0.938,0.438,0.0,0.0,0.0,0.375,0.0,0.25,0.875,0.438,0.0,0.0,0.0,1.0,1.0,0.938,0.5,0.062,0.0,3
0.0,0.0,0.812,1.0,1.0,0.938,0.125,0.0,0.0,0.0,0.875,0.812,0.688,1.0,0.125,0.0,0.0,0.0,0.688,0.812,0.938,0.375,0.0,0.0,0.0,0.0,0.312,1.0,0.625,0.0,0.0,0.0,0.0,0.0,0.625,0.875,0.938,0.0,0.0,0.0,0.0,0.062,0.875,0.188,0.938,0.438,0.0,0.0,0.0,0.375,0.688,0.0,0.938,0.375,0.0,0.0,0.0,0.062,0.812,1.0,0.938,0.188,0.0,0.0,8
0.0,0.0,0.562,0.938,0.312,0.0,0.0,0.0,0.0,0.188,0.938,0.938,1.0,0.25,0.0,0.0,0.0,0.625,0.875,0.0,0.562,0.875,0.0,0.0,0.0,0.5,0.75,0.0,0.0,0.75,0.312,0.0,0.0,0.5,0.5,0.0,0.0,0.625,0.5,0.0,0.0,0.312,0.875,0.0,0.0,0.75,0.5,0.0,0.0,0.0,1.0,0.438,0.75,1.0,0.25,0.0,0.0,0.0,0.562,1.0,0.938,0.438,0.0,0.0,0
0.0,0.0,0.125,0.75,1.0,1.0,0.438,0.0,0.0,0.0,0.625,0.812,0.438,0.5,0.188,0.0,0.0,0.125,0.938,0.375,0.0,0.0,0.0,0.0,0.0,0.688,0.875,0.438,0.312,0.062,0.0,0.0,0.0,0.312,1.0,1.0,1.0,0.938,0.375,0.0,0.0,0.0,0.25,0.25,0.25,0.875,0.5,0.0,0.0,0.0,0.0,0.25,0.438,0.875,0.312,0.0,0.0,0.0,0.125,0.938,0.938,0.312,0.0,0.0,5
0.0,0.188,1.0,0.938,0.375,0.0,0.0,0.0,0.0,0.312,0.875,0.875,1.0,0.0,0.0,0.0,0.0,0.0,0.0,0.375,0.875,0.0,0.0,0.0,0.0,0.0,0.0,0.812,0.688,0.0,0.0,0.0,0.0,0.0,0.312,1.0,0.188,0.0,0.0,0.0,0.0,0.062,0.875,0.625,0.0,0.0,0.0,0.0,0.0,0.562,1.0,0.5,0.5,0.625,0.312,0.0,0.0,0.25,1.0,1.0,1.0,0.875,0.188,0.0,2
0.0,0.0,0.062,0.812,0.125,0.0,0.0,0.0,0.0,0.0,0.562,0.875,0.125,0.0,0.0,0.0,0.0,0.188,1.0,0.438,0.0,0.0,0.0,0.0,0.0,0.188,1.0,0.438,0.0,0.0,0.0,0.0,0.0,0.312,1.0,1.0,0.5,0.062,0.0,0.0,0.0,0.188,0.938,0.688,0.875,0.812,0.125,0.0,0.0,0.0,0.625,1.0,0.625,1.0,0.938,0.0,0.0,0.0,0.062,0.625,0.875,0.75,0.438,0.0,6
0.0,0.0,0.625,0.562,0.0,0.0,0.0,0.0,0.0,0.0,0.5,1.0,0.125,0.0,0.0,0.0,0.0,0.0,0.5,1.0,0.375,0.0,0.0,0.0,0.0,0.0,0.312,1.0,0.812,0.062,0.0,0.0,0.0,0.0,0.062,0.312,0.875,0.375,0.0,0.0,0.0,0.0,0.0,0.0,0.5,0.688,0.0,0.0,0.0,0.0,0.5,0.75,0.562,1.0,0.375,0.25,0.0,0.0,0.438,1.0,1.0,1.0,1.0,0.875,1
0.0,0.0,0.0,0.062,0.438,0.75,0.875,0.062,0.0,0.0,0.062,0.812,0.5,0.25,0.812,0.0,0.0,0.0,0.625,1.0,0.562,0.938,0.688,0.0,0.0,0.062,1.0,0.938,0.938,1.0,0.188,0.0,0.0,0.0,0.688,0.562,0.188,0.875,0.0,0.0,0.0,0.0,0.0,0.0,0.312,0.562,0.0,0.0,0.0,0.0,0.0,0.0,0.438,0.5,0.0,0.0,0.0,0.0,0.0,0.0,0.5,0.375,0.0,0.0,9
0.0,0.0,0.0,0.125,0.875,0.312,0.0,0.0,0.0,0.0,0.062,0.688,0.688,0.0,0.0,0.0,0.0,0.0,0.438,0.875,0.062,0.0,0.0,0.0,0.0,0.312,1.0,0.188,0.25,0.375,0.125,0.0,0.0,0.875,1.0,0.875,1.0,1.0,0.625,0.0,0.0,0.562,0.75,0.438,0.5,1.0,0.25,0.0,0.0,0.0,0.0,0.0,0.812,0.75,0.0,0.0,0.0,0.0,0.0,0.188,0.938,0.375,0.0,0.0,4
0.0,0.0,0.0,0.188,1.0,0.125,0.0,0.0,0.0,0.0,0.0,0.75,0.75,0.0,0.0,0.0,0.0,0.0,0.312,1.0,0.125,0.312,0.75,0.0,0.0,0.188,0.938,0.5,0.0,0.688,0.812,0.0,0.0,0.562,1.0,0.25,0.438,1.0,0.5,0.0,0.0,0.562,1.0,1.0,1.0,1.0,0.125,0.0,0.0,0.0,0.0,0.0,0.812,0.75,0.0,0.0,0.0,0.0,0.0,0.062,1.0,0.562,0.0,0.0,4
0.0,0.0,0.312,0.688,0.812,0.375,0.0,0.0,0.0,0.25,0.938,0.5,0.438,1.0,0.188,0.0,0.0,0.5,0.438,0.0,0.25,1.0,0.062,0.0,0.0,0.25,0.688,0.062,0.625,1.0,0.25,0.0,0.0,0.125,0.938,0.938,0.5,1.0,0.25,0.0,0.0,0.0,0.0,0.0,0.0,0.812,0.375,0.0,0.0,0.062,1.0,0.562,0.0,0.75,0.312,0.0,0.0,0.0,0.25,0.688,1.0,1.0,0.125,0.0,9
0.0,0.188,1.0,1.0,0.75,0.75,0.375,0.0,0.0,0.0,0.25,0.25,0.312,0.875,0.5,0.0,0.0,0.0,0.0,0.0,0.688,0.688,0.0,0.0,0.0,0.0,0.0,0.25,1.0,0.188,0.0,0.0,0.0,0.0,0.0,0.0,0.75,0.688,0.0,0.0,0.0,0.0,0.0,0.0,0.562,0.875,0.0,0.0,0.0,0.0,0.188,0.438,0.938,0.25,0.0,0.0,0.0,0.188,1.0,0.875,0.25,0.0,0.0,0.0,3
0.0,0.0,0.0,0.438,0.875,1.0,0.312,0.0,0.0,0.0,0.438,1.0,0.75,1.0,0.5,0.0,0.0,0.0,0.25,0.125,0.062,1.0,0.25,0.0,0.0,0.0,0.188,0.75,0.75,1.0,0.5,0.0,0.0,0.0,0.75,1.0,1.0,0.938,0.312,0.0,0.0,0.0,0.312,0.312,0.812,0.375,0.0,0.0,0.0,0.0,0.0,0.125,0.875,0.0,0.0,0.0,0.0,0.0,0.0,0.562,0.5,0.0,0.0,0.0,7
0.0,0.0,0.188,0.75,0.562,0.0,0.0,0.0,0.0,0.0,0.75,0.75,0.688,0.812,0.0,0.0,0.0,0.125,0.938,0.125,0.0,0.75,0.312,0.0,0.0,0.25,0.5,0.0,0.0,0.375,0.5,0.0,0.0,0.5,0.438,0.0,0.0,0.25,0.5,0.0,0.0,0.438,0.438,0.0,0.0,0.562,0.438,0.0,0.0,0.188,0.812,0.25,0.438,1.0,0.125,0.0,0.0,0.0,0.375,1.0,0.938,0.312,0.0,0.0,0
0.0,0.062,0.75,0.938,0.625,0.125,0.0,0.0,0.0,0.25,0.875,0.062,0.375,0.75,0.125,0.0,0.0,0.438,0.938,0.0,0.062,0.875,0.25,0.0,0.0,0.188,0.938,0.75,0.938,0.625,0.0,0.0,0.0,0.0,0.188,0.938,0.062,0.0,0.0,0.0,0.0,0.0,0.0,0.188,0.812,0.062,0.0,0.0,0.0,0.0,0.0,0.0,0.625,0.375,0.0,0.0,0.0,0.0,0.688,0.75,0.812,0.25,0.0,0.0,9
0.0,0.0,0.312,0.625,0.688,0.812,0.75,0.0,0.0,0.125,0.875,0.5,0.5,0.812,0.625,0.0,0.0,0.062,0.375,0.0,0.25,0.812,0.0,0.0,0.0,0.0,0.0,0.062,0.938,0.125,0.0,0.0,0.0,0.0,0.0,0.688,0.938,0.5,0.062,0.0,0.0,0.125,0.938,0.938,0.5,0.438,0.0,0.0,0.0,0.062,0.562,0.75,0.0,0.0,0.0,0.0,0.0,0.0,0.438,0.688,0.0,0.0,0.0,0.0,7
0.0,0.0,0.125,0.812,0.812,0.0,0.0,0.0,0.0,0.0,0.562,1.0,0.375,0.0,0.0,0.0,0.0,0.0,0.875,1.0,0.125,0.0,0.25,0.0,0.0,0.312,1.0,0.625,0.062,0.812,0.938,0.0,0.0,0.438,1.0,1.0,1.0,1.0,0.25,0.0,0.0,0.0,0.5,0.938,1.0,0.5,0.0,0.0,0.0,0.0,0.0,0.875,0.625,0.0,0.0,0.0,0.0,0.0,0.062,1.0,0.688,0.0,0.0,0.0,4
0.0,0.0,0.0,0.062,0.812,0.125,0.0,0.0,0.0,0.0,0.0,0.75,0.875,0.0,0.0,0.0,0.0,0.0,0.375,0.875,0.0,0.0,0.0,0.0,0.0,0.062,0.875,0.312,0.0,0.0,0.0,0.0,0.0,0.562,0.75,0.0,0.75,0.438,0.0,0.0,0.0,0.75,0.875,0.375,1.0,0.875,0.062,0.0,0.0,0.375,1.0,1.0,1.0,0.312,0.0,0.0,0.0,0.0,0.0,0.188,0.875,0.0,0.0,0.0,4
0.0,0.0,0.375,1.0,0.75,0.062,0.0,0.0,0.0,0.0,0.312,1.0,0.812,0.625,0.0,0.0,0.0,0.0,0.0,0.312,0.312,0.938,0.0,0.0,0.0,0.0,0.0,0.0,0.5,0.938,0.0,0.0,0.0,0.0,0.0,0.0,0.812,0.812,0.0,0.0,0.0,0.0,0.0,0.375,1.0,0.562,0.25,0.062,0.0,0.0,0.188,1.0,1.0,1.0,1.0,0.625,0.0,0.0,0.312,1.0,0.688,0.562,0.375,0.125,2
0.0,0.0,0.062,0.812,1.0,0.625,0.0,0.0,0.0,0.062,0.812,0.938,0.5,1.0,0.188,0.0,0.0,0.5,0.938,0.188,0.25,0.938,0.0,0.0,0.0,0.062,0.188,0.0,0.75,0.5,0.0,0.0,0.0,0.0,0.0,0.25,0.875,0.062,0.0,0.0,0.0,0.0,0.0,0.688,0.5,0.0,0.25,0.0,0.0,0.0,0.062,1.0,0.5,0.812,0.562,0.0,0.0,0.0,0.0,0.875,1.0,0.688,0.0,0.0,2
0.0,0.0,0.5,1.0,1.0,1.0,0.188,0.0,0.0,0.0,0.375,0.5,0.5,0.938,0.625,0.0,0.0,0.0,0.0,0.0,0.438,1.0,0.312,0.0,0.0,0.0,0.062,0.625,1.0,0.562,0.0,0.0,0.0,0.0,0.0,0.938,1.0,0.75,0.0,0.0,0.0,0.0,0.0,0.062,0.812,1.0,0.312,0.0,0.0,0.0,0.438,0.5,0.688,1.0,0.125,0.0,0.0,0.0,0.375,1.0,1.0,0.688,0.0,0.0,3
0.0,0.062,0.812,1.0,1.0,0.312,0.0,0.0,0.0,0.438,0.625,0.25,0.625,0.75,0.0,0.0,0.0,0.0,0.0,0.0,0.688,0.438,0.0,0.0,0.0,0.0,0.0,0.125,0.938,0.125,0.0,0.0,0.0,0.0,0.0,0.75,0.438,0.0,0.0,0.0,0.0,0.0,0.375,0.75,0.062,0.0,0.0,0.0,0.0,0.0,1.0,0.188,0.062,0.312,0.188,0.0,0.0,0.062,0.938,1.0,1.0,0.938,0.188,0.0,2
0.0,0.0,0.375,0.75,0.812,0.438,0.0,0.0,0.0,0.0,1.0,0.625,1.0,0.75,0.0,0.0,0.0,0.0,0.812,0.438,1.0,0.562,0.0,0.0,0.0,0.0,0.062,0.938,0.812,0.0,0.0,0.0,0.0,0.0,0.125,1.0,0.812,0.0,0.0,0.0,0.0,0.0,0.625,0.438,0.625,0.125,0.0,0.0,0.0,0.0,0.812,0.25,0.812,0.188,0.0,0.0,0.0,0.0,0.438,0.938,0.562,0.0,0.0,0.0,8
0.0,0.0,0.562,1.0,0.938,0.188,0.0,0.0,0.0,0.438,0.938,0.438,1.0,0.438,0.0,0.0,0.0,0.125,0.125,0.0,1.0,0.125,0.0,0.0,0.0,0.0,0.0,0.375,0.938,0.0,0.0,0.0,0.0,0.0,0.0,0.812,0.625,0.0,0.0,0.0,0.0,0.0,0.188,1.0,0.188,0.188,0.312,0.0,0.0,0.0,0.688,0.875,0.625,1.0,0.375,0.0,0.0,0.0,0.688,1.0,0.812,0.312,0.0,0.0,2
0.0,0.0,0.125,0.812,0.938,0.438,0.062,0.0,0.0,0.0,0.438,1.0,0.938,1.0,0.625,0.0,0.0,0.0,0.875,1.0,0.625,0.625,0.625,0.0,0.0,0.125,1.0,0.188,0.0,0.5,0.5,0.0,0.0,0.312,0.812,0.0,0.0,0.562,0.5,0.0,0.0,0.375,0.812,0.0,0.0,0.75,0.188,0.0,0.0,0.125,1.0,0.375,0.562,0.625,0.0,0.0,0.0,0.0,0.188,0.875,0.875,0.062,0.0,0.0,0
0.0,0.0,0.312,0.688,0.25,0.062,0.0,0.0,0.0,0.0,0.938,1.0,1.0,0.688,0.0,0.0,0.0,0.125,1.0,0.562,0.125,0.75,0.25,0.0,0.0,0.375,0.812,0.0,0.0,0.375,0.375,0.0,0.0,0.188,0.812,0.0,0.0,0.312,0.562,0.0,0.0,0.188,1.0,0.0,0.0,0.375,0.5,0.0,0.0,0.0,0.812,0.75,0.5,1.0,0.438,0.0,0.0,0.0,0.25,0.812,0.75,0.625,0.0,0.0,0
0.0,0.062,0.75,0.812,0.812,0.0,0.0,0.0,0.0,0.25,0.688,0.375,0.188,0.0,0.0,0.0,0.0,0.438,0.688,0.5,0.375,0.062,0.0,0.0,0.0,0.312,0.938,0.75,0.812,0.75,0.0,0.0,0.0,0.0,0.0,0.0,0.0,0.812,0.25,0.0,0.0,0.0,0.0,0.0,0.0,0.5,0.5,0.0,0.0,0.125,0.625,0.5,0.438,0.938,0.188,0.0,0.0,0.062,0.812,1.0,0.75,0.312,0.0,0.0,5
0.0,0.0,0.375,1.0,0.938,0.125,0.0,0.0,0.0,0.0,0.438,0.812,1.0,0.25,0.0,0.0,0.0,0.0,0.0,0.062,1.0,0.188,0.0,0.0,0.0,0.0,0.062,0.625,1.0,0.375,0.062,0.0,0.0,0.0,0.562,1.0,1.0,1.0,0.5,0.0,0.0,0.0,0.062,1.0,0.5,0.25,0.0,0.0,0.0,0.0,0.312,0.812,0.0,0.0,0.0,0.0,0.0,0.0,0.688,0.438,0.0,0.0,0.0,0.0,7
0.0,0.0,0.062,0.75,1.0,0.5,0.0,0.0,0.0,0.125,0.812,1.0,1.0,0.5,0.0,0.0,0.0,0.812,1.0,0.875,1.0,0.75,0.0,0.0,0.0,0.688,0.375,0.438,1.0,0.125,0.0,0.0,0.0,0.0,0.0,0.688,1.0,0.062,0.0,0.0,0.0,0.0,0.0,0.812,0.812,0.0,0.0,0.0,0.0,0.0,0.0,0.938,0.812,0.0,0.0,0.0,0.0,0.0,0.0,0.812,0.812,0.0,0.0,0.0,1
0.0,0.125,0.625,0.938,1.0,1.0,0.875,0.0,0.0,0.438,0.688,0.25,0.375,0.938,0.562,0.0,0.0,0.0,0.0,0.375,0.938,0.75,0.0,0.0,0.0,0.0,0.188,1.0,0.562,0.0,0.0,0.0,0.0,0.0,0.312,1.0,0.5,0.0,0.0,0.0,0.0,0.0,0.0,0.688,0.938,0.125,0.0,0.0,0.0,0.0,0.062,0.375,1.0,0.125,0.0,0.0,0.0,0.062,1.0,1.0,0.375,0.0,0.0,0.0,3
0.0,0.0,0.625,1.0,1.0,0.5,0.0,0.0,0.0,0.0,0.312,0.5,0.812,0.812,0.0,0.0,0.0,0.0,0.0,0.0,0.562,0.812,0.0,0.0,0.0,0.0,0.0,0.125,0.812,0.75,0.0,0.0,0.0,0.0,0.125,0.938,1.0,1.0,0.438,0.0,0.0,0.0,0.0,0.812,0.812,0.312,0.062,0.0,0.0,0.0,0.062,0.875,0.312,0.0,0.0,0.0,0.0,0.0,0.562,0.812,0.062,0.0,0.0,0.0,7
0.0,0.0,0.125,0.75,0.062,0.0,0.0,0.0,0.0,0.0,0.688,0.75,0.0,0.0,0.0,0.0,0.0,0.125,1.0,0.25,0.0,0.0,0.0,0.0,0.0,0.375,1.0,0.625,0.625,0.312,0.0,0.0,0.0,0.312,1.0,0.938,0.75,0.875,0.375,0.0,0.0,0.25,1.0,0.188,0.0,0.5,0.75,0.0,0.0,0.0,0.875,0.562,0.25,0.688,0.812,0.0,0.0,0.0,0.188,0.875,1.0,0.75,0.188,0.0,6
0.0,0.0,0.0,0.688,0.562,0.0,0.0,0.0,0.0,0.0,0.0,0.688,0.875,0.0,0.0,0.0,0.0,0.0,0.0,0.688,0.812,0.0,0.0,0.0,0.0,0.0,0.0,0.938,0.812,0.0,0.0,0.0,0.0,0.0,0.0,0.812,0.812,0.0,0.0,0.0,0.0,0.0,0.0,0.812,0.562,0.0,0.0,0.0,0.0,0.0,0.0,0.625,0.625,0.0,0.0,0.0,0.0,0.0,0.0,0.562,0.688,0.0,0.0,0.0,1
0.0,0.0,0.0,0.562,0.75,0.0,0.0,0.0,0.0,0.0,0.25,1.0,0.312,0.0,0.062,0.0,0.0,0.125,0.875,0.562,0.0,0.312,0.938,0.062,0.0,0.5,1.0,0.562,0.75,1.0,0.562,0.0,0.0,0.312,1.0,0.812,0.812,0.812,0.0,0.0,0.0,0.0,0.0,0.062,0.938,0.438,0.0,0.0,0.0,0.0,0.0,0.25,1.0,0.062,0.0,0.0,0.0,0.0,0.0,0.75,0.75,0.0,0.0,0.0,4
0.0,0.25,1.0,0.938,0.125,0.0,0.0,0.0,0.0,0.688,0.938,0.938,0.438,0.0,0.0,0.0,0.0,0.562,0.625,0.375,0.875,0.0,0.0,0.0,0.0,0.0,0.0,0.438,0.938,0.0,0.0,0.0,0.0,0.0,0.0,0.812,0.625,0.0,0.0,0.0,0.0,0.0,0.062,1.0,0.438,0.125,0.125,0.0,0.0,0.062,0.75,1.0,0.938,1.0,0.938,0.0,0.0,0.25,1.0,1.0,1.0,0.75,0.688,0.0,2
0.0,0.0,0.438,1.0,1.0,0.875,0.0,0.0,0.0,0.0,1.0,0.75,0.625,0.938,0.062,0.0,0.0,0.0,0.625,0.25,1.0,0.625,0.0,0.0,0.0,0.0,0.0,0.562,1.0,0.688,0.062,0.0,0.0,0.0,0.0,0.0,0.438,1.0,0.5,0.0,0.0,0.0,0.0,0.0,0.0,1.0,0.438,0.0,0.0,0.0,0.5,0.25,0.625,0.938,0.125,0.0,0.0,0.0,0.75,1.0,1.0,0.375,0.0,0.0,3
0.0,0.0,0.125,0.875,0.875,0.375,0.0,0.0,0.0,0.0,0.625,0.938,0.688,0.938,0.125,0.0,0.0,0.188,1.0,0.188,0.0,0.75,0.375,0.0,0.0,0.188,0.562,0.0,0.0,0.562,0.625,0.0,0.0,0.625,0.688,0.0,0.0,0.5,0.75,0.0,0.0,0.438,1.0,0.062,0.0,0.688,0.812,0.0,0.0,0.0,0.938,0.875,0.75,0.938,0.625,0.0,0.0,0.0,0.188,0.875,1.0,0.812,0.312,0.0,0
0.0,0.0,0.375,0.875,0.875,0.812,0.688,0.0,0.0,0.0,0.875,0.75,0.312,0.25,0.125,0.0,0.0,0.188,1.0,1.0,0.25,0.0,0.0,0.0,0.0,0.125,0.688,0.688,1.0,0.188,0.0,0.0,0.0,0.0,0.0,0.0,0.438,0.625,0.0,0.0,0.0,0.0,0.0,0.0,0.062,0.688,0.0,0.0,0.0,0.0,0.188,0.438,0.75,0.5,0.0,0.0,0.0,0.0,0.438,0.875,0.688,0.062,0.0,0.0,5
0.0,0.0,0.25,0.812,0.875,0.125,0.0,0.0,0.0,0.0,0.938,0.625,0.688,0.625,0.0,0.0,0.0,0.188,0.938,0.125,0.75,0.375,0.0,0.0,0.0,0.0,0.188,0.5,1.0,0.438,0.0,0.0,0.0,0.0,0.0,0.25,0.562,1.0,0.125,0.0,0.0,0.0,0.625,0.188,0.0,0.812,0.375,0.0,0.0,0.0,1.0,0.312,0.438,1.0,0.188,0.0,0.0,0.0,0.438,0.812,0.812,0.5,0.0,0.0,3
0.0,0.0,0.062,0.688,0.188,0.0,0.0,0.0,0.0,0.0,0.562,1.0,0.0,0.0,0.0,0.0,0.0,0.062,1.0,0.312,0.0,0.062,0.125,0.0,0.0,0.375,1.0,0.125,0.062,0.812,0.625,0.0,0.0,0.438,1.0,0.562,0.938,0.812,0.0,0.0,0.0,0.125,0.562,0.75,1.0,0.062,0.0,0.0,0.0,0.0,0.0,0.875,0.562,0.0,0.0,0.0,0.0,0.0,0.125,1.0,0.438,0.0,0.0,0.0,4
0.0,0.0,0.438,0.875,1.0,0.312,0.0,0.0,0.0,0.0,1.0,0.75,0.938,0.75,0.0,0.0,0.0,0.0,0.188,0.0,0.875,0.562,0.0,0.0,0.0,0.0,0.312,0.75,1.0,0.938,0.625,0.0,0.0,0.5,1.0,1.0,0.812,0.375,0.0,0.0,0.0,0.188,0.562,1.0,0.375,0.0,0.0,0.0,0.0,0.0,0.625,0.75,0.062,0.0,0.0,0.0,0.0,0.0,0.75,0.312,0.0,0.0,0.0,0.0,7
0.0,0.0,0.0,0.5,0.875,0.25,0.0,0.0,0.0,0.0,0.438,1.0,0.438,0.0,0.0,0.0,0.0,0.0,0.875,0.625,0.0,0.0,0.0,0.0,0.0,0.062,1.0,0.375,0.0,0.0,0.0,0.0,0.0,0.188,1.0,1.0,0.625,0.0,0.0,0.0,0.0,0.125,1.0,0.75,0.875,0.375,0.0,0.0,0.0,0.0,0.75,0.938,0.688,0.625,0.0,0.0,0.0,0.0,0.0,0.625,0.812,0.5,0.0,0.0,6
0.0,0.0,0.125,0.938,0.938,0.25,0.0,0.0,0.0,0.0,0.688,0.625,0.875,0.562,0.0,0.0,0.0,0.0,0.062,0.0,0.688,0.562,0.0,0.0,0.0,0.0,0.0,0.188,0.938,0.25,0.0,0.0,0.0,0.0,0.062,1.0,1.0,0.875,0.375,0.0,0.0,0.0,0.0,0.5,0.812,0.375,0.062,0.0,0.0,0.0,0.0,0.562,0.438,0.0,0.0,0.0,0.0,0.0,0.062,0.938,0.125,0.0,0.0,0.0,7
0.0,0.0,0.0,0.25,0.812,0.812,0.0,0.0,0.0,0.0,0.0,0.625,1.0,1.0,0.062,0.0,0.0,0.0,0.188,0.875,1.0,0.812,0.0,0.0,0.0,0.0,0.5,1.0,1.0,0.312,0.0,0.0,0.0,0.188,0.938,1.0,1.0,0.25,0.0,0.0,0.0,0.25,1.0,1.0,1.0,0.375,0.0,0.0,0.0,0.125,0.5,0.938,1.0,0.562,0.0,0.0,0.0,0.0,0.0,0.25,0.875,0.75,0.0,0.0,1
0.0,0.0,0.812,0.875,0.188,0.0,0.0,0.0,0.0,0.25,1.0,0.938,0.688,0.0,0.0,0.0,0.0,0.438,0.75,0.25,1.0,0.0,0.0,0.0,0.0,0.188,0.375,0.25,1.0,0.0,0.0,0.0,0.0,0.0,0.0,0.562,0.75,0.0,0.0,0.0,0.0,0.0,0.062,0.875,0.438,0.0,0.0,0.0,0.0,0.062,0.875,1.0,0.625,0.625,0.125,0.0,0.0,0.0,0.688,0.75,0.875,0.875,0.375,0.0,2
0.0,0.0,0.625,1.0,1.0,0.812,0.0,0.0,0.0,0.25,1.0,0.938,0.75,0.25,0.0,0.0,0.0,0.5,1.0,0.25,0.0,0.0,0.0,0.0,0.0,0.25,1.0,0.688,0.375,0.062,0.0,0.0,0.0,0.0,0.5,1.0,1.0,0.812,0.125,0.0,0.0,0.0,0.0,0.062,0.438,0.875,0.75,0.0,0.0,0.0,0.0,0.375,0.812,1.0,0.625,0.0,0.0,0.0,0.75,1.0,0.875,0.375,0.0,0.0,5
0.0,0.0,0.125,0.812,1.0,0.5,0.0,0.0,0.0,0.0,0.812,0.438,0.438,0.812,0.0,0.0,0.0,0.062,0.438,0.0,0.438,0.812,0.125,0.0,0.0,0.0,0.062,0.625,1.0,1.0,0.812,0.0,0.0,0.0,0.375,0.812,1.0,0.125,0.0,0.0,0.0,0.0,0.062,0.312,0.688,0.0,0.0,0.0,0.0,0.0,0.0,0.75,0.25,0.0,0.0,0.0,0.0,0.0,0.125,0.875,0.0,0.0,0.0,0.0,7
0.0,0.0,0.812,1.0,0.938,0.125,0.0,0.0,0.0,0.312,0.875,0.312,0.938,0.438,0.0,0.0,0.0,0.0,0.125,0.0,0.75,0.438,0.0,0.0,0.0,0.0,0.312,0.562,1.0,0.438,0.0,0.0,0.0,0.0,0.5,1.0,1.0,1.0,0.625,0.0,0.0,0.0,0.125,1.0,0.188,0.0,0.0,0.0,0.0,0.0,0.5,0.812,0.0,0.0,0.0,0.0,0.0,0.0,0.938,0.438,0.0,0.0,0.0,0.0,7
0.0,0.0,0.0,0.562,0.625,0.0,0.0,0.0,0.0,0.0,0.438,1.0,0.438,0.0,0.0,0.0,0.0,0.0,0.812,0.812,0.062,0.0,0.0,0.0,0.0,0.0,0.938,0.438,0.0,0.0,0.0,0.0,0.0,0.25,1.0,0.938,0.75,0.438,0.0,0.0,0.0,0.125,1.0,0.75,0.25,0.688,0.625,0.0,0.0,0.0,0.5,0.875,0.312,0.562,0.875,0.0,0.0,0.0,0.0,0.375,0.75,0.875,0.562,0.0,6
0.0,0.0,0.0,0.062,0.938,0.125,0.0,0.0,0.0,0.0,0.0,0.312,0.938,0.0,0.25,0.0,0.0,0.0,0.0,0.812,0.5,0.062,1.0,0.188,0.0,0.0,0.312,0.938,0.125,0.312,0.938,0.0,0.0,0.312,0.938,1.0,1.0,1.0,0.5,0.0,0.0,0.875,0.75,0.75,0.875,1.0,0.125,0.0,0.0,0.0,0.0,0.0,0.75,0.75,0.0,0.0,0.0,0.0,0.0,0.125,1.0,0.312,0.0,0.0,4
0.0,0.0,0.188,0.75,0.688,0.062,0.0,0.0,0.0,0.062,0.875,0.875,0.938,0.5,0.0,0.0,0.0,0.188,1.0,0.125,0.312,1.0,0.062,0.0,0.0,0.25,1.0,0.0,0.0,0.875,0.375,0.0,0.0,0.25,1.0,0.0,0.0,0.688,0.5,0.0,0.0,0.188,1.0,0.125,0.0,0.625,0.5,0.0,0.0,0.0,0.625,0.938,0.812,1.0,0.188,0.0,0.0,0.0,0.062,0.938,0.875,0.375,0.0,0.0,0
0.0,0.0,0.25,0.938,1.0,1.0,1.0,0.062,0.0,0.0,0.625,0.812,0.5,0.938,0.5,0.0,0.0,0.0,0.875,0.312,0.188,1.0,0.125,0.0,0.0,0.0,0.062,0.0,0.75,0.688,0.0,0.0,0.0,0.0,0.125,0.312,1.0,0.562,0.062,0.0,0.0,0.0,0.938,1.0,1.0,0.875,0.188,0.0,0.0,0.0,0.062,0.938,0.562,0.0,0.0,0.0,0.0,0.0,0.438,0.875,0.125,0.0,0.0,0.0,7
0.0,0.0,0.75,0.938,0.812,0.125,0.0,0.0,0.0,0.062,1.0,0.312,0.312,0.812,0.0,0.0,0.0,0.062,0.438,0.812,0.0,0.5,0.25,0.0,0.0,0.375,0.688,0.812,0.812,0.938,0.25,0.0,0.0,0.062,0.562,0.75,0.75,0.812,0.062,0.0,0.0,0.0,0.0,0.0,0.0,0.688,0.375,0.0,0.0,0.0,0.0,0.0,0.0,0.312,0.875,0.0,0.0,0.0,0.625,0.812,0.75,0.938,0.375,0.0,9
0.0,0.0,0.438,0.875,1.0,0.812,0.062,0.0,0.0,0.562,0.938,0.5,0.625,1.0,0.438,0.0,0.0,0.312,0.062,0.0,0.875,0.875,0.062,0.0,0.0,0.0,0.0,0.25,1.0,0.75,0.0,0.0,0.0,0.0,0.0,0.125,1.0,0.812,0.0,0.0,0.0,0.0,0.0,0.0,0.375,1.0,0.438,0.0,0.0,0.0,0.562,0.438,0.375,1.0,0.562,0.0,0.0,0.0,0.312,0.938,1.0,0.688,0.188,0.0,3
0.0,0.062,0.688,1.0,1.0,0.75,0.0,0.0,0.0,0.5,1.0,0.812,1.0,1.0,0.188,0.0,0.0,0.062,0.312,0.438,1.0,0.875,0.0,0.0,0.0,0.0,0.0,0.688,1.0,0.25,0.0,0.0,0.0,0.0,0.0,0.125,0.938,0.562,0.0,0.0,0.0,0.0,0.0,0.0,0.688,0.812,0.0,0.0,0.0,0.0,0.188,0.438,0.938,0.875,0.0,0.0,0.0,0.0,0.875,1.0,1.0,0.375,0.0,0.0,3
0.0,0.0,0.0,0.688,0.5,0.0,0.0,0.0,0.0,0.0,0.5,0.938,0.125,0.0,0.125,0.062,0.0,0.125,1.0,0.312,0.0,0.25,1.0,0.188,0.0,0.312,1.0,0.5,0.688,1.0,0.562,0.0,0.0,0.25,0.938,0.875,0.812,1.0,0.125,0.0,0.0,0.0,0.0,0.0,0.625,0.625,0.0,0.0,0.0,0.0,0.0,0.188,1.0,0.188,0.0,0.0,0.0,0.0,0.0,0.562,0.688,0.0,0.0,0.0,4
0.0,0.062,0.5,0.75,0.938,0.875,0.25,0.0,0.0,0.188,0.688,0.5,0.5,0.75,0.75,0.0,0.0,0.0,0.0,0.0,0.125,0.812,0.438,0.0,0.0,0.0,0.0,0.125,0.938,0.75,0.062,0.0,0.0,0.0,0.0,0.0,0.812,0.312,0.0,0.0,0.0,0.0,0.0,0.0,0.562,0.812,0.0,0.0,0.0,0.0,0.438,0.5,0.875,0.938,0.0,0.0,0.0,0.0,0.875,0.938,0.688,0.125,0.0,0.0,3
0.0,0.0,0.062,0.75,1.0,0.875,0.125,0.0,0.0,0.0,0.812,0.688,0.188,1.0,0.312,0.0,0.0,0.25,0.875,0.0,0.0,0.938,0.375,0.0,0.0,0.375,0.75,0.5,0.812,1.0,0.312,0.0,0.0,0.0,0.562,0.75,0.25,0.625,0.5,0.0,0.0,0.0,0.188,0.0,0.0,0.688,0.312,0.0,0.0,0.0,1.0,0.875,0.312,0.938,0.25,0.0,0.0,0.0,0.188,0.75,1.0,0.688,0.062,0.0,9
0.0,0.0,0.688,0.938,0.938,1.0,0.562,0.0,0.0,0.25,1.0,0.875,0.5,0.562,0.188,0.0,0.0,0.25,0.75,0.0,0.0,0.0,0.0,0.0,0.0,0.375,1.0,0.938,0.188,0.0,0.0,0.0,0.0,0.188,0.688,0.688,0.75,0.0,0.0,0.0,0.0,0.0,0.0,0.125,1.0,0.0,0.0,0.0,0.0,0.125,0.75,0.562,1.0,0.0,0.0,0.0,0.0,0.0,0.688,1.0,0.5,0.0,0.0,0.0,5
0.0,0.0,0.0,0.0,0.688,0.875,0.188,0.0,0.0,0.0,0.0,0.125,1.0,1.0,0.125,0.0,0.0,0.0,0.0,0.688,1.0,0.875,0.0,0.0,0.0,0.0,0.188,1.0,1.0,0.938,0.0,0.0,0.0,0.062,0.812,1.0,1.0,0.812,0.0,0.0,0.0,0.375,1.0,0.562,0.938,0.812,0.0,0.0,0.0,0.0,0.0,0.0,0.75,1.0,0.062,0.0,0.0,0.0,0.0,0.0,0.562,0.875,0.062,0.0,1
0.0,0.0,0.125,0.938,0.375,0.0,0.0,0.0,0.0,0.0,0.688,1.0,0.25,0.0,0.0,0.0,0.0,0.188,1.0,0.438,0.0,0.0,0.0,0.0,0.0,0.25,1.0,0.375,0.25,0.062,0.0,0.0,0.0,0.375,1.0,1.0,0.875,1.0,0.188,0.0,0.0,0.125,0.875,0.562,0.0,0.688,0.562,0.0,0.0,0.0,0.625,0.875,0.5,0.938,0.312,0.0,0.0,0.0,0.188,0.812,1.0,0.5,0.0,0.0,6
0.0,0.0,0.0,0.438,0.875,0.0,0.0,0.0,0.0,0.0,0.062,0.875,0.5,0.0,0.062,0.0,0.0,0.0,0.5,0.875,0.0,0.562,0.688,0.0,0.0,0.062,0.938,0.375,0.062,0.875,0.625,0.0,0.0,0.5,0.938,0.0,0.5,1.0,0.062,0.0,0.0,0.625,0.938,0.562,0.938,0.938,0.0,0.0,0.0,0.312,0.938,0.875,1.0,0.375,0.0,0.0,0.0,0.0,0.0,0.5,0.938,0.125,0.0,0.0,4
0.0,0.0,0.125,0.625,0.625,0.688,0.0,0.0,0.0,0.0,0.625,0.562,0.562,1.0,0.0,0.0,0.0,0.0,0.875,0.0,0.375,0.938,0.0,0.0,0.0,0.0,0.688,0.875,0.562,1.0,0.062,0.0,0.0,0.0,0.0,0.0,0.0,0.812,0.188,0.0,0.0,0.0,0.0,0.0,0.0,0.75,0.188,0.0,0.0,0.625,0.562,0.312,0.0,0.938,0.062,0.0,0.0,0.0,0.125,0.875,1.0,0.812,0.0,0.0,9
0.0,0.0,0.375,0.812,0.75,0.125,0.0,0.0,0.0,0.0,0.438,0.438,0.625,0.75,0.0,0.0,0.0,0.0,0.0,0.062,0.75,0.562,0.0,0.0,0.0,0.0,0.0,0.438,1.0,0.438,0.0,0.0,0.0,0.0,0.0,0.0,0.312,0.875,0.062,0.0,0.0,0.062,0.438,0.0,0.0,0.438,0.688,0.0,0.0,0.062,1.0,0.25,0.0,0.562,0.688,0.0,0.0,0.0,0.312,0.812,0.75,1.0,0.188,0.0,3
0.0,0.0,0.312,1.0,0.875,0.5,0.0,0.0,0.0,0.0,0.25,1.0,1.0,0.438,0.0,0.0,0.0,0.0,0.875,1.0,1.0,0.5,0.0,0.0,0.0,0.0,0.875,1.0,1.0,0.5,0.0,0.0,0.0,0.0,0.688,1.0,1.0,0.312,0.0,0.0,0.0,0.0,0.625,1.0,1.0,0.5,0.0,0.0,0.0,0.0,0.688,1.0,1.0,0.875,0.188,0.0,0.0,0.0,0.375,1.0,1.0,1.0,0.188,0.0,1
0.0,0.0,0.5,1.0,0.375,0.188,0.0,0.0,0.0,0.125,0.812,0.312,0.625,0.875,0.0,0.0,0.0,0.25,0.875,0.062,0.562,1.0,0.0,0.0,0.0,0.0,0.75,0.812,0.5,0.812,0.0,0.0,0.0,0.0,0.0,0.188,0.0,0.688,0.125,0.0,0.0,0.0,0.0,0.0,0.0,0.75,0.125,0.0,0.0,0.0,0.25,0.062,0.0,0.875,0.062,0.0,0.0,0.0,0.375,0.938,1.0,0.625,0.0,0.0,9
0.0,0.062,0.5,0.688,0.812,0.75,0.0,0.0,0.0,0.312,0.562,0.0,0.25,1.0,0.062,0.0,0.0,0.438,0.312,0.0,0.312,1.0,0.312,0.0,0.0,0.062,0.812,0.688,0.812,0.375,0.5,0.0,0.0,0.0,0.188,0.25,0.062,0.25,0.5,0.0,0.0,0.0,0.0,0.0,0.0,0.438,0.312,0.0,0.0,0.125,0.5,0.062,0.125,0.875,0.0,0.0,0.0,0.0,0.5,0.812,0.688,0.188,0.0,0.0,9
0.0,0.0,0.062,0.938,0.812,0.062,0.0,0.0,0.0,0.0,0.438,1.0,0.875,0.5,0.0,0.0,0.0,0.5,0.75,0.562,0.125,0.812,0.125,0.0,0.0,0.438,0.562,0.062,0.0,0.375,0.375,0.0,0.0,0.312,0.562,0.0,0.0,0.188,0.562,0.0,0.0,0.0,0.938,0.125,0.0,0.5,0.75,0.0,0.0,0.0,0.562,0.938,0.812,1.0,0.375,0.0,0.0,0.0,0.0,0.812,0.875,0.5,0.0,0.0,0
0.0,0.0,0.188,0.812,0.812,0.188,0.0,0.0,0.0,0.0,0.75,0.438,0.188,0.812,0.0,0.0,0.0,0.0,1.0,0.0,0.312,0.75,0.0,0.0,0.0,0.0,0.625,0.812,0.875,1.0,0.125,0.0,0.0,0.0,0.062,0.438,0.375,0.812,0.25,0.0,0.0,0.062,0.25,0.0,0.0,0.312,0.688,0.0,0.0,0.125,0.875,0.375,0.125,0.562,0.688,0.0,0.0,0.0,0.25,0.625,1.0,1.0,0.25,0.0,9
0.0,0.062,0.75,1.0,1.0,1.0,0.25,0.0,0.0,0.25,1.0,0.625,0.25,0.062,0.062,0.0,0.0,0.375,0.812,0.0,0.0,0.0,0.0,0.0,0.0,0.375,1.0,0.75,0.312,0.0,0.0,0.0,0.0,0.438,0.688,0.688,0.938,0.0,0.0,0.0,0.0,0.0,0.0,0.25,1.0,0.125,0.0,0.0,0.0,0.0,0.125,0.812,0.625,0.0,0.0,0.0,0.0,0.125,1.0,0.688,0.0,0.0,0.0,0.0,5
0.0,0.0,0.125,0.75,1.0,0.625,0.0,0.0,0.0,0.188,0.938,0.625,0.438,1.0,0.25,0.0,0.0,0.562,0.5,0.0,0.688,0.625,0.0,0.0,0.0,0.188,0.938,0.688,0.875,0.062,0.0,0.0,0.0,0.0,0.625,1.0,0.562,0.0,0.0,0.0,0.0,0.0,0.875,0.438,0.812,0.25,0.0,0.0,0.0,0.0,0.562,0.438,0.375,0.625,0.0,0.0,0.0,0.0,0.062,0.75,1.0,0.312,0.0,0.0,8
0.0,0.0,0.25,0.938,1.0,0.375,0.0,0.0,0.0,0.0,1.0,0.75,0.5,0.938,0.0,0.0,0.0,0.438,1.0,0.25,0.0,0.688,0.312,0.0,0.0,0.625,0.938,0.0,0.0,0.5,0.562,0.0,0.0,0.625,0.875,0.0,0.0,0.5,0.688,0.0,0.0,0.375,1.0,0.25,0.0,0.688,0.562,0.0,0.0,0.062,0.938,0.438,0.5,1.0,0.312,0.0,0.0,0.0,0.188,0.875,1.0,0.625,0.062,0.0,0
0.0,0.0,0.0,0.188,0.812,0.438,0.0,0.0,0.0,0.0,0.062,0.875,0.688,0.0,0.0,0.0,0.0,0.0,0.75,0.75,0.062,0.125,0.188,0.0,0.0,0.438,1.0,0.25,0.062,0.938,0.625,0.0,0.0,0.625,0.875,0.0,0.438,1.0,0.5,0.0,0.0,0.938,1.0,1.0,1.0,1.0,0.062,0.0,0.0,0.25,0.688,0.688,0.938,0.688,0.0,0.0,0.0,0.0,0.0,0.125,0.938,0.25,0.0,0.0,4
0.0,0.0,0.0,0.25,0.875,0.875,0.25,0.0,0.0,0.0,0.062,0.938,1.0,1.0,0.125,0.0,0.0,0.125,0.812,1.0,1.0,1.0,0.0,0.0,0.0,0.5,1.0,1.0,1.0,1.0,0.0,0.0,0.0,0.125,0.438,0.5,1.0,1.0,0.062,0.0,0.0,0.0,0.0,0.25,1.0,1.0,0.0,0.0,0.0,0.0,0.0,0.25,1.0,1.0,0.125,0.0,0.0,0.0,0.0,0.25,1.0,0.938,0.25,0.0,1
0.0,0.0,0.0,0.625,0.5,0.0,0.0,0.0,0.0,0.0,0.375,0.875,0.188,0.0,0.0,0.0,0.0,0.0,0.688,0.5,0.0,0.0,0.0,0.0,0.0,0.188,1.0,0.5,0.125,0.0,0.0,0.0,0.0,0.375,1.0,1.0,1.0,0.938,0.188,0.0,0.0,0.0,1.0,0.125,0.0,0.5,0.75,0.0,0.0,0.0,0.688,0.75,0.312,0.688,0.75,0.0,0.0,0.0,0.062,0.5,1.0,0.938,0.125,0.0,6
0.0,0.0,0.0,0.5,0.75,0.562,0.125,0.0,0.0,0.0,0.312,1.0,1.0,1.0,0.25,0.0,0.0,0.0,0.562,1.0,1.0,0.688,0.0,0.0,0.0,0.188,1.0,1.0,1.0,0.312,0.0,0.0,0.0,0.25,1.0,1.0,1.0,0.25,0.0,0.0,0.0,0.062,0.938,1.0,1.0,0.188,0.0,0.0,0.0,0.0,0.5,1.0,1.0,0.562,0.0,0.0,0.0,0.0,0.0,0.562,0.75,0.375,0.0,0.0,1
0.0,0.0,0.5,0.75,0.938,1.0,0.312,0.0,0.0,0.0,0.625,0.688,0.125,0.188,0.0,0.0,0.0,0.0,0.812,0.312,0.0,0.0,0.0,0.0,0.0,0.125,1.0,0.625,0.75,0.688,0.062,0.0,0.0,0.062,1.0,0.812,0.5,0.875,0.438,0.0,0.0,0.0,0.062,0.0,0.0,0.812,0.188,0.0,0.0,0.0,0.062,0.375,0.75,0.625,0.0,0.0,0.0,0.0,0.625,0.625,0.438,0.0,0.0,0.0,5
0.0,0.0,0.25,0.938,0.25,0.0,0.0,0.0,0.0,0.0,0.188,1.0,0.562,0.0,0.0,0.0,0.0,0.0,0.125,1.0,0.688,0.0,0.0,0.0,0.0,0.0,0.0,1.0,0.812,0.0,0.0,0.0,0.0,0.0,0.125,1.0,1.0,0.125,0.0,0.0,0.0,0.0,0.0,0.312,0.938,0.625,0.0,0.0,0.0,0.0,0.25,0.75,0.875,1.0,0.812,0.812,0.0,0.0,0.125,0.812,1.0,1.0,0.938,0.5,1
0.0,0.0,0.062,0.562,0.875,0.688,0.062,0.0,0.0,0.0,0.625,0.938,0.562,0.812,0.312,0.0,0.0,0.188,1.0,0.438,0.0,0.0,0.0,0.0,0.0,0.312,1.0,1.0,1.0,0.625,0.0,0.0,0.0,0.438,1.0,0.688,0.625,1.0,0.312,0.0,0.0,0.125,1.0,0.312,0.0,0.75,0.5,0.0,0.0,0.0,0.625,0.938,0.812,1.0,0.312,0.0,0.0,0.0,0.0,0.562,0.75,0.438,0.0,0.0,6
0.0,0.0,0.938,1.0,0.75,0.312,0.0,0.0,0.0,0.062,1.0,0.938,0.688,0.438,0.0,0.0,0.0,0.25,1.0,0.562,0.0,0.0,0.0,0.0,0.0,0.5,1.0,0.875,0.75,0.438,0.0,0.0,0.0,0.438,1.0,0.875,0.625,1.0,0.188,0.0,0.0,0.0,0.062,0.0,0.625,1.0,0.25,0.0,0.0,0.0,0.062,0.625,1.0,0.625,0.0,0.0,0.0,0.0,0.812,0.938,0.312,0.0,0.0,0.0,5
0.0,0.0,0.0,0.375,0.938,0.75,0.062,0.0,0.0,0.25,0.75,1.0,0.75,1.0,0.188,0.0,0.0,0.938,1.0,0.375,0.25,1.0,0.188,0.0,0.0,0.25,0.312,0.062,0.938,0.75,0.0,0.0,0.0,0.0,0.0,0.438,1.0,0.625,0.062,0.0,0.0,0.0,0.188,0.125,0.25,0.938,0.438,0.0,0.0,0.0,0.75,0.938,0.5,0.688,0.875,0.0,0.0,0.0,0.062,0.5,0.938,1.0,0.688,0.0,3
0.0,0.188,0.938,0.5,0.5,0.375,0.0,0.0,0.0,0.25,1.0,1.0,1.0,0.812,0.125,0.0,0.0,0.188,1.0,0.562,0.125,0.0,0.0,0.0,0.0,0.125,1.0,1.0,0.938,0.188,0.0,0.0,0.0,0.0,0.438,0.375,0.75,0.562,0.0,0.0,0.0,0.0,0.0,0.062,0.875,0.625,0.0,0.0,0.0,0.0,0.312,0.875,0.938,0.125,0.0,0.0,0.0,0.062,0.938,0.875,0.062,0.0,0.0,0.0,5
0.0,0.0,0.0,0.75,1.0,0.062,0.0,0.0,0.0,0.0,0.25,1.0,0.688,0.0,0.0,0.0,0.0,0.0,0.75,0.938,0.062,0.0,0.0,0.0,0.0,0.0,0.938,0.812,0.5,0.25,0.0,0.0,0.0,0.188,1.0,0.938,0.688,0.938,0.438,0.0,0.0,0.125,0.938,0.625,0.0,0.25,0.938,0.188,0.0,0.0,0.5,0.75,0.25,0.375,1.0,0.312,0.0,0.0,0.062,0.688,1.0,1.0,0.812,0.0,6
0.0,0.062,0.875,1.0,1.0,0.688,0.125,0.0,0.0,0.0,0.875,0.562,0.125,0.625,0.688,0.0,0.0,0.0,0.312,1.0,0.312,0.875,0.312,0.0,0.0,0.0,0.0,0.75,1.0,1.0,0.312,0.0,0.0,0.0,0.438,0.875,0.875,0.5,0.0,0.0,0.0,0.062,0.875,0.188,0.375,0.688,0.0,0.0,0.0,0.25,0.5,0.0,0.5,0.688,0.0,0.0,0.0,0.125,0.812,0.75,0.938,0.125,0.0,0.0,8
0.0,0.312,1.0,1.0,1.0,0.688,0.062,0.0,0.0,0.25,1.0,0.938,0.625,0.5,0.062,0.0,0.0,0.25,1.0,0.75,0.0,0.0,0.0,0.0,0.0,0.062,0.812,1.0,0.312,0.0,0.0,0.0,0.0,0.0,0.375,1.0,0.812,0.0,0.0,0.0,0.0,0.0,0.0,0.625,1.0,0.25,0.0,0.0,0.0,0.0,0.25,0.812,1.0,0.125,0.0,0.0,0.0,0.125,0.938,1.0,0.562,0.0,0.0,0.0,5
0.0,0.0,0.438,0.688,0.188,0.062,0.0,0.0,0.0,0.062,0.875,1.0,0.812,0.812,0.0,0.0,0.0,0.188,1.0,0.75,0.062,0.375,0.375,0.0,0.0,0.25,0.625,0.25,0.0,0.25,0.5,0.0,0.0,0.5,0.5,0.0,0.0,0.688,0.312,0.0,0.0,0.438,0.562,0.0,0.125,0.875,0.0,0.0,0.0,0.062,0.75,0.25,0.75,0.625,0.0,0.0,0.0,0.0,0.375,0.875,0.562,0.0,0.0,0.0,0
0.0,0.0,0.062,0.812,0.625,0.062,0.0,0.0,0.0,0.0,0.75,0.375,0.438,0.625,0.0,0.0,0.0,0.0,0.625,0.625,0.688,0.938,0.0,0.0,0.0,0.0,0.062,0.875,1.0,1.0,0.312,0.0,0.0,0.0,0.0,0.0,0.0,0.625,0.625,0.0,0.0,0.0,0.0,0.0,0.0,0.312,0.688,0.0,0.0,0.0,0.125,0.25,0.25,0.875,0.688,0.0,0.0,0.0,0.125,0.688,0.938,1.0,0.312,0.0,9
0.0,0.0,0.375,0.75,0.812,0.75,0.0,0.0,0.0,0.0,0.875,0.75,0.438,1.0,0.062,0.0,0.0,0.0,0.375,0.375,0.875,0.562,0.0,0.0,0.0,0.0,0.0,0.875,0.688,0.062,0.0,0.0,0.0,0.0,0.0,0.312,1.0,0.312,0.0,0.0,0.0,0.0,0.0,0.0,0.375,0.875,0.062,0.0,0.0,0.0,0.625,0.5,0.188,1.0,0.062,0.0,0.0,0.0,0.25,0.875,1.0,0.75,0.0,0.0,3
0.0,0.0,0.438,0.75,0.812,0.25,0.0,0.0,0.0,0.0,1.0,0.375,0.375,0.125,0.0,0.0,0.0,0.25,0.812,0.438,0.5,0.125,0.0,0.0,0.0,0.438,1.0,0.625,0.625,0.875,0.062,0.0,0.0,0.125,0.125,0.0,0.0,0.625,0.375,0.0,0.0,0.0,0.0,0.0,0.0,0.5,0.5,0.0,0.0,0.0,0.688,0.062,0.0,0.625,0.5,0.0,0.0,0.0,0.5,0.938,0.938,0.938,0.125,0.0,5
0.0,0.0,0.0,0.75,0.625,0.0,0.0,0.0,0.0,0.0,0.0,0.875,1.0,0.125,0.0,0.0,0.0,0.0,0.0,0.812,1.0,0.0,0.0,0.0,0.0,0.0,0.0,0.688,1.0,0.188,0.0,0.0,0.0,0.0,0.0,0.625,1.0,0.188,0.0,0.0,0.0,0.0,0.0,0.688,1.0,0.125,0.0,0.0,0.0,0.0,0.0,0.875,1.0,0.125,0.0,0.0,0.0,0.0,0.0,0.688,0.875,0.0,0.0,0.0,1
0.0,0.0,0.0,0.312,0.875,0.75,0.125,0.0,0.0,0.0,0.438,0.938,0.5,0.875,0.25,0.0,0.0,0.0,0.375,0.125,0.188,0.812,0.062,0.0,0.0,0.0,0.0,0.062,0.812,0.25,0.0,0.0,0.0,0.0,0.062,0.688,0.562,0.0,0.0,0.0,0.0,0.5,1.0,0.812,0.0,0.0,0.0,0.0,0.0,0.312,0.875,1.0,0.688,0.125,0.0,0.0,0.0,0.0,0.0,0.375,0.75,0.812,0.188,0.0,2
0.0,0.0,0.375,0.938,0.562,0.0,0.0,0.0,0.0,0.0,0.688,1.0,1.0,0.812,0.0,0.0,0.0,0.0,0.625,1.0,1.0,1.0,0.438,0.0,0.0,0.062,1.0,0.5,0.0,0.688,0.5,0.0,0.0,0.438,0.875,0.062,0.0,0.625,0.5,0.0,0.0,0.5,0.75,0.0,0.0,0.812,0.25,0.0,0.0,0.312,1.0,0.5,0.562,0.812,0.0,0.0,0.0,0.0,0.375,0.75,0.812,0.312,0.0,0.0,0
0.0,0.0,0.0,0.0,0.75,0.312,0.0,0.0,0.0,0.0,0.0,0.125,1.0,0.75,0.0,0.0,0.0,0.0,0.062,0.75,1.0,0.688,0.0,0.0,0.0,0.125,0.75,1.0,1.0,0.625,0.0,0.0,0.0,0.375,0.688,0.312,0.938,0.375,0.0,0.0,0.0,0.0,0.0,0.062,1.0,0.562,0.0,0.0,0.0,0.0,0.0,0.125,1.0,0.688,0.0,0.0,0.0,0.0,0.0,0.188,1.0,0.5,0.0,0.0,1
0.0,0.0,0.062,0.688,0.875,0.375,0.0,0.0,0.0,0.0,0.25,1.0,0.875,0.25,0.0,0.0,0.0,0.0,0.75,1.0,0.125,0.0,0.0,0.0,0.0,0.125,1.0,1.0,0.75,0.312,0.0,0.0,0.0,0.438,1.0,1.0,1.0,1.0,0.188,0.0,0.0,0.188,0.938,0.312,0.0,0.938,0.812,0.0,0.0,0.0,0.688,1.0,0.875,1.0,0.625,0.0,0.0,0.0,0.0,0.75,0.812,0.562,0.062,0.0,6
0.0,0.25,0.812,1.0,1.0,0.438,0.0,0.0,0.0,0.5,0.75,1.0,1.0,0.812,0.0,0.0,0.0,0.0,0.562,1.0,1.0,0.188,0.0,0.0,0.0,0.0,0.938,1.0,0.375,0.0,0.0,0.0,0.0,0.0,0.625,0.688,0.562,0.125,0.0,0.0,0.0,0.0,0.062,0.438,0.938,0.812,0.125,0.0,0.0,0.0,0.188,0.25,0.438,1.0,0.625,0.0,0.0,0.125,0.688,0.938,0.688,0.5,0.125,0.0,3
0.0,0.0,0.688,0.812,0.75,0.75,0.188,0.0,0.0,0.312,0.875,0.25,0.25,0.438,0.125,0.0,0.0,0.438,0.625,0.062,0.25,0.062,0.0,0.0,0.0,0.5,0.938,0.875,0.75,0.938,0.125,0.0,0.0,0.125,0.438,0.0,0.0,0.75,0.25,0.0,0.0,0.0,0.0,0.0,0.062,1.0,0.188,0.0,0.0,0.062,0.5,0.188,0.625,0.75,0.0,0.0,0.0,0.062,0.75,1.0,0.75,0.125,0.0,0.0,5
0.0,0.125,0.75,0.875,0.188,0.0,0.0,0.0,0.0,0.438,1.0,0.062,0.0,0.25,0.062,0.0,0.0,0.0,0.812,1.0,1.0,0.938,0.062,0.0,0.0,0.0,0.438,1.0,0.875,0.062,0.0,0.0,0.0,0.0,0.938,0.875,1.0,0.0,0.0,0.0,0.0,0.125,1.0,0.062,0.938,0.438,0.0,0.0,0.0,0.312,1.0,0.375,0.938,0.438,0.0,0.0,0.0,0.062,1.0,0.875,0.562,0.0,0.0,0.0,8
0.0,0.0,0.0,1.0,0.75,0.062,0.0,0.0,0.0,0.0,0.375,1.0,0.875,0.438,0.0,0.0,0.0,0.0,0.875,0.938,0.062,0.688,0.0,0.0,0.0,0.0,1.0,0.938,0.0,0.875,0.062,0.0,0.0,0.062,1.0,0.625,0.0,0.875,0.125,0.0,0.0,0.0,0.938,0.812,0.188,0.938,0.188,0.0,0.0,0.0,0.562,1.0,1.0,0.938,0.0,0.0,0.0,0.0,0.0,0.812,1.0,0.5,0.0,0.0,0
0.0,0.0,0.0,0.25,0.875,0.875,0.062,0.0,0.0,0.0,0.188,0.875,0.75,0.625,0.25,0.0,0.0,0.188,0.812,0.25,0.0,0.5,0.375,0.0,0.0,0.188,0.938,0.562,0.125,0.938,0.062,0.0,0.0,0.0,0.125,0.625,1.0,0.812,0.0,0.0,0.0,0.0,0.0,0.0,0.75,0.875,0.25,0.0,0.0,0.0,0.0,0.125,0.75,0.562,0.188,0.0,0.0,0.0,0.0,0.125,1.0,0.875,0.0,0.0,8
0.0,0.0,0.125,1.0,0.625,0.0,0.0,0.0,0.0,0.0,0.188,1.0,1.0,0.062,0.0,0.0,0.0,0.0,0.312,1.0,0.875,0.0,0.0,0.0,0.0,0.0,0.188,1.0,0.812,0.0,0.0,0.0,0.0,0.0,0.062,1.0,0.938,0.0,0.0,0.0,0.0,0.0,0.062,1.0,1.0,0.0,0.0,0.0,0.0,0.0,0.125,1.0,0.938,0.125,0.0,0.0,0.0,0.0,0.0,0.938,1.0,0.688,0.0,0.0,1
0.0,0.0,0.562,0.938,1.0,0.938,0.125,0.0,0.0,0.25,1.0,0.312,0.188,0.062,0.0,0.0,0.0,0.25,0.875,0.0,0.0,0.0,0.0,0.0,0.0,0.312,0.875,0.562,0.875,0.938,0.125,0.0,0.0,0.312,0.812,0.562,0.5,0.938,0.5,0.0,0.0,0.0,0.0,0.0,0.0,0.812,0.312,0.0,0.0,0.0,0.0,0.312,0.688,0.875,0.0,0.0,0.0,0.0,0.688,0.75,0.438,0.062,0.0,0.0,5
0.0,0.0,0.0,0.75,0.25,0.0,0.0,0.0,0.0,0.0,0.375,0.938,0.125,0.0,0.0,0.0,0.0,0.0,1.0,0.312,0.0,0.25,0.25,0.0,0.0,0.25,0.938,0.125,0.188,0.938,0.562,0.0,0.0,0.125,0.938,1.0,1.0,1.0,0.25,0.0,0.0,0.0,0.125,0.5,1.0,0.5,0.0,0.0,0.0,0.0,0.0,0.5,0.938,0.0,0.0,0.0,0.0,0.0,0.0,0.688,0.562,0.0,0.0,0.0,4
0.0,0.0,0.0,0.0,0.438,0.812,0.312,0.0,0.0,0.0,0.0,0.0,0.938,1.0,0.5,0.0,0.0,0.0,0.062,0.812,1.0,1.0,0.188,0.0,0.0,0.0,0.75,1.0,1.0,1.0,0.0,0.0,0.0,0.5,1.0,0.188,1.0,0.812,0.0,0.0,0.0,0.125,0.188,0.0,1.0,0.75,0.0,0.0,0.0,0.0,0.0,0.0,1.0,0.812,0.0,0.0,0.0,0.0,0.0,0.0,0.5,0.75,0.0,0.0,1
0.0,0.0,0.062,0.812,0.75,0.312,0.0,0.0,0.0,0.0,0.688,1.0,0.25,0.812,0.125,0.0,0.0,0.125,1.0,0.25,0.0,0.5,0.312,0.0,0.0,0.438,0.75,0.0,0.0,0.5,0.5,0.0,0.0,0.375,0.75,0.0,0.0,0.312,0.5,0.0,0.0,0.188,1.0,0.0,0.0,0.5,0.438,0.0,0.0,0.062,0.938,0.5,0.375,0.938,0.188,0.0,0.0,0.0,0.125,0.812,0.938,0.375,0.0,0.0,0
0.0,0.0,0.062,0.5,0.875,0.875,0.125,0.0,0.0,0.062,0.812,1.0,1.0,1.0,0.312,0.0,0.0,0.438,1.0,0.625,0.625,1.0,0.25,0.0,0.0,0.188,1.0,0.875,0.938,0.75,0.0,0.0,0.0,0.0,0.188,0.75,1.0,0.625,0.0,0.0,0.0,0.0,0.0,0.562,1.0,1.0,0.188,0.0,0.0,0.0,0.0,0.938,1.0,1.0,0.25,0.0,0.0,0.0,0.0,0.688,1.0,0.75,0.125,0.0,8
0.0,0.0,0.25,1.0,0.375,0.0,0.0,0.0,0.0,0.0,0.75,0.938,0.062,0.0,0.0,0.0,0.0,0.062,1.0,0.688,0.0,0.0,0.0,0.0,0.0,0.5,1.0,0.188,0.0,0.438,0.25,0.0,0.0,0.75,1.0,0.375,0.688,1.0,0.438,0.0,0.0,0.438,1.0,1.0,0.938,0.188,0.0,0.0,0.0,0.0,0.25,1.0,0.625,0.0,0.0,0.0,0.0,0.0,0.25,1.0,0.375,0.0,0.0,0.0,4
0.0,0.0,0.312,0.75,1.0,0.75,0.25,0.0,0.0,0.062,0.75,0.438,0.312,1.0,0.312,0.0,0.0,0.125,0.562,0.0,0.5,0.562,0.0,0.0,0.0,0.0,0.125,0.188,0.75,0.062,0.0,0.0,0.0,0.25,0.75,0.875,0.938,0.75,0.25,0.0,0.0,0.312,0.25,1.0,0.062,0.0,0.0,0.0,0.0,0.0,0.062,0.75,0.0,0.0,0.0,0.0,0.0,0.0,0.188,0.75,0.0,0.0,0.0,0.0,7
0.0,0.0,0.125,0.938,0.938,0.188,0.0,0.0,0.0,0.188,0.75,0.938,0.625,0.812,0.0,0.0,0.0,0.188,1.0,0.875,0.688,0.875,0.0,0.0,0.0,0.0,0.438,1.0,1.0,0.562,0.0,0.0,0.0,0.0,0.312,1.0,0.812,0.0,0.0,0.0,0.0,0.0,0.812,1.0,0.688,0.0,0.0,0.0,0.0,0.0,0.812,1.0,0.938,0.0,0.0,0.0,0.0,0.0,0.125,0.938,0.625,0.0,0.0,0.0,8
0.0,0.0,0.0,0.562,0.938,0.062,0.0,0.0,0.0,0.0,0.625,0.812,0.25,0.0,0.0,0.0,0.0,0.125,0.938,0.062,0.0,0.0,0.0,0.0,0.0,0.312,0.688,0.25,0.25,0.0,0.0,0.0,0.0,0.25,1.0,1.0,1.0,1.0,0.25,0.0,0.0,0.0,1.0,0.125,0.0,0.625,0.5,0.0,0.0,0.0,0.5,0.75,0.25,0.812,0.438,0.0,0.0,0.0,0.062,0.562,1.0,0.688,0.062,0.0,6
0.0,0.0,0.062,0.688,1.0,1.0,0.438,0.0,0.0,0.0,0.438,0.812,0.5,1.0,0.312,0.0,0.0,0.0,0.0,0.062,0.062,1.0,0.25,0.0,0.0,0.0,0.125,0.438,0.812,1.0,0.938,0.0,0.0,0.062,0.938,1.0,1.0,0.75,0.188,0.0,0.0,0.062,0.5,0.25,1.0,0.125,0.0,0.0,0.0,0.0,0.0,0.562,0.688,0.0,0.0,0.0,0.0,0.0,0.062,0.875,0.25,0.0,0.0,0.0,7
0.0,0.0,0.625,0.938,0.938,0.688,0.25,0.0,0.0,0.062,0.625,0.312,0.438,1.0,0.625,0.0,0.0,0.0,0.0,0.062,0.875,0.875,0.0,0.0,0.0,0.0,0.0,0.688,0.812,0.0,0.0,0.0,0.0,0.0,0.0,0.312,1.0,0.312,0.0,0.0,0.0,0.0,0.0,0.062,0.625,0.875,0.0,0.0,0.0,0.0,0.0,0.125,0.438,0.938,0.188,0.0,0.0,0.0,0.375,0.688,1.0,0.5,0.0,0.0,3
0.0,0.062,0.438,0.812,1.0,0.688,0.0,0.0,0.0,0.688,1.0,0.812,0.938,1.0,0.0,0.0,0.0,0.188,0.5,0.125,1.0,0.562,0.0,0.0,0.0,0.0,0.0,0.5,1.0,0.25,0.0,0.0,0.0,0.0,0.0,0.312,1.0,1.0,0.312,0.0,0.0,0.0,0.0,0.0,0.188,0.875,0.688,0.0,0.0,0.0,0.188,0.5,0.875,1.0,0.5,0.0,0.0,0.0,0.438,1.0,0.75,0.438,0.0,0.0,3
0.0,0.0,0.625,1.0,0.312,0.0,0.0,0.0,0.0,0.062,0.625,0.875,0.75,0.0,0.0,0.0,0.0,0.0,0.0,0.562,0.688,0.0,0.0,0.0,0.0,0.0,0.125,0.688,0.812,0.188,0.0,0.0,0.0,0.0,0.688,1.0,1.0,1.0,0.438,0.0,0.0,0.0,0.188,1.0,0.25,0.312,0.062,0.0,0.0,0.0,0.438,0.812,0.0,0.0,0.0,0.0,0.0,0.0,0.812,0.375,0.0,0.0,0.0,0.0,7
0.0,0.0,0.125,1.0,0.312,0.0,0.0,0.0,0.0,0.0,0.375,1.0,0.125,0.0,0.0,0.0,0.0,0.0,0.562,0.812,0.0,0.0,0.0,0.0,0.0,0.0,0.688,0.812,0.75,0.688,0.125,0.0,0.0,0.0,0.875,1.0,0.875,0.625,0.875,0.0,0.0,0.0,0.812,0.438,0.188,0.0,0.875,0.375,0.0,0.0,0.625,0.875,0.25,0.5,1.0,0.438,0.0,0.0,0.125,0.875,1.0,0.938,0.5,0.0,6
0.0,0.0,0.25,0.688,0.938,0.125,0.0,0.0,0.0,0.125,1.0,0.562,0.5,0.562,0.0,0.0,0.0,0.25,0.938,0.0,0.312,1.0,0.188,0.0,0.0,0.0,0.688,0.688,1.0,0.562,0.0,0.0,0.0,0.0,0.25,1.0,0.938,0.062,0.0,0.0,0.0,0.0,0.812,0.562,0.375,0.75,0.062,0.0,0.0,0.0,0.938,0.188,0.0,0.562,0.312,0.0,0.0,0.0,0.312,0.812,0.812,0.75,0.312,0.0,8
0.0,0.0,0.125,0.625,1.0,0.688,0.062,0.0,0.0,0.0,0.812,0.812,0.625,1.0,0.5,0.0,0.0,0.25,0.875,0.062,0.5,0.875,0.062,0.0,0.0,0.25,0.938,0.75,0.938,0.5,0.0,0.0,0.0,0.0,0.375,0.438,0.875,0.312,0.0,0.0,0.0,0.062,0.125,0.0,0.75,0.312,0.0,0.0,0.0,0.5,0.938,0.375,0.812,0.25,0.0,0.0,0.0,0.0,0.312,0.688,1.0,0.188,0.0,0.0,9
0.0,0.062,0.438,0.75,0.812,0.188,0.0,0.0,0.0,0.438,0.812,0.375,0.938,0.875,0.0,0.0,0.0,0.375,0.625,0.0,0.812,1.0,0.0,0.0,0.0,0.062,0.812,0.812,0.938,1.0,0.062,0.0,0.0,0.0,0.0,0.25,0.062,0.75,0.5,0.0,0.0,0.0,0.0,0.0,0.0,0.75,0.5,0.0,0.0,0.0,0.75,0.812,0.312,0.875,0.5,0.0,0.0,0.0,0.312,0.75,1.0,0.688,0.062,0.0,9
0.0,0.0,0.812,0.562,0.0,0.0,0.0,0.0,0.0,0.5,1.0,0.938,0.0,0.0,0.0,0.0,0.0,0.562,0.562,0.812,0.125,0.0,0.0,0.0,0.0,0.0,0.0,0.688,0.188,0.0,0.0,0.0,0.0,0.0,0.062,0.812,0.0,0.0,0.0,0.0,0.0,0.0,0.25,0.812,0.0,0.0,0.0,0.0,0.0,0.062,0.812,0.938,0.5,0.75,0.688,0.0,0.0,0.0,0.75,1.0,1.0,0.75,0.125,0.0,2
0.0,0.062,0.75,1.0,0.312,0.0,0.0,0.0,0.0,0.438,0.938,0.875,0.688,0.0,0.0,0.0,0.0,0.5,0.812,0.625,0.75,0.0,0.0,0.0,0.0,0.0,0.062,0.75,0.75,0.0,0.0,0.0,0.0,0.0,0.0,0.875,0.562,0.0,0.0,0.0,0.0,0.0,0.25,1.0,0.5,0.25,0.0,0.0,0.0,0.0,0.812,1.0,1.0,1.0,0.562,0.0,0.0,0.125,1.0,0.812,0.688,0.562,0.188,0.0,2
0.0,0.0,0.375,1.0,0.812,0.688,0.062,0.0,0.0,0.0,1.0,0.938,0.75,1.0,0.062,0.0,0.0,0.188,1.0,0.438,0.0,0.812,0.375,0.0,0.0,0.25,1.0,0.0,0.0,0.625,0.5,0.0,0.0,0.5,1.0,0.0,0.0,0.875,0.375,0.0,0.0,0.312,1.0,0.438,0.562,1.0,0.312,0.0,0.0,0.062,0.938,1.0,1.0,1.0,0.062,0.0,0.0,0.0,0.375,1.0,0.875,0.375,0.0,0.0,0
0.0,0.0,0.375,0.938,0.812,0.125,0.0,0.0,0.0,0.062,0.938,0.625,0.688,0.875,0.0,0.0,0.0,0.125,1.0,0.188,0.062,1.0,0.25,0.0,0.0,0.25,0.75,0.0,0.062,0.875,0.25,0.0,0.0,0.25,0.625,0.0,0.0,0.938,0.188,0.0,0.0,0.25,0.75,0.0,0.0,0.938,0.188,0.0,0.0,0.062,0.812,0.562,0.688,1.0,0.125,0.0,0.0,0.0,0.25,0.75,0.875,0.312,0.0,0.0,0
0.0,0.0,0.438,1.0,0.938,0.25,0.0,0.0,0.0,0.0,0.188,0.812,0.25,0.125,0.0,0.0,0.0,0.0,0.562,0.562,0.0,0.0,0.0,0.0,0.0,0.0,0.875,0.438,0.0,0.0,0.0,0.0,0.0,0.0,0.812,1.0,0.812,0.125,0.0,0.0,0.0,0.0,0.0,0.25,0.688,0.5,0.0,0.0,0.0,0.0,0.0,0.062,0.812,0.375,0.0,0.0,0.0,0.0,0.375,1.0,0.875,0.0,0.0,0.0,5
0.0,0.0,0.0,0.062,0.875,0.812,0.062,0.0,0.0,0.0,0.0,0.062,1.0,1.0,0.188,0.0,0.0,0.312,0.688,0.938,1.0,1.0,0.0,0.0,0.0,0.25,0.938,1.0,1.0,0.938,0.0,0.0,0.0,0.0,0.0,0.5,1.0,0.438,0.0,0.0,0.0,0.0,0.0,0.625,1.0,0.188,0.0,0.0,0.0,0.0,0.0,0.5,1.0,0.375,0.0,0.0,0.0,0.0,0.0,0.125,0.812,0.938,0.125,0.0,1
0.0,0.0,0.062,0.375,0.5,0.562,0.188,0.0,0.0,0.0,0.812,0.938,0.75,0.688,0.438,0.0,0.0,0.0,0.812,0.688,0.0,0.562,0.438,0.0,0.0,0.0,0.312,0.938,0.938,0.938,0.0,0.0,0.0,0.0,0.062,0.875,1.0,1.0,0.0,0.0,0.0,0.0,0.688,0.562,0.0,1.0,0.062,0.0,0.0,0.0,0.562,0.625,0.625,0.812,0.0,0.0,0.0,0.0,0.188,0.688,0.562,0.125,0.0,0.0,8
0.0,0.0,0.188,0.625,0.75,0.75,0.125,0.0,0.0,0.062,0.812,0.75,0.375,0.812,0.5,0.0,0.0,0.5,1.0,0.5,0.5,0.875,0.062,0.0,0.0,0.312,0.875,1.0,1.0,0.188,0.0,0.0,0.0,0.0,0.75,1.0,0.938,0.125,0.0,0.0,0.0,0.188,1.0,0.125,0.938,0.625,0.0,0.0,0.0,0.25,1.0,0.5,0.75,0.75,0.0,0.0,0.0,0.0,0.562,1.0,0.938,0.188,0.0,0.0,8
0.0,0.062,0.688,0.812,0.125,0.0,0.0,0.0,0.0,0.5,0.938,0.938,0.375,0.0,0.0,0.0,0.0,0.625,0.562,0.375,0.875,0.0,0.0,0.0,0.0,0.188,0.625,0.25,0.625,0.0,0.0,0.0,0.0,0.0,0.0,0.688,0.438,0.0,0.0,0.0,0.0,0.0,0.125,0.938,0.188,0.0,0.0,0.0,0.0,0.125,0.812,1.0,0.812,0.688,0.125,0.0,0.0,0.062,0.75,0.75,0.75,0.938,0.688,0.0,2
0.0,0.0,0.562,0.562,0.75,0.75,0.0,0.0,0.0,0.0,0.875,0.625,0.5,0.188,0.0,0.0,0.0,0.0,0.812,0.375,0.188,0.0,0.0,0.0,0.0,0.0,0.812,1.0,0.938,0.75,0.125,0.0,0.0,0.0,0.0,0.0,0.0,0.312,0.562,0.0,0.0,0.0,0.0,0.0,0.0,0.125,0.75,0.0,0.0,0.0,0.312,0.062,0.125,0.688,0.5,0.0,0.0,0.0,0.625,1.0,1.0,0.688,0.062,0.0,5
0.0,0.0,0.375,0.875,0.938,0.438,0.0,0.0,0.0,0.188,0.938,0.375,0.125,0.875,0.188,0.0,0.0,0.25,0.812,0.0,0.062,1.0,0.25,0.0,0.0,0.0,0.625,0.688,0.562,1.0,0.375,0.0,0.0,0.0,0.062,0.5,0.625,0.875,0.312,0.0,0.0,0.0,0.0,0.0,0.0,0.5,0.688,0.0,0.0,0.062,0.75,0.312,0.0,0.625,0.688,0.0,0.0,0.0,0.438,0.812,1.0,1.0,0.25,0.0,9
0.0,0.0,0.438,0.812,0.625,0.062,0.0,0.0,0.0,0.062,0.938,0.188,0.562,0.625,0.0,0.0,0.0,0.188,1.0,0.25,0.812,0.688,0.0,0.0,0.0,0.0,0.375,0.75,0.75,1.0,0.0,0.0,0.0,0.0,0.0,0.0,0.0,0.75,0.312,0.0,0.0,0.0,0.0,0.0,0.0,0.312,0.688,0.0,0.0,0.062,0.688,0.125,0.0,0.438,0.688,0.0,0.0,0.0,0.438,0.812,1.0,0.938,0.25,0.0,9
0.0,0.0,0.688,0.625,0.75,0.875,0.688,0.0,0.0,0.0,1.0,1.0,1.0,1.0,0.438,0.0,0.0,0.062,1.0,1.0,1.0,0.75,0.0,0.0,0.0,0.062,0.312,0.125,0.688,0.938,0.0,0.0,0.0,0.0,0.062,0.0,0.125,1.0,0.0,0.0,0.0,0.188,0.75,0.0,0.188,0.938,0.0,0.0,0.0,0.375,0.938,0.5,0.812,0.688,0.0,0.0,0.0,0.0,0.562,0.875,0.562,0.125,0.0,0.0,5
0.0,0.0,0.688,0.438,0.75,0.938,0.062,0.0,0.0,0.062,1.0,0.875,0.562,0.375,0.0,0.0,0.0,0.5,0.75,0.0,0.0,0.0,0.0,0.0,0.0,0.312,0.875,0.938,0.938,0.312,0.0,0.0,0.0,0.062,0.375,0.25,0.625,0.562,0.0,0.0,0.0,0.0,0.0,0.0,0.25,0.688,0.0,0.0,0.0,0.0,0.625,0.25,0.812,0.5,0.0,0.0,0.0,0.0,0.75,1.0,0.625,0.062,0.0,0.0,5
0.0,0.0,0.125,0.5,0.5,0.5,0.75,0.125,0.0,0.0,0.75,1.0,0.875,0.875,0.938,0.062,0.0,0.0,0.875,0.562,0.0,0.75,0.375,0.0,0.0,0.0,0.625,0.125,0.5,0.688,0.0,0.0,0.0,0.0,0.0,0.125,0.875,0.188,0.0,0.0,0.0,0.0,0.0,0.562,0.5,0.0,0.0,0.0,0.0,0.0,0.0,0.875,0.25,0.0,0.0,0.0,0.0,0.0,0.188,0.938,0.0,0.0,0.0,0.0,7
0.0,0.0,0.0,0.562,0.812,0.0,0.375,0.5,0.0,0.0,0.188,0.938,0.188,0.0,0.938,0.562,0.0,0.062,0.812,0.75,0.25,0.438,0.938,0.188,0.0,0.438,1.0,1.0,1.0,1.0,0.625,0.0,0.0,0.375,0.75,0.625,0.875,0.875,0.125,0.0,0.0,0.0,0.0,0.0,0.812,0.625,0.0,0.0,0.0,0.0,0.0,0.375,1.0,0.125,0.0,0.0,0.0,0.0,0.0,0.75,0.688,0.0,0.0,0.0,4
0.0,0.438,1.0,1.0,1.0,1.0,0.688,0.0,0.0,0.5,1.0,0.562,0.375,0.0,0.062,0.0,0.0,0.188,1.0,0.188,0.0,0.0,0.0,0.0,0.0,0.0,0.688,0.75,0.0,0.0,0.0,0.0,0.0,0.0,0.25,1.0,0.062,0.0,0.0,0.0,0.0,0.25,0.0,0.875,0.25,0.0,0.0,0.0,0.0,0.562,0.562,1.0,0.188,0.0,0.0,0.0,0.0,0.312,0.938,0.812,0.0,0.0,0.0,0.0,5
0.0,0.0,0.0,0.625,0.688,0.0,0.0,0.0,0.0,0.0,0.562,1.0,0.375,0.0,0.0,0.0,0.0,0.0,0.938,0.812,0.0,0.0,0.0,0.0,0.0,0.0,0.875,0.625,0.0,0.0,0.0,0.0,0.0,0.062,0.938,0.75,0.5,0.125,0.0,0.0,0.0,0.0,0.75,1.0,1.0,1.0,0.625,0.062,0.0,0.0,0.438,1.0,0.75,0.75,1.0,0.25,0.0,0.0,0.0,0.562,0.938,0.75,0.312,0.0,6
0.0,0.0,0.562,1.0,1.0,1.0,0.312,0.0,0.0,0.062,0.875,0.625,0.5,1.0,0.5,0.0,0.0,0.0,0.0,0.0,0.438,1.0,0.188,0.0,0.0,0.188,0.5,0.688,0.938,1.0,0.688,0.0,0.0,0.5,1.0,1.0,0.938,0.688,0.188,0.0,0.0,0.0,0.125,1.0,0.438,0.0,0.0,0.0,0.0,0.0,0.5,1.0,0.062,0.0,0.0,0.0,0.0,0.0,0.812,0.625,0.0,0.0,0.0,0.0,7
0.0,0.0,0.25,0.812,1.0,1.0,1.0,0.625,0.0,0.0,0.688,0.938,0.75,0.812,1.0,0.312,0.0,0.0,0.0,0.0,0.0,0.75,0.688,0.0,0.0,0.0,0.062,0.0,0.312,0.938,0.125,0.0,0.0,0.0,0.875,0.812,0.938,0.938,0.375,0.0,0.0,0.0,0.938,1.0,0.938,0.562,0.125,0.0,0.0,0.0,0.062,1.0,0.438,0.0,0.0,0.0,0.0,0.0,0.375,0.875,0.125,0.0,0.0,0.0,7
0.0,0.0,0.375,0.938,0.938,0.062,0.0,0.0,0.0,0.25,1.0,0.812,1.0,0.25,0.0,0.0,0.0,0.625,0.688,0.125,1.0,0.125,0.0,0.0,0.0,0.062,0.062,0.625,0.875,0.0,0.0,0.0,0.0,0.0,0.062,0.875,0.375,0.0,0.0,0.0,0.0,0.0,0.375,0.875,0.062,0.75,0.562,0.0,0.0,0.0,0.688,0.938,0.875,1.0,0.562,0.0,0.0,0.0,0.5,1.0,0.75,0.312,0.0,0.0,2
0.0,0.0,0.125,0.812,1.0,0.5,0.0,0.0,0.0,0.062,0.812,1.0,0.625,0.438,0.0,0.0,0.0,0.312,1.0,0.562,0.0,0.0,0.0,0.0,0.0,0.438,1.0,0.438,0.0,0.0,0.0,0.0,0.0,0.562,1.0,1.0,0.812,0.062,0.0,0.0,0.0,0.312,1.0,0.375,0.875,0.562,0.0,0.0,0.0,0.0,0.812,0.75,0.875,0.938,0.0,0.0,0.0,0.0,0.188,0.75,1.0,0.688,0.0,0.0,6
0.0,0.062,0.375,0.75,0.938,0.312,0.0,0.0,0.0,0.438,0.875,0.875,1.0,0.438,0.0,0.0,0.0,0.0,0.125,0.875,0.625,0.0,0.0,0.0,0.0,0.0,0.688,1.0,0.125,0.0,0.0,0.0,0.0,0.0,0.125,0.688,1.0,0.75,0.0,0.0,0.0,0.0,0.0,0.0,0.25,0.875,0.438,0.0,0.0,0.0,0.125,0.25,0.312,0.875,0.438,0.0,0.0,0.0,0.375,1.0,0.875,0.5,0.0,0.0,3
0.0,0.0,0.375,1.0,1.0,0.75,0.188,0.0,0.0,0.0,0.812,0.75,0.625,1.0,0.125,0.0,0.0,0.062,1.0,0.188,0.625,0.688,0.0,0.0,0.0,0.062,0.438,0.062,1.0,0.188,0.0,0.0,0.0,0.0,0.0,0.438,0.938,0.25,0.062,0.0,0.0,0.0,0.625,1.0,1.0,1.0,0.25,0.0,0.0,0.0,0.125,1.0,0.5,0.188,0.0,0.0,0.0,0.0,0.375,1.0,0.188,0.0,0.0,0.0,7
0.0,0.125,0.812,1.0,1.0,1.0,0.938,0.125,0.0,0.5,1.0,0.75,0.5,0.25,0.062,0.0,0.0,0.312,1.0,0.812,0.062,0.0,0.0,0.0,0.0,0.0,0.5,1.0,0.5,0.0,0.0,0.0,0.0,0.0,0.0,0.625,1.0,0.0,0.0,0.0,0.0,0.0,0.0,0.562,1.0,0.0,0.0,0.0,0.0,0.0,0.188,0.812,0.75,0.0,0.0,0.0,0.0,0.125,1.0,1.0,0.375,0.0,0.0,0.0,5
0.0,0.0,0.375,0.688,1.0,1.0,0.188,0.0,0.0,0.312,1.0,0.938,0.312,0.0,0.0,0.0,0.0,0.688,1.0,0.938,0.125,0.0,0.0,0.0,0.0,0.75,0.938,0.75,0.75,0.0,0.0,0.0,0.0,0.125,0.062,0.25,1.0,0.0,0.0,0.0,0.0,0.0,0.0,0.0,1.0,0.25,0.0,0.0,0.0,0.0,0.0,0.125,1.0,0.188,0.0,0.0,0.0,0.0,0.312,1.0,0.812,0.0,0.0,0.0,5
0.0,0.125,0.938,1.0,1.0,0.875,0.125,0.0,0.0,0.188,1.0,0.875,0.562,0.625,0.062,0.0,0.0,0.438,1.0,0.375,0.0,0.0,0.0,0.0,0.0,0.188,0.875,0.938,0.375,0.0,0.0,0.0,0.0,0.0,0.062,0.812,0.75,0.0,0.0,0.0,0.0,0.0,0.0,0.5,1.0,0.0,0.0,0.0,0.0,0.0,0.562,1.0,0.688,0.0,0.0,0.0,0.0,0.188,1.0,0.812,0.062,0.0,0.0,0.0,5
0.0,0.0,0.062,0.5,1.0,0.438,0.0,0.0,0.0,0.0,0.188,1.0,1.0,0.75,0.0,0.0,0.0,0.062,0.938,1.0,1.0,0.75,0.0,0.0,0.0,0.188,0.75,0.938,1.0,0.75,0.0,0.0,0.0,0.0,0.0,0.5,1.0,0.625,0.0,0.0,0.0,0.0,0.0,0.688,1.0,0.875,0.0,0.0,0.0,0.0,0.0,0.688,1.0,1.0,0.062,0.0,0.0,0.0,0.0,0.312,0.812,0.438,0.0,0.0,1
0.0,0.0,0.0,0.25,0.75,0.938,0.25,0.0,0.0,0.0,0.188,0.875,0.25,0.625,0.5,0.0,0.0,0.0,0.25,0.75,0.312,0.875,0.125,0.0,0.0,0.0,0.25,1.0,0.875,0.188,0.0,0.0,0.0,0.062,0.75,0.938,0.812,0.0,0.0,0.0,0.0,0.375,0.812,0.062,0.75,0.375,0.0,0.0,0.0,0.0,0.625,0.812,0.312,0.875,0.062,0.0,0.0,0.0,0.0,0.25,0.625,1.0,0.5,0.0,8
0.0,0.0,0.0,0.5,0.625,0.875,0.188,0.0,0.0,0.062,0.812,0.812,0.562,0.75,0.5,0.0,0.0,0.375,1.0,0.5,0.5,1.0,0.25,0.0,0.0,0.312,1.0,1.0,1.0,0.562,0.0,0.0,0.0,0.0,0.312,0.5,0.875,0.75,0.0,0.0,0.0,0.0,0.0,0.188,1.0,0.312,0.0,0.0,0.0,0.0,0.0,0.938,0.5,0.0,0.0,0.0,0.0,0.0,0.062,0.75,0.125,0.0,0.0,0.0,9
0.0,0.0,0.125,0.75,0.875,0.5,0.0,0.0,0.0,0.0,0.812,0.812,0.938,0.75,0.0,0.0,0.0,0.312,0.938,0.125,0.625,0.375,0.0,0.0,0.0,0.125,0.875,0.812,0.875,0.062,0.0,0.0,0.0,0.0,0.0,0.688,0.938,0.812,0.062,0.0,0.0,0.0,0.062,0.938,0.188,0.875,0.438,0.0,0.0,0.0,0.375,0.812,0.062,1.0,0.25,0.0,0.0,0.0,0.062,0.75,1.0,0.688,0.0,0.0,8
0.0,0.0,0.312,0.875,1.0,1.0,0.188,0.0,0.0,0.0,0.438,1.0,1.0,1.0,0.312,0.0,0.0,0.0,0.0,0.0,0.5,1.0,0.0,0.0,0.0,0.0,0.562,0.875,1.0,1.0,0.812,0.0,0.0,0.125,1.0,1.0,0.938,0.438,0.062,0.0,0.0,0.0,0.062,0.875,0.625,0.0,0.0,0.0,0.0,0.0,0.188,1.0,0.312,0.0,0.0,0.0,0.0,0.0,0.438,0.812,0.0,0.0,0.0,0.0,7
0.0,0.0,0.0,0.0,0.812,0.5,0.0,0.0,0.0,0.0,0.0,0.312,1.0,0.188,0.0,0.0,0.0,0.0,0.0,0.875,0.625,0.125,0.562,0.0,0.0,0.062,0.688,0.812,0.0,0.625,0.938,0.0,0.0,0.75,0.938,0.312,0.438,0.875,0.625,0.0,0.062,0.938,1.0,1.0,1.0,1.0,0.25,0.0,0.0,0.25,0.25,0.188,0.625,0.875,0.0,0.0,0.0,0.0,0.0,0.0,0.938,0.438,0.0,0.0,4
0.0,0.125,1.0,0.625,0.0,0.0,0.0,0.0,0.0,0.438,1.0,1.0,0.188,0.0,0.0,0.0,0.0,0.188,0.625,0.75,0.5,0.0,0.0,0.0,0.0,0.0,0.0,0.438,0.625,0.0,0.0,0.0,0.0,0.0,0.0,0.625,0.75,0.0,0.0,0.0,0.0,0.0,0.5,0.938,0.938,0.75,0.312,0.0,0.0,0.125,1.0,1.0,1.0,1.0,0.938,0.125,0.0,0.125,0.938,0.875,0.75,0.75,0.438,0.0,2
0.0,0.0,0.812,1.0,1.0,1.0,0.5,0.0,0.0,0.125,1.0,0.812,0.5,0.25,0.062,0.0,0.0,0.438,1.0,0.062,0.0,0.0,0.0,0.0,0.0,0.688,0.938,0.75,0.312,0.0,0.0,0.0,0.0,0.312,1.0,1.0,1.0,0.188,0.0,0.0,0.0,0.0,0.0,0.375,1.0,0.125,0.0,0.0,0.0,0.0,0.188,0.938,0.562,0.0,0.0,0.0,0.0,0.0,0.688,0.875,0.0,0.0,0.0,0.0,5
0.0,0.125,0.75,1.0,0.75,0.0,0.0,0.0,0.0,0.438,1.0,0.812,1.0,0.188,0.0,0.0,0.0,0.0,0.188,0.312,1.0,0.0,0.0,0.0,0.0,0.0,0.188,0.938,0.438,0.0,0.0,0.0,0.0,0.0,0.688,0.812,0.0,0.0,0.0,0.0,0.0,0.375,0.812,0.062,0.0,0.0,0.0,0.0,0.0,0.375,1.0,0.688,0.5,0.688,0.312,0.0,0.0,0.0,0.938,1.0,1.0,0.938,0.188,0.0,2
0.0,0.0,0.375,0.688,1.0,0.812,0.312,0.0,0.0,0.125,1.0,1.0,1.0,1.0,0.75,0.0,0.0,0.0,0.0,0.0,0.312,1.0,0.25,0.0,0.0,0.0,0.0,0.625,0.938,0.312,0.0,0.0,0.0,0.0,0.562,1.0,0.188,0.0,0.0,0.0,0.0,0.0,0.812,1.0,0.812,0.062,0.0,0.0,0.0,0.0,0.0,0.312,1.0,0.875,0.0,0.0,0.0,0.0,0.312,0.875,0.688,0.375,0.0,0.0,3
0.0,0.0,0.125,0.75,0.875,0.25,0.0,0.0,0.0,0.0,0.938,0.75,0.688,0.812,0.0,0.0,0.0,0.25,1.0,0.25,0.062,0.875,0.375,0.0,0.0,0.25,0.75,0.0,0.0,0.5,0.5,0.0,0.0,0.375,0.562,0.0,0.0,0.312,0.5,0.0,0.0,0.188,0.75,0.062,0.0,0.75,0.5,0.0,0.0,0.0,0.5,0.75,0.562,1.0,0.188,0.0,0.0,0.0,0.0,0.625,0.812,0.188,0.0,0.0,0
0.0,0.0,0.5,0.875,1.0,0.812,0.062,0.0,0.0,0.625,0.562,0.25,0.375,1.0,0.188,0.0,0.0,0.0,0.0,0.062,0.625,0.812,0.0,0.0,0.0,0.0,0.0,0.438,0.875,0.125,0.0,0.0,0.0,0.0,0.0,0.438,0.812,0.062,0.0,0.0,0.0,0.0,0.0,0.0,0.5,0.812,0.062,0.0,0.0,0.0,0.0,0.0,0.188,1.0,0.25,0.0,0.0,0.0,0.875,1.0,0.812,0.562,0.0,0.0,3
0.0,0.0,0.312,0.938,0.75,0.25,0.0,0.0,0.0,0.125,0.938,0.5,0.688,1.0,0.25,0.0,0.0,0.5,0.562,0.0,0.375,1.0,0.25,0.0,0.0,0.5,0.5,0.0,0.125,0.625,0.5,0.0,0.0,0.5,0.438,0.0,0.0,0.812,0.312,0.0,0.0,0.125,0.875,0.0,0.0,1.0,0.125,0.0,0.0,0.0,0.875,0.5,0.688,0.625,0.0,0.0,0.0,0.0,0.25,0.812,0.875,0.0,0.0,0.0,0
0.0,0.0,0.188,0.688,1.0,0.938,0.0,0.0,0.0,0.0,0.938,1.0,0.312,0.812,0.0,0.0,0.0,0.125,1.0,0.562,0.0,0.75,0.0,0.0,0.0,0.062,0.562,0.938,0.625,0.625,0.0,0.0,0.0,0.0,0.0,0.375,1.0,0.75,0.062,0.0,0.0,0.0,0.125,0.875,0.125,1.0,0.312,0.0,0.0,0.0,0.5,0.625,0.062,0.875,0.25,0.0,0.0,0.0,0.188,0.938,1.0,0.562,0.0,0.0,8
0.0,0.188,0.875,0.875,1.0,1.0,0.625,0.0,0.0,0.562,0.938,0.562,0.438,0.062,0.0,0.0,0.0,0.625,1.0,0.688,0.062,0.0,0.0,0.0,0.0,0.062,0.438,0.875,0.562,0.0,0.0,0.0,0.0,0.0,0.0,0.438,1.0,0.0,0.0,0.0,0.0,0.0,0.0,0.375,0.938,0.0,0.0,0.0,0.0,0.062,0.062,0.688,0.625,0.0,0.0,0.0,0.0,0.188,0.938,1.0,0.25,0.0,0.0,0.0,5
0.0,0.0,0.438,0.75,0.688,0.062,0.0,0.0,0.0,0.0,0.75,0.625,0.312,0.875,0.0,0.0,0.0,0.375,0.812,0.812,0.188,0.938,0.0,0.0,0.0,0.5,0.562,0.688,1.0,0.5,0.0,0.0,0.0,0.062,0.688,0.625,0.562,0.688,0.062,0.0,0.0,0.0,0.0,0.0,0.0,0.812,0.375,0.0,0.0,0.0,0.0,0.0,0.0,0.625,0.75,0.0,0.0,0.0,0.5,0.75,1.0,0.812,0.125,0.0,9
0.0,0.0,0.812,1.0,0.688,0.0,0.0,0.0,0.0,0.125,1.0,0.688,1.0,0.25,0.0,0.0,0.0,0.0,0.875,0.562,0.938,0.562,0.0,0.0,0.0,0.0,0.0,0.125,1.0,0.5,0.0,0.0,0.0,0.0,0.0,0.25,1.0,0.25,0.0,0.0,0.0,0.0,0.0,0.562,1.0,0.062,0.0,0.0,0.0,0.0,0.562,1.0,0.938,0.5,0.688,0.312,0.0,0.0,0.562,0.75,0.812,1.0,1.0,0.688,2
0.0,0.062,0.625,1.0,1.0,0.688,0.0,0.0,0.0,0.312,0.625,0.5,0.75,1.0,0.25,0.0,0.0,0.0,0.0,0.062,0.625,0.875,0.0,0.0,0.0,0.0,0.0,0.375,1.0,0.25,0.0,0.0,0.0,0.0,0.0,0.438,1.0,0.312,0.0,0.0,0.0,0.0,0.0,0.062,0.75,1.0,0.25,0.0,0.0,0.0,0.125,0.25,0.562,1.0,0.25,0.0,0.0,0.062,0.938,0.875,0.688,0.25,0.0,0.0,3
0.0,0.0,0.562,1.0,1.0,0.625,0.0,0.0,0.0,0.0,0.562,0.562,0.562,0.938,0.0,0.0,0.0,0.0,0.0,0.0,0.375,0.875,0.0,0.0,0.0,0.0,0.0,0.125,0.938,0.438,0.0,0.0,0.0,0.0,0.062,0.875,1.0,0.25,0.0,0.0,0.0,0.0,0.312,1.0,1.0,0.5,0.0,0.0,0.0,0.0,0.0,0.375,1.0,0.25,0.0,0.0,0.0,0.0,0.688,1.0,0.75,0.0,0.0,0.0,3
0.0,0.0,0.688,1.0,1.0,0.688,0.0,0.0,0.0,0.0,0.625,1.0,0.438,0.125,0.0,0.0,0.0,0.062,1.0,0.562,0.0,0.0,0.0,0.0,0.0,0.0,0.812,1.0,0.5,0.0,0.0,0.0,0.0,0.0,0.0,0.25,0.938,0.25,0.0,0.0,0.0,0.0,0.0,0.0,0.875,0.5,0.0,0.0,0.0,0.0,0.188,0.5,1.0,0.25,0.0,0.0,0.0,0.0,0.875,1.0,0.562,0.0,0.0,0.0,5
0.0,0.0,0.375,0.938,0.812,0.188,0.0,0.0,0.0,0.0,0.812,0.875,0.938,0.75,0.0,0.0,0.0,0.0,0.875,0.688,0.812,0.938,0.312,0.0,0.0,0.0,0.562,1.0,0.938,0.5,0.0,0.0,0.0,0.125,1.0,1.0,1.0,0.125,0.0,0.0,0.0,0.5,1.0,0.125,0.875,0.625,0.0,0.0,0.0,0.312,1.0,0.562,0.875,0.688,0.0,0.0,0.0,0.0,0.5,0.875,0.812,0.125,0.0,0.0,8
0.0,0.0,0.5,0.938,0.75,0.25,0.0,0.0,0.0,0.312,0.875,0.25,0.688,0.438,0.0,0.0,0.0,0.0,0.0,0.062,0.875,0.188,0.0,0.0,0.0,0.0,0.125,0.938,0.875,0.062,0.0,0.0,0.0,0.0,0.0,0.5,0.812,0.688,0.0,0.0,0.0,0.0,0.0,0.0,0.0,0.812,0.312,0.0,0.0,0.0,0.75,0.125,0.188,0.75,0.438,0.0,0.0,0.0,0.812,1.0,0.938,0.5,0.0,0.0,3
0.0,0.0,0.25,1.0,1.0,1.0,0.188,0.0,0.0,0.0,0.438,0.75,0.812,1.0,0.5,0.0,0.0,0.0,0.0,0.0,0.062,1.0,0.312,0.0,0.0,0.062,0.25,0.25,0.438,1.0,0.062,0.0,0.0,0.625,1.0,1.0,1.0,1.0,0.562,0.0,0.0,0.312,0.688,0.812,1.0,0.625,0.125,0.0,0.0,0.0,0.0,0.688,0.812,0.0,0.0,0.0,0.0,0.0,0.312,0.812,0.188,0.0,0.0,0.0,7
0.0,0.25,0.875,1.0,1.0,0.938,0.125,0.0,0.0,0.75,0.688,0.125,0.25,1.0,0.312,0.0,0.0,0.125,0.0,0.062,0.688,0.75,0.0,0.0,0.0,0.0,0.0,0.938,1.0,0.188,0.0,0.0,0.0,0.0,0.0,0.25,0.938,0.625,0.0,0.0,0.0,0.0,0.0,0.0,0.062,0.875,0.625,0.0,0.0,0.062,0.438,0.0,0.188,0.875,0.5,0.0,0.0,0.25,0.938,1.0,1.0,0.688,0.0,0.0,3
0.0,0.0,0.0,0.562,0.562,0.0,0.0,0.0,0.0,0.0,0.188,1.0,0.562,0.0,0.0,0.0,0.0,0.188,0.875,0.625,0.0,0.125,0.0,0.0,0.0,0.625,1.0,0.312,0.438,0.938,0.062,0.0,0.0,0.125,0.688,0.938,1.0,0.812,0.062,0.0,0.0,0.0,0.0,0.438,1.0,0.188,0.0,0.0,0.0,0.0,0.0,0.375,0.938,0.0,0.0,0.0,0.0,0.0,0.0,0.25,1.0,0.312,0.0,0.0,4
0.0,0.0,0.312,1.0,0.5,0.0,0.0,0.0,0.0,0.0,0.625,0.312,0.75,0.375,0.0,0.0,0.0,0.25,0.875,0.0,0.125,0.812,0.0,0.0,0.0,0.25,0.625,0.0,0.0,0.562,0.5,0.0,0.0,0.312,0.5,0.0,0.0,0.5,0.5,0.0,0.0,0.125,0.688,0.0,0.0,0.562,0.375,0.0,0.0,0.0,0.938,0.375,0.5,0.938,0.062,0.0,0.0,0.0,0.25,0.812,0.75,0.188,0.0,0.0,0
0.0,0.0,0.0,0.062,0.812,0.438,0.0,0.0,0.0,0.0,0.0,0.625,0.875,0.062,0.0,0.0,0.0,0.0,0.188,1.0,0.312,0.0,0.0,0.0,0.0,0.0,0.812,0.688,0.0,0.188,0.5,0.0,0.0,0.375,0.938,0.125,0.0,0.875,0.438,0.0,0.0,0.5,1.0,0.75,0.812,1.0,0.25,0.0,0.0,0.188,0.688,0.688,0.938,0.75,0.0,0.0,0.0,0.0,0.0,0.0,1.0,0.562,0.0,0.0,4
0.0,0.0,0.188,0.688,0.938,0.5,0.0,0.0,0.0,0.25,0.875,0.5,0.812,0.875,0.0,0.0,0.0,0.5,0.688,0.188,0.938,0.375,0.0,0.0,0.0,0.062,0.062,0.562,0.875,0.0,0.0,0.0,0.0,0.0,0.0,0.0,0.812,0.625,0.0,0.0,0.0,0.0,0.0,0.0,0.062,0.812,0.438,0.0,0.0,0.0,0.562,0.5,0.125,0.375,0.688,0.0,0.0,0.0,0.25,0.625,0.875,1.0,0.625,0.0,3
0.0,0.0,0.0,0.562,0.688,0.0,0.0,0.0,0.0,0.0,0.125,0.938,0.5,0.0,0.0,0.0,0.0,0.0,0.688,0.938,0.062,0.188,0.5,0.0,0.0,0.375,1.0,0.25,0.0,0.875,0.75,0.0,0.0,0.75,1.0,0.25,0.688,1.0,0.312,0.0,0.0,0.562,1.0,1.0,1.0,0.688,0.0,0.0,0.0,0.0,0.375,0.688,1.0,0.438,0.0,0.0,0.0,0.0,0.0,0.625,1.0,0.25,0.0,0.0,4
0.0,0.0,0.0,0.312,0.938,0.25,0.0,0.0,0.0,0.0,0.062,0.938,0.688,0.0,0.0,0.0,0.0,0.0,0.75,0.875,0.125,0.0,0.0,0.0,0.0,0.312,1.0,0.438,0.438,0.625,0.0,0.0,0.0,0.75,1.0,1.0,1.0,0.75,0.0,0.0,0.0,0.688,0.75,0.875,1.0,0.875,0.062,0.0,0.0,0.0,0.0,0.0,1.0,0.562,0.0,0.0,0.0,0.0,0.0,0.25,1.0,0.375,0.0,0.0,4
0.0,0.0,0.0,0.125,0.875,0.0,0.0,0.0,0.0,0.0,0.0,0.25,0.938,0.0,0.0,0.0,0.0,0.0,0.0,0.688,0.625,0.312,0.438,0.0,0.0,0.0,0.688,0.938,0.125,0.812,0.438,0.0,0.0,0.625,1.0,0.5,0.5,1.0,0.375,0.0,0.0,0.5,0.75,0.75,0.812,0.938,0.062,0.0,0.0,0.0,0.0,0.0,0.625,0.625,0.0,0.0,0.0,0.0,0.0,0.062,0.812,0.188,0.0,0.0,4
0.0,0.125,0.812,1.0,1.0,1.0,0.688,0.0,0.0,0.312,1.0,0.625,0.312,0.25,0.062,0.0,0.0,0.375,1.0,0.438,0.188,0.0,0.0,0.0,0.0,0.562,1.0,1.0,1.0,0.375,0.0,0.0,0.0,0.188,0.5,0.25,0.688,0.938,0.0,0.0,0.0,0.0,0.0,0.062,0.75,0.938,0.0,0.0,0.0,0.0,0.25,0.812,1.0,0.375,0.0,0.0,0.0,0.125,1.0,0.938,0.5,0.0,0.0,0.0,5
0.0,0.0,0.0,0.375,0.938,0.375,0.0,0.0,0.0,0.062,0.688,0.812,0.5,0.688,0.0,0.0,0.0,0.562,0.812,0.0,0.562,0.625,0.0,0.0,0.0,0.5,0.562,0.188,0.938,0.188,0.0,0.0,0.0,0.0,0.0,0.312,0.875,0.188,0.0,0.0,0.0,0.0,0.188,0.0,0.312,0.812,0.125,0.0,0.0,0.0,0.562,0.75,0.312,0.625,0.438,0.0,0.0,0.0,0.0,0.375,0.75,0.938,0.312,0.0,3
0.0,0.0,0.125,0.625,1.0,0.375,0.0,0.0,0.0,0.0,0.625,1.0,1.0,0.875,0.0,0.0,0.0,0.0,0.938,0.625,1.0,1.0,0.125,0.0,0.0,0.0,0.75,1.0,0.75,0.812,0.5,0.0,0.0,0.0,0.062,0.438,0.062,0.625,0.688,0.0,0.0,0.312,0.312,0.0,0.0,0.5,0.75,0.0,0.0,0.188,0.938,0.625,0.125,0.688,0.75,0.0,0.0,0.0,0.188,0.625,1.0,1.0,0.625,0.0,9
0.0,0.062,0.75,1.0,0.875,0.5,0.0,0.0,0.0,0.25,1.0,0.5,0.625,0.938,0.188,0.0,0.0,0.0,0.0,0.0,0.312,1.0,0.188,0.0,0.0,0.0,0.0,0.062,0.75,0.938,0.0,0.0,0.0,0.0,0.0,0.625,1.0,0.312,0.0,0.0,0.0,0.0,0.312,1.0,0.625,0.0,0.0,0.0,0.0,0.062,0.875,0.938,0.375,0.625,0.688,0.0,0.0,0.0,0.812,1.0,1.0,0.875,0.5,0.062,2
0.0,0.0,0.0,0.5,1.0,1.0,1.0,0.375,0.0,0.0,0.375,0.875,0.312,0.5,1.0,0.125,0.0,0.0,0.438,0.25,0.0,0.375,0.75,0.0,0.0,0.0,0.0,0.0,0.0,0.75,0.375,0.0,0.0,0.0,0.0,0.688,1.0,1.0,0.625,0.0,0.0,0.0,0.0,0.75,1.0,0.5,0.0,0.0,0.0,0.0,0.0,0.375,1.0,0.0,0.0,0.0,0.0,0.0,0.0,0.75,0.562,0.0,0.0,0.0,7
0.0,0.0,0.25,0.875,0.938,0.375,0.0,0.0,0.0,0.312,1.0,1.0,1.0,1.0,0.0,0.0,0.0,0.312,1.0,1.0,1.0,1.0,0.188,0.0,0.0,0.0,0.125,0.5,0.812,1.0,0.312,0.0,0.0,0.0,0.0,0.0,0.5,1.0,0.375,0.0,0.0,0.0,0.0,0.0,0.25,1.0,0.5,0.0,0.0,0.0,0.062,0.375,0.812,1.0,0.375,0.0,0.0,0.0,0.25,0.812,0.938,0.562,0.0,0.0,9
0.0,0.0,0.0,0.75,0.875,0.062,0.0,0.0,0.0,0.0,0.312,1.0,0.75,0.0,0.0,0.0,0.0,0.0,0.625,0.938,0.062,0.0,0.0,0.0,0.0,0.0,0.875,0.938,0.562,0.125,0.0,0.0,0.0,0.062,1.0,0.938,1.0,0.938,0.125,0.0,0.0,0.0,0.938,0.438,0.062,0.75,0.625,0.0,0.0,0.0,0.625,0.875,0.25,0.938,0.75,0.0,0.0,0.0,0.0,0.688,1.0,0.938,0.312,0.0,6
0.0,0.0,0.312,1.0,0.875,0.125,0.0,0.0,0.0,0.062,0.812,0.875,1.0,0.5,0.0,0.0,0.0,0.562,0.938,0.188,1.0,0.312,0.0,0.0,0.0,0.625,0.812,0.188,1.0,0.188,0.0,0.0,0.0,0.188,0.188,0.688,0.812,0.0,0.0,0.0,0.0,0.0,0.0,0.812,0.625,0.0,0.0,0.0,0.0,0.0,0.125,1.0,1.0,1.0,0.625,0.0,0.0,0.0,0.375,1.0,0.875,0.75,0.562,0.0,2
0.0,0.0,0.0,0.688,1.0,0.625,0.0,0.0,0.0,0.0,0.562,1.0,0.625,0.438,0.0,0.0,0.0,0.188,1.0,0.5,0.0,0.0,0.0,0.0,0.0,0.562,1.0,0.812,0.25,0.0,0.0,0.0,0.0,0.625,1.0,0.5,1.0,0.438,0.0,0.0,0.0,0.25,1.0,0.188,0.438,1.0,0.125,0.0,0.0,0.0,0.812,0.812,0.5,1.0,0.312,0.0,0.0,0.0,0.062,0.688,1.0,1.0,0.062,0.0,6
0.0,0.0,0.312,0.75,1.0,0.938,0.125,0.0,0.0,0.375,0.938,0.562,0.625,0.938,0.25,0.0,0.0,0.188,0.875,0.188,0.062,0.875,0.25,0.0,0.0,0.0,0.625,1.0,0.938,0.812,0.062,0.0,0.0,0.0,0.375,0.938,0.938,0.625,0.0,0.0,0.0,0.0,0.938,0.188,0.125,0.938,0.188,0.0,0.0,0.0,1.0,0.5,0.062,0.875,0.25,0.0,0.0,0.0,0.25,0.938,1.0,0.688,0.125,0.0,8
0.0,0.0,0.0,0.375,0.75,0.375,0.0,0.0,0.0,0.0,0.062,0.938,0.875,0.062,0.0,0.0,0.0,0.0,0.625,1.0,0.5,0.0,0.0,0.0,0.0,0.062,0.812,1.0,0.0,0.0,0.0,0.0,0.0,0.188,1.0,1.0,0.688,0.25,0.0,0.0,0.0,0.0,1.0,1.0,1.0,1.0,0.438,0.0,0.0,0.0,0.562,1.0,1.0,1.0,0.75,0.0,0.0,0.0,0.0,0.375,0.688,0.75,0.312,0.0,6
0.0,0.0,0.5,1.0,1.0,0.75,0.0,0.0,0.0,0.0,1.0,0.812,0.625,1.0,0.188,0.0,0.0,0.0,0.75,0.062,0.125,1.0,0.25,0.0,0.0,0.0,0.0,0.0,0.375,0.938,0.0,0.0,0.0,0.0,0.0,0.062,0.938,0.625,0.0,0.0,0.0,0.0,0.0,0.562,0.938,0.125,0.0,0.0,0.0,0.062,0.688,1.0,0.75,0.5,0.5,0.062,0.0,0.0,0.688,1.0,1.0,1.0,0.75,0.062,2
0.0,0.062,0.75,0.938,1.0,0.812,0.062,0.0,0.0,0.25,1.0,0.938,0.438,0.938,0.25,0.0,0.0,0.0,1.0,0.375,0.688,0.938,0.125,0.0,0.0,0.0,0.562,1.0,0.938,0.25,0.0,0.0,0.0,0.0,0.5,1.0,0.5,0.0,0.0,0.0,0.0,0.0,0.938,0.938,0.688,0.0,0.0,0.0,0.0,0.125,1.0,0.625,0.75,0.0,0.0,0.0,0.0,0.125,0.812,1.0,0.625,0.0,0.0,0.0,8
0.0,0.062,0.812,1.0,1.0,0.625,0.0,0.0,0.0,0.5,0.938,0.5,0.938,0.938,0.0,0.0,0.0,0.188,0.5,0.312,1.0,0.375,0.0,0.0,0.0,0.0,0.0,0.25,1.0,0.562,0.0,0.0,0.0,0.0,0.0,0.0,0.375,1.0,0.312,0.0,0.0,0.0,0.0,0.0,0.0,0.312,1.0,0.0,0.0,0.0,0.5,0.375,0.375,0.812,0.75,0.0,0.0,0.062,0.938,1.0,1.0,0.875,0.188,0.0,3
0.0,0.0,0.062,0.438,0.812,0.625,0.0,0.0,0.0,0.125,0.812,0.875,0.875,1.0,0.25,0.0,0.0,0.25,1.0,0.312,0.75,1.0,0.125,0.0,0.0,0.0,0.375,0.688,0.75,1.0,0.312,0.0,0.0,0.0,0.0,0.0,0.0,0.938,0.5,0.0,0.0,0.062,0.062,0.0,0.0,0.812,0.688,0.0,0.0,0.0,0.75,0.5,0.25,0.812,0.5,0.0,0.0,0.0,0.0,0.438,0.938,1.0,0.625,0.0,9
0.0,0.062,0.875,0.812,0.75,0.5,0.312,0.0,0.0,0.25,1.0,0.688,0.75,0.938,0.438,0.0,0.0,0.5,1.0,1.0,0.812,0.062,0.0,0.0,0.0,0.188,0.562,0.438,0.938,0.438,0.0,0.0,0.0,0.0,0.0,0.0,0.5,0.562,0.0,0.0,0.0,0.0,0.125,0.0,0.375,0.75,0.0,0.0,0.0,0.0,1.0,0.5,0.75,0.688,0.0,0.0,0.0,0.0,0.75,0.875,0.75,0.25,0.0,0.0,5
0.0,0.0,0.562,0.938,0.875,0.5,0.0,0.0,0.0,0.375,1.0,0.25,0.125,1.0,0.188,0.0,0.0,0.312,1.0,0.312,0.312,1.0,0.25,0.0,0.0,0.0,0.562,1.0,1.0,1.0,0.25,0.0,0.0,0.0,0.0,0.0,0.0,0.562,0.5,0.0,0.0,0.0,0.0,0.0,0.0,0.5,0.5,0.0,0.0,0.125,0.625,0.125,0.062,0.75,0.375,0.0,0.0,0.062,0.812,0.875,0.875,0.688,0.062,0.0,9
0.0,0.0,0.438,0.938,1.0,0.625,0.0,0.0,0.0,0.0,0.875,0.562,0.625,1.0,0.062,0.0,0.0,0.0,0.125,0.312,0.938,0.875,0.0,0.0,0.0,0.0,0.0,0.688,1.0,0.312,0.0,0.0,0.0,0.0,0.0,0.125,1.0,0.5,0.0,0.0,0.0,0.0,0.0,0.0,0.625,0.812,0.0,0.0,0.0,0.0,0.688,0.562,0.938,1.0,0.062,0.0,0.0,0.0,0.5,1.0,1.0,0.75,0.0,0.0,3
0.0,0.0,0.25,0.875,0.688,0.188,0.0,0.0,0.0,0.0,0.625,1.0,0.75,0.875,0.062,0.0,0.0,0.062,0.875,0.75,0.0,0.812,0.188,0.0,0.0,0.312,1.0,0.375,0.0,0.5,0.375,0.0,0.0,0.5,1.0,0.0,0.0,0.562,0.5,0.0,0.0,0.438,1.0,0.188,0.438,1.0,0.312,0.0,0.0,0.188,0.938,0.812,1.0,0.938,0.125,0.0,0.0,0.0,0.25,0.938,0.75,0.125,0.0,0.0,0
0.0,0.0,0.125,0.625,0.688,0.062,0.0,0.0,0.0,0.0,0.312,0.875,0.188,0.75,0.0,0.0,0.0,0.0,0.375,0.812,0.188,0.938,0.0,0.0,0.0,0.0,0.5,0.938,0.938,0.562,0.0,0.0,0.0,0.125,1.0,0.688,0.562,0.0,0.0,0.0,0.0,0.125,0.875,0.125,0.625,0.0,0.0,0.0,0.0,0.0,0.438,0.375,0.812,0.0,0.0,0.0,0.0,0.0,0.062,0.938,0.375,0.0,0.0,0.0,8
0.0,0.0,0.5,0.75,0.812,0.062,0.0,0.0,0.0,0.312,0.75,0.125,0.375,0.812,0.0,0.0,0.0,0.688,0.312,0.0,0.375,0.75,0.0,0.0,0.0,0.438,0.625,0.25,0.812,0.938,0.0,0.0,0.0,0.062,0.688,0.75,0.438,0.75,0.25,0.0,0.0,0.0,0.0,0.0,0.0,0.25,0.562,0.0,0.0,0.0,0.625,0.312,0.0,0.188,0.812,0.0,0.0,0.0,0.375,0.75,1.0,0.812,0.625,0.0,9
0.0,0.0,0.375,0.812,0.0,0.0,0.0,0.0,0.0,0.0,0.5,1.0,0.125,0.0,0.0,0.0,0.0,0.0,0.375,1.0,0.188,0.0,0.0,0.0,0.0,0.0,0.188,0.938,0.375,0.0,0.0,0.0,0.0,0.0,0.0,0.625,0.625,0.0,0.0,0.0,0.0,0.0,0.0,0.188,0.938,0.0,0.0,0.0,0.0,0.0,0.438,0.625,0.875,0.75,0.312,0.062,0.0,0.0,0.375,1.0,1.0,1.0,1.0,0.75,1
0.0,0.0,0.125,0.625,1.0,0.25,0.0,0.0,0.062,0.625,1.0,1.0,0.938,0.25,0.0,0.0,0.0,1.0,1.0,0.625,0.062,0.0,0.0,0.0,0.0,0.938,1.0,1.0,0.438,0.0,0.0,0.0,0.0,0.312,0.688,0.312,0.938,0.125,0.0,0.0,0.0,0.0,0.0,0.0,0.688,0.562,0.0,0.0,0.0,0.0,0.188,0.625,1.0,0.562,0.0,0.0,0.0,0.0,0.125,1.0,0.938,0.125,0.0,0.0,5
0.0,0.0,0.625,0.75,0.75,0.938,0.25,0.0,0.0,0.0,1.0,0.5,0.5,0.312,0.188,0.0,0.0,0.25,0.938,0.5,0.375,0.0,0.0,0.0,0.0,0.375,0.938,0.75,0.875,0.5,0.0,0.0,0.0,0.0,0.062,0.0,0.125,1.0,0.0,0.0,0.0,0.0,0.0,0.0,0.0,0.875,0.188,0.0,0.0,0.0,0.688,0.25,0.5,0.938,0.188,0.0,0.0,0.0,0.625,1.0,0.938,0.312,0.0,0.0,5
0.0,0.0,0.875,0.625,0.0,0.0,0.0,0.0,0.0,0.0,0.938,0.812,0.0,0.0,0.0,0.0,0.0,0.688,1.0,1.0,0.125,0.0,0.0,0.0,0.0,0.188,0.625,1.0,0.312,0.0,0.0,0.0,0.0,0.0,0.0,0.875,0.625,0.0,0.0,0.0,0.0,0.0,0.0,0.625,0.875,0.0,0.0,0.0,0.0,0.0,0.562,0.875,1.0,0.688,0.375,0.0,0.0,0.0,0.75,1.0,1.0,1.0,1.0,0.562,1
0.0,0.0,0.0,0.688,0.5,0.0,0.0,0.0,0.0,0.0,0.312,1.0,0.438,0.0,0.0,0.0,0.0,0.0,0.625,0.875,0.0,0.0,0.0,0.0,0.0,0.0,0.75,0.562,0.062,0.188,0.0,0.0,0.0,0.0,0.875,0.875,0.938,1.0,0.438,0.0,0.0,0.0,0.625,1.0,0.938,0.75,0.75,0.0,0.0,0.0,0.375,1.0,0.812,0.875,0.75,0.0,0.0,0.0,0.0,0.562,0.938,0.938,0.188,0.0,6
0.0,0.0,0.438,1.0,0.938,0.25,0.0,0.0,0.0,0.0,0.875,1.0,0.562,0.938,0.125,0.0,0.0,0.062,0.938,0.75,0.062,0.562,0.5,0.0,0.0,0.25,1.0,0.0,0.0,0.438,0.625,0.0,0.0,0.438,0.812,0.0,0.0,0.625,0.688,0.0,0.0,0.438,0.75,0.0,0.125,0.938,0.375,0.0,0.0,0.188,0.938,0.75,0.875,0.875,0.062,0.0,0.0,0.0,0.625,1.0,0.875,0.25,0.0,0.0,0
0.0,0.0,0.375,0.688,0.812,0.375,0.0,0.0,0.0,0.438,0.875,0.375,0.438,0.812,0.0,0.0,0.0,0.625,0.438,0.0,0.438,0.625,0.0,0.0,0.0,0.25,0.812,0.75,0.938,0.625,0.0,0.0,0.0,0.0,0.062,0.25,0.0,0.75,0.0,0.0,0.0,0.0,0.0,0.0,0.0,0.688,0.062,0.0,0.0,0.0,0.5,0.125,0.0,0.75,0.0,0.0,0.0,0.0,0.375,0.875,0.938,0.75,0.0,0.0,9
0.0,0.0,0.438,0.938,0.812,0.0,0.0,0.0,0.0,0.562,1.0,0.938,1.0,0.312,0.0,0.0,0.0,0.75,1.0,0.312,0.938,0.375,0.0,0.0,0.0,0.0,0.438,0.125,0.812,0.562,0.0,0.0,0.0,0.0,0.0,0.062,1.0,0.438,0.0,0.0,0.0,0.0,0.0,0.375,1.0,0.25,0.0,0.0,0.0,0.0,0.062,0.938,1.0,0.75,0.938,0.438,0.0,0.0,0.312,1.0,0.875,0.75,0.75,0.688,2
0.0,0.0,0.0,0.0,0.312,0.938,0.625,0.0,0.0,0.0,0.0,0.5,0.688,0.938,0.438,0.0,0.0,0.0,0.375,0.812,0.625,1.0,0.438,0.0,0.0,0.188,1.0,0.875,0.75,0.938,0.25,0.0,0.0,0.062,0.688,0.5,0.062,0.875,0.125,0.0,0.0,0.0,0.0,0.0,0.188,0.812,0.0,0.0,0.0,0.0,0.0,0.0,0.375,0.625,0.0,0.0,0.0,0.0,0.0,0.0,0.562,0.25,0.0,0.0,9
0.0,0.0,0.625,0.625,0.875,1.0,0.875,0.0,0.0,0.0,0.875,0.5,0.25,0.0,0.0,0.0,0.0,0.0,1.0,0.0,0.375,0.688,0.312,0.0,0.0,0.188,1.0,0.875,0.625,0.625,0.562,0.0,0.0,0.188,0.875,0.312,0.0,0.562,0.5,0.0,0.0,0.0,0.0,0.0,0.375,0.812,0.0,0.0,0.0,0.0,0.188,0.562,0.812,0.188,0.0,0.0,0.0,0.0,0.5,0.812,0.062,0.0,0.0,0.0,5
0.0,0.0,0.5,1.0,1.0,0.812,0.0,0.0,0.0,0.0,0.625,0.688,0.562,1.0,0.125,0.0,0.0,0.0,0.0,0.25,1.0,0.75,0.0,0.0,0.0,0.0,0.125,1.0,0.938,0.062,0.0,0.0,0.0,0.0,0.125,0.938,0.688,0.0,0.0,0.0,0.0,0.0,0.0,0.25,1.0,0.188,0.0,0.0,0.0,0.188,0.75,0.125,0.875,0.25,0.0,0.0,0.0,0.0,0.562,1.0,1.0,0.312,0.0,0.0,3
0.0,0.0,0.0,0.062,0.562,0.875,0.438,0.0,0.0,0.0,0.312,0.875,0.562,0.5,0.625,0.0,0.0,0.125,0.875,1.0,0.688,0.812,0.188,0.0,0.0,0.188,1.0,1.0,1.0,1.0,0.312,0.0,0.0,0.0,0.375,0.438,0.062,0.688,0.438,0.0,0.0,0.0,0.0,0.0,0.062,0.812,0.188,0.0,0.0,0.0,0.0,0.0,0.375,0.5,0.0,0.0,0.0,0.0,0.0,0.0,0.625,0.0,0.0,0.0,9
0.0,0.0,0.0,0.125,0.875,0.0,0.0,0.0,0.0,0.0,0.0,0.625,0.562,0.0,0.0,0.0,0.0,0.0,0.062,0.938,0.5,0.688,0.0,0.0,0.0,0.0,0.75,0.438,0.75,0.5,0.0,0.0,0.0,0.312,1.0,0.75,0.938,0.875,0.312,0.0,0.0,0.5,0.812,0.562,1.0,0.812,0.188,0.0,0.0,0.0,0.0,0.0,1.0,0.25,0.0,0.0,0.0,0.0,0.0,0.0,1.0,0.375,0.0,0.0,4
0.0,0.062,0.625,0.938,0.938,0.312,0.0,0.0,0.0,0.688,1.0,0.562,0.75,0.625,0.0,0.0,0.0,0.938,0.375,0.0,0.875,0.438,0.0,0.0,0.0,0.0,0.0,0.375,1.0,0.312,0.0,0.0,0.0,0.0,0.062,0.938,0.688,0.0,0.0,0.0,0.0,0.0,0.312,1.0,0.25,0.0,0.0,0.0,0.0,0.062,0.938,0.688,0.5,0.75,0.875,0.062,0.0,0.062,0.938,1.0,1.0,0.75,0.312,0.0,2
0.0,0.0,0.0,0.875,0.812,0.062,0.0,0.0,0.0,0.0,0.25,1.0,0.688,0.0,0.0,0.0,0.0,0.0,0.75,1.0,0.062,0.0,0.0,0.0,0.0,0.062,0.938,1.0,0.875,0.062,0.0,0.0,0.0,0.25,1.0,0.75,0.5,0.75,0.438,0.0,0.0,0.125,0.938,0.5,0.0,0.5,1.0,0.125,0.0,0.0,0.625,0.875,0.562,0.938,0.938,0.062,0.0,0.0,0.062,0.875,1.0,0.875,0.125,0.0,6
0.0,0.0,0.438,0.938,0.0,0.0,0.0,0.0,0.0,0.0,0.938,0.938,0.0,0.0,0.0,0.0,0.0,0.188,1.0,0.75,0.25,0.062,0.0,0.0,0.0,0.375,1.0,1.0,1.0,1.0,0.312,0.0,0.0,0.5,1.0,0.438,0.062,0.938,0.5,0.0,0.0,0.438,1.0,0.0,0.0,1.0,0.25,0.0,0.0,0.125,1.0,0.438,0.625,0.75,0.0,0.0,0.0,0.0,0.25,0.938,0.812,0.188,0.0,0.0,6
0.0,0.0,0.625,1.0,0.812,0.312,0.0,0.0,0.0,0.438,0.812,0.312,0.875,0.75,0.0,0.0,0.0,0.562,0.625,0.0,0.812,0.875,0.0,0.0,0.0,0.25,0.938,0.812,1.0,0.938,0.188,0.0,0.0,0.0,0.125,0.375,0.188,0.75,0.5,0.0,0.0,0.0,0.0,0.0,0.0,0.75,0.5,0.0,0.0,0.0,0.75,0.375,0.312,0.938,0.25,0.0,0.0,0.0,0.562,0.812,1.0,0.5,0.0,0.0,9
0.0,0.0,0.312,0.938,0.812,0.188,0.0,0.0,0.0,0.0,0.75,0.938,0.75,0.875,0.0,0.0,0.0,0.0,0.75,0.75,0.875,0.875,0.0,0.0,0.0,0.0,0.188,1.0,0.875,0.188,0.0,0.0,0.0,0.0,0.562,0.875,0.938,0.188,0.0,0.0,0.0,0.062,0.938,0.312,0.5,0.75,0.062,0.0,0.0,0.0,1.0,0.25,0.25,1.0,0.25,0.0,0.0,0.0,0.312,1.0,1.0,0.75,0.125,0.0,8
0.0,0.0,0.625,0.938,0.062,0.0,0.0,0.0,0.0,0.0,0.688,1.0,0.062,0.0,0.0,0.0,0.0,0.062,1.0,1.0,0.062,0.0,0.0,0.0,0.0,0.0,0.5,1.0,0.312,0.0,0.0,0.0,0.0,0.0,0.0,0.875,0.625,0.0,0.0,0.0,0.0,0.0,0.0,0.625,0.875,0.0,0.0,0.0,0.0,0.0,0.312,0.688,0.938,0.375,0.25,0.062,0.0,0.0,0.625,1.0,1.0,1.0,1.0,0.625,1
0.0,0.0,0.0,1.0,0.375,0.0,0.0,0.0,0.0,0.0,0.688,1.0,1.0,0.688,0.0,0.0,0.0,0.25,1.0,0.688,0.812,0.875,0.0,0.0,0.0,0.438,0.75,0.062,0.188,0.812,0.0,0.0,0.0,0.25,0.625,0.0,0.0,1.0,0.0,0.0,0.0,0.125,0.875,0.0,0.062,1.0,0.062,0.0,0.0,0.0,0.562,0.438,0.562,0.875,0.0,0.0,0.0,0.0,0.062,0.688,0.938,0.188,0.0,0.0,0
0.0,0.0,0.0,0.562,0.688,0.0,0.0,0.0,0.0,0.0,0.312,0.938,0.062,0.0,0.0,0.0,0.0,0.125,1.0,0.25,0.0,0.188,0.562,0.0,0.0,0.438,0.875,0.0,0.062,0.875,0.75,0.0,0.0,0.562,1.0,0.75,0.875,0.938,0.062,0.0,0.0,0.0,0.375,0.5,0.938,0.375,0.0,0.0,0.0,0.0,0.0,0.25,1.0,0.062,0.0,0.0,0.0,0.0,0.0,0.562,0.812,0.0,0.0,0.0,4
0.0,0.0,0.312,0.75,1.0,1.0,0.438,0.0,0.0,0.0,0.625,0.562,0.25,0.688,0.75,0.0,0.0,0.0,0.0,0.0,0.0,0.812,0.438,0.0,0.0,0.0,0.125,0.625,0.938,1.0,0.812,0.0,0.0,0.0,0.875,0.812,1.0,0.625,0.062,0.0,0.0,0.0,0.188,0.25,1.0,0.125,0.0,0.0,0.0,0.0,0.0,0.812,0.562,0.0,0.0,0.0,0.0,0.0,0.375,0.812,0.0,0.0,0.0,0.0,7
0.0,0.0,0.125,0.688,1.0,0.75,0.125,0.0,0.0,0.0,0.688,0.438,0.25,0.438,0.5,0.0,0.0,0.312,0.875,0.25,0.0,0.5,0.25,0.0,0.0,0.125,0.938,0.562,0.375,0.688,0.0,0.0,0.0,0.0,0.188,1.0,0.688,0.0,0.0,0.0,0.0,0.0,0.562,0.812,0.688,0.0,0.0,0.0,0.0,0.0,0.75,0.625,1.0,0.062,0.0,0.0,0.0,0.0,0.125,0.75,1.0,0.188,0.0,0.0,8
0.0,0.0,0.375,0.875,1.0,0.812,0.0,0.0,0.0,0.0,0.562,0.562,0.562,0.938,0.0,0.0,0.0,0.0,0.0,0.0,0.875,0.562,0.0,0.0,0.0,0.0,0.125,0.625,1.0,1.0,0.75,0.0,0.0,0.0,0.812,1.0,0.75,0.438,0.188,0.0,0.0,0.0,0.188,0.875,0.375,0.0,0.0,0.0,0.0,0.0,0.375,1.0,0.125,0.0,0.0,0.0,0.0,0.0,0.625,0.812,0.0,0.0,0.0,0.0,7
0.0,0.0,0.625,1.0,0.875,0.312,0.0,0.0,0.0,0.125,1.0,1.0,0.5,0.0,0.0,0.0,0.0,0.0,0.562,1.0,1.0,0.312,0.0,0.0,0.0,0.0,0.438,1.0,1.0,0.188,0.0,0.0,0.0,0.0,0.875,0.875,0.812,0.688,0.0,0.0,0.0,0.312,1.0,0.062,0.375,0.938,0.0,0.0,0.0,0.438,0.875,0.562,0.812,0.938,0.062,0.0,0.0,0.062,0.688,1.0,0.938,0.375,0.0,0.0,8
0.0,0.0,0.312,0.938,0.875,0.188,0.0,0.0,0.0,0.0,0.812,0.938,0.562,0.938,0.125,0.0,0.0,0.25,1.0,0.75,0.0,0.625,0.375,0.0,0.0,0.5,1.0,0.562,0.0,0.5,0.625,0.0,0.0,0.438,0.938,0.312,0.0,0.75,0.688,0.0,0.0,0.438,0.812,0.0,0.312,1.0,0.375,0.0,0.0,0.0,1.0,0.75,0.938,0.812,0.062,0.0,0.0,0.0,0.375,1.0,0.75,0.125,0.0,0.0,0
0.0,0.0,0.125,0.562,0.812,0.5,0.0,0.0,0.0,0.062,0.875,0.688,0.5,0.875,0.0,0.0,0.0,0.562,0.875,0.0,0.875,0.375,0.0,0.0,0.0,0.0,0.125,0.25,0.938,0.0,0.0,0.0,0.0,0.0,0.0,0.375,0.75,0.75,0.125,0.0,0.0,0.0,0.0,0.0,0.0,0.562,0.562,0.0,0.0,0.0,0.875,0.812,0.25,0.625,0.688,0.0,0.0,0.0,0.188,0.625,0.875,0.938,0.312,0.0,3
0.0,0.0,0.0,0.75,0.688,0.0,0.0,0.0,0.0,0.0,0.75,0.75,0.562,0.625,0.0,0.0,0.0,0.125,1.0,0.125,0.062,0.688,0.062,0.0,0.0,0.062,0.938,0.0,0.0,0.312,0.5,0.0,0.0,0.125,0.875,0.0,0.0,0.312,0.625,0.0,0.0,0.0,0.812,0.125,0.0,0.125,0.812,0.0,0.0,0.0,0.438,0.562,0.0,0.438,0.688,0.0,0.0,0.0,0.0,0.688,0.812,1.0,0.125,0.0,0
0.0,0.125,0.812,0.938,0.625,0.25,0.0,0.0,0.0,0.0,0.312,0.25,0.812,0.938,0.125,0.0,0.0,0.0,0.0,0.0,0.688,1.0,0.25,0.0,0.0,0.0,0.0,0.0,1.0,0.75,0.0,0.0,0.0,0.0,0.0,0.0,0.812,0.688,0.0,0.0,0.0,0.0,0.0,0.0,0.5,0.812,0.0,0.0,0.0,0.062,0.375,0.5,0.875,0.75,0.0,0.0,0.0,0.125,0.75,0.875,0.688,0.062,0.0,0.0,3
0.0,0.0,0.0,0.625,0.75,0.0,0.0,0.0,0.0,0.0,0.25,1.0,0.312,0.188,0.188,0.0,0.0,0.0,0.938,0.438,0.0,0.812,0.688,0.0,0.0,0.438,0.875,0.062,0.438,1.0,0.5,0.0,0.0,0.562,0.812,0.312,0.938,0.812,0.062,0.0,0.0,0.688,1.0,1.0,1.0,0.062,0.0,0.0,0.0,0.0,0.25,0.562,1.0,0.0,0.0,0.0,0.0,0.0,0.0,0.688,0.938,0.0,0.0,0.0,4
0.0,0.062,0.5,0.75,1.0,1.0,0.188,0.0,0.0,0.312,0.875,0.5,0.625,0.938,0.0,0.0,0.0,0.0,0.125,0.312,0.875,0.75,0.125,0.0,0.0,0.188,0.938,1.0,0.938,0.75,0.5,0.0,0.0,0.188,0.375,0.875,0.438,0.0,0.0,0.0,0.0,0.0,0.125,0.938,0.062,0.0,0.0,0.0,0.0,0.0,0.625,0.5,0.0,0.0,0.0,0.0,0.0,0.0,0.875,0.25,0.0,0.0,0.0,0.0,7
0.0,0.0,0.0,0.0,0.938,0.562,0.0,0.0,0.0,0.0,0.0,0.5,1.0,0.312,0.0,0.0,0.0,0.0,0.062,1.0,1.0,0.312,0.0,0.0,0.0,0.0,0.688,1.0,1.0,0.062,0.062,0.0,0.0,0.375,1.0,1.0,1.0,0.938,0.562,0.0,0.0,0.438,0.938,1.0,1.0,0.625,0.062,0.0,0.0,0.0,0.062,0.438,1.0,0.062,0.0,0.0,0.0,0.0,0.0,0.062,0.938,0.312,0.0,0.0,4
0.0,0.0,0.0,0.812,0.75,0.0,0.0,0.0,0.0,0.0,0.0,0.875,1.0,0.062,0.0,0.0,0.0,0.0,0.062,0.938,1.0,0.062,0.0,0.0,0.0,0.0,0.25,1.0,1.0,0.188,0.0,0.0,0.0,0.0,0.312,0.938,1.0,0.562,0.0,0.0,0.0,0.0,0.0,0.0,0.75,0.938,0.062,0.0,0.0,0.0,0.062,0.688,0.562,1.0,0.688,0.125,0.0,0.0,0.0,0.688,1.0,1.0,1.0,1.0,1
0.0,0.062,0.75,1.0,1.0,1.0,0.75,0.0,0.0,0.562,1.0,0.812,0.375,0.5,0.312,0.0,0.0,0.5,1.0,0.938,0.188,0.0,0.0,0.0,0.0,0.0,0.25,0.875,0.688,0.0,0.0,0.0,0.0,0.0,0.0,0.75,0.75,0.0,0.0,0.0,0.0,0.0,0.0,0.75,0.812,0.0,0.0,0.0,0.0,0.0,0.188,0.938,0.688,0.0,0.0,0.0,0.0,0.0,0.75,0.812,0.125,0.0,0.0,0.0,5
0.0,0.0,0.0,0.062,0.938,0.75,0.0,0.0,0.0,0.0,0.0,0.75,1.0,0.812,0.0,0.0,0.0,0.0,0.688,1.0,1.0,0.812,0.0,0.0,0.0,0.688,1.0,0.688,0.812,0.812,0.0,0.0,0.0,0.188,0.438,0.0,0.75,0.875,0.0,0.0,0.0,0.0,0.0,0.0,0.688,0.812,0.0,0.0,0.0,0.0,0.0,0.0,0.938,0.812,0.0,0.0,0.0,0.0,0.0,0.125,0.938,0.812,0.0,0.0,1
0.0,0.0,0.5,0.875,0.938,0.375,0.0,0.0,0.0,0.25,1.0,0.75,0.875,0.688,0.0,0.0,0.0,0.25,0.5,0.062,0.875,0.438,0.0,0.0,0.0,0.0,0.0,0.875,1.0,0.312,0.0,0.0,0.0,0.0,0.0,0.688,1.0,1.0,0.125,0.0,0.0,0.0,0.0,0.0,0.062,0.938,0.438,0.0,0.0,0.0,0.25,0.688,0.5,0.875,0.438,0.0,0.0,0.0,0.688,1.0,1.0,0.625,0.0,0.0,3
0.0,0.062,0.75,1.0,1.0,0.562,0.0,0.0,0.0,0.125,0.875,0.312,0.562,0.875,0.0,0.0,0.0,0.0,0.0,0.062,0.75,0.688,0.0,0.0,0.0,0.0,0.0,0.75,1.0,0.375,0.0,0.0,0.0,0.0,0.0,0.125,0.5,0.938,0.312,0.0,0.0,0.0,0.125,0.0,0.0,0.688,0.562,0.0,0.0,0.25,0.875,0.25,0.25,0.875,0.375,0.0,0.0,0.0,0.938,1.0,1.0,0.688,0.062,0.0,3
0.0,0.0,0.25,0.938,0.938,0.25,0.0,0.0,0.0,0.375,1.0,1.0,0.75,0.875,0.0,0.0,0.0,0.688,0.688,0.375,0.875,0.75,0.0,0.0,0.0,0.188,0.875,0.812,0.875,0.062,0.0,0.0,0.0,0.0,0.75,1.0,0.312,0.0,0.0,0.0,0.0,0.062,1.0,0.812,0.562,0.0,0.0,0.0,0.0,0.0,0.812,0.625,0.938,0.0,0.0,0.0,0.0,0.0,0.188,0.938,0.938,0.0,0.0,0.0,8
0.0,0.0,0.125,0.75,0.75,0.75,0.562,0.125,0.0,0.0,0.562,0.938,0.75,0.812,1.0,0.312,0.0,0.0,0.75,0.5,0.0,0.5,0.625,0.0,0.0,0.062,1.0,0.188,0.188,0.938,0.125,0.0,0.0,0.062,0.188,0.0,0.75,0.438,0.0,0.0,0.0,0.0,0.0,0.25,0.812,0.0,0.0,0.0,0.0,0.0,0.0,0.812,0.562,0.0,0.0,0.0,0.0,0.0,0.188,0.938,0.188,0.0,0.0,0.0,7
0.0,0.0,0.062,0.562,0.812,0.688,0.0,0.0,0.0,0.0,0.625,0.688,0.75,1.0,0.062,0.0,0.0,0.0,0.938,0.25,0.75,1.0,0.062,0.0,0.0,0.0,0.75,1.0,0.688,0.938,0.062,0.0,0.0,0.0,0.0,0.0,0.0,0.875,0.0,0.0,0.0,0.0,0.0,0.0,0.188,0.875,0.0,0.0,0.0,0.25,0.75,0.5,0.625,0.688,0.0,0.0,0.0,0.0,0.125,0.562,1.0,0.375,0.0,0.0,9
0.0,0.0,0.0,0.25,0.875,0.125,0.0,0.0,0.0,0.0,0.062,0.938,0.438,0.0,0.0,0.0,0.0,0.0,0.5,0.875,0.0,0.125,0.5,0.0,0.0,0.062,0.938,0.312,0.0,0.625,0.688,0.0,0.0,0.375,0.875,0.062,0.375,1.0,0.312,0.0,0.0,0.75,1.0,1.0,1.0,0.875,0.125,0.0,0.0,0.188,0.75,0.812,1.0,0.188,0.0,0.0,0.0,0.0,0.0,0.375,0.625,0.0,0.0,0.0,4
0.0,0.0,0.625,1.0,0.938,0.0,0.0,0.0,0.0,0.25,0.875,0.5,1.0,0.062,0.0,0.0,0.0,0.0,0.062,0.25,1.0,0.0,0.125,0.0,0.0,0.0,0.188,0.688,1.0,1.0,0.812,0.0,0.0,0.0,0.75,1.0,0.688,0.438,0.125,0.0,0.0,0.0,0.375,1.0,0.0,0.0,0.0,0.0,0.0,0.0,0.438,0.938,0.0,0.0,0.0,0.0,0.0,0.0,0.75,0.688,0.0,0.0,0.0,0.0,7
0.0,0.0,0.125,0.938,0.5,0.0,0.0,0.0,0.0,0.0,0.438,0.875,0.938,0.5,0.0,0.0,0.0,0.438,0.938,0.188,0.188,0.938,0.0,0.0,0.0,0.375,1.0,0.062,0.0,0.562,0.5,0.0,0.0,0.25,0.75,0.0,0.0,0.5,0.5,0.0,0.0,0.0,0.75,0.188,0.0,0.75,0.438,0.0,0.0,0.0,0.562,0.812,0.812,0.938,0.062,0.0,0.0,0.0,0.062,0.562,0.75,0.312,0.0,0.0,0
0.0,0.0,0.062,0.875,0.188,0.0,0.0,0.0,0.0,0.0,0.5,0.875,0.0,0.188,0.0,0.0,0.0,0.062,1.0,0.25,0.625,0.75,0.0,0.0,0.0,0.438,0.875,0.125,0.938,0.312,0.0,0.0,0.0,0.812,0.875,0.688,1.0,1.0,0.562,0.0,0.0,0.5,1.0,1.0,0.875,0.25,0.0,0.0,0.0,0.0,0.0,0.938,0.562,0.0,0.0,0.0,0.0,0.0,0.125,1.0,0.312,0.0,0.0,0.0,4
0.0,0.0,0.0,0.125,0.875,0.312,0.0,0.0,0.0,0.0,0.0,0.812,0.938,0.0,0.0,0.0,0.0,0.0,0.188,1.0,0.188,0.562,0.75,0.0,0.0,0.062,0.875,0.5,0.0,0.938,0.812,0.0,0.0,0.688,1.0,0.625,0.5,1.0,0.625,0.0,0.188,1.0,1.0,1.0,1.0,0.938,0.188,0.0,0.0,0.0,0.0,0.125,1.0,0.75,0.0,0.0,0.0,0.0,0.0,0.25,1.0,0.438,0.0,0.0,4
0.0,0.0,0.125,0.812,0.938,0.062,0.0,0.0,0.0,0.062,0.875,0.812,0.938,0.25,0.0,0.0,0.0,0.312,0.875,0.125,0.938,0.0,0.0,0.0,0.0,0.375,0.875,0.5,0.812,0.0,0.0,0.0,0.0,0.0,0.438,1.0,0.75,0.062,0.0,0.0,0.0,0.0,0.062,0.938,0.625,0.812,0.062,0.0,0.0,0.0,0.25,0.812,0.25,0.812,0.375,0.0,0.0,0.0,0.0,0.688,1.0,0.875,0.062,0.0,8
0.0,0.0,0.188,0.938,1.0,0.75,0.0,0.0,0.0,0.0,0.375,1.0,0.375,0.875,0.375,0.0,0.0,0.0,0.0,0.188,0.062,0.938,0.375,0.0,0.0,0.0,0.0,0.062,0.875,1.0,0.188,0.0,0.0,0.312,0.5,0.125,0.812,1.0,0.188,0.0,0.0,0.312,1.0,0.0,0.0,0.562,0.812,0.0,0.0,0.062,0.938,0.688,0.5,0.75,1.0,0.062,0.0,0.0,0.188,0.875,1.0,1.0,0.562,0.0,3
0.0,0.0,0.938,1.0,1.0,0.75,0.125,0.0,0.0,0.125,1.0,0.938,0.75,0.75,0.188,0.0,0.0,0.25,1.0,0.5,0.0,0.0,0.0,0.0,0.0,0.5,1.0,0.75,0.25,0.0,0.0,0.0,0.0,0.0,0.75,1.0,1.0,0.0,0.0,0.0,0.0,0.0,0.0,0.188,1.0,0.5,0.0,0.0,0.0,0.125,0.375,0.562,1.0,0.5,0.0,0.0,0.0,0.062,0.938,1.0,0.938,0.188,0.0,0.0,5
0.0,0.0,0.625,1.0,0.625,0.0,0.0,0.0,0.0,0.5,1.0,0.875,1.0,0.125,0.0,0.0,0.0,0.188,0.938,0.5,1.0,0.188,0.0,0.0,0.0,0.0,0.0,0.688,1.0,0.438,0.0,0.0,0.0,0.0,0.0,0.188,0.625,0.938,0.125,0.0,0.0,0.0,0.625,0.0,0.0,0.875,0.5,0.0,0.0,0.062,1.0,0.375,0.5,0.812,0.5,0.0,0.0,0.062,0.938,1.0,0.812,0.625,0.062,0.0,3
0.0,0.0,0.375,0.875,1.0,0.688,0.0,0.0,0.0,0.375,0.875,0.438,0.25,1.0,0.25,0.0,0.0,0.438,0.438,0.0,0.312,1.0,0.125,0.0,0.0,0.0,0.0,0.875,1.0,0.312,0.0,0.0,0.0,0.0,0.0,0.25,0.812,0.688,0.0,0.0,0.0,0.0,0.0,0.0,0.0,0.688,0.5,0.0,0.0,0.0,0.0,0.125,0.25,0.625,0.75,0.0,0.0,0.0,0.562,1.0,1.0,0.688,0.188,0.0,3
0.0,0.0,0.25,0.75,0.625,0.062,0.0,0.0,0.0,0.188,1.0,0.812,0.938,0.625,0.0,0.0,0.0,0.312,1.0,0.125,0.062,0.875,0.188,0.0,0.0,0.5,0.812,0.0,0.0,0.625,0.5,0.0,0.0,0.5,0.75,0.0,0.0,0.5,0.5,0.0,0.0,0.5,0.875,0.0,0.0,0.688,0.5,0.0,0.0,0.188,1.0,0.875,0.812,1.0,0.125,0.0,0.0,0.0,0.5,1.0,0.812,0.312,0.0,0.0,0
0.0,0.0,0.0,0.625,0.875,0.0,0.0,0.0,0.0,0.0,0.062,1.0,0.625,0.0,0.0,0.0,0.0,0.0,0.625,1.0,0.062,0.0,0.0,0.0,0.0,0.25,1.0,0.5,0.0,0.188,0.312,0.0,0.0,0.625,0.938,0.0,0.125,0.938,0.625,0.0,0.0,0.75,1.0,0.875,1.0,0.812,0.062,0.0,0.0,0.125,0.688,0.875,1.0,0.188,0.0,0.0,0.0,0.0,0.0,0.5,1.0,0.125,0.0,0.0,4
0.0,0.0,0.0,0.0,0.312,0.938,0.5,0.0,0.0,0.0,0.0,0.125,0.938,1.0,0.562,0.0,0.0,0.0,0.188,0.938,1.0,1.0,0.625,0.0,0.0,0.438,1.0,0.625,0.5,1.0,0.438,0.0,0.0,0.0,0.062,0.0,0.5,1.0,0.25,0.0,0.0,0.0,0.0,0.0,0.688,1.0,0.062,0.0,0.0,0.0,0.0,0.0,0.562,1.0,0.062,0.0,0.0,0.0,0.0,0.0,0.5,0.875,0.0,0.0,1
0.0,0.0,0.562,0.812,0.438,0.0,0.0,0.0,0.0,0.0,0.75,1.0,1.0,0.125,0.0,0.0,0.0,0.0,0.75,0.812,1.0,0.375,0.0,0.0,0.0,0.0,0.375,1.0,1.0,0.875,0.0,0.0,0.0,0.0,0.0,0.0,0.125,1.0,0.188,0.0,0.0,0.0,0.0,0.0,0.0,0.562,0.625,0.0,0.0,0.0,0.188,0.438,0.75,0.875,1.0,0.125,0.0,0.0,0.438,0.75,0.75,0.75,0.688,0.0,9
0.0,0.0,0.062,0.688,0.75,0.812,0.875,0.312,0.0,0.0,0.438,0.938,0.688,0.625,1.0,0.375,0.0,0.0,0.625,0.438,0.0,0.125,1.0,0.125,0.0,0.062,1.0,0.062,0.0,0.75,0.5,0.0,0.0,0.125,0.688,0.0,0.25,0.875,0.062,0.0,0.0,0.0,0.0,0.062,0.875,0.25,0.0,0.0,0.0,0.0,0.0,0.5,0.875,0.0,0.0,0.0,0.0,0.0,0.0,0.938,0.438,0.0,0.0,0.0,7
0.0,0.0,0.75,0.938,0.188,0.0,0.0,0.0,0.0,0.375,0.938,0.75,0.875,0.0,0.0,0.0,0.0,0.438,0.312,0.062,1.0,0.125,0.0,0.0,0.0,0.0,0.0,0.0,0.688,0.438,0.0,0.0,0.0,0.0,0.0,0.125,0.938,0.188,0.0,0.0,0.0,0.0,0.0,0.5,0.875,0.062,0.0,0.0,0.0,0.0,0.75,1.0,0.75,0.5,0.312,0.0,0.0,0.0,0.562,0.5,0.812,0.938,0.438,0.0,2
0.0,0.0,0.438,0.938,0.812,0.062,0.0,0.0,0.0,0.5,0.812,0.375,0.938,0.25,0.0,0.0,0.0,0.125,0.062,0.812,0.812,0.0,0.0,0.0,0.0,0.0,0.125,0.938,0.688,0.062,0.0,0.0,0.0,0.0,0.0,0.062,0.75,0.75,0.062,0.0,0.0,0.0,0.0,0.0,0.062,0.625,0.5,0.0,0.0,0.0,0.5,0.25,0.312,0.875,0.562,0.0,0.0,0.0,0.438,0.812,0.812,0.562,0.0,0.0,3
0.0,0.0,0.312,0.5,0.688,0.312,0.0,0.0,0.0,0.0,0.812,1.0,0.75,0.75,0.0,0.0,0.0,0.062,1.0,0.562,0.0,0.562,0.188,0.0,0.0,0.188,1.0,0.375,0.0,0.375,0.375,0.0,0.0,0.188,0.688,0.062,0.0,0.312,0.375,0.0,0.0,0.0,0.75,0.0,0.0,0.688,0.375,0.0,0.0,0.0,0.875,0.312,0.75,0.938,0.062,0.0,0.0,0.0,0.375,1.0,0.812,0.125,0.0,0.0,0
0.0,0.0,0.312,0.562,0.812,1.0,0.375,0.0,0.0,0.0,0.75,0.75,0.438,1.0,0.312,0.0,0.0,0.0,0.0,0.0,0.375,1.0,0.188,0.0,0.0,0.0,0.188,0.75,0.938,1.0,0.875,0.0,0.0,0.0,0.438,1.0,0.938,0.312,0.062,0.0,0.0,0.0,0.0,0.625,0.625,0.0,0.0,0.0,0.0,0.0,0.125,0.938,0.312,0.0,0.0,0.0,0.0,0.0,0.375,0.875,0.0,0.0,0.0,0.0,7
0.0,0.0,0.062,0.812,1.0,0.875,0.25,0.0,0.0,0.125,0.688,0.5,0.25,0.688,0.438,0.0,0.0,0.375,1.0,0.188,0.188,0.812,0.125,0.0,0.0,0.0,0.562,0.875,0.875,0.25,0.0,0.0,0.0,0.0,0.438,1.0,0.625,0.0,0.0,0.0,0.0,0.0,0.75,0.625,1.0,0.062,0.0,0.0,0.0,0.0,0.688,0.625,0.938,0.25,0.0,0.0,0.0,0.0,0.062,0.875,0.938,0.062,0.0,0.0,8
0.0,0.0,0.688,0.5,0.25,0.812,1.0,0.188,0.0,0.125,1.0,1.0,1.0,0.875,0.562,0.062,0.0,0.25,0.812,0.375,1.0,0.25,0.0,0.0,0.0,0.0,0.125,0.938,0.625,0.0,0.0,0.0,0.0,0.312,0.812,1.0,0.875,0.75,0.125,0.0,0.0,0.5,0.938,0.938,0.75,0.75,0.125,0.0,0.0,0.0,0.938,0.562,0.0,0.0,0.0,0.0,0.0,0.0,1.0,0.438,0.0,0.0,0.0,0.0,7
0.0,0.0,0.625,0.812,0.562,0.062,0.0,0.0,0.0,0.125,1.0,0.438,0.625,0.5,0.0,0.0,0.0,0.0,0.75,0.75,0.438,0.688,0.0,0.0,0.0,0.188,1.0,1.0,1.0,0.438,0.0,0.0,0.0,0.0,0.312,0.5,0.75,0.625,0.062,0.0,0.0,0.0,0.0,0.0,0.0,0.688,0.438,0.0,0.0,0.0,0.0,0.0,0.0,0.188,0.938,0.0,0.0,0.0,0.688,1.0,1.0,1.0,0.5,0.0,9
0.0,0.188,0.938,1.0,0.812,0.062,0.0,0.0,0.0,0.625,0.812,0.562,1.0,0.25,0.0,0.0,0.0,0.062,0.062,0.0,1.0,0.375,0.0,0.0,0.0,0.0,0.0,0.625,0.938,0.062,0.0,0.0,0.0,0.0,0.625,1.0,0.188,0.0,0.0,0.0,0.0,0.188,1.0,0.438,0.0,0.0,0.0,0.0,0.0,0.312,1.0,0.812,0.75,0.438,0.125,0.0,0.0,0.125,0.812,0.812,0.812,1.0,0.938,0.0,2
0.0,0.0,0.375,0.812,0.0,0.0,0.0,0.0,0.0,0.0,0.938,0.75,0.0,0.0,0.0,0.0,0.0,0.0,1.0,0.375,0.0,0.0,0.0,0.0,0.0,0.188,1.0,0.875,0.688,0.312,0.0,0.0,0.0,0.312,1.0,0.75,0.688,1.0,0.375,0.0,0.0,0.375,1.0,0.562,0.125,1.0,0.562,0.0,0.0,0.0,0.812,0.875,0.5,1.0,0.5,0.0,0.0,0.0,0.25,0.938,1.0,0.812,0.125,0.0,6
0.0,0.0,0.188,0.625,1.0,1.0,0.25,0.0,0.0,0.0,0.0,0.0,0.062,0.875,0.438,0.0,0.0,0.0,0.0,0.0,0.125,0.938,0.25,0.0,0.0,0.0,0.25,0.25,0.75,0.938,0.312,0.0,0.0,0.062,0.938,1.0,1.0,0.562,0.25,0.0,0.0,0.0,0.125,0.688,0.812,0.0,0.0,0.0,0.0,0.0,0.062,1.0,0.312,0.0,0.0,0.0,0.0,0.0,0.188,0.75,0.0,0.0,0.0,0.0,7
0.0,0.0,0.562,1.0,1.0,0.812,0.062,0.0,0.0,0.0,0.75,0.812,0.875,1.0,0.438,0.0,0.0,0.0,0.0,0.0,0.375,1.0,0.25,0.0,0.0,0.0,0.0,0.0,0.812,0.875,0.062,0.0,0.0,0.0,0.062,0.625,1.0,0.375,0.0,0.0,0.0,0.0,0.438,1.0,0.5,0.0,0.0,0.0,0.0,0.125,0.938,1.0,0.75,0.438,0.0,0.0,0.0,0.0,0.562,0.875,1.0,1.0,0.125,0.0,2
0.0,0.0,0.938,0.812,0.0,0.188,0.188,0.0,0.0,0.0,0.938,0.938,0.5,0.938,0.312,0.0,0.0,0.0,0.5,1.0,1.0,0.438,0.0,0.0,0.0,0.0,0.438,1.0,1.0,0.062,0.0,0.0,0.0,0.0,0.75,0.75,0.938,0.625,0.0,0.0,0.0,0.188,1.0,0.0,0.625,0.938,0.062,0.0,0.0,0.125,1.0,0.312,0.438,0.938,0.188,0.0,0.0,0.062,0.75,1.0,0.938,0.438,0.0,0.0,8
0.0,0.0,0.375,1.0,0.938,0.312,0.0,0.0,0.0,0.062,1.0,0.875,0.5,0.938,0.062,0.0,0.0,0.562,0.812,0.062,0.0,0.75,0.375,0.0,0.0,0.312,0.562,0.0,0.0,0.562,0.625,0.0,0.0,0.375,0.562,0.0,0.0,0.562,0.688,0.0,0.0,0.438,1.0,0.062,0.0,0.688,0.688,0.0,0.0,0.188,1.0,0.688,0.812,1.0,0.5,0.0,0.0,0.0,0.5,1.0,1.0,0.75,0.062,0.0,0
0.0,0.0,0.5,0.938,1.0,0.625,0.0,0.0,0.0,0.0,0.438,0.625,0.625,0.938,0.0,0.0,0.0,0.0,0.0,0.0,0.438,0.812,0.0,0.0,0.0,0.0,0.0,0.25,0.875,0.75,0.062,0.0,0.0,0.188,1.0,1.0,1.0,0.75,0.25,0.0,0.0,0.062,0.625,1.0,0.438,0.0,0.0,0.0,0.0,0.0,0.5,0.562,0.0,0.0,0.0,0.0,0.0,0.0,0.812,0.062,0.0,0.0,0.0,0.0,7
0.0,0.0,0.375,0.812,0.938,1.0,0.688,0.0,0.0,0.0,0.625,0.688,0.5,0.5,0.312,0.0,0.0,0.125,0.812,0.0,0.0,0.0,0.0,0.0,0.0,0.25,0.688,0.438,0.5,0.312,0.0,0.0,0.0,0.438,1.0,0.875,0.625,0.875,0.125,0.0,0.0,0.062,0.438,0.062,0.125,0.75,0.188,0.0,0.0,0.0,0.312,0.5,0.875,0.375,0.0,0.0,0.0,0.0,0.5,0.75,0.312,0.0,0.0,0.0,5
0.0,0.0,0.688,0.75,0.0,0.0,0.0,0.0,0.0,0.438,1.0,1.0,0.312,0.0,0.0,0.0,0.0,0.312,0.812,1.0,0.5,0.0,0.0,0.0,0.0,0.0,0.062,1.0,0.5,0.0,0.0,0.0,0.0,0.0,0.438,1.0,0.312,0.0,0.0,0.0,0.0,0.0,0.562,0.938,0.062,0.0,0.0,0.0,0.0,0.0,1.0,0.938,0.562,0.438,0.125,0.0,0.0,0.0,0.75,0.875,0.812,0.75,0.312,0.0,2
0.0,0.0,0.125,0.875,0.875,0.0,0.0,0.0,0.0,0.0,0.438,1.0,0.438,0.0,0.0,0.0,0.0,0.0,0.812,0.75,0.0,0.0,0.0,0.0,0.0,0.062,1.0,0.5,0.25,0.125,0.0,0.0,0.0,0.25,1.0,1.0,1.0,0.938,0.188,0.0,0.0,0.125,1.0,0.75,0.25,0.375,1.0,0.125,0.0,0.0,0.812,0.5,0.188,0.375,1.0,0.375,0.0,0.0,0.125,0.812,0.875,1.0,0.75,0.062,6
0.0,0.0,0.375,0.938,1.0,0.625,0.0,0.0,0.0,0.188,1.0,0.688,0.938,0.625,0.0,0.0,0.0,0.25,0.625,0.625,1.0,0.25,0.0,0.0,0.0,0.0,0.25,1.0,0.938,0.188,0.0,0.0,0.0,0.0,0.062,0.562,1.0,0.938,0.125,0.0,0.0,0.0,0.0,0.0,0.188,1.0,0.375,0.0,0.0,0.0,0.188,0.562,0.75,1.0,0.312,0.0,0.0,0.0,0.562,1.0,1.0,0.5,0.0,0.0,3
0.0,0.062,0.812,0.875,0.125,0.0,0.0,0.0,0.0,0.438,0.875,0.562,0.312,0.0,0.0,0.0,0.0,0.375,0.812,0.188,0.75,0.375,0.25,0.0,0.0,0.062,0.875,0.75,0.875,1.0,0.25,0.0,0.0,0.0,0.125,1.0,1.0,0.438,0.0,0.0,0.0,0.0,0.688,0.875,0.5,0.812,0.0,0.0,0.0,0.25,1.0,0.25,0.125,0.875,0.125,0.0,0.0,0.062,0.75,0.875,0.812,0.375,0.0,0.0,8
0.0,0.0,0.312,0.75,0.5,0.0,0.062,0.0,0.0,0.0,0.688,1.0,0.312,0.812,0.375,0.0,0.0,0.0,0.125,0.938,1.0,0.75,0.062,0.0,0.0,0.0,0.0,0.625,1.0,0.375,0.0,0.0,0.0,0.0,0.062,0.938,1.0,0.438,0.0,0.0,0.0,0.0,0.5,1.0,1.0,0.688,0.0,0.0,0.0,0.0,0.688,1.0,1.0,0.562,0.0,0.0,0.0,0.0,0.375,0.75,0.75,0.188,0.0,0.0,8
0.0,0.0,0.688,1.0,0.938,0.188,0.0,0.0,0.0,0.312,1.0,0.75,0.688,0.812,0.0,0.0,0.0,0.188,0.812,0.062,0.312,0.938,0.0,0.0,0.0,0.0,0.0,0.0,0.75,0.688,0.0,0.0,0.0,0.0,0.0,0.062,1.0,0.438,0.0,0.0,0.0,0.0,0.0,0.625,0.938,0.0,0.0,0.0,0.0,0.0,0.75,1.0,1.0,0.688,0.062,0.0,0.0,0.0,0.812,0.812,0.5,0.812,1.0,0.5,2
0.0,0.0,0.0,0.25,0.75,1.0,0.688,0.0,0.0,0.0,0.938,0.75,0.0,0.312,0.562,0.0,0.0,0.25,1.0,0.312,0.375,0.938,0.188,0.0,0.0,0.188,0.938,1.0,0.875,0.062,0.0,0.0,0.0,0.0,0.188,0.625,1.0,0.125,0.0,0.0,0.0,0.0,0.0,0.0,0.875,0.125,0.0,0.0,0.0,0.0,0.0,0.0,0.75,0.0,0.0,0.0,0.0,0.0,0.0,0.25,0.75,0.0,0.0,0.0,9
0.0,0.0,0.0,0.25,0.688,0.562,0.312,0.0,0.0,0.0,0.312,1.0,1.0,1.0,0.312,0.0,0.0,0.0,0.688,1.0,1.0,0.562,0.0,0.0,0.0,0.25,1.0,1.0,1.0,0.25,0.0,0.0,0.0,0.062,0.875,1.0,0.562,0.0,0.0,0.0,0.0,0.25,0.938,1.0,0.375,0.0,0.0,0.0,0.0,0.0,0.562,1.0,0.5,0.0,0.0,0.0,0.0,0.0,0.0,0.438,0.312,0.0,0.0,0.0,1
0.0,0.0,0.0,0.938,1.0,1.0,0.75,0.25,0.0,0.0,0.25,0.875,0.0,0.625,0.75,0.0,0.0,0.0,0.5,0.438,0.062,0.938,0.25,0.0,0.0,0.0,0.0,0.0,0.5,0.75,0.0,0.0,0.0,0.0,0.062,0.5,0.875,0.75,0.188,0.0,0.0,0.0,0.375,0.812,1.0,0.812,0.125,0.0,0.0,0.0,0.0,0.625,0.625,0.0,0.0,0.0,0.0,0.0,0.125,1.0,0.125,0.0,0.0,0.0,7
0.0,0.188,0.938,0.938,0.125,0.0,0.0,0.0,0.0,0.438,1.0,1.0,0.375,0.0,0.0,0.0,0.0,0.062,0.562,1.0,0.375,0.0,0.0,0.0,0.0,0.0,0.375,1.0,0.062,0.0,0.0,0.0,0.0,0.0,0.625,0.75,0.0,0.0,0.0,0.0,0.0,0.188,0.938,0.5,0.0,0.0,0.0,0.0,0.0,0.5,1.0,0.812,0.938,0.938,0.312,0.0,0.0,0.25,1.0,1.0,1.0,0.812,0.188,0.0,2
0.0,0.0,0.062,0.812,0.125,0.0,0.0,0.0,0.0,0.0,0.5,0.938,0.062,0.0,0.0,0.0,0.0,0.0,0.875,0.438,0.0,0.0,0.0,0.0,0.0,0.0,0.875,0.375,0.0,0.0,0.0,0.0,0.0,0.0,1.0,0.312,0.562,0.562,0.188,0.0,0.0,0.0,0.75,1.0,0.812,0.562,0.875,0.062,0.0,0.0,0.5,0.938,0.0,0.062,0.875,0.312,0.0,0.0,0.062,0.688,1.0,1.0,0.812,0.062,6
0.0,0.0,0.062,0.875,0.938,0.25,0.0,0.0,0.0,0.0,0.562,1.0,0.625,0.312,0.0,0.0,0.0,0.062,1.0,0.625,0.0,0.0,0.0,0.0,0.0,0.188,1.0,0.75,0.312,0.0,0.0,0.0,0.0,0.25,1.0,1.0,1.0,0.5,0.0,0.0,0.0,0.062,0.938,0.438,0.25,1.0,0.25,0.0,0.0,0.0,0.688,0.812,0.25,1.0,0.562,0.0,0.0,0.0,0.062,0.75,1.0,1.0,0.562,0.0,6
0.0,0.0,0.0,0.0,0.688,0.938,0.25,0.0,0.0,0.0,0.0,0.188,1.0,1.0,0.75,0.0,0.0,0.0,0.0,0.5,0.875,1.0,0.75,0.0,0.0,0.0,0.0,0.312,0.625,1.0,0.375,0.0,0.0,0.062,0.438,0.688,1.0,0.812,0.0,0.0,0.0,0.562,1.0,1.0,0.875,0.062,0.0,0.0,0.0,0.188,0.5,0.875,1.0,0.562,0.0,0.0,0.0,0.0,0.0,0.062,0.688,1.0,0.75,0.0,2
0.0,0.0,0.0,0.312,0.75,0.75,0.0,0.0,0.0,0.0,0.312,1.0,0.375,0.062,0.0,0.0,0.0,0.0,0.938,0.312,0.0,0.0,0.0,0.0,0.0,0.312,0.812,0.125,0.438,0.25,0.0,0.0,0.0,0.438,0.938,1.0,0.812,0.938,0.188,0.0,0.0,0.188,1.0,0.562,0.0,0.062,0.75,0.0,0.0,0.0,0.625,0.75,0.125,0.375,0.812,0.0,0.0,0.0,0.0,0.5,0.938,1.0,0.312,0.0,6
0.0,0.0,0.188,1.0,0.25,0.0,0.0,0.0,0.0,0.0,0.75,0.812,0.125,0.312,0.0,0.0,0.0,0.125,1.0,0.375,0.625,0.938,0.062,0.0,0.0,0.562,0.938,0.188,1.0,0.688,0.438,0.0,0.0,0.75,1.0,1.0,0.938,0.688,0.312,0.0,0.0,0.188,0.562,1.0,0.188,0.0,0.0,0.0,0.0,0.0,0.125,1.0,0.188,0.0,0.0,0.0,0.0,0.0,0.375,0.875,0.0,0.0,0.0,0.0,4
0.0,0.0,0.0,0.375,0.688,0.0,0.0,0.0,0.0,0.0,0.0,0.938,0.625,0.0,0.0,0.0,0.0,0.0,0.438,0.938,0.125,0.0,0.0,0.0,0.0,0.0,1.0,0.375,0.0,0.0,0.0,0.0,0.0,0.188,1.0,0.438,0.312,0.312,0.0,0.0,0.0,0.125,1.0,0.812,0.562,0.812,0.688,0.0,0.0,0.0,0.5,0.812,0.438,0.312,0.938,0.188,0.0,0.0,0.0,0.312,0.688,0.812,0.75,0.125,6
0.0,0.0,0.0,0.375,0.875,0.0,0.0,0.0,0.0,0.0,0.25,0.938,0.25,0.0,0.0,0.0,0.0,0.062,0.812,0.562,0.25,0.438,0.0,0.0,0.0,0.438,0.812,0.062,0.812,0.625,0.375,0.0,0.0,0.875,0.875,0.5,1.0,1.0,0.625,0.0,0.0,0.438,0.938,1.0,1.0,0.438,0.062,0.0,0.0,0.0,0.0,0.375,1.0,0.0,0.0,0.0,0.0,0.0,0.0,0.625,0.812,0.0,0.0,0.0,4
0.0,0.0,0.062,0.75,0.75,0.188,0.0,0.0,0.0,0.0,0.562,0.812,0.312,0.875,0.0,0.0,0.0,0.0,0.938,0.188,0.0,0.625,0.125,0.0,0.0,0.188,1.0,0.25,0.0,0.562,0.25,0.0,0.0,0.25,0.812,0.0,0.0,0.562,0.125,0.0,0.0,0.188,0.812,0.0,0.062,0.938,0.0,0.0,0.0,0.0,0.812,0.375,0.5,0.562,0.0,0.0,0.0,0.0,0.125,0.875,0.75,0.125,0.0,0.0,0
0.0,0.188,0.938,0.875,0.312,0.0,0.0,0.0,0.0,0.875,0.875,0.875,0.938,0.0,0.0,0.0,0.0,0.5,0.062,0.375,1.0,0.125,0.0,0.0,0.0,0.0,0.0,0.562,1.0,0.125,0.0,0.0,0.0,0.0,0.062,0.875,0.688,0.0,0.0,0.0,0.0,0.0,0.562,1.0,0.125,0.0,0.062,0.0,0.0,0.25,1.0,0.938,0.5,0.562,0.938,0.0,0.0,0.188,1.0,1.0,1.0,0.938,0.312,0.0,2
0.0,0.0,0.312,0.688,1.0,1.0,0.312,0.0,0.0,0.188,0.938,0.688,0.625,1.0,0.25,0.0,0.0,0.0,0.25,0.0,0.625,0.875,0.0,0.0,0.0,0.0,0.438,0.938,1.0,1.0,0.75,0.0,0.0,0.0,0.562,1.0,0.875,0.25,0.062,0.0,0.0,0.0,0.062,0.875,0.438,0.0,0.0,0.0,0.0,0.0,0.25,1.0,0.25,0.0,0.0,0.0,0.0,0.0,0.5,1.0,0.0,0.0,0.0,0.0,7
0.0,0.0,0.438,1.0,0.938,0.25,0.0,0.0,0.0,0.0,0.688,1.0,0.938,0.75,0.0,0.0,0.0,0.0,0.312,1.0,1.0,0.875,0.0,0.0,0.0,0.0,0.0,0.188,0.5,0.938,0.312,0.0,0.0,0.0,0.0,0.0,0.0,0.625,0.625,0.0,0.0,0.0,0.0,0.0,0.0,0.688,0.688,0.0,0.0,0.0,0.062,0.0,0.312,0.938,0.562,0.0,0.0,0.0,0.375,0.938,1.0,1.0,0.125,0.0,9
0.0,0.062,0.625,0.812,0.562,0.125,0.0,0.0,0.0,0.125,0.75,0.25,0.75,0.625,0.0,0.0,0.0,0.0,0.875,0.312,0.688,0.688,0.0,0.0,0.0,0.0,0.125,0.5,0.5,0.938,0.125,0.0,0.0,0.0,0.0,0.0,0.0,0.75,0.312,0.0,0.0,0.0,0.0,0.0,0.0,0.25,0.75,0.0,0.0,0.0,0.25,0.062,0.0,0.5,0.688,0.0,0.0,0.0,0.688,1.0,1.0,0.875,0.188,0.0,9
0.0,0.0,0.062,0.438,0.75,0.188,0.0,0.0,0.0,0.25,1.0,0.75,0.75,0.625,0.0,0.0,0.0,0.875,0.562,0.0,0.688,0.5,0.0,0.0,0.0,0.438,0.312,0.0,0.938,0.25,0.0,0.0,0.0,0.0,0.0,0.125,0.875,0.438,0.0,0.0,0.0,0.0,0.0,0.0,0.125,0.812,0.562,0.0,0.0,0.0,0.312,0.625,0.25,0.0,0.875,0.312,0.0,0.0,0.062,0.562,0.938,1.0,1.0,0.5,3
0.0,0.0,0.438,0.812,0.25,0.062,0.0,0.0,0.0,0.062,0.938,0.812,0.938,0.688,0.0,0.0,0.0,0.438,1.0,0.062,0.812,1.0,0.25,0.0,0.0,0.188,1.0,0.75,1.0,1.0,0.438,0.0,0.0,0.0,0.25,0.688,0.312,1.0,0.5,0.0,0.0,0.0,0.0,0.0,0.125,1.0,0.312,0.0,0.0,0.0,0.75,0.375,0.562,0.875,0.062,0.0,0.0,0.0,0.375,0.812,1.0,0.312,0.0,0.0,9
0.0,0.0,0.438,0.875,0.125,0.0,0.0,0.0,0.0,0.0,0.125,1.0,0.375,0.0,0.0,0.0,0.0,0.0,0.125,0.938,0.562,0.0,0.0,0.0,0.0,0.0,0.125,1.0,0.75,0.0,0.0,0.0,0.0,0.0,0.125,1.0,1.0,0.312,0.0,0.0,0.0,0.0,0.0,0.188,0.812,0.812,0.0,0.0,0.0,0.0,0.375,0.75,0.875,1.0,0.75,0.312,0.0,0.0,0.312,1.0,1.0,1.0,1.0,0.938,1
0.0,0.125,0.938,0.812,0.062,0.0,0.0,0.0,0.0,0.812,0.75,0.875,0.438,0.0,0.0,0.0,0.0,0.5,0.375,0.375,0.812,0.0,0.0,0.0,0.0,0.0,0.0,0.312,0.938,0.0,0.0,0.0,0.0,0.0,0.0,0.688,0.625,0.0,0.0,0.0,0.0,0.0,0.125,1.0,0.312,0.0,0.0,0.0,0.0,0.0,0.688,1.0,0.812,0.875,0.75,0.0,0.0,0.188,1.0,0.875,0.5,0.5,0.438,0.0,2
0.0,0.0,0.375,1.0,1.0,0.438,0.0,0.0,0.0,0.5,1.0,0.812,0.625,1.0,0.0,0.0,0.0,0.375,0.562,0.0,0.375,0.938,0.0,0.0,0.0,0.0,0.0,0.0,0.812,0.562,0.0,0.0,0.0,0.0,0.0,0.375,1.0,0.062,0.0,0.0,0.0,0.0,0.062,0.938,0.5,0.188,0.312,0.0,0.0,0.0,0.5,1.0,0.688,1.0,0.562,0.0,0.0,0.0,0.312,1.0,1.0,0.438,0.0,0.0,2
0.0,0.0,0.625,1.0,1.0,0.688,0.0,0.0,0.0,0.062,0.688,0.438,0.375,1.0,0.188,0.0,0.0,0.0,0.0,0.0,0.625,0.938,0.0,0.0,0.0,0.0,0.0,0.0,0.938,0.438,0.0,0.0,0.0,0.0,0.0,0.0,0.938,0.562,0.0,0.0,0.0,0.0,0.0,0.0,0.438,0.812,0.0,0.0,0.0,0.0,0.312,0.25,0.625,1.0,0.0,0.0,0.0,0.0,0.625,1.0,1.0,0.625,0.0,0.0,3
0.0,0.0,0.562,0.812,0.938,0.625,0.062,0.0,0.0,0.062,0.938,0.312,0.438,1.0,0.312,0.0,0.0,0.0,0.938,0.438,0.625,1.0,0.375,0.0,0.0,0.0,0.125,0.438,0.438,0.625,0.5,0.0,0.0,0.0,0.0,0.0,0.0,0.5,0.5,0.0,0.0,0.0,0.0,0.0,0.0,0.688,0.312,0.0,0.0,0.0,0.875,0.375,0.625,0.75,0.0,0.0,0.0,0.0,0.562,1.0,0.75,0.062,0.0,0.0,9
0.0,0.0,0.375,1.0,0.5,0.0,0.0,0.0,0.0,0.0,0.5,0.812,1.0,0.188,0.0,0.0,0.0,0.0,0.125,0.75,0.625,0.5,0.0,0.0,0.0,0.0,0.0,0.0,0.438,0.688,0.0,0.0,0.0,0.0,0.0,0.0,0.562,0.625,0.0,0.0,0.0,0.0,0.0,0.0,0.812,0.438,0.0,0.0,0.0,0.0,0.062,0.625,1.0,0.625,0.5,0.188,0.0,0.0,0.25,1.0,1.0,0.938,1.0,1.0,2
0.0,0.0,0.0,0.062,0.438,0.938,0.688,0.0,0.0,0.0,0.0,0.688,0.5,0.188,0.812,0.0,0.0,0.0,0.625,0.375,0.125,0.75,0.688,0.0,0.0,0.062,1.0,0.75,1.0,1.0,0.438,0.0,0.0,0.125,1.0,0.875,0.438,0.75,0.125,0.0,0.0,0.0,0.0,0.0,0.188,0.688,0.0,0.0,0.0,0.0,0.0,0.0,0.438,0.562,0.0,0.0,0.0,0.0,0.0,0.0,0.562,0.375,0.0,0.0,9
0.0,0.0,0.0,0.812,0.938,0.125,0.0,0.0,0.0,0.0,0.25,1.0,0.688,0.062,0.0,0.0,0.0,0.0,0.812,0.938,0.062,0.0,0.0,0.0,0.0,0.0,0.938,0.562,0.0,0.0,0.0,0.0,0.0,0.25,1.0,0.875,0.938,0.5,0.0,0.0,0.0,0.062,1.0,0.938,0.5,0.812,0.562,0.0,0.0,0.0,0.688,0.625,0.0,0.688,1.0,0.0,0.0,0.0,0.125,0.875,1.0,1.0,0.812,0.0,6
0.0,0.062,0.938,1.0,0.625,0.0,0.0,0.0,0.0,0.438,0.938,0.625,1.0,0.0,0.0,0.0,0.0,0.25,0.75,0.062,1.0,0.25,0.0,0.0,0.0,0.0,0.125,0.188,1.0,0.062,0.0,0.0,0.0,0.0,0.0,0.25,0.938,0.0,0.0,0.0,0.0,0.0,0.0,0.688,0.75,0.0,0.0,0.0,0.0,0.0,0.688,1.0,0.875,0.875,0.938,0.188,0.0,0.062,0.938,1.0,1.0,1.0,1.0,0.312,2
0.0,0.0,0.438,0.688,0.75,0.875,0.125,0.0,0.0,0.5,1.0,0.562,0.25,0.188,0.0,0.0,0.0,0.625,0.938,0.312,0.0,0.0,0.0,0.0,0.0,0.188,0.75,1.0,0.875,0.25,0.0,0.0,0.0,0.0,0.0,0.125,0.812,1.0,0.125,0.0,0.0,0.0,0.0,0.0,0.0,0.938,0.562,0.0,0.0,0.0,0.125,0.25,0.5,0.938,0.562,0.0,0.0,0.0,0.625,1.0,0.812,0.5,0.0,0.0,5
0.0,0.0,0.438,1.0,1.0,1.0,0.625,0.0,0.0,0.0,0.625,0.625,0.312,0.75,1.0,0.125,0.0,0.0,0.0,0.0,0.438,0.938,0.375,0.0,0.0,0.0,0.062,0.812,1.0,0.812,0.0,0.0,0.0,0.0,0.0,0.438,0.75,1.0,0.375,0.0,0.0,0.0,0.0,0.0,0.125,1.0,0.375,0.0,0.0,0.0,0.125,0.562,0.688,0.875,0.062,0.0,0.0,0.0,0.312,1.0,0.938,0.312,0.0,0.0,3
0.0,0.0,0.0,0.625,0.688,0.062,0.0,0.0,0.0,0.0,0.062,0.938,0.5,0.5,0.0,0.0,0.0,0.312,0.25,0.625,0.0,0.75,0.0,0.0,0.0,0.438,0.5,0.625,0.0,0.438,0.312,0.0,0.0,0.375,0.625,0.0,0.0,0.125,0.562,0.0,0.0,0.062,0.812,0.0,0.0,0.125,0.688,0.0,0.0,0.0,0.375,0.688,0.25,0.625,0.688,0.0,0.0,0.0,0.0,0.562,0.938,0.875,0.312,0.0,0
0.0,0.0,0.188,0.938,0.125,0.0,0.0,0.0,0.0,0.0,0.75,0.75,0.062,0.438,0.0,0.0,0.0,0.125,1.0,0.25,0.562,0.812,0.0,0.0,0.0,0.5,0.688,0.375,1.0,0.062,0.125,0.0,0.0,0.75,0.625,0.75,0.875,0.75,0.688,0.0,0.0,0.688,1.0,1.0,0.875,0.438,0.062,0.0,0.0,0.062,0.438,1.0,0.0,0.0,0.0,0.0,0.0,0.0,0.312,1.0,0.062,0.0,0.0,0.0,4
0.0,0.0,0.188,0.812,0.75,0.125,0.0,0.0,0.0,0.0,0.875,0.812,0.938,0.688,0.0,0.0,0.0,0.0,0.438,0.0,0.5,0.938,0.0,0.0,0.0,0.0,0.0,0.0,0.812,0.375,0.0,0.0,0.0,0.0,0.0,0.188,1.0,0.25,0.0,0.0,0.0,0.0,0.0,0.812,0.688,0.0,0.0,0.0,0.0,0.0,0.188,1.0,0.75,0.5,0.062,0.0,0.0,0.0,0.188,1.0,0.688,0.5,0.0,0.0,2
0.0,0.0,0.125,0.875,0.625,0.0,0.0,0.0,0.0,0.0,0.75,0.625,0.0,0.0,0.0,0.0,0.0,0.125,0.938,0.125,0.0,0.0,0.0,0.0,0.0,0.438,0.75,0.062,0.25,0.375,0.0,0.0,0.0,0.438,1.0,1.0,0.938,0.938,0.5,0.0,0.0,0.0,1.0,0.812,0.0,0.25,0.75,0.0,0.0,0.0,0.625,0.75,0.25,0.5,0.938,0.0,0.0,0.0,0.125,0.688,1.0,0.938,0.312,0.0,6
0.0,0.188,0.938,0.812,0.75,0.5,0.062,0.0,0.0,0.25,1.0,0.875,0.75,0.75,0.125,0.0,0.0,0.0,1.0,0.25,0.0,0.0,0.0,0.0,0.0,0.0,0.75,0.562,0.0,0.0,0.0,0.0,0.0,0.0,0.438,1.0,0.188,0.0,0.0,0.0,0.0,0.0,0.0,0.875,0.5,0.0,0.0,0.0,0.0,0.0,0.312,0.938,0.625,0.0,0.0,0.0,0.0,0.125,0.938,1.0,0.125,0.0,0.0,0.0,5
0.0,0.125,0.812,1.0,0.625,0.0,0.0,0.0,0.0,0.75,0.938,0.562,1.0,0.125,0.0,0.0,0.0,0.625,0.5,0.062,1.0,0.375,0.0,0.0,0.0,0.062,0.062,0.125,1.0,0.375,0.0,0.0,0.0,0.0,0.0,0.625,0.938,0.125,0.0,0.0,0.0,0.0,0.125,0.938,0.562,0.0,0.0,0.0,0.0,0.125,0.938,1.0,0.562,0.5,0.375,0.0,0.0,0.062,0.812,1.0,1.0,1.0,1.0,0.188,2
0.0,0.0,0.438,0.812,0.688,0.062,0.0,0.0,0.0,0.375,0.875,0.75,0.875,0.562,0.0,0.0,0.0,0.312,0.875,0.188,0.625,0.562,0.0,0.0,0.0,0.0,0.5,0.938,0.875,0.125,0.0,0.0,0.0,0.0,0.062,0.875,1.0,0.375,0.0,0.0,0.0,0.0,0.562,0.562,0.188,0.938,0.25,0.0,0.0,0.0,0.75,0.312,0.062,0.688,0.5,0.0,0.0,0.0,0.438,1.0,1.0,0.562,0.062,0.0,8
0.0,0.0,0.375,1.0,0.938,0.312,0.0,0.0,0.0,0.0,0.125,0.812,0.875,0.812,0.0,0.0,0.0,0.0,0.0,0.125,0.875,0.875,0.062,0.0,0.0,0.0,0.0,0.188,1.0,0.625,0.0,0.0,0.0,0.0,0.0,0.0,0.875,0.625,0.0,0.0,0.0,0.0,0.0,0.0,0.625,0.875,0.0,0.0,0.0,0.0,0.5,0.438,0.75,1.0,0.0,0.0,0.0,0.0,0.375,1.0,1.0,0.75,0.062,0.0,3
0.0,0.0,0.312,1.0,0.75,0.125,0.0,0.0,0.0,0.0,0.812,0.875,0.938,0.688,0.0,0.0,0.0,0.375,0.938,0.062,0.125,1.0,0.25,0.0,0.0,0.375,0.875,0.0,0.0,0.562,0.5,0.0,0.0,0.5,0.625,0.0,0.0,0.812,0.5,0.0,0.0,0.25,0.812,0.0,0.062,0.875,0.5,0.0,0.0,0.0,0.875,0.875,0.938,0.938,0.188,0.0,0.0,0.0,0.312,0.75,0.812,0.5,0.0,0.0,0
0.0,0.0,0.0,0.062,1.0,0.188,0.0,0.0,0.0,0.0,0.0,0.625,0.688,0.0,0.0,0.0,0.0,0.0,0.062,0.875,0.188,0.0,0.0,0.0,0.0,0.0,0.438,0.75,0.0,0.188,0.562,0.0,0.0,0.0,0.875,0.125,0.0,0.625,0.438,0.0,0.0,0.375,0.812,0.312,0.688,0.875,0.062,0.0,0.0,0.688,1.0,1.0,1.0,0.562,0.0,0.0,0.0,0.062,0.125,0.062,0.875,0.062,0.0,0.0,4
0.0,0.0,0.188,0.812,0.938,0.312,0.0,0.0,0.0,0.062,0.938,0.812,0.625,0.938,0.0,0.0,0.0,0.125,1.0,0.188,0.125,0.562,0.0,0.0,0.0,0.0,0.75,0.812,0.875,0.438,0.0,0.0,0.0,0.0,0.625,1.0,0.562,0.0,0.0,0.0,0.0,0.062,1.0,0.25,0.562,0.688,0.062,0.0,0.0,0.0,0.938,0.188,0.0,0.5,0.5,0.0,0.0,0.0,0.188,0.75,0.938,0.75,0.438,0.0,8
0.0,0.0,0.0,0.375,0.875,0.188,0.0,0.0,0.0,0.0,0.312,0.938,0.438,0.062,0.0,0.0,0.0,0.0,0.625,0.625,0.0,0.0,0.0,0.0,0.0,0.0,0.75,0.312,0.0,0.0,0.0,0.0,0.0,0.0,0.875,1.0,1.0,0.688,0.125,0.0,0.0,0.125,1.0,0.812,0.188,0.5,0.75,0.0,0.0,0.0,0.5,0.938,0.312,0.25,1.0,0.125,0.0,0.0,0.0,0.25,0.875,1.0,0.812,0.0,6
0.0,0.0,0.0,0.0,0.875,0.812,0.062,0.0,0.0,0.0,0.0,0.312,1.0,1.0,0.125,0.0,0.0,0.0,0.0,0.875,1.0,0.75,0.0,0.0,0.0,0.062,0.625,1.0,1.0,0.75,0.0,0.0,0.0,0.188,0.75,0.875,1.0,0.562,0.0,0.0,0.0,0.0,0.0,0.312,1.0,0.938,0.0,0.0,0.0,0.0,0.0,0.25,1.0,0.875,0.0,0.0,0.0,0.0,0.0,0.062,0.812,1.0,0.062,0.0,1
0.0,0.0,0.438,1.0,0.812,0.125,0.0,0.0,0.0,0.0,0.875,0.938,0.812,0.562,0.0,0.0,0.0,0.0,0.875,0.5,0.562,0.625,0.0,0.0,0.0,0.0,0.062,0.125,0.562,0.75,0.0,0.0,0.0,0.0,0.0,0.0,0.812,0.5,0.0,0.0,0.0,0.0,0.0,0.312,1.0,0.25,0.0,0.0,0.0,0.0,0.375,0.938,1.0,0.312,0.312,0.312,0.0,0.0,0.375,1.0,1.0,1.0,1.0,0.812,2
0.0,0.0,0.062,0.5,0.875,0.938,0.312,0.0,0.0,0.062,0.875,0.5,0.062,0.875,0.5,0.0,0.0,0.438,0.75,0.0,0.438,1.0,0.5,0.0,0.0,0.25,0.875,0.75,0.75,0.562,0.5,0.0,0.0,0.0,0.062,0.188,0.0,0.562,0.5,0.0,0.0,0.0,0.0,0.0,0.0,0.812,0.375,0.0,0.0,0.0,0.75,0.625,0.25,1.0,0.0,0.0,0.0,0.0,0.125,0.5,1.0,0.438,0.0,0.0,9
0.0,0.062,0.625,0.938,1.0,0.688,0.0,0.0,0.0,0.5,0.688,0.25,0.438,0.875,0.0,0.0,0.0,0.438,0.062,0.125,0.812,0.438,0.0,0.0,0.0,0.0,0.0,0.625,1.0,0.375,0.0,0.0,0.0,0.0,0.0,0.0,0.062,0.875,0.312,0.0,0.0,0.0,0.0,0.0,0.0,0.438,0.562,0.0,0.0,0.0,0.125,0.0,0.188,0.688,0.438,0.0,0.0,0.0,0.938,1.0,1.0,0.438,0.0,0.0,3
0.0,0.0,0.312,0.938,0.938,0.125,0.0,0.0,0.0,0.188,1.0,0.562,1.0,0.312,0.0,0.0,0.0,0.312,0.562,0.062,1.0,0.062,0.0,0.0,0.0,0.0,0.0,0.625,0.562,0.0,0.0,0.0,0.0,0.0,0.062,1.0,0.188,0.0,0.0,0.0,0.0,0.0,0.562,0.562,0.0,0.0,0.0,0.0,0.0,0.0,0.688,0.875,0.438,0.375,0.125,0.0,0.0,0.0,0.375,1.0,1.0,0.938,0.125,0.0,2
0.0,0.0,0.0,0.25,0.938,0.125,0.0,0.0,0.0,0.0,0.0,0.812,0.812,0.0,0.0,0.0,0.0,0.0,0.188,1.0,0.375,0.0,0.625,0.062,0.0,0.0,0.75,0.75,0.062,0.438,0.938,0.062,0.0,0.312,1.0,0.188,0.0,0.875,0.625,0.0,0.125,1.0,0.812,0.5,0.5,1.0,0.188,0.0,0.5,1.0,1.0,1.0,1.0,0.812,0.0,0.0,0.0,0.0,0.0,0.438,1.0,0.375,0.0,0.0,4
0.0,0.0,0.438,0.75,0.938,0.375,0.0,0.0,0.0,0.875,1.0,0.938,0.375,0.0,0.0,0.0,0.0,1.0,1.0,0.812,0.0,0.0,0.0,0.0,0.0,0.625,1.0,0.875,0.5,0.0,0.0,0.0,0.0,0.0,0.125,0.5,0.812,0.0,0.0,0.0,0.0,0.0,0.0,0.625,0.938,0.0,0.0,0.0,0.0,0.0,0.25,0.812,0.938,0.0,0.0,0.0,0.0,0.0,0.438,1.0,0.438,0.0,0.0,0.0,5
0.0,0.0,0.0,0.25,0.938,0.75,0.0,0.0,0.0,0.0,0.312,0.938,1.0,0.688,0.0,0.0,0.0,0.5,1.0,1.0,1.0,0.25,0.0,0.0,0.0,0.875,0.688,0.688,1.0,0.125,0.0,0.0,0.0,0.0,0.0,0.438,1.0,0.0,0.0,0.0,0.0,0.0,0.0,0.562,1.0,0.125,0.0,0.0,0.0,0.0,0.0,0.562,1.0,0.188,0.0,0.0,0.0,0.0,0.0,0.312,1.0,0.312,0.0,0.0,1
0.0,0.0,0.188,0.875,1.0,0.875,0.0,0.0,0.0,0.188,0.75,1.0,0.5,0.062,0.0,0.0,0.0,0.938,1.0,0.75,0.0,0.0,0.0,0.0,0.0,0.625,1.0,1.0,0.5,0.0,0.0,0.0,0.0,0.0,0.438,0.688,0.938,0.062,0.0,0.0,0.0,0.0,0.0,0.438,1.0,0.062,0.0,0.0,0.0,0.0,0.5,0.938,1.0,0.125,0.0,0.0,0.0,0.0,0.25,1.0,0.562,0.0,0.0,0.0,5
0.0,0.0,0.0,0.688,1.0,0.75,0.062,0.0,0.0,0.0,0.312,1.0,0.625,1.0,0.25,0.0,0.0,0.125,0.938,0.625,0.0,0.5,0.062,0.0,0.0,0.312,1.0,0.562,0.062,0.0,0.0,0.0,0.0,0.5,1.0,1.0,0.562,0.0,0.0,0.0,0.0,0.125,1.0,0.625,1.0,0.375,0.0,0.0,0.0,0.0,0.688,1.0,1.0,0.438,0.0,0.0,0.0,0.0,0.062,0.5,0.812,0.0,0.0,0.0,6
0.0,0.0,0.0,0.375,1.0,0.375,0.0,0.0,0.0,0.0,0.312,1.0,0.625,0.0,0.0,0.0,0.0,0.125,0.938,0.875,0.0,0.438,0.062,0.0,0.0,0.375,1.0,0.188,0.188,1.0,0.562,0.0,0.0,0.688,1.0,0.5,0.688,1.0,0.375,0.0,0.0,0.188,0.938,1.0,1.0,0.938,0.062,0.0,0.0,0.0,0.0,0.188,1.0,0.438,0.0,0.0,0.0,0.0,0.0,0.312,1.0,0.188,0.0,0.0,4
0.0,0.0,0.5,0.875,0.688,0.125,0.0,0.0,0.0,0.375,1.0,0.438,0.375,0.812,0.062,0.0,0.0,0.5,0.688,0.0,0.0,0.625,0.25,0.0,0.0,0.438,0.5,0.0,0.0,0.312,0.438,0.0,0.0,0.5,0.25,0.0,0.0,0.438,0.5,0.0,0.0,0.125,0.625,0.0,0.0,0.438,0.625,0.0,0.0,0.0,0.875,0.188,0.25,0.938,0.188,0.0,0.0,0.0,0.312,1.0,1.0,0.438,0.0,0.0,0
0.0,0.0,0.312,0.75,0.812,0.25,0.0,0.0,0.0,0.188,1.0,0.625,0.125,0.312,0.562,0.0,0.0,0.0,0.938,0.875,0.688,0.938,0.188,0.0,0.0,0.0,0.438,1.0,0.938,0.062,0.0,0.0,0.0,0.0,0.188,1.0,1.0,0.25,0.0,0.0,0.0,0.0,0.5,0.875,0.812,0.75,0.0,0.0,0.0,0.0,0.75,0.75,0.812,0.688,0.0,0.0,0.0,0.0,0.438,1.0,0.688,0.125,0.0,0.0,8
0.0,0.0,0.0,0.125,0.875,0.0,0.0,0.0,0.0,0.0,0.0,0.75,0.562,0.0,0.0,0.0,0.0,0.0,0.5,0.75,0.0,0.0,0.812,0.312,0.0,0.0,0.812,0.5,0.0,0.562,0.875,0.0,0.0,0.25,1.0,1.0,0.75,1.0,0.25,0.0,0.0,0.25,0.75,0.75,0.938,0.75,0.0,0.0,0.0,0.0,0.0,0.062,0.938,0.25,0.0,0.0,0.0,0.0,0.0,0.25,0.625,0.0,0.0,0.0,4
0.0,0.0,0.75,1.0,0.938,0.375,0.0,0.0,0.0,0.0,0.938,0.75,0.438,0.938,0.062,0.0,0.0,0.062,0.938,0.938,0.438,1.0,0.25,0.0,0.0,0.062,0.75,1.0,1.0,0.875,0.062,0.0,0.0,0.0,0.0,0.25,0.625,0.812,0.0,0.0,0.0,0.0,0.0,0.0,0.062,0.938,0.188,0.0,0.0,0.0,0.188,0.0,0.125,1.0,0.375,0.0,0.0,0.0,0.812,1.0,1.0,0.938,0.062,0.0,9
0.0,0.125,0.75,0.812,1.0,1.0,0.25,0.0,0.0,0.688,1.0,0.812,0.438,0.25,0.062,0.0,0.0,0.812,0.875,0.0,0.0,0.0,0.0,0.0,0.0,0.062,0.938,0.75,0.0,0.0,0.0,0.0,0.0,0.0,0.375,1.0,0.188,0.0,0.0,0.0,0.0,0.0,0.0,0.812,0.438,0.0,0.0,0.0,0.0,0.188,0.312,1.0,0.438,0.0,0.0,0.0,0.0,0.188,0.812,0.938,0.0,0.0,0.0,0.0,5
0.0,0.0,0.312,1.0,1.0,1.0,1.0,0.688,0.0,0.0,0.375,0.562,0.312,0.312,0.938,0.5,0.0,0.0,0.0,0.0,0.0,0.562,0.688,0.062,0.0,0.0,0.0,0.188,0.375,1.0,0.188,0.0,0.0,0.0,0.312,1.0,1.0,1.0,0.438,0.0,0.0,0.0,0.25,0.5,1.0,0.25,0.062,0.0,0.0,0.0,0.062,0.812,0.625,0.0,0.0,0.0,0.0,0.0,0.188,1.0,0.125,0.0,0.0,0.0,7
0.0,0.062,0.812,0.938,0.125,0.0,0.0,0.0,0.0,0.375,0.938,0.938,0.562,0.0,0.0,0.0,0.0,0.562,0.5,0.625,0.812,0.0,0.0,0.0,0.0,0.312,0.188,0.75,0.75,0.0,0.0,0.0,0.0,0.0,0.188,1.0,0.375,0.0,0.0,0.0,0.0,0.312,0.938,0.938,0.062,0.0,0.0,0.0,0.0,0.375,1.0,0.938,0.75,0.75,0.688,0.0,0.0,0.062,0.688,0.812,1.0,1.0,0.75,0.0,2
0.0,0.0,0.562,1.0,0.188,0.0,0.0,0.0,0.0,0.0,0.688,1.0,0.875,0.062,0.0,0.0,0.0,0.0,0.0,0.688,1.0,0.25,0.0,0.0,0.0,0.0,0.0,0.5,1.0,0.625,0.062,0.0,0.0,0.062,0.75,1.0,1.0,1.0,0.562,0.0,0.0,0.062,0.688,1.0,0.688,0.25,0.0,0.0,0.0,0.0,0.375,1.0,0.25,0.0,0.0,0.0,0.0,0.0,0.688,0.688,0.0,0.0,0.0,0.0,7
0.0,0.0,0.0,0.0,0.625,0.0,0.0,0.0,0.0,0.0,0.0,0.625,0.5,0.0,0.5,0.0,0.0,0.0,0.25,0.812,0.125,0.125,0.875,0.0,0.0,0.125,0.875,0.75,0.438,0.5,0.625,0.0,0.0,0.562,1.0,1.0,1.0,1.0,0.438,0.0,0.0,0.0,0.0,0.0,0.312,0.938,0.062,0.0,0.0,0.0,0.0,0.0,0.5,0.75,0.0,0.0,0.0,0.0,0.0,0.0,1.0,0.5,0.0,0.0,4
0.0,0.0,0.188,0.875,1.0,0.875,0.0,0.0,0.0,0.0,0.812,0.812,0.812,1.0,0.125,0.0,0.0,0.0,0.062,0.0,0.562,0.938,0.0,0.0,0.0,0.0,0.562,0.75,0.938,1.0,0.625,0.0,0.0,0.25,1.0,1.0,1.0,0.688,0.188,0.0,0.0,0.0,0.25,0.562,0.875,0.125,0.0,0.0,0.0,0.0,0.125,0.938,0.562,0.0,0.0,0.0,0.0,0.0,0.25,0.812,0.062,0.0,0.0,0.0,7
0.0,0.0,0.0,0.188,1.0,0.125,0.0,0.0,0.0,0.0,0.0,0.625,0.812,0.188,0.5,0.0,0.0,0.0,0.062,1.0,0.312,0.562,1.0,0.0,0.0,0.125,0.75,0.875,0.312,0.938,0.562,0.0,0.0,0.75,1.0,1.0,1.0,1.0,0.438,0.0,0.0,0.312,0.312,0.375,0.875,1.0,0.0,0.0,0.0,0.0,0.0,0.062,0.812,0.75,0.0,0.0,0.0,0.0,0.0,0.188,1.0,0.25,0.0,0.0,4
0.0,0.0,0.0,0.625,0.562,0.0,0.0,0.0,0.0,0.0,0.312,0.938,0.0,0.0,0.562,0.312,0.0,0.0,0.875,0.625,0.0,0.438,1.0,0.25,0.0,0.312,1.0,0.438,0.312,1.0,0.375,0.0,0.0,0.688,1.0,1.0,1.0,0.875,0.0,0.0,0.0,0.188,0.25,0.688,1.0,0.5,0.0,0.0,0.0,0.0,0.0,0.438,1.0,0.125,0.0,0.0,0.0,0.0,0.0,0.75,0.75,0.0,0.0,0.0,4
0.0,0.0,0.0,0.75,0.938,0.375,0.0,0.0,0.0,0.0,0.312,1.0,0.812,0.938,0.0,0.0,0.0,0.0,0.125,1.0,1.0,0.75,0.062,0.0,0.0,0.0,0.0,0.688,1.0,0.875,0.062,0.0,0.0,0.0,0.438,1.0,0.938,0.625,0.0,0.0,0.0,0.062,1.0,0.5,0.125,0.875,0.312,0.0,0.0,0.0,0.75,0.625,0.25,0.75,0.438,0.0,0.0,0.0,0.125,0.688,1.0,0.812,0.188,0.0,8
0.0,0.0,0.312,0.75,0.562,0.062,0.0,0.0,0.0,0.0,0.875,0.875,0.812,0.812,0.0,0.0,0.0,0.188,0.75,0.062,0.062,0.812,0.25,0.0,0.0,0.438,0.5,0.0,0.0,0.375,0.5,0.0,0.0,0.5,0.5,0.0,0.0,0.312,0.5,0.0,0.0,0.312,0.625,0.0,0.0,0.688,0.25,0.0,0.0,0.062,0.938,0.562,0.688,0.812,0.0,0.0,0.0,0.0,0.438,0.938,0.75,0.125,0.0,0.0,0
0.0,0.0,0.0,0.125,1.0,0.25,0.0,0.0,0.0,0.0,0.0,0.625,1.0,0.375,0.0,0.0,0.0,0.0,0.25,1.0,0.75,0.938,0.0,0.0,0.0,0.125,0.812,0.5,0.562,0.875,0.0,0.0,0.0,0.562,1.0,1.0,1.0,1.0,0.375,0.0,0.0,0.125,0.25,0.312,0.875,0.938,0.0,0.0,0.0,0.0,0.0,0.0,0.938,0.688,0.0,0.0,0.0,0.0,0.0,0.0,0.812,0.5,0.0,0.0,4
0.0,0.0,0.125,0.812,1.0,0.875,0.062,0.0,0.0,0.0,0.688,0.75,0.438,1.0,0.188,0.0,0.0,0.0,0.562,0.188,0.125,1.0,0.188,0.0,0.0,0.0,0.0,0.0,0.562,0.688,0.0,0.0,0.0,0.0,0.125,0.688,0.938,0.812,0.188,0.0,0.0,0.0,0.25,0.938,1.0,0.812,0.188,0.0,0.0,0.0,0.0,0.875,0.5,0.0,0.0,0.0,0.0,0.0,0.312,0.938,0.25,0.0,0.0,0.0,7
0.0,0.0,0.312,0.812,0.25,0.0,0.0,0.0,0.0,0.0,0.938,0.875,0.875,0.312,0.0,0.0,0.0,0.0,0.75,0.438,0.5,1.0,0.062,0.0,0.0,0.0,0.25,0.812,1.0,1.0,0.062,0.0,0.0,0.0,0.0,0.0,0.0,0.938,0.125,0.0,0.0,0.0,0.0,0.0,0.0,0.875,0.375,0.0,0.0,0.0,0.125,0.438,0.5,1.0,0.25,0.0,0.0,0.0,0.375,0.75,0.812,0.625,0.0,0.0,9
0.0,0.0,0.0,0.312,0.938,0.125,0.0,0.0,0.0,0.0,0.0,0.875,0.625,0.125,0.0,0.0,0.0,0.0,0.75,0.875,0.25,0.938,0.0,0.0,0.0,0.375,1.0,0.25,0.562,0.938,0.5,0.0,0.0,0.875,0.938,0.688,0.938,1.0,0.562,0.0,0.0,0.438,0.938,0.938,1.0,0.688,0.0,0.0,0.0,0.0,0.0,0.188,1.0,0.375,0.0,0.0,0.0,0.0,0.0,0.375,1.0,0.125,0.0,0.0,4
0.0,0.0,0.625,0.75,0.875,0.062,0.0,0.0,0.0,0.0,1.0,1.0,1.0,0.75,0.0,0.0,0.0,0.312,1.0,0.5,0.188,1.0,0.0,0.0,0.0,0.5,0.812,0.0,0.0,0.5,0.438,0.0,0.0,0.5,0.75,0.0,0.0,0.375,0.5,0.0,0.0,0.5,0.812,0.0,0.25,0.75,0.5,0.0,0.0,0.438,1.0,1.0,1.0,0.812,0.0,0.0,0.0,0.0,0.688,0.875,0.5,0.062,0.0,0.0,0
0.0,0.0,0.062,0.938,0.938,0.125,0.0,0.0,0.0,0.0,0.188,0.75,1.0,0.375,0.0,0.0,0.0,0.0,0.0,0.25,1.0,0.25,0.0,0.0,0.0,0.0,0.188,0.5,1.0,0.25,0.0,0.0,0.0,0.625,1.0,1.0,1.0,1.0,0.5,0.0,0.0,0.5,0.688,0.875,0.875,0.312,0.062,0.0,0.0,0.0,0.0,0.938,0.375,0.0,0.0,0.0,0.0,0.0,0.062,0.938,0.125,0.0,0.0,0.0,7
0.0,0.0,0.0,0.375,0.938,0.688,0.125,0.0,0.0,0.0,0.375,0.812,0.25,0.812,0.312,0.0,0.0,0.0,0.438,0.688,0.0,0.812,0.188,0.0,0.0,0.0,0.125,0.938,0.812,0.438,0.0,0.0,0.0,0.188,0.812,0.75,1.0,0.125,0.0,0.0,0.0,0.5,0.938,0.062,0.562,0.5,0.0,0.0,0.0,0.0,0.438,0.875,0.5,1.0,0.062,0.0,0.0,0.0,0.0,0.312,0.75,1.0,0.125,0.0,8
0.0,0.0,0.188,0.812,1.0,0.438,0.0,0.0,0.0,0.062,0.75,1.0,0.5,0.0,0.0,0.0,0.0,0.125,1.0,0.5,0.0,0.0,0.0,0.0,0.0,0.5,1.0,0.25,0.0,0.0,0.0,0.0,0.0,0.562,1.0,0.625,0.688,0.25,0.0,0.0,0.0,0.375,1.0,0.875,0.812,1.0,0.188,0.0,0.0,0.062,0.688,0.688,0.125,0.875,0.625,0.0,0.0,0.0,0.125,0.938,1.0,0.938,0.375,0.0,6
0.0,0.0,0.0,0.75,1.0,0.562,0.0,0.0,0.0,0.0,0.125,1.0,1.0,0.375,0.0,0.0,0.0,0.0,0.188,1.0,1.0,0.125,0.0,0.0,0.0,0.0,0.5,1.0,0.75,0.0,0.0,0.0,0.0,0.0,0.375,1.0,1.0,0.0,0.0,0.0,0.0,0.0,0.625,1.0,0.938,0.062,0.0,0.0,0.0,0.0,0.562,1.0,0.688,0.0,0.0,0.0,0.0,0.0,0.5,1.0,0.625,0.0,0.0,0.0,1
0.0,0.0,0.125,0.938,0.375,0.0,0.0,0.0,0.0,0.0,0.625,0.875,0.0,0.312,0.0,0.0,0.0,0.0,0.812,0.562,0.562,1.0,0.188,0.0,0.0,0.375,0.938,0.375,1.0,0.188,0.0,0.0,0.0,0.562,0.812,0.75,0.938,0.75,0.5,0.0,0.0,0.562,1.0,1.0,0.875,0.438,0.125,0.0,0.0,0.062,0.438,1.0,0.438,0.0,0.0,0.0,0.0,0.0,0.125,1.0,0.438,0.0,0.0,0.0,4
0.0,0.125,0.938,0.812,0.0,0.0,0.0,0.0,0.0,0.75,1.0,1.0,0.188,0.0,0.0,0.0,0.0,0.312,0.812,1.0,0.25,0.0,0.0,0.0,0.0,0.0,0.5,1.0,0.25,0.0,0.0,0.0,0.0,0.0,0.5,1.0,0.25,0.0,0.0,0.0,0.0,0.0,0.75,1.0,0.0,0.0,0.0,0.0,0.0,0.0,1.0,1.0,1.0,0.875,0.375,0.0,0.0,0.062,1.0,1.0,1.0,0.75,0.438,0.0,2
0.0,0.062,0.5,0.875,0.938,0.125,0.0,0.0,0.0,0.125,0.812,0.562,0.875,0.5,0.0,0.0,0.0,0.0,0.0,0.0,0.75,0.562,0.0,0.0,0.0,0.0,0.125,0.812,0.812,0.0,0.0,0.0,0.0,0.0,0.188,0.938,1.0,0.375,0.0,0.0,0.0,0.062,0.062,0.0,0.75,0.875,0.0,0.0,0.0,0.312,0.812,0.312,0.375,1.0,0.062,0.0,0.0,0.062,0.562,0.75,0.812,0.562,0.0,0.0,3
0.0,0.0,0.062,0.562,0.938,0.688,0.0,0.0,0.0,0.0,0.688,1.0,0.5,0.875,0.375,0.0,0.0,0.125,1.0,0.625,0.0,0.562,0.562,0.0,0.0,0.062,1.0,0.25,0.0,0.5,0.5,0.0,0.0,0.25,1.0,0.25,0.0,0.5,0.5,0.0,0.0,0.062,1.0,0.312,0.062,0.688,0.188,0.0,0.0,0.0,0.75,0.75,0.625,0.625,0.0,0.0,0.0,0.0,0.062,0.625,0.812,0.188,0.0,0.0,0
0.0,0.0,0.062,0.75,0.438,0.0,0.0,0.0,0.0,0.0,0.5,0.875,0.062,0.0,0.0,0.0,0.0,0.0,0.938,0.438,0.0,0.188,0.312,0.0,0.0,0.312,1.0,0.0,0.25,0.938,0.25,0.0,0.0,0.312,1.0,1.0,1.0,0.938,0.125,0.0,0.0,0.0,0.688,0.75,1.0,0.5,0.0,0.0,0.0,0.0,0.0,0.312,1.0,0.188,0.0,0.0,0.0,0.0,0.0,0.812,0.625,0.0,0.0,0.0,4
0.0,0.0,0.312,0.75,1.0,0.938,0.0,0.0,0.0,0.188,1.0,0.5,0.562,1.0,0.0,0.0,0.0,0.25,1.0,0.875,1.0,0.438,0.0,0.0,0.0,0.312,1.0,0.938,0.312,0.0,0.0,0.0,0.0,0.5,0.938,0.375,0.0,0.0,0.0,0.0,0.0,0.25,0.5,0.875,0.0,0.0,0.0,0.0,0.0,0.188,0.625,1.0,0.062,0.0,0.0,0.0,0.0,0.0,0.375,0.938,0.125,0.0,0.0,0.0,8
0.0,0.062,0.75,1.0,0.625,0.062,0.0,0.0,0.0,0.5,0.75,0.188,0.688,0.5,0.0,0.0,0.0,0.75,0.812,0.375,0.75,0.5,0.0,0.0,0.0,0.188,0.938,1.0,1.0,1.0,0.062,0.0,0.0,0.0,0.0,0.0,0.0,0.812,0.375,0.0,0.0,0.0,0.0,0.0,0.0,0.375,0.688,0.0,0.0,0.0,0.812,0.0,0.0,0.312,0.75,0.0,0.0,0.0,0.75,1.0,1.0,1.0,0.5,0.0,9
0.0,0.0,0.125,0.938,1.0,0.562,0.0,0.0,0.0,0.0,0.188,0.812,0.688,1.0,0.0,0.0,0.0,0.0,0.0,0.125,0.812,0.75,0.0,0.0,0.0,0.0,0.0,0.562,1.0,0.688,0.0,0.0,0.0,0.188,0.188,0.062,0.375,0.938,0.5,0.0,0.0,0.688,0.812,0.0,0.0,0.625,0.75,0.0,0.0,0.188,1.0,0.75,0.438,1.0,0.5,0.0,0.0,0.0,0.188,0.938,1.0,0.625,0.0,0.0,3
0.0,0.0,0.125,0.812,0.375,0.0,0.0,0.0,0.0,0.0,0.25,1.0,0.938,0.312,0.0,0.0,0.0,0.0,0.062,0.938,0.75,0.938,0.0,0.0,0.0,0.0,0.0,0.625,1.0,1.0,0.062,0.0,0.0,0.0,0.0,0.0,0.125,1.0,0.125,0.0,0.0,0.0,0.0,0.0,0.0,0.938,0.312,0.0,0.0,0.0,0.25,0.25,0.375,1.0,0.188,0.0,0.0,0.0,0.125,0.875,1.0,0.625,0.0,0.0,9
0.0,0.0,0.75,1.0,0.875,0.25,0.0,0.0,0.0,0.0,0.5,0.875,1.0,0.625,0.0,0.0,0.0,0.0,0.0,0.0,0.875,0.812,0.0,0.0,0.0,0.0,0.0,0.0,0.812,0.625,0.0,0.0,0.0,0.125,0.938,1.0,1.0,0.812,0.188,0.0,0.0,0.062,0.5,0.75,0.938,0.75,0.25,0.0,0.0,0.0,0.125,0.938,0.5,0.0,0.0,0.0,0.0,0.0,0.75,0.812,0.0,0.0,0.0,0.0,7
0.0,0.0,0.0,0.188,0.75,0.625,0.0,0.0,0.0,0.0,0.062,0.875,0.375,0.938,0.0,0.0,0.0,0.0,0.0,1.0,0.375,0.625,0.0,0.0,0.0,0.0,0.0,0.875,1.0,0.125,0.0,0.0,0.0,0.0,0.188,0.875,0.938,0.188,0.0,0.0,0.0,0.062,1.0,0.25,0.562,0.562,0.0,0.0,0.0,0.0,0.25,0.812,0.25,0.438,0.5,0.0,0.0,0.0,0.0,0.188,0.625,0.688,0.938,0.125,8
0.0,0.0,0.0,0.25,0.938,0.75,0.0,0.0,0.0,0.0,0.188,1.0,0.938,0.875,0.0,0.0,0.0,0.0,0.5,0.812,0.5,1.0,0.0,0.0,0.0,0.0,0.062,0.375,0.938,0.688,0.0,0.0,0.0,0.062,0.5,0.812,0.938,0.062,0.0,0.0,0.0,0.562,1.0,1.0,0.312,0.0,0.0,0.0,0.0,0.188,0.812,1.0,1.0,0.688,0.312,0.0,0.0,0.0,0.0,0.188,0.688,1.0,0.562,0.0,2
0.0,0.0,0.438,0.812,1.0,0.312,0.0,0.0,0.0,0.375,0.938,0.438,0.375,0.875,0.0,0.0,0.0,0.562,0.312,0.062,0.625,0.562,0.0,0.0,0.0,0.0,0.0,0.5,1.0,0.312,0.0,0.0,0.0,0.0,0.0,0.062,0.375,0.938,0.062,0.0,0.0,0.0,0.0,0.0,0.0,0.062,0.75,0.0,0.0,0.0,0.25,0.312,0.125,0.312,0.812,0.0,0.0,0.0,0.375,0.75,1.0,0.875,0.312,0.0,3
0.0,0.0,0.5,0.875,0.062,0.0,0.0,0.0,0.0,0.0,0.438,1.0,0.188,0.0,0.0,0.0,0.0,0.0,0.375,1.0,0.375,0.0,0.0,0.0,0.0,0.0,0.375,1.0,0.562,0.0,0.0,0.0,0.0,0.0,0.125,1.0,0.875,0.0,0.0,0.0,0.0,0.0,0.0,0.5,1.0,0.188,0.0,0.0,0.0,0.0,0.75,0.75,1.0,1.0,0.75,0.25,0.0,0.0,0.438,1.0,1.0,1.0,0.75,0.312,1
0.0,0.0,0.188,0.562,0.875,0.438,0.0,0.0,0.0,0.188,0.938,0.688,0.5,0.938,0.125,0.0,0.0,0.25,1.0,0.312,0.125,1.0,0.438,0.0,0.0,0.0,0.25,0.938,0.812,1.0,0.438,0.0,0.0,0.0,0.0,0.375,1.0,1.0,0.062,0.0,0.0,0.0,0.125,0.938,0.5,1.0,0.438,0.0,0.0,0.0,0.25,1.0,0.25,0.938,0.438,0.0,0.0,0.0,0.0,0.625,0.938,0.625,0.0,0.0,8
0.0,0.0,0.375,1.0,1.0,1.0,0.625,0.0,0.0,0.0,0.812,0.938,0.562,0.375,0.0,0.0,0.0,0.375,1.0,0.25,0.0,0.0,0.0,0.0,0.0,0.75,0.938,0.25,0.125,0.0,0.0,0.0,0.0,0.5,1.0,1.0,1.0,0.938,0.062,0.0,0.0,0.0,0.375,0.5,0.562,1.0,0.25,0.0,0.0,0.0,0.062,0.188,0.812,0.938,0.062,0.0,0.0,0.0,0.438,1.0,0.938,0.188,0.0,0.0,5
0.0,0.0,0.688,0.625,0.0,0.0,0.0,0.0,0.0,0.0,0.688,0.938,0.0,0.0,0.0,0.0,0.0,0.0,0.688,1.0,0.312,0.0,0.0,0.0,0.0,0.0,0.812,1.0,0.688,0.0,0.0,0.0,0.0,0.0,0.125,0.438,1.0,0.125,0.0,0.0,0.0,0.0,0.0,0.125,0.875,0.375,0.0,0.0,0.0,0.0,0.375,0.625,0.938,0.812,0.5,0.188,0.0,0.0,0.5,1.0,1.0,1.0,1.0,0.75,1
0.0,0.0,0.312,0.875,0.562,0.0,0.0,0.0,0.0,0.062,1.0,0.812,1.0,0.0,0.0,0.0,0.0,0.125,0.812,0.625,0.875,0.0,0.0,0.0,0.0,0.0,0.25,1.0,1.0,0.438,0.0,0.0,0.0,0.0,0.125,0.25,0.312,1.0,0.25,0.0,0.0,0.0,0.0,0.0,0.0,0.875,0.438,0.0,0.0,0.0,0.688,0.5,0.5,1.0,0.25,0.0,0.0,0.0,0.5,0.812,0.938,0.625,0.0,0.0,3
0.0,0.0,0.5,1.0,0.938,0.5,0.0,0.0,0.0,0.062,1.0,1.0,1.0,0.125,0.0,0.0,0.0,0.125,1.0,1.0,0.625,0.0,0.0,0.0,0.0,0.125,1.0,1.0,0.75,0.0,0.0,0.0,0.0,0.375,1.0,1.0,0.812,0.0,0.0,0.0,0.0,0.062,1.0,1.0,0.688,0.0,0.0,0.0,0.0,0.0,1.0,1.0,0.625,0.0,0.0,0.0,0.0,0.0,0.438,0.938,0.938,0.0,0.0,0.0,1
0.0,0.0,0.312,0.688,1.0,1.0,0.5,0.0,0.0,0.0,0.938,0.875,0.5,0.75,0.938,0.0,0.0,0.0,0.0,0.0,0.125,0.875,0.562,0.0,0.0,0.0,0.0,0.0,0.688,0.75,0.062,0.0,0.0,0.0,0.0,0.062,1.0,0.312,0.0,0.0,0.0,0.0,0.0,0.062,0.875,0.562,0.0,0.0,0.0,0.0,0.062,0.25,0.938,0.562,0.0,0.0,0.0,0.0,0.438,1.0,0.688,0.125,0.0,0.0,3
0.0,0.0,0.125,0.812,0.25,0.0,0.0,0.0,0.0,0.0,0.5,0.875,0.688,0.0,0.0,0.0,0.0,0.0,0.625,0.375,0.875,0.312,0.125,0.0,0.0,0.0,0.125,0.875,0.75,0.875,0.0,0.0,0.0,0.0,0.062,0.938,0.812,0.125,0.0,0.0,0.0,0.0,0.688,0.812,0.875,0.062,0.0,0.0,0.0,0.0,0.812,0.5,0.625,0.25,0.0,0.0,0.0,0.0,0.125,0.688,1.0,0.438,0.0,0.0,8
0.0,0.0,0.188,0.688,0.875,0.75,0.188,0.0,0.0,0.125,0.812,0.625,0.25,0.625,0.75,0.0,0.0,0.125,0.688,0.125,0.0,0.562,0.562,0.0,0.0,0.0,0.0,0.188,0.625,0.625,0.062,0.0,0.0,0.0,0.438,1.0,1.0,0.125,0.0,0.0,0.0,0.0,0.188,0.0,0.875,0.188,0.0,0.0,0.0,0.0,0.0,0.062,0.812,0.125,0.0,0.0,0.0,0.188,0.438,0.875,0.312,0.0,0.0,0.0,3
0.0,0.0,0.375,0.75,0.75,0.938,1.0,0.375,0.0,0.125,0.938,1.0,0.875,1.0,0.938,0.188,0.0,0.188,1.0,0.375,0.375,1.0,0.375,0.0,0.0,0.438,0.938,0.25,0.875,0.688,0.0,0.0,0.0,0.062,0.125,0.5,0.938,0.188,0.0,0.0,0.0,0.0,0.062,1.0,0.562,0.0,0.0,0.0,0.0,0.0,0.375,1.0,0.25,0.0,0.0,0.0,0.0,0.0,0.5,1.0,0.188,0.0,0.0,0.0,7
0.0,0.0,0.0,0.562,0.938,0.75,0.062,0.0,0.0,0.062,0.688,0.75,0.312,0.938,0.25,0.0,0.0,0.375,0.875,0.0,0.0,0.812,0.438,0.0,0.0,0.312,1.0,0.75,0.75,1.0,0.25,0.0,0.0,0.0,0.188,0.5,0.875,0.5,0.0,0.0,0.0,0.0,0.0,0.125,0.938,0.062,0.0,0.0,0.0,0.0,0.0,0.562,0.625,0.0,0.0,0.0,0.0,0.0,0.0,0.625,0.562,0.0,0.0,0.0,9
0.0,0.0,0.0,0.438,0.875,1.0,0.375,0.0,0.0,0.0,0.625,1.0,0.75,0.938,0.562,0.0,0.0,0.0,0.5,0.188,0.125,1.0,0.438,0.0,0.0,0.0,0.062,0.5,0.812,1.0,0.875,0.0,0.0,0.125,0.812,1.0,1.0,0.75,0.062,0.0,0.0,0.375,0.75,0.375,1.0,0.188,0.0,0.0,0.0,0.0,0.0,0.312,0.812,0.0,0.0,0.0,0.0,0.0,0.0,0.562,0.375,0.0,0.0,0.0,7
0.0,0.0,0.0,0.75,0.938,0.125,0.0,0.0,0.0,0.0,0.0,0.812,1.0,0.5,0.0,0.0,0.0,0.0,0.0,0.875,1.0,0.562,0.0,0.0,0.0,0.0,0.0,0.812,1.0,0.375,0.0,0.0,0.0,0.0,0.438,1.0,1.0,0.188,0.0,0.0,0.0,0.062,1.0,1.0,1.0,0.062,0.0,0.0,0.0,0.0,0.5,1.0,1.0,0.125,0.0,0.0,0.0,0.0,0.0,0.562,1.0,0.438,0.0,0.0,1
0.0,0.0,0.312,0.812,0.438,0.0,0.0,0.0,0.0,0.0,0.75,0.75,0.875,0.125,0.0,0.0,0.0,0.0,0.75,0.0,0.75,0.375,0.0,0.0,0.0,0.0,0.375,0.062,0.938,0.188,0.0,0.0,0.0,0.0,0.0,0.375,0.688,0.0,0.0,0.0,0.0,0.0,0.312,0.875,0.188,0.0,0.0,0.0,0.0,0.0,0.688,1.0,0.5,0.125,0.375,0.188,0.0,0.0,0.25,0.5,0.625,1.0,0.75,0.062,2
0.0,0.0,0.0,0.625,0.688,0.0,0.0,0.0,0.0,0.0,0.188,1.0,0.625,0.0,0.0,0.0,0.0,0.0,0.5,1.0,0.0,0.0,0.0,0.0,0.0,0.0,0.75,0.875,0.0,0.0,0.0,0.0,0.0,0.0,0.875,1.0,0.938,0.375,0.0,0.0,0.0,0.0,0.75,1.0,0.75,0.938,0.375,0.0,0.0,0.0,0.438,1.0,0.625,0.812,0.875,0.0,0.0,0.0,0.0,0.562,0.812,0.688,0.375,0.0,6
0.0,0.0,0.125,0.5,0.438,0.0,0.0,0.0,0.0,0.0,0.375,0.938,1.0,0.125,0.0,0.0,0.0,0.375,0.938,0.688,1.0,0.25,0.0,0.0,0.0,0.312,1.0,0.625,1.0,0.062,0.0,0.0,0.0,0.125,0.938,1.0,0.812,0.0,0.0,0.0,0.0,0.0,0.125,1.0,0.75,0.562,0.188,0.0,0.0,0.0,0.25,0.875,0.0,0.75,0.875,0.062,0.0,0.0,0.062,0.75,0.625,0.438,0.0,0.0,8
0.0,0.0,0.125,0.625,0.812,0.75,0.188,0.0,0.0,0.0,0.688,0.812,0.5,1.0,0.438,0.0,0.0,0.0,0.75,0.562,0.562,1.0,0.5,0.0,0.0,0.0,0.375,0.625,0.812,0.875,0.312,0.0,0.0,0.0,0.0,0.0,0.0,0.75,0.5,0.0,0.0,0.5,0.062,0.0,0.0,0.938,0.125,0.0,0.0,0.25,0.875,0.562,0.25,1.0,0.0,0.0,0.0,0.0,0.125,0.75,1.0,0.875,0.0,0.0,9
0.0,0.0,0.312,1.0,1.0,0.188,0.0,0.0,0.0,0.0,0.562,1.0,0.438,0.0,0.0,0.0,0.0,0.0,0.75,0.938,0.125,0.0,0.0,0.0,0.0,0.062,0.938,1.0,0.938,0.25,0.0,0.0,0.0,0.0,0.562,0.812,1.0,0.562,0.0,0.0,0.0,0.0,0.0,0.0,0.875,0.75,0.0,0.0,0.0,0.0,0.312,0.75,1.0,0.5,0.0,0.0,0.0,0.0,0.188,0.938,0.938,0.062,0.0,0.0,5
0.0,0.0,0.5,0.938,1.0,1.0,0.375,0.0,0.0,0.125,1.0,0.688,0.312,0.0,0.0,0.0,0.0,0.188,1.0,0.312,0.0,0.0,0.0,0.0,0.0,0.312,1.0,1.0,0.812,0.0,0.0,0.0,0.0,0.625,0.812,0.375,0.938,0.312,0.0,0.0,0.0,0.188,0.062,0.0,0.688,0.5,0.0,0.0,0.0,0.0,0.0,0.375,1.0,0.25,0.0,0.0,0.0,0.0,0.562,1.0,0.5,0.0,0.0,0.0,5
0.0,0.0,0.5,1.0,0.812,0.125,0.0,0.0,0.0,0.125,1.0,0.5,0.688,0.875,0.062,0.0,0.0,0.188,1.0,0.062,0.75,1.0,0.312,0.0,0.0,0.0,0.75,1.0,1.0,0.812,0.562,0.0,0.0,0.0,0.0,0.25,0.125,0.562,0.875,0.0,0.0,0.0,0.25,0.312,0.0,0.5,0.812,0.0,0.0,0.062,1.0,0.688,0.062,0.812,0.438,0.0,0.0,0.0,0.5,0.938,1.0,0.938,0.062,0.0,9
0.0,0.0,0.25,0.812,1.0,1.0,0.438,0.0,0.0,0.0,0.938,0.625,0.438,1.0,0.062,0.0,0.0,0.438,0.75,0.0,0.75,0.438,0.0,0.0,0.0,0.562,0.312,0.188,1.0,0.125,0.0,0.0,0.0,0.125,0.688,1.0,1.0,0.75,0.438,0.0,0.0,0.312,0.625,1.0,0.75,0.5,0.188,0.0,0.0,0.0,0.188,0.938,0.125,0.0,0.0,0.0,0.0,0.0,0.375,0.875,0.0,0.0,0.0,0.0,7
0.0,0.0,0.438,0.688,0.812,0.5,0.062,0.0,0.0,0.062,0.938,0.562,0.5,0.375,0.0,0.0,0.0,0.625,1.0,0.0,0.0,0.0,0.0,0.0,0.0,0.5,1.0,1.0,1.0,0.562,0.0,0.0,0.0,0.0,0.375,0.312,0.625,0.812,0.0,0.0,0.0,0.0,0.0,0.062,0.875,1.0,0.0,0.0,0.0,0.0,0.375,0.875,0.875,0.25,0.0,0.0,0.0,0.062,0.625,0.875,0.125,0.0,0.0,0.0,5
0.0,0.0,0.625,1.0,1.0,0.25,0.0,0.0,0.0,0.562,1.0,0.688,0.875,0.5,0.0,0.0,0.0,0.812,0.5,0.0,0.875,0.375,0.0,0.0,0.0,0.0,0.0,0.062,1.0,0.25,0.0,0.0,0.0,0.0,0.0,0.5,0.812,0.0,0.0,0.0,0.0,0.0,0.062,0.875,0.438,0.0,0.0,0.0,0.0,0.0,0.75,1.0,0.562,0.75,0.375,0.0,0.0,0.062,0.875,1.0,1.0,1.0,0.875,0.0,2
0.0,0.0,0.25,0.812,0.938,0.375,0.0,0.0,0.0,0.0,0.938,0.688,0.125,0.875,0.125,0.0,0.0,0.188,0.875,0.062,0.0,0.75,0.25,0.0,0.0,0.312,0.75,0.0,0.0,0.562,0.312,0.0,0.0,0.312,0.312,0.0,0.0,0.75,0.125,0.0,0.0,0.25,0.562,0.0,0.125,0.812,0.125,0.0,0.0,0.0,0.812,0.125,0.875,0.438,0.0,0.0,0.0,0.0,0.312,1.0,0.438,0.0,0.0,0.0,0
0.0,0.0,0.5,1.0,0.5,0.0,0.0,0.0,0.0,0.0,1.0,0.375,0.938,0.062,0.0,0.0,0.0,0.25,0.625,0.0,0.75,0.125,0.0,0.0,0.0,0.0,0.0,0.438,1.0,0.188,0.0,0.0,0.0,0.0,0.0,0.312,0.812,1.0,0.188,0.0,0.0,0.0,0.0,0.0,0.0,0.688,0.375,0.0,0.0,0.0,0.75,0.562,0.562,1.0,0.125,0.0,0.0,0.0,0.5,1.0,0.938,0.438,0.0,0.0,3
0.0,0.375,1.0,1.0,1.0,0.938,0.625,0.0,0.0,0.562,1.0,0.812,0.5,0.375,0.312,0.0,0.0,0.75,1.0,0.062,0.0,0.0,0.0,0.0,0.0,0.625,1.0,0.438,0.0,0.0,0.0,0.0,0.0,0.188,0.938,0.938,0.188,0.0,0.0,0.0,0.0,0.0,0.188,1.0,0.812,0.0,0.0,0.0,0.0,0.062,0.312,1.0,0.562,0.0,0.0,0.0,0.0,0.562,1.0,0.688,0.0,0.0,0.0,0.0,5
0.0,0.0,0.188,0.688,0.0,0.0,0.0,0.0,0.0,0.0,0.562,0.812,0.0,0.0,0.0,0.0,0.0,0.0,0.938,0.25,0.0,0.0,0.0,0.0,0.0,0.125,0.938,0.0,0.062,0.0,0.0,0.0,0.0,0.25,0.938,0.875,1.0,0.812,0.125,0.0,0.0,0.188,1.0,0.688,0.188,0.438,0.75,0.0,0.0,0.0,0.812,0.375,0.188,0.5,0.875,0.0,0.0,0.0,0.25,0.875,1.0,0.875,0.438,0.0,6
0.0,0.0,0.125,0.75,0.562,0.0,0.0,0.0,0.0,0.0,0.062,0.938,0.438,0.562,0.0,0.0,0.0,0.0,0.0,0.688,0.062,0.875,0.062,0.0,0.0,0.0,0.625,0.5,0.688,0.812,0.062,0.0,0.0,0.0,0.562,0.875,1.0,0.562,0.0,0.0,0.0,0.0,0.0,0.0,0.062,0.625,0.188,0.0,0.0,0.0,0.0,0.0,0.0,0.188,0.875,0.125,0.0,0.0,0.312,0.875,0.812,0.875,0.625,0.062,9
0.0,0.0,0.0,0.562,1.0,0.375,0.0,0.0,0.0,0.0,0.25,0.938,0.375,0.938,0.0,0.0,0.0,0.0,0.5,0.688,0.562,0.688,0.0,0.0,0.0,0.0,0.5,1.0,0.875,0.125,0.0,0.0,0.0,0.0,0.688,1.0,0.812,0.0,0.0,0.0,0.0,0.375,0.875,0.125,0.75,0.562,0.0,0.0,0.0,0.312,1.0,0.688,0.312,0.812,0.25,0.0,0.0,0.0,0.188,0.5,0.812,1.0,0.562,0.0,8
0.0,0.0,0.375,0.5,0.75,0.875,0.0,0.0,0.0,0.312,1.0,0.938,0.75,0.438,0.0,0.0,0.0,0.5,1.0,0.812,0.25,0.0,0.0,0.0,0.0,0.125,0.688,0.5,0.875,0.688,0.0,0.0,0.0,0.0,0.0,0.0,0.0,0.938,0.062,0.0,0.0,0.0,0.0,0.0,0.0,0.875,0.312,0.0,0.0,0.062,0.562,0.5,0.75,0.875,0.062,0.0,0.0,0.0,0.625,0.938,0.75,0.188,0.0,0.0,5
0.0,0.0,0.0,0.25,0.938,0.438,0.0,0.0,0.0,0.0,0.188,0.938,0.75,0.0,0.0,0.0,0.0,0.062,0.875,0.75,0.0,0.125,0.688,0.0,0.0,0.625,0.875,0.0,0.0,0.812,0.75,0.0,0.0,0.688,0.938,0.75,0.938,1.0,0.312,0.0,0.0,0.25,0.625,0.5,1.0,0.688,0.0,0.0,0.0,0.0,0.0,0.125,1.0,0.25,0.0,0.0,0.0,0.0,0.0,0.375,0.875,0.0,0.0,0.0,4
0.0,0.0,0.188,0.625,1.0,0.25,0.0,0.0,0.0,0.062,0.938,1.0,1.0,0.625,0.0,0.0,0.0,0.375,0.625,0.125,0.188,0.875,0.062,0.0,0.0,0.5,0.375,0.0,0.0,0.625,0.25,0.0,0.0,0.25,0.5,0.0,0.0,0.312,0.5,0.0,0.0,0.0,0.938,0.0,0.0,0.562,0.5,0.0,0.0,0.0,0.75,0.875,0.625,1.0,0.188,0.0,0.0,0.0,0.25,0.875,0.812,0.312,0.0,0.0,0
0.0,0.0,0.0,0.312,0.938,0.812,0.062,0.0,0.0,0.0,0.125,0.875,1.0,1.0,0.25,0.0,0.0,0.0,0.5,1.0,1.0,1.0,0.25,0.0,0.0,0.375,0.938,1.0,1.0,1.0,0.062,0.0,0.0,0.188,0.438,0.625,1.0,1.0,0.25,0.0,0.0,0.0,0.0,0.688,1.0,1.0,0.062,0.0,0.0,0.0,0.0,0.75,1.0,1.0,0.062,0.0,0.0,0.0,0.0,0.375,0.875,0.75,0.062,0.0,1
0.0,0.0,0.562,0.875,0.875,0.188,0.0,0.0,0.0,0.25,0.812,0.062,0.25,0.688,0.0,0.0,0.0,0.062,0.875,0.062,0.688,0.438,0.375,0.0,0.0,0.0,0.938,0.812,0.562,0.75,0.188,0.0,0.0,0.0,0.062,0.875,0.875,0.0,0.0,0.0,0.0,0.0,0.312,0.875,0.75,0.0,0.0,0.0,0.0,0.0,0.75,0.062,0.562,0.312,0.0,0.0,0.0,0.0,0.688,0.75,0.812,0.188,0.0,0.0,8
0.0,0.0,0.562,1.0,0.375,0.0,0.0,0.0,0.0,0.188,1.0,0.062,1.0,0.625,0.5,0.0,0.0,0.0,0.938,0.375,1.0,0.5,0.0,0.0,0.0,0.0,0.188,1.0,0.688,0.0,0.0,0.0,0.0,0.0,0.062,0.875,0.75,0.0,0.0,0.0,0.0,0.0,0.375,0.562,0.688,0.125,0.0,0.0,0.0,0.0,0.75,0.062,0.812,0.0,0.0,0.0,0.0,0.0,0.75,0.875,0.188,0.0,0.0,0.0,8
0.0,0.0,0.312,1.0,1.0,1.0,0.562,0.0,0.0,0.0,0.062,0.375,0.25,0.75,0.875,0.0,0.0,0.0,0.0,0.0,0.0,0.938,0.562,0.0,0.0,0.0,0.25,0.375,0.688,1.0,0.062,0.0,0.0,0.0,0.938,1.0,1.0,1.0,0.562,0.0,0.0,0.0,0.125,0.625,0.688,0.0,0.062,0.0,0.0,0.0,0.125,0.938,0.188,0.0,0.0,0.0,0.0,0.0,0.688,0.625,0.0,0.0,0.0,0.0,7
0.0,0.0,0.562,0.938,1.0,0.312,0.0,0.0,0.0,0.0,1.0,1.0,1.0,0.812,0.0,0.0,0.0,0.0,0.0,0.188,1.0,0.688,0.0,0.0,0.0,0.0,0.125,0.438,1.0,0.812,0.625,0.0,0.0,0.125,0.938,1.0,1.0,0.75,0.25,0.0,0.0,0.188,0.812,1.0,0.625,0.0,0.0,0.0,0.0,0.0,0.438,1.0,0.125,0.0,0.0,0.0,0.0,0.0,0.75,0.812,0.0,0.0,0.0,0.0,7
0.0,0.0,0.5,1.0,0.688,0.062,0.0,0.0,0.0,0.0,0.875,0.125,0.312,0.562,0.0,0.0,0.0,0.0,0.875,0.062,0.312,0.75,0.0,0.0,0.0,0.0,0.375,1.0,1.0,0.875,0.062,0.0,0.0,0.0,0.0,0.188,0.438,0.625,0.438,0.0,0.0,0.0,0.0,0.0,0.0,0.25,0.75,0.0,0.0,0.0,0.375,0.062,0.0,0.125,0.875,0.0,0.0,0.0,0.562,1.0,1.0,1.0,0.75,0.0,9
0.0,0.5,1.0,0.75,0.938,1.0,0.438,0.0,0.0,0.812,1.0,0.875,0.375,0.25,0.062,0.0,0.0,0.75,0.625,0.0,0.0,0.0,0.0,0.0,0.0,0.188,1.0,0.625,0.0,0.0,0.0,0.0,0.0,0.0,0.375,0.938,0.562,0.0,0.0,0.0,0.0,0.0,0.0,0.25,1.0,0.125,0.0,0.0,0.0,0.062,0.25,0.375,1.0,0.312,0.0,0.0,0.0,0.438,1.0,1.0,0.625,0.0,0.0,0.0,5
0.0,0.0,0.688,1.0,0.75,0.75,1.0,0.438,0.0,0.188,1.0,0.562,0.5,1.0,0.625,0.0,0.0,0.062,0.625,0.0,0.375,0.875,0.125,0.0,0.0,0.0,0.062,0.5,0.938,0.938,0.688,0.0,0.0,0.0,0.75,1.0,0.938,0.438,0.125,0.0,0.0,0.0,0.25,0.812,0.438,0.0,0.0,0.0,0.0,0.0,0.25,1.0,0.188,0.0,0.0,0.0,0.0,0.0,0.75,0.75,0.0,0.0,0.0,0.0,7
0.0,0.0,0.438,1.0,1.0,0.188,0.0,0.0,0.0,0.438,1.0,0.562,0.875,0.438,0.0,0.0,0.0,0.625,0.562,0.0,0.875,0.312,0.0,0.0,0.0,0.188,0.188,0.25,1.0,0.125,0.0,0.0,0.0,0.0,0.0,0.75,0.688,0.0,0.0,0.0,0.0,0.0,0.375,1.0,0.188,0.0,0.0,0.0,0.0,0.0,0.75,0.938,0.5,0.5,0.188,0.0,0.0,0.0,0.625,1.0,1.0,1.0,0.562,0.0,2
0.0,0.0,0.625,0.562,0.875,0.625,0.0,0.0,0.0,0.125,0.938,0.938,0.25,0.875,0.125,0.0,0.0,0.0,0.812,0.312,0.562,0.75,0.0,0.0,0.0,0.0,0.25,1.0,0.875,0.125,0.0,0.0,0.0,0.0,0.688,0.75,0.625,0.0,0.0,0.0,0.0,0.0,0.938,0.062,0.75,0.0,0.0,0.0,0.0,0.188,0.75,0.125,0.812,0.0,0.0,0.0,0.0,0.0,0.562,1.0,0.438,0.0,0.0,0.0,8
0.0,0.0,0.312,0.688,0.812,0.188,0.0,0.0,0.0,0.0,1.0,0.812,0.938,0.562,0.0,0.0,0.0,0.25,1.0,0.0,0.812,0.812,0.0,0.0,0.0,0.062,0.688,1.0,0.938,0.938,0.188,0.0,0.0,0.0,0.0,0.0,0.0,0.75,0.438,0.0,0.0,0.0,0.0,0.0,0.0,0.375,0.75,0.0,0.0,0.0,0.375,0.25,0.125,0.562,0.688,0.0,0.0,0.0,0.375,0.812,1.0,1.0,0.375,0.0,9
0.0,0.0,0.312,0.875,0.688,0.5,0.0,0.0,0.0,0.25,0.938,0.125,1.0,1.0,0.0,0.0,0.0,0.5,0.75,0.0,0.75,1.0,0.0,0.0,0.0,0.125,0.938,1.0,1.0,0.938,0.25,0.0,0.0,0.0,0.0,0.25,0.625,1.0,0.125,0.0,0.0,0.0,0.0,0.0,0.25,1.0,0.125,0.0,0.0,0.188,0.812,0.5,0.875,1.0,0.0,0.0,0.0,0.0,0.438,0.938,0.75,0.312,0.0,0.0,9
0.0,0.062,0.688,1.0,0.938,0.75,0.188,0.0,0.0,0.062,0.812,1.0,1.0,0.75,0.0,0.0,0.0,0.125,1.0,1.0,1.0,0.5,0.0,0.0,0.0,0.0,1.0,1.0,1.0,0.125,0.0,0.0,0.0,0.5,1.0,1.0,0.875,0.0,0.0,0.0,0.0,0.438,1.0,1.0,0.562,0.0,0.0,0.0,0.0,0.062,0.812,1.0,0.812,0.062,0.0,0.0,0.0,0.0,0.5,1.0,0.75,0.0,0.0,0.0,1
0.0,0.0,0.562,1.0,1.0,0.812,0.125,0.0,0.0,0.125,0.938,0.125,0.188,0.188,0.0,0.0,0.0,0.438,0.562,0.0,0.062,0.25,0.0,0.0,0.0,0.5,0.75,0.438,0.812,0.875,0.438,0.0,0.0,0.375,1.0,0.5,0.0,0.312,0.5,0.0,0.0,0.062,0.188,0.0,0.0,0.562,0.375,0.0,0.0,0.0,0.188,0.25,0.062,0.938,0.0,0.0,0.0,0.0,0.438,1.0,0.75,0.438,0.0,0.0,5
0.0,0.0,0.25,0.938,0.438,0.0,0.0,0.0,0.0,0.062,0.812,0.75,1.0,0.125,0.125,0.0,0.0,0.438,0.688,0.0,0.688,0.75,0.062,0.0,0.0,0.25,0.5,0.375,0.812,0.188,0.0,0.0,0.0,0.188,1.0,0.938,0.062,0.0,0.0,0.0,0.0,0.125,1.0,0.875,0.375,0.0,0.0,0.0,0.0,0.188,1.0,0.625,0.875,0.188,0.0,0.0,0.0,0.0,0.125,0.562,0.75,0.188,0.0,0.0,8
0.0,0.312,0.938,1.0,0.375,0.0,0.0,0.0,0.0,0.688,1.0,1.0,0.688,0.0,0.0,0.0,0.0,0.375,0.625,0.688,0.875,0.0,0.0,0.0,0.0,0.0,0.0,0.438,0.938,0.0,0.0,0.0,0.0,0.0,0.0,0.688,0.688,0.0,0.0,0.0,0.0,0.0,0.188,1.0,0.375,0.0,0.0,0.0,0.0,0.0,0.812,1.0,0.938,0.75,0.688,0.0,0.0,0.375,1.0,1.0,1.0,0.812,0.188,0.0,2
0.0,0.0,0.0,0.062,0.812,0.5,0.0,0.0,0.0,0.0,0.0,0.562,0.938,0.188,0.0,0.0,0.0,0.0,0.125,1.0,0.562,0.125,0.062,0.0,0.0,0.125,0.875,0.812,0.062,1.0,0.375,0.0,0.0,0.688,1.0,0.375,0.5,1.0,0.188,0.0,0.062,1.0,1.0,1.0,1.0,0.812,0.0,0.0,0.0,0.438,0.75,0.812,1.0,0.625,0.0,0.0,0.0,0.0,0.0,0.0,0.938,0.438,0.0,0.0,4
0.0,0.0,0.438,1.0,0.75,0.0,0.0,0.0,0.0,0.062,1.0,0.438,0.812,0.188,0.0,0.0,0.0,0.0,0.938,0.125,0.625,0.375,0.0,0.0,0.0,0.0,0.25,0.0,0.75,0.312,0.0,0.0,0.0,0.0,0.0,0.0,0.938,0.062,0.0,0.0,0.0,0.0,0.0,0.312,0.812,0.0,0.0,0.0,0.0,0.0,0.375,0.938,0.875,0.5,0.438,0.062,0.0,0.0,0.375,0.812,0.75,0.75,0.938,0.75,2
0.0,0.0,0.0,0.188,0.938,1.0,0.062,0.0,0.0,0.0,0.438,0.938,1.0,0.875,0.0,0.0,0.0,0.25,1.0,1.0,0.938,0.812,0.0,0.0,0.0,0.0,0.5,0.125,0.938,0.812,0.0,0.0,0.0,0.0,0.0,0.0,1.0,0.938,0.0,0.0,0.0,0.0,0.0,0.0,1.0,0.75,0.0,0.0,0.0,0.0,0.0,0.062,1.0,1.0,0.125,0.0,0.0,0.0,0.0,0.188,0.938,0.812,0.062,0.0,1
0.0,0.062,0.5,1.0,1.0,0.188,0.0,0.0,0.0,0.375,1.0,0.75,1.0,0.25,0.0,0.0,0.0,0.062,0.438,0.0,1.0,0.25,0.0,0.0,0.0,0.0,0.0,0.438,0.938,0.0,0.0,0.0,0.0,0.0,0.0,0.875,0.562,0.0,0.0,0.0,0.0,0.0,0.625,0.875,0.062,0.25,0.312,0.0,0.0,0.0,0.812,0.75,0.688,0.938,0.188,0.0,0.0,0.0,0.75,1.0,0.75,0.188,0.0,0.0,2
0.0,0.062,0.562,1.0,1.0,0.75,0.062,0.0,0.0,0.0,0.438,0.5,0.625,1.0,0.562,0.0,0.0,0.0,0.0,0.0,0.562,1.0,0.25,0.0,0.0,0.0,0.312,0.812,0.812,0.188,0.0,0.0,0.0,0.0,0.812,1.0,0.5,0.0,0.0,0.0,0.0,0.0,0.0,0.688,1.0,0.5,0.0,0.0,0.0,0.0,0.188,0.312,0.875,0.938,0.0,0.0,0.0,0.0,0.625,1.0,0.688,0.25,0.0,0.0,3
0.0,0.0,0.0,0.312,0.875,0.0,0.0,0.0,0.0,0.0,0.062,0.938,0.312,0.0,0.0,0.0,0.0,0.0,0.688,0.562,0.0,0.0,0.188,0.0,0.0,0.25,0.875,0.062,0.0,0.5,0.938,0.0,0.0,0.625,0.875,0.75,0.812,1.0,0.375,0.0,0.0,0.312,0.75,0.562,0.688,0.938,0.0,0.0,0.0,0.0,0.0,0.0,0.688,0.562,0.0,0.0,0.0,0.0,0.0,0.25,0.875,0.062,0.0,0.0,4
0.0,0.188,0.312,0.875,0.812,0.375,0.0,0.0,0.0,0.562,1.0,0.75,0.625,0.75,0.0,0.0,0.0,0.375,1.0,0.188,0.75,0.688,0.0,0.0,0.0,0.062,0.812,0.625,1.0,0.375,0.0,0.0,0.0,0.0,0.625,1.0,0.625,0.0,0.0,0.0,0.0,0.062,0.938,1.0,0.625,0.0,0.0,0.0,0.0,0.0,1.0,0.75,1.0,0.0,0.0,0.0,0.0,0.0,0.188,0.938,1.0,0.312,0.0,0.0,8
0.0,0.188,0.938,1.0,0.5,0.0,0.0,0.0,0.0,0.562,1.0,0.688,0.938,0.125,0.0,0.0,0.0,0.688,0.625,0.25,1.0,0.125,0.0,0.0,0.0,0.125,0.25,0.375,1.0,0.062,0.0,0.0,0.0,0.0,0.0,0.625,0.812,0.0,0.0,0.0,0.0,0.0,0.125,0.875,0.812,0.0,0.0,0.0,0.0,0.188,1.0,1.0,1.0,1.0,0.812,0.062,0.0,0.188,1.0,0.75,0.5,0.75,0.688,0.062,2
0.0,0.125,0.812,1.0,0.75,0.0,0.0,0.0,0.0,0.562,0.938,0.625,1.0,0.188,0.0,0.0,0.0,0.312,0.438,0.312,1.0,0.188,0.0,0.0,0.0,0.0,0.0,0.625,0.875,0.0,0.0,0.0,0.0,0.0,0.312,1.0,0.438,0.0,0.0,0.0,0.0,0.0,0.875,1.0,0.062,0.188,0.438,0.062,0.0,0.188,1.0,0.75,0.625,1.0,0.688,0.062,0.0,0.0,0.812,1.0,0.812,0.438,0.062,0.0,2
0.0,0.0,0.0,0.562,0.938,0.75,0.0,0.0,0.0,0.0,0.25,0.438,0.438,0.875,0.0,0.0,0.0,0.0,0.0,0.0,0.0,0.812,0.188,0.0,0.0,0.25,0.562,0.5,0.625,0.812,0.062,0.0,0.0,0.25,1.0,0.938,1.0,1.0,0.375,0.0,0.0,0.0,0.0,0.0,0.875,0.188,0.0,0.0,0.0,0.0,0.0,0.562,0.75,0.0,0.0,0.0,0.0,0.0,0.0,0.688,0.438,0.0,0.0,0.0,7
0.0,0.25,1.0,1.0,1.0,0.625,0.188,0.0,0.0,0.75,1.0,0.562,0.5,0.75,0.188,0.0,0.0,0.625,1.0,0.125,0.0,0.0,0.0,0.0,0.0,0.188,1.0,0.75,0.0,0.0,0.0,0.0,0.0,0.0,0.438,1.0,0.562,0.0,0.0,0.0,0.0,0.0,0.0,0.75,1.0,0.062,0.0,0.0,0.0,0.188,0.625,0.938,0.938,0.062,0.0,0.0,0.0,0.25,1.0,0.812,0.188,0.0,0.0,0.0,5
0.0,0.0,0.0,0.625,0.938,0.0,0.0,0.0,0.0,0.0,0.688,0.938,0.188,0.0,0.0,0.0,0.0,0.438,0.938,0.25,0.0,0.0,0.0,0.0,0.0,0.75,0.688,0.062,0.188,0.5,0.125,0.0,0.0,0.25,0.75,0.938,0.938,1.0,0.562,0.0,0.0,0.0,0.0,0.5,1.0,0.5,0.125,0.0,0.0,0.0,0.0,0.625,0.75,0.0,0.0,0.0,0.0,0.0,0.0,0.75,0.562,0.0,0.0,0.0,4
0.0,0.0,0.188,0.75,1.0,0.375,0.0,0.0,0.0,0.0,0.812,1.0,0.75,0.25,0.0,0.0,0.0,0.188,1.0,0.562,0.0,0.0,0.0,0.0,0.0,0.375,0.812,0.312,0.25,0.0,0.0,0.0,0.0,0.5,0.875,0.188,1.0,0.125,0.0,0.0,0.0,0.25,1.0,0.25,0.812,0.438,0.0,0.0,0.0,0.0,0.688,0.688,0.688,0.875,0.0,0.0,0.0,0.0,0.188,0.75,1.0,0.938,0.0,0.0,6
0.0,0.0,0.438,1.0,0.562,0.5,0.125,0.0,0.0,0.312,1.0,0.875,1.0,1.0,0.25,0.0,0.0,0.5,0.875,0.0,0.375,1.0,0.25,0.0,0.0,0.062,1.0,1.0,0.938,1.0,0.375,0.0,0.0,0.0,0.0,0.25,0.25,0.812,0.5,0.0,0.0,0.0,0.0,0.0,0.0,0.812,0.5,0.0,0.0,0.0,0.75,0.562,0.688,1.0,0.438,0.0,0.0,0.0,0.438,0.938,0.875,0.438,0.0,0.0,9
0.0,0.0,0.0,0.438,0.812,0.625,0.0,0.0,0.0,0.0,0.625,0.812,0.312,0.812,0.0,0.0,0.0,0.438,0.75,0.0,0.5,0.5,0.0,0.0,0.0,0.375,0.375,0.188,0.938,0.062,0.0,0.0,0.0,0.0,0.0,0.125,0.812,0.562,0.0,0.0,0.0,0.0,0.0,0.0,0.0,0.688,0.438,0.0,0.0,0.0,0.312,0.562,0.062,0.125,0.75,0.0,0.0,0.0,0.0,0.562,0.938,1.0,0.562,0.0,3
0.0,0.188,0.75,0.75,0.875,0.25,0.0,0.0,0.0,0.062,0.812,0.25,0.25,0.0,0.0,0.0,0.0,0.25,0.875,0.25,0.188,0.0,0.0,0.0,0.0,0.312,0.812,0.75,0.875,0.625,0.0,0.0,0.0,0.0,0.0,0.0,0.0,0.688,0.375,0.0,0.0,0.0,0.0,0.0,0.0,0.25,0.5,0.0,0.0,0.0,0.375,0.125,0.0,0.5,0.5,0.0,0.0,0.125,0.812,1.0,1.0,1.0,0.125,0.0,5
0.0,0.0,0.062,0.5,0.688,0.812,0.938,0.188,0.0,0.0,0.438,1.0,0.625,0.625,1.0,0.312,0.0,0.062,0.812,0.188,0.0,0.562,0.875,0.0,0.0,0.188,0.938,0.0,0.125,0.938,0.25,0.0,0.0,0.312,0.5,0.0,0.625,0.688,0.0,0.0,0.0,0.0,0.0,0.125,0.938,0.25,0.0,0.0,0.0,0.0,0.0,0.5,0.875,0.0,0.0,0.0,0.0,0.0,0.0,0.812,0.438,0.0,0.0,0.0,7
0.0,0.0,0.375,0.938,0.312,0.0,0.0,0.0,0.0,0.062,0.938,0.938,0.938,0.188,0.0,0.0,0.0,0.125,1.0,0.375,0.688,0.875,0.0,0.0,0.0,0.0,0.938,0.875,0.938,1.0,0.062,0.0,0.0,0.0,0.188,0.5,0.625,1.0,0.312,0.0,0.0,0.0,0.0,0.0,0.188,1.0,0.5,0.0,0.0,0.0,0.0,0.25,0.625,1.0,0.5,0.0,0.0,0.0,0.438,0.75,0.812,0.75,0.062,0.0,9
0.0,0.0,0.438,0.812,1.0,0.688,0.0,0.0,0.0,0.188,1.0,0.312,0.25,0.875,0.125,0.0,0.0,0.5,0.688,0.062,0.25,0.938,0.125,0.0,0.0,0.188,0.75,0.875,1.0,0.5,0.0,0.0,0.0,0.0,0.5,1.0,0.938,0.062,0.0,0.0,0.0,0.062,0.938,0.312,0.688,0.75,0.0,0.0,0.0,0.188,1.0,0.312,0.438,1.0,0.062,0.0,0.0,0.0,0.312,0.875,1.0,0.938,0.125,0.0,8
0.0,0.0,0.5,0.75,0.688,0.375,0.0,0.0,0.0,0.0,0.5,1.0,1.0,0.812,0.125,0.0,0.0,0.125,0.875,1.0,1.0,0.875,0.125,0.0,0.0,0.125,0.812,1.0,1.0,0.5,0.0,0.0,0.0,0.25,1.0,1.0,1.0,0.5,0.0,0.0,0.0,0.25,1.0,1.0,1.0,0.625,0.0,0.0,0.0,0.062,0.688,1.0,1.0,0.5,0.0,0.0,0.0,0.0,0.25,0.688,0.75,0.438,0.0,0.0,1
0.0,0.0,0.25,0.938,0.75,0.125,0.0,0.0,0.0,0.0,0.562,1.0,0.875,0.125,0.0,0.0,0.0,0.0,0.75,1.0,0.938,0.0,0.0,0.0,0.0,0.0,0.688,1.0,0.75,0.062,0.0,0.0,0.0,0.0,0.562,1.0,0.875,0.0,0.0,0.0,0.0,0.0,0.625,1.0,0.75,0.0,0.0,0.0,0.0,0.0,0.562,1.0,0.875,0.0,0.0,0.0,0.0,0.0,0.25,0.75,0.75,0.0,0.0,0.0,1
0.0,0.062,0.75,0.875,0.625,0.0,0.0,0.0,0.0,0.312,1.0,1.0,1.0,0.25,0.0,0.0,0.0,0.0,0.0,0.25,1.0,0.25,0.0,0.0,0.0,0.0,0.0,0.438,0.938,0.062,0.0,0.0,0.0,0.0,0.125,0.938,0.562,0.0,0.0,0.0,0.0,0.0,0.562,0.938,0.125,0.0,0.0,0.0,0.0,0.0,1.0,0.875,0.5,0.5,0.188,0.0,0.0,0.0,0.625,0.938,0.812,0.562,0.25,0.0,2
0.0,0.0,0.0,0.562,0.875,0.25,0.0,0.0,0.0,0.0,0.375,1.0,0.75,0.25,0.0,0.0,0.0,0.062,1.0,0.688,0.0,0.0,0.0,0.0,0.0,0.125,1.0,0.438,0.188,0.0,0.0,0.0,0.0,0.25,1.0,0.875,1.0,0.625,0.0,0.0,0.0,0.188,1.0,0.938,0.625,1.0,0.375,0.0,0.0,0.0,0.75,1.0,0.438,0.812,0.562,0.0,0.0,0.0,0.062,0.688,1.0,1.0,0.562,0.0,6
0.0,0.125,0.562,0.938,1.0,0.938,0.125,0.0,0.0,0.688,0.688,0.312,0.562,1.0,0.188,0.0,0.0,0.0,0.0,0.0,0.562,0.75,0.0,0.0,0.0,0.0,0.0,0.0,0.375,0.938,0.062,0.0,0.0,0.0,0.0,0.0,0.0,0.875,0.562,0.0,0.0,0.0,0.0,0.0,0.0,0.75,0.75,0.0,0.0,0.0,0.312,0.188,0.375,0.938,0.438,0.0,0.0,0.0,0.75,1.0,0.938,0.562,0.062,0.0,3
0.0,0.0,0.375,0.812,0.625,0.25,0.0,0.0,0.0,0.25,1.0,0.938,0.812,0.812,0.0,0.0,0.0,0.25,1.0,0.875,1.0,1.0,0.062,0.0,0.0,0.125,0.625,1.0,1.0,1.0,0.312,0.0,0.0,0.0,0.0,0.0,0.188,1.0,0.312,0.0,0.0,0.0,0.0,0.0,0.0,1.0,0.5,0.0,0.0,0.0,0.0,0.125,0.5,1.0,0.5,0.0,0.0,0.0,0.438,1.0,0.875,0.562,0.062,0.0,9
0.0,0.188,0.75,0.938,1.0,1.0,0.188,0.0,0.0,0.375,1.0,0.562,0.562,1.0,0.375,0.0,0.0,0.0,0.188,0.0,0.688,0.938,0.062,0.0,0.0,0.0,0.0,0.25,1.0,0.438,0.0,0.0,0.0,0.0,0.0,0.438,1.0,0.25,0.0,0.0,0.0,0.0,0.0,0.0,0.812,0.688,0.0,0.0,0.0,0.0,0.25,0.312,0.938,0.875,0.0,0.0,0.0,0.188,1.0,1.0,0.938,0.375,0.0,0.0,3
0.0,0.0,0.188,0.75,1.0,1.0,0.188,0.0,0.0,0.125,1.0,1.0,0.688,1.0,0.25,0.0,0.0,0.5,0.875,0.125,0.625,1.0,0.062,0.0,0.0,0.312,0.312,0.188,1.0,0.25,0.0,0.0,0.0,0.0,0.0,0.688,0.75,0.0,0.0,0.0,0.0,0.0,0.188,1.0,0.312,0.125,0.188,0.0,0.0,0.0,0.188,1.0,0.75,0.938,0.375,0.0,0.0,0.0,0.0,0.938,1.0,0.5,0.0,0.0,2
0.0,0.0,0.0,0.375,0.875,0.25,0.0,0.0,0.0,0.0,0.25,0.812,0.125,0.75,0.0,0.0,0.0,0.0,0.5,0.375,0.0,0.75,0.0,0.0,0.0,0.0,0.125,0.75,0.375,0.875,0.0,0.0,0.0,0.0,0.062,0.75,1.0,0.562,0.0,0.0,0.0,0.0,0.812,0.688,0.375,0.688,0.0,0.0,0.0,0.0,0.562,0.688,0.125,0.438,0.5,0.0,0.0,0.0,0.0,0.312,0.625,0.938,0.812,0.0,8
0.0,0.0,0.812,0.812,0.5,0.125,0.0,0.0,0.0,0.312,1.0,1.0,1.0,0.75,0.0,0.0,0.0,0.062,0.938,0.75,0.0,0.0,0.0,0.0,0.0,0.0,0.75,0.812,0.438,0.062,0.0,0.0,0.0,0.0,0.5,1.0,1.0,0.75,0.0,0.0,0.0,0.0,0.0,0.25,0.562,1.0,0.188,0.0,0.0,0.0,0.062,0.312,0.875,0.938,0.062,0.0,0.0,0.0,0.625,1.0,1.0,0.375,0.0,0.0,5
0.0,0.188,0.938,1.0,0.938,0.188,0.0,0.0,0.0,0.188,0.625,0.5,0.938,0.75,0.0,0.0,0.0,0.0,0.0,0.0,0.875,0.5,0.0,0.0,0.0,0.0,0.688,0.812,1.0,1.0,0.5,0.0,0.0,0.062,0.938,1.0,0.938,0.438,0.125,0.0,0.0,0.0,0.312,1.0,0.312,0.0,0.0,0.0,0.0,0.125,1.0,0.688,0.0,0.0,0.0,0.0,0.0,0.188,1.0,0.312,0.0,0.0,0.0,0.0,7
0.0,0.0,0.625,1.0,0.5,0.0,0.0,0.0,0.0,0.438,0.812,0.25,0.875,0.438,0.0,0.0,0.0,0.438,0.812,0.125,0.438,0.5,0.0,0.0,0.0,0.0,0.438,1.0,1.0,0.312,0.0,0.0,0.0,0.062,0.75,0.812,0.938,0.375,0.0,0.0,0.0,0.188,1.0,0.125,0.25,0.812,0.375,0.0,0.0,0.25,1.0,0.25,0.062,0.688,0.75,0.0,0.0,0.0,0.438,0.938,1.0,0.875,0.125,0.0,8
0.0,0.0,0.438,1.0,1.0,0.938,0.5,0.0,0.0,0.0,0.75,0.938,0.938,1.0,0.688,0.0,0.0,0.0,0.0,0.188,0.875,0.938,0.125,0.0,0.0,0.0,0.062,0.875,0.75,0.062,0.0,0.0,0.0,0.0,0.062,1.0,0.938,0.312,0.0,0.0,0.0,0.0,0.0,0.188,0.75,0.938,0.0,0.0,0.0,0.0,0.0,0.25,0.75,0.875,0.062,0.0,0.0,0.0,0.625,0.938,0.625,0.25,0.0,0.0,3
0.0,0.0,0.0,0.5,0.938,0.625,0.0,0.0,0.0,0.0,0.5,0.812,0.375,0.062,0.0,0.0,0.0,0.062,1.0,0.125,0.0,0.0,0.0,0.0,0.0,0.25,0.688,0.0,0.0,0.0,0.0,0.0,0.0,0.25,1.0,0.75,0.75,0.562,0.125,0.0,0.0,0.062,0.938,0.062,0.0,0.562,0.625,0.0,0.0,0.0,0.625,0.562,0.25,0.812,0.188,0.0,0.0,0.0,0.0,0.688,0.938,0.312,0.0,0.0,6
0.0,0.25,0.938,0.688,0.062,0.0,0.0,0.0,0.0,0.5,1.0,1.0,0.25,0.0,0.0,0.0,0.0,0.125,0.375,0.812,0.5,0.0,0.0,0.0,0.0,0.0,0.0,0.5,0.312,0.0,0.0,0.0,0.0,0.0,0.0,0.688,0.25,0.0,0.0,0.0,0.0,0.0,0.312,1.0,0.0,0.0,0.0,0.0,0.0,0.125,0.812,1.0,0.812,0.75,0.375,0.0,0.0,0.312,1.0,0.938,1.0,0.75,0.188,0.0,2
0.0,0.0,0.0,0.875,0.938,0.062,0.0,0.0,0.0,0.0,0.375,1.0,0.688,0.0,0.0,0.0,0.0,0.0,0.812,0.938,0.125,0.0,0.0,0.0,0.0,0.0,1.0,0.75,0.0,0.0,0.0,0.0,0.0,0.188,1.0,1.0,1.0,0.625,0.062,0.0,0.0,0.125,1.0,0.75,0.25,0.688,0.75,0.0,0.0,0.0,0.625,0.875,0.375,0.875,0.938,0.0,0.0,0.0,0.062,0.812,1.0,1.0,0.625,0.0,6
0.0,0.0,0.125,0.875,0.688,0.0,0.0,0.0,0.0,0.0,0.625,1.0,0.062,0.0,0.0,0.0,0.0,0.062,1.0,0.562,0.0,0.0,0.0,0.0,0.0,0.25,1.0,0.312,0.0,0.0,0.0,0.0,0.0,0.312,1.0,0.75,0.75,0.688,0.062,0.0,0.0,0.25,1.0,0.875,0.625,0.875,0.688,0.0,0.0,0.125,0.938,0.625,0.375,1.0,0.625,0.0,0.0,0.0,0.188,0.938,1.0,0.625,0.062,0.0,6
0.0,0.062,0.688,0.938,0.812,0.125,0.0,0.0,0.0,0.5,0.812,0.312,0.875,0.562,0.0,0.0,0.0,0.188,0.938,0.062,0.625,0.75,0.0,0.0,0.0,0.0,0.438,0.938,0.875,1.0,0.188,0.0,0.0,0.0,0.0,0.0,0.0,0.812,0.5,0.0,0.0,0.0,0.0,0.0,0.0,0.75,0.5,0.0,0.0,0.125,0.5,0.25,0.312,1.0,0.438,0.0,0.0,0.062,0.938,1.0,0.938,0.5,0.062,0.0,9
0.0,0.0,0.625,1.0,0.875,0.125,0.0,0.0,0.0,0.188,1.0,0.562,0.5,0.875,0.0,0.0,0.0,0.312,1.0,0.188,0.125,0.938,0.375,0.0,0.0,0.312,1.0,0.188,0.0,0.75,0.625,0.0,0.0,0.438,0.875,0.0,0.0,0.75,0.688,0.0,0.0,0.438,1.0,0.062,0.188,1.0,0.312,0.0,0.0,0.25,1.0,0.438,0.75,0.688,0.062,0.0,0.0,0.0,0.625,1.0,0.875,0.188,0.0,0.0,0
0.0,0.0,0.312,0.75,0.75,0.562,0.188,0.0,0.0,0.0,0.5,1.0,1.0,1.0,0.25,0.0,0.0,0.0,0.562,1.0,1.0,0.875,0.062,0.0,0.0,0.0,0.688,1.0,1.0,0.75,0.0,0.0,0.0,0.0,0.75,1.0,1.0,0.75,0.0,0.0,0.0,0.0,0.688,1.0,1.0,0.75,0.0,0.0,0.0,0.0,0.25,1.0,1.0,0.75,0.0,0.0,0.0,0.0,0.375,0.75,0.75,0.375,0.0,0.0,1
0.0,0.0,0.438,0.812,0.5,0.375,0.0,0.0,0.0,0.0,1.0,0.938,1.0,0.875,0.625,0.0,0.0,0.25,1.0,0.812,0.062,0.0,0.0,0.0,0.0,0.062,0.625,1.0,0.562,0.0,0.0,0.0,0.0,0.0,0.0,0.312,0.812,0.0,0.0,0.0,0.0,0.0,0.0,0.312,0.938,0.0,0.0,0.0,0.0,0.0,0.5,0.688,0.5,0.0,0.0,0.0,0.0,0.0,0.562,1.0,0.188,0.0,0.0,0.0,5
0.0,0.0,0.25,0.75,0.812,0.312,0.0,0.0,0.0,0.0,0.875,1.0,1.0,1.0,0.25,0.0,0.0,0.375,0.812,0.125,0.062,0.688,0.5,0.0,0.0,0.375,0.688,0.0,0.0,0.5,0.5,0.0,0.0,0.25,1.0,0.0,0.0,0.625,0.5,0.0,0.0,0.25,1.0,0.25,0.5,1.0,0.188,0.0,0.0,0.0,1.0,1.0,1.0,0.75,0.0,0.0,0.0,0.0,0.25,0.938,0.875,0.188,0.0,0.0,0
0.0,0.0,0.0,0.312,0.688,0.0,0.0,0.0,0.0,0.0,0.0,0.625,0.812,0.0,0.0,0.0,0.0,0.0,0.0,1.0,1.0,0.375,0.0,0.0,0.0,0.0,0.562,0.75,1.0,0.312,0.0,0.0,0.0,0.125,1.0,0.25,1.0,0.438,0.0,0.0,0.0,0.562,1.0,0.875,1.0,1.0,0.188,0.0,0.0,0.188,0.5,0.688,1.0,0.5,0.062,0.0,0.0,0.0,0.0,0.312,0.812,0.0,0.0,0.0,4
0.0,0.0,0.375,0.75,0.688,0.0,0.0,0.0,0.0,0.125,1.0,0.875,0.875,0.688,0.0,0.0,0.0,0.5,0.938,0.062,0.5,1.0,0.0,0.0,0.0,0.188,0.938,0.312,0.688,1.0,0.312,0.0,0.0,0.0,0.688,1.0,0.938,0.875,0.5,0.0,0.0,0.0,0.25,0.125,0.188,0.375,0.75,0.0,0.0,0.125,1.0,0.812,0.625,0.875,0.75,0.0,0.0,0.0,0.5,0.75,0.812,0.812,0.312,0.0,9
0.0,0.0,0.062,0.562,0.938,0.625,0.062,0.0,0.0,0.0,0.125,0.75,0.5,0.75,0.25,0.0,0.0,0.0,0.0,0.688,0.062,0.688,0.188,0.0,0.0,0.0,0.0,0.5,0.5,0.938,0.25,0.0,0.0,0.125,0.938,1.0,1.0,0.438,0.0,0.0,0.0,0.125,0.938,0.312,0.688,0.0,0.0,0.0,0.0,0.0,0.875,0.25,0.75,0.0,0.0,0.0,0.0,0.0,0.188,0.875,0.562,0.0,0.0,0.0,8
0.0,0.062,0.688,0.875,0.562,0.062,0.0,0.0,0.0,0.188,1.0,0.5,1.0,0.25,0.0,0.0,0.0,0.0,0.0,0.188,1.0,0.188,0.0,0.0,0.0,0.0,0.062,0.875,0.812,0.0,0.0,0.0,0.0,0.0,0.0,0.438,0.875,0.625,0.0,0.0,0.0,0.0,0.0,0.0,0.188,1.0,0.25,0.0,0.0,0.062,0.188,0.062,0.5,1.0,0.25,0.0,0.0,0.188,0.625,1.0,1.0,0.5,0.0,0.0,3
0.0,0.0,0.875,1.0,0.5,0.0,0.0,0.0,0.0,0.0,1.0,0.25,0.812,0.5,0.5,0.0,0.0,0.0,0.75,0.438,0.75,0.875,0.312,0.0,0.0,0.0,0.25,0.938,1.0,0.312,0.0,0.0,0.0,0.0,0.0,0.875,0.875,0.0,0.0,0.0,0.0,0.0,0.5,0.625,0.688,0.125,0.0,0.0,0.0,0.0,0.812,0.0,0.75,0.188,0.0,0.0,0.0,0.0,0.875,0.938,0.75,0.062,0.0,0.0,8
0.0,0.125,0.688,0.875,0.875,0.562,0.0,0.0,0.0,0.188,0.625,0.438,0.625,1.0,0.188,0.0,0.0,0.0,0.0,0.25,0.812,0.75,0.0,0.0,0.0,0.0,0.0,0.812,0.938,0.125,0.0,0.0,0.0,0.0,0.0,0.938,0.562,0.0,0.0,0.0,0.0,0.0,0.0,0.562,0.938,0.0,0.0,0.0,0.0,0.0,0.062,0.812,0.562,0.0,0.0,0.0,0.0,0.062,0.938,0.812,0.062,0.0,0.0,0.0,3
0.0,0.125,0.938,1.0,1.0,0.812,0.125,0.0,0.0,0.438,1.0,0.812,0.5,0.5,0.188,0.0,0.0,0.25,1.0,0.25,0.0,0.0,0.0,0.0,0.0,0.0,1.0,0.688,0.0,0.0,0.0,0.0,0.0,0.0,0.75,1.0,0.188,0.0,0.0,0.0,0.0,0.0,0.125,0.812,0.688,0.0,0.0,0.0,0.0,0.188,0.5,0.938,0.5,0.0,0.0,0.0,0.0,0.125,0.938,0.938,0.062,0.0,0.0,0.0,5
0.0,0.0,0.25,0.938,0.812,0.188,0.0,0.0,0.0,0.25,0.812,0.875,0.625,0.812,0.0,0.0,0.0,0.5,1.0,0.5,0.5,0.812,0.0,0.0,0.0,0.0,0.938,0.75,0.938,0.688,0.0,0.0,0.0,0.0,0.375,1.0,0.812,0.062,0.0,0.0,0.0,0.0,0.688,0.938,0.938,0.125,0.0,0.0,0.0,0.0,0.75,0.5,0.938,0.5,0.0,0.0,0.0,0.0,0.312,0.938,1.0,0.312,0.0,0.0,8
0.0,0.0,0.5,0.75,1.0,1.0,0.25,0.0,0.0,0.0,0.938,0.375,0.625,0.312,0.0,0.0,0.0,0.25,0.75,0.125,0.5,0.375,0.0,0.0,0.0,0.5,0.875,0.875,0.5,0.812,0.312,0.0,0.0,0.188,0.438,0.0,0.0,0.5,0.5,0.0,0.0,0.0,0.0,0.0,0.0,0.75,0.125,0.0,0.0,0.0,0.312,0.125,0.312,0.75,0.0,0.0,0.0,0.0,0.438,0.938,0.938,0.125,0.0,0.0,5
0.0,0.0,0.688,0.625,0.0,0.0,0.0,0.0,0.0,0.0,0.812,0.938,0.0,0.0,0.0,0.0,0.0,0.0,0.75,1.0,0.312,0.0,0.0,0.0,0.0,0.062,0.938,1.0,0.312,0.0,0.0,0.0,0.0,0.0,0.188,0.812,0.625,0.0,0.0,0.0,0.0,0.0,0.0,0.625,0.875,0.0,0.0,0.0,0.0,0.0,0.312,0.688,1.0,0.562,0.312,0.062,0.0,0.0,0.75,1.0,1.0,1.0,1.0,0.75,1
0.0,0.0,0.0,0.75,0.812,0.312,0.0,0.0,0.0,0.0,0.0,0.688,1.0,0.562,0.0,0.0,0.0,0.0,0.188,0.938,1.0,0.375,0.0,0.0,0.0,0.438,0.938,1.0,1.0,0.125,0.0,0.0,0.0,0.0,0.062,1.0,1.0,0.188,0.0,0.0,0.0,0.0,0.062,1.0,1.0,0.375,0.0,0.0,0.0,0.0,0.062,1.0,1.0,0.375,0.0,0.0,0.0,0.0,0.0,0.688,1.0,0.625,0.0,0.0,1
0.0,0.0,0.125,0.75,0.75,0.062,0.0,0.0,0.0,0.125,0.75,0.75,0.375,0.688,0.0,0.0,0.0,0.625,0.812,0.0,0.0,0.625,0.125,0.0,0.0,0.5,0.688,0.0,0.0,0.375,0.375,0.0,0.0,0.438,0.562,0.0,0.0,0.25,0.562,0.0,0.0,0.188,0.812,0.0,0.0,0.5,0.75,0.0,0.0,0.0,0.75,0.75,0.562,1.0,0.438,0.0,0.0,0.0,0.062,0.75,1.0,0.562,0.062,0.0,0
0.0,0.0,0.312,0.875,0.75,0.312,0.0,0.0,0.0,0.0,0.812,1.0,1.0,0.562,0.0,0.0,0.0,0.0,0.688,1.0,1.0,0.562,0.0,0.0,0.0,0.0,0.688,1.0,1.0,0.438,0.0,0.0,0.0,0.0,0.625,1.0,1.0,0.125,0.0,0.0,0.0,0.0,0.812,1.0,0.938,0.0,0.0,0.0,0.0,0.0,0.875,1.0,0.812,0.0,0.0,0.0,0.0,0.0,0.438,0.812,1.0,0.5,0.0,0.0,1
0.0,0.0,0.25,0.938,0.875,0.625,0.062,0.0,0.0,0.0,0.438,0.562,0.0,0.562,0.5,0.0,0.0,0.0,0.688,0.562,0.125,0.812,0.438,0.0,0.0,0.0,0.25,0.938,0.875,0.25,0.0,0.0,0.0,0.0,0.375,0.938,0.938,0.062,0.0,0.0,0.0,0.25,0.875,0.062,0.812,0.438,0.0,0.0,0.0,0.438,0.812,0.062,0.312,0.812,0.0,0.0,0.0,0.0,0.438,0.875,1.0,1.0,0.062,0.0,8
0.0,0.062,0.5,0.5,0.562,0.812,0.5,0.0,0.0,0.125,1.0,1.0,1.0,0.875,0.562,0.0,0.0,0.188,1.0,0.125,0.0,0.0,0.0,0.0,0.0,0.312,1.0,1.0,0.938,0.062,0.0,0.0,0.0,0.312,0.625,0.5,0.938,0.312,0.0,0.0,0.0,0.0,0.0,0.0,0.812,0.438,0.0,0.0,0.0,0.0,0.938,0.75,1.0,0.125,0.0,0.0,0.0,0.0,0.688,1.0,0.562,0.0,0.0,0.0,5
0.0,0.0,0.125,0.625,1.0,0.625,0.0,0.0,0.0,0.0,0.875,0.562,0.375,1.0,1.0,0.0,0.0,0.0,1.0,0.375,0.312,0.875,0.688,0.0,0.0,0.0,0.312,0.875,0.875,1.0,0.375,0.0,0.0,0.0,0.0,0.0,0.062,1.0,0.188,0.0,0.0,0.0,0.188,0.062,0.25,1.0,0.188,0.0,0.0,0.125,0.938,0.812,0.688,0.812,0.062,0.0,0.0,0.0,0.188,0.75,0.812,0.25,0.0,0.0,9
0.0,0.0,0.0,0.75,0.312,0.0,0.0,0.0,0.0,0.0,0.125,0.938,0.438,0.0,0.0,0.0,0.0,0.0,0.438,1.0,0.5,0.0,0.0,0.0,0.0,0.0,0.938,0.938,0.5,0.25,0.0,0.0,0.0,0.0,0.938,1.0,1.0,0.938,0.188,0.0,0.0,0.062,1.0,0.812,0.25,0.688,0.688,0.0,0.0,0.0,0.688,0.875,0.562,0.938,0.688,0.0,0.0,0.0,0.062,0.875,1.0,0.938,0.375,0.0,6
0.0,0.0,0.0,0.25,0.688,0.938,0.938,0.125,0.0,0.062,0.625,1.0,0.812,0.875,0.875,0.125,0.0,0.312,1.0,1.0,1.0,1.0,0.875,0.0,0.0,0.0,0.562,0.5,0.5,0.938,0.562,0.0,0.0,0.0,0.0,0.0,0.062,1.0,0.125,0.0,0.0,0.0,0.0,0.0,0.625,0.625,0.0,0.0,0.0,0.0,0.0,0.062,1.0,0.375,0.0,0.0,0.0,0.0,0.0,0.188,1.0,0.125,0.0,0.0,9
0.0,0.0,0.0,0.5,0.812,0.125,0.0,0.0,0.0,0.0,0.562,1.0,0.812,0.188,0.0,0.0,0.0,0.062,0.938,0.875,0.062,0.0,0.0,0.0,0.0,0.125,1.0,0.688,0.25,0.062,0.0,0.0,0.0,0.188,1.0,1.0,0.875,0.938,0.125,0.0,0.0,0.125,1.0,0.812,0.062,1.0,0.562,0.0,0.0,0.0,0.562,0.938,0.562,1.0,0.438,0.0,0.0,0.0,0.0,0.5,1.0,0.812,0.125,0.0,6
0.0,0.0,0.25,1.0,0.062,0.0,0.0,0.0,0.0,0.0,0.75,0.812,0.0,0.062,0.062,0.0,0.0,0.188,1.0,0.5,0.312,1.0,0.375,0.0,0.0,0.562,1.0,0.375,0.875,1.0,0.125,0.0,0.0,0.688,1.0,1.0,1.0,0.562,0.0,0.0,0.0,0.0,0.625,0.938,0.938,0.125,0.0,0.0,0.0,0.0,0.188,1.0,0.562,0.0,0.0,0.0,0.0,0.0,0.312,1.0,0.188,0.0,0.0,0.0,4
0.0,0.125,0.812,1.0,0.625,0.0,0.0,0.0,0.0,0.375,0.812,0.625,1.0,0.0,0.0,0.0,0.0,0.0,0.0,0.5,0.875,0.0,0.0,0.0,0.0,0.0,0.062,0.875,0.562,0.0,0.0,0.0,0.0,0.0,0.562,0.875,0.062,0.0,0.0,0.0,0.0,0.062,0.875,0.438,0.0,0.0,0.062,0.0,0.0,0.25,1.0,0.312,0.438,0.75,0.875,0.0,0.0,0.188,0.938,1.0,1.0,0.625,0.062,0.0,2
0.0,0.0,0.312,0.875,0.625,0.438,0.0,0.0,0.0,0.0,1.0,1.0,1.0,1.0,0.188,0.0,0.0,0.188,1.0,0.625,0.125,1.0,0.438,0.0,0.0,0.438,1.0,0.188,0.0,0.75,0.5,0.0,0.0,0.5,1.0,0.062,0.0,0.75,0.5,0.0,0.0,0.438,1.0,0.312,0.125,1.0,0.25,0.0,0.0,0.125,1.0,0.938,0.875,0.812,0.0,0.0,0.0,0.0,0.438,0.938,0.812,0.125,0.0,0.0,0
0.0,0.0,0.062,0.688,0.875,0.0,0.0,0.0,0.0,0.0,0.562,1.0,0.75,0.0,0.0,0.0,0.0,0.062,1.0,0.438,0.0,0.0,0.0,0.0,0.0,0.438,1.0,0.312,0.312,0.25,0.0,0.0,0.0,0.438,1.0,1.0,1.0,1.0,0.312,0.0,0.0,0.0,1.0,0.812,0.25,0.812,0.438,0.0,0.0,0.0,0.562,1.0,0.875,1.0,0.25,0.0,0.0,0.0,0.062,0.688,0.875,0.562,0.0,0.0,6
0.0,0.0,0.0,0.5,0.875,0.875,0.125,0.0,0.0,0.0,0.0,0.375,0.625,0.938,0.688,0.0,0.0,0.0,0.0,0.0,0.0,0.875,0.625,0.0,0.0,0.125,0.5,0.688,0.75,1.0,0.5,0.0,0.0,0.5,1.0,1.0,1.0,1.0,0.438,0.0,0.0,0.0,0.0,0.0,0.688,0.938,0.062,0.0,0.0,0.0,0.0,0.562,1.0,0.438,0.0,0.0,0.0,0.0,0.0,0.75,0.812,0.062,0.0,0.0,7
0.0,0.0,0.25,0.812,1.0,0.875,0.125,0.0,0.0,0.125,0.938,0.312,0.25,0.875,0.25,0.0,0.0,0.5,0.938,0.375,0.062,0.938,0.062,0.0,0.0,0.25,1.0,1.0,0.812,0.625,0.0,0.0,0.0,0.0,0.062,0.562,1.0,0.625,0.0,0.0,0.0,0.0,0.25,0.875,0.188,0.875,0.375,0.0,0.0,0.0,0.562,0.625,0.188,0.812,0.5,0.0,0.0,0.0,0.188,0.938,1.0,0.688,0.062,0.0,8
0.0,0.0,0.188,0.875,0.812,0.062,0.0,0.0,0.0,0.0,0.562,1.0,1.0,0.562,0.0,0.0,0.0,0.0,0.5,1.0,0.688,0.938,0.062,0.0,0.0,0.0,0.125,0.875,1.0,0.938,0.125,0.0,0.0,0.0,0.375,1.0,1.0,0.375,0.0,0.0,0.0,0.0,0.938,0.688,0.625,0.75,0.0,0.0,0.0,0.062,1.0,0.688,0.688,0.938,0.0,0.0,0.0,0.0,0.312,0.812,0.938,0.438,0.0,0.0,8
0.0,0.0,0.438,0.875,0.562,0.0,0.0,0.0,0.0,0.062,1.0,0.312,0.625,0.438,0.0,0.0,0.0,0.0,0.812,0.125,0.188,0.812,0.0,0.0,0.0,0.0,0.312,0.938,1.0,1.0,0.062,0.0,0.0,0.0,0.0,0.0,0.312,0.625,0.438,0.0,0.0,0.0,0.0,0.0,0.0,0.125,0.875,0.0,0.0,0.0,0.25,0.125,0.0,0.0,0.875,0.188,0.0,0.0,0.312,0.938,1.0,1.0,0.75,0.062,9
0.0,0.0,0.375,0.75,0.812,0.562,0.0,0.0,0.0,0.438,0.875,0.375,0.438,1.0,0.188,0.0,0.0,0.25,0.375,0.312,0.875,0.375,0.0,0.0,0.0,0.0,0.0,0.75,0.875,0.25,0.0,0.0,0.0,0.0,0.0,0.0,0.188,0.875,0.125,0.0,0.0,0.0,0.0,0.0,0.0,0.562,0.438,0.0,0.0,0.0,0.188,0.062,0.0,0.562,0.5,0.0,0.0,0.0,0.312,0.875,0.75,0.812,0.125,0.0,3
0.0,0.0,0.875,1.0,0.875,0.375,0.0,0.0,0.0,0.0,0.438,0.625,1.0,1.0,0.188,0.0,0.0,0.0,0.0,0.312,1.0,1.0,0.062,0.0,0.0,0.0,0.0,0.125,1.0,0.5,0.0,0.0,0.0,0.0,0.0,0.0,0.75,0.812,0.062,0.0,0.0,0.0,0.0,0.0,0.25,1.0,0.438,0.0,0.0,0.0,0.312,0.562,0.875,1.0,0.438,0.0,0.0,0.0,0.812,1.0,1.0,0.625,0.062,0.0,3
0.0,0.0,0.312,0.875,0.938,0.125,0.0,0.0,0.0,0.375,1.0,0.625,0.938,0.5,0.0,0.0,0.0,0.062,0.25,0.0,0.5,0.5,0.0,0.0,0.0,0.0,0.062,0.438,1.0,1.0,0.5,0.0,0.0,0.0,0.812,1.0,1.0,0.25,0.0,0.0,0.0,0.0,0.375,0.625,0.562,0.0,0.0,0.0,0.0,0.0,0.0,0.812,0.25,0.0,0.0,0.0,0.0,0.0,0.312,0.938,0.125,0.0,0.0,0.0,7
0.0,0.0,0.125,0.625,0.75,0.125,0.0,0.0,0.0,0.0,0.688,1.0,0.812,0.625,0.0,0.0,0.0,0.0,0.562,0.438,0.125,0.938,0.0,0.0,0.0,0.0,0.188,0.125,0.188,0.938,0.0,0.0,0.0,0.0,0.0,0.0,0.625,0.625,0.0,0.0,0.0,0.0,0.125,0.438,1.0,0.438,0.0,0.0,0.0,0.0,0.562,1.0,1.0,1.0,1.0,0.188,0.0,0.0,0.188,0.812,0.562,0.5,0.25,0.0,2
0.0,0.0,0.562,1.0,0.938,0.188,0.0,0.0,0.0,0.375,1.0,0.688,0.625,0.75,0.0,0.0,0.0,0.438,0.938,0.062,0.062,0.938,0.312,0.0,0.0,0.188,1.0,0.375,0.562,1.0,0.562,0.0,0.0,0.0,0.312,0.688,0.812,0.875,0.625,0.0,0.0,0.0,0.0,0.0,0.0,0.625,0.625,0.0,0.0,0.0,0.0,0.0,0.0,0.812,0.688,0.0,0.0,0.0,0.625,1.0,1.0,0.938,0.375,0.0,9
0.0,0.0,0.188,1.0,0.75,0.125,0.0,0.0,0.0,0.0,0.375,1.0,1.0,0.188,0.0,0.0,0.0,0.0,0.562,1.0,1.0,0.0,0.0,0.0,0.0,0.0,0.562,1.0,1.0,0.062,0.0,0.0,0.0,0.0,0.562,1.0,1.0,0.0,0.0,0.0,0.0,0.0,0.562,1.0,0.812,0.0,0.0,0.0,0.0,0.0,0.438,1.0,0.812,0.0,0.0,0.0,0.0,0.0,0.188,0.875,1.0,0.188,0.0,0.0,1
0.0,0.0,0.188,0.938,1.0,1.0,0.312,0.0,0.0,0.0,0.625,0.75,0.625,1.0,0.375,0.0,0.0,0.125,0.938,0.125,0.188,1.0,0.062,0.0,0.0,0.0,0.125,0.188,0.625,0.812,0.125,0.0,0.0,0.0,0.188,1.0,1.0,1.0,0.625,0.0,0.0,0.0,0.0,0.75,0.812,0.438,0.062,0.0,0.0,0.0,0.062,1.0,0.375,0.0,0.0,0.0,0.0,0.0,0.312,0.875,0.125,0.0,0.0,0.0,7
0.0,0.0,0.0,0.75,0.938,0.25,0.0,0.0,0.0,0.0,0.438,1.0,0.562,0.125,0.0,0.0,0.0,0.0,0.75,0.875,0.0,0.0,0.0,0.0,0.0,0.0,1.0,0.688,0.188,0.0,0.0,0.0,0.0,0.188,1.0,0.875,0.938,0.5,0.0,0.0,0.0,0.062,1.0,0.375,0.0,0.75,0.5,0.0,0.0,0.0,0.75,0.75,0.25,0.812,0.75,0.0,0.0,0.0,0.062,0.688,1.0,1.0,0.25,0.0,6
0.0,0.0,0.0,0.5,0.938,0.0,0.0,0.0,0.0,0.0,0.312,1.0,0.375,0.0,0.0,0.0,0.0,0.062,0.875,0.625,0.0,0.438,0.438,0.0,0.0,0.312,1.0,0.188,0.062,1.0,0.438,0.0,0.0,0.5,1.0,0.688,0.812,1.0,0.188,0.0,0.0,0.062,0.688,0.938,1.0,0.812,0.188,0.0,0.0,0.0,0.0,0.438,1.0,0.062,0.0,0.0,0.0,0.0,0.0,0.75,0.625,0.0,0.0,0.0,4
0.0,0.0,0.0,0.5,1.0,1.0,0.438,0.0,0.0,0.0,0.938,1.0,0.625,0.5,0.062,0.0,0.0,0.188,1.0,0.75,0.312,0.0,0.0,0.0,0.0,0.5,1.0,1.0,1.0,0.188,0.0,0.0,0.0,0.5,0.688,0.125,0.812,0.562,0.0,0.0,0.0,0.0,0.0,0.0,0.688,0.812,0.0,0.0,0.0,0.0,0.0,0.0,0.75,0.688,0.0,0.0,0.0,0.0,0.0,0.688,0.875,0.125,0.0,0.0,5
0.0,0.0,0.0,0.875,0.5,0.0,0.0,0.0,0.0,0.0,0.188,1.0,0.188,0.0,0.0,0.0,0.0,0.0,0.75,0.562,0.562,0.438,0.0,0.0,0.0,0.375,0.938,0.062,0.875,0.688,0.375,0.0,0.0,0.812,0.875,0.5,1.0,1.0,0.438,0.0,0.0,0.5,1.0,1.0,1.0,0.188,0.0,0.0,0.0,0.0,0.062,0.688,0.875,0.0,0.0,0.0,0.0,0.0,0.0,0.875,0.875,0.0,0.0,0.0,4
0.0,0.0,0.625,1.0,0.5,0.0,0.0,0.0,0.0,0.25,1.0,0.812,1.0,0.188,0.0,0.0,0.0,0.0,0.75,0.062,0.688,0.375,0.0,0.0,0.0,0.0,0.0,0.0,0.75,0.5,0.0,0.0,0.0,0.0,0.0,0.0,0.875,0.312,0.0,0.0,0.0,0.0,0.0,0.438,1.0,0.375,0.25,0.0,0.0,0.0,0.312,1.0,1.0,1.0,1.0,0.25,0.0,0.0,0.688,0.938,0.562,0.5,0.375,0.0,2
0.0,0.0,0.188,0.75,1.0,1.0,0.375,0.0,0.0,0.0,0.625,0.688,0.438,1.0,0.688,0.0,0.0,0.0,0.0,0.0,0.125,0.875,0.625,0.0,0.0,0.312,0.688,0.5,0.562,1.0,0.188,0.0,0.0,0.562,1.0,1.0,1.0,1.0,0.562,0.0,0.0,0.062,0.25,0.562,1.0,0.375,0.0,0.0,0.0,0.0,0.0,0.688,0.875,0.0,0.0,0.0,0.0,0.0,0.25,1.0,0.312,0.0,0.0,0.0,7
0.0,0.0,0.125,0.562,0.938,0.75,0.312,0.0,0.0,0.0,0.75,0.688,0.688,0.75,0.688,0.0,0.0,0.062,1.0,0.062,0.0,0.5,0.688,0.0,0.0,0.188,0.938,0.75,0.625,0.938,0.125,0.0,0.0,0.0,0.062,0.688,1.0,0.562,0.0,0.0,0.0,0.0,0.0,0.688,0.938,0.75,0.0,0.0,0.0,0.0,0.0,0.75,0.938,0.5,0.0,0.0,0.0,0.0,0.0,0.625,0.812,0.125,0.0,0.0,8
0.0,0.0,0.438,0.938,0.875,0.375,0.0,0.0,0.0,0.312,1.0,0.312,0.625,1.0,0.25,0.0,0.0,0.375,0.938,0.125,0.625,0.875,0.062,0.0,0.0,0.062,0.812,1.0,0.875,0.062,0.0,0.0,0.0,0.0,0.625,0.812,0.938,0.5,0.0,0.0,0.0,0.0,0.938,0.125,0.188,0.938,0.375,0.0,0.0,0.0,0.938,0.188,0.5,0.938,0.375,0.0,0.0,0.0,0.375,1.0,0.688,0.25,0.0,0.0,8
0.0,0.0,0.312,0.75,0.938,0.625,0.062,0.0,0.0,0.125,0.875,0.438,0.25,0.562,0.438,0.0,0.0,0.438,0.938,0.438,0.0,0.562,0.5,0.0,0.0,0.062,0.312,0.938,0.688,0.812,0.188,0.0,0.0,0.0,0.188,0.938,1.0,0.312,0.0,0.0,0.0,0.0,0.938,0.562,0.75,0.438,0.0,0.0,0.0,0.0,0.938,0.312,0.5,0.75,0.0,0.0,0.0,0.0,0.25,0.875,1.0,0.688,0.0,0.0,8
0.0,0.0,0.375,0.938,1.0,0.938,0.688,0.0,0.0,0.062,0.938,0.875,0.5,0.5,0.438,0.0,0.0,0.25,1.0,0.312,0.0,0.0,0.0,0.0,0.0,0.438,1.0,0.5,0.0,0.0,0.0,0.0,0.0,0.062,0.688,1.0,0.5,0.0,0.0,0.0,0.0,0.0,0.0,0.938,0.688,0.0,0.0,0.0,0.0,0.0,0.0,0.875,0.688,0.0,0.0,0.0,0.0,0.0,0.562,1.0,0.312,0.0,0.0,0.0,5
0.0,0.0,0.0,0.0,0.812,0.75,0.0,0.0,0.0,0.0,0.0,0.625,1.0,0.875,0.0,0.0,0.0,0.062,0.75,1.0,1.0,0.688,0.0,0.0,0.0,0.688,1.0,0.75,1.0,0.5,0.0,0.0,0.0,0.375,0.25,0.438,1.0,0.375,0.0,0.0,0.0,0.0,0.0,0.375,1.0,0.312,0.0,0.0,0.0,0.0,0.0,0.25,1.0,0.5,0.0,0.0,0.0,0.0,0.0,0.0,0.938,0.688,0.0,0.0,1
0.0,0.0,0.438,0.875,0.688,0.0,0.0,0.0,0.0,0.062,1.0,0.812,0.125,0.125,0.062,0.0,0.0,0.188,1.0,0.562,0.25,0.812,0.25,0.0,0.0,0.0,0.438,1.0,1.0,0.875,0.0,0.0,0.0,0.0,0.688,1.0,1.0,0.562,0.0,0.0,0.0,0.0,1.0,0.562,0.625,0.938,0.0,0.0,0.0,0.062,1.0,0.125,0.312,1.0,0.25,0.0,0.0,0.0,0.438,0.938,1.0,1.0,0.188,0.0,8
0.0,0.0,0.312,0.938,1.0,0.938,0.062,0.0,0.0,0.625,1.0,0.688,0.5,1.0,0.312,0.0,0.0,0.75,0.625,0.062,0.625,0.938,0.062,0.0,0.0,0.0,0.0,0.5,1.0,0.688,0.062,0.0,0.0,0.0,0.0,0.062,0.625,1.0,0.625,0.0,0.0,0.0,0.0,0.125,0.0,0.438,1.0,0.0,0.0,0.0,0.5,0.812,0.312,0.938,0.75,0.0,0.0,0.0,0.312,0.938,1.0,0.875,0.188,0.0,3
0.0,0.0,0.25,0.938,0.875,0.75,0.688,0.0,0.0,0.0,0.438,0.938,0.812,1.0,0.625,0.0,0.0,0.0,0.625,0.438,0.375,1.0,0.125,0.0,0.0,0.0,0.438,0.062,0.75,0.75,0.0,0.0,0.0,0.0,0.312,0.5,1.0,0.75,0.062,0.0,0.0,0.25,1.0,1.0,1.0,0.875,0.125,0.0,0.0,0.0,0.0,0.938,0.562,0.062,0.0,0.0,0.0,0.0,0.312,0.938,0.125,0.0,0.0,0.0,7
0.0,0.0,0.188,0.875,0.062,0.0,0.0,0.0,0.0,0.0,0.75,0.75,0.0,0.0,0.0,0.0,0.0,0.188,1.0,0.375,0.0,0.0,0.0,0.0,0.0,0.312,1.0,0.125,0.0,0.0,0.0,0.0,0.0,0.375,1.0,0.125,0.312,0.125,0.0,0.0,0.0,0.25,1.0,0.125,0.75,0.938,0.125,0.0,0.0,0.062,0.875,0.812,0.125,0.812,0.688,0.0,0.0,0.0,0.188,0.688,1.0,0.812,0.25,0.0,6
0.0,0.0,0.25,0.938,0.875,0.25,0.0,0.0,0.0,0.062,0.875,0.5,0.625,0.812,0.062,0.0,0.0,0.312,0.812,0.0,0.0,1.0,0.188,0.0,0.0,0.375,0.75,0.0,0.0,0.812,0.188,0.0,0.0,0.438,0.75,0.0,0.0,0.875,0.188,0.0,0.0,0.062,1.0,0.0,0.0,0.875,0.188,0.0,0.0,0.0,0.625,0.688,0.75,0.875,0.0,0.0,0.0,0.0,0.062,0.688,0.75,0.188,0.0,0.0,0
0.0,0.0,0.0,0.125,0.562,1.0,0.625,0.0,0.0,0.0,0.438,0.938,0.5,0.438,0.75,0.0,0.0,0.062,0.938,0.188,0.0,0.688,0.75,0.0,0.0,0.5,0.875,0.562,0.812,1.0,0.5,0.0,0.0,0.062,0.438,0.438,0.188,0.812,0.25,0.0,0.0,0.0,0.0,0.0,0.312,0.812,0.0,0.0,0.0,0.0,0.0,0.0,0.625,0.562,0.0,0.0,0.0,0.0,0.0,0.0,0.875,0.25,0.0,0.0,9
0.0,0.0,0.562,1.0,0.688,0.062,0.0,0.0,0.0,0.312,1.0,0.625,1.0,0.562,0.0,0.0,0.0,0.375,0.875,0.062,0.562,0.938,0.0,0.0,0.0,0.062,0.938,0.375,0.688,1.0,0.125,0.0,0.0,0.0,0.438,1.0,0.938,1.0,0.438,0.0,0.0,0.0,0.0,0.188,0.062,0.688,0.562,0.0,0.0,0.188,0.875,0.562,0.562,0.875,0.75,0.0,0.0,0.0,0.75,1.0,1.0,0.812,0.188,0.0,9
0.0,0.0,0.5,0.688,0.5,0.625,0.875,0.5,0.0,0.188,0.938,0.688,0.75,1.0,0.312,0.062,0.0,0.062,1.0,0.0,0.688,0.5,0.0,0.0,0.0,0.0,0.062,0.312,1.0,0.312,0.0,0.0,0.0,0.0,0.188,0.938,1.0,0.875,0.0,0.0,0.0,0.0,0.438,1.0,0.188,0.0,0.0,0.0,0.0,0.0,0.375,0.812,0.0,0.0,0.0,0.0,0.0,0.0,0.688,0.438,0.0,0.0,0.0,0.0,7
0.0,0.0,0.188,0.938,0.25,0.0,0.0,0.0,0.0,0.0,0.0,0.938,0.688,0.0,0.0,0.0,0.0,0.0,0.0,0.938,1.0,0.125,0.0,0.0,0.0,0.0,0.0,0.875,1.0,0.5,0.0,0.0,0.0,0.0,0.0,0.438,0.812,0.875,0.0,0.0,0.0,0.0,0.0,0.0,0.25,1.0,0.25,0.0,0.0,0.0,0.188,0.562,0.812,1.0,0.75,0.312,0.0,0.0,0.188,0.938,1.0,1.0,1.0,1.0,1
0.0,0.188,1.0,0.812,0.938,1.0,0.688,0.0,0.0,0.312,1.0,0.875,0.75,0.5,0.625,0.0,0.0,0.125,1.0,0.75,0.0,0.0,0.0,0.0,0.0,0.0,0.438,1.0,0.75,0.0,0.0,0.0,0.0,0.0,0.0,0.438,1.0,0.5,0.0,0.0,0.0,0.0,0.0,0.0,0.812,0.688,0.0,0.0,0.0,0.188,0.375,0.5,1.0,0.438,0.0,0.0,0.0,0.125,0.938,0.938,0.562,0.0,0.0,0.0,5
0.0,0.0,0.062,0.875,1.0,0.5,0.0,0.0,0.0,0.0,0.625,1.0,0.688,0.25,0.0,0.0,0.0,0.0,0.062,0.688,0.062,0.0,0.0,0.0,0.0,0.062,0.75,0.188,0.0,0.0,0.0,0.0,0.0,0.125,1.0,0.875,0.812,0.5,0.062,0.0,0.0,0.188,1.0,1.0,0.812,1.0,0.5,0.0,0.0,0.0,0.75,1.0,0.438,0.938,0.75,0.0,0.0,0.0,0.062,0.812,1.0,1.0,0.5,0.0,6
0.0,0.0,0.312,0.812,0.062,0.0,0.0,0.0,0.0,0.0,0.75,0.812,0.0,0.0,0.0,0.0,0.0,0.0,1.0,0.5,0.0,0.0,0.0,0.0,0.0,0.312,1.0,0.125,0.0,0.0,0.0,0.0,0.0,0.25,1.0,0.5,0.938,0.562,0.062,0.0,0.0,0.25,1.0,1.0,0.75,0.938,0.688,0.0,0.0,0.062,0.938,0.875,0.25,0.875,0.688,0.0,0.0,0.0,0.312,0.875,0.875,0.625,0.062,0.0,6
0.0,0.062,0.438,0.812,1.0,0.812,0.0,0.0,0.0,0.438,1.0,1.0,1.0,0.875,0.0,0.0,0.0,0.062,0.438,1.0,0.625,0.062,0.0,0.0,0.0,0.062,1.0,0.938,0.0,0.0,0.0,0.0,0.0,0.0,0.5,0.938,0.875,0.188,0.0,0.0,0.0,0.0,0.0,0.062,0.875,0.938,0.188,0.0,0.0,0.0,0.062,0.312,0.812,1.0,0.438,0.0,0.0,0.0,0.5,0.938,0.625,0.375,0.0,0.0,3
0.0,0.0,0.0,0.625,0.625,0.0,0.0,0.0,0.0,0.0,0.375,1.0,0.375,0.0,0.0,0.0,0.0,0.062,0.875,0.625,0.0,0.0,0.0,0.0,0.0,0.438,1.0,0.188,0.688,0.438,0.0,0.0,0.0,0.75,1.0,0.5,1.0,0.562,0.062,0.0,0.0,0.625,1.0,1.0,1.0,1.0,0.375,0.0,0.0,0.0,0.0,0.625,1.0,0.0,0.0,0.0,0.0,0.0,0.0,0.625,0.688,0.0,0.0,0.0,4
0.0,0.188,0.625,1.0,1.0,1.0,0.125,0.0,0.0,0.875,1.0,0.875,0.562,0.188,0.0,0.0,0.0,1.0,0.75,0.0,0.0,0.0,0.0,0.0,0.0,0.75,0.875,0.0,0.0,0.0,0.0,0.0,0.0,0.375,1.0,0.188,0.0,0.0,0.0,0.0,0.0,0.0,0.562,1.0,0.188,0.0,0.0,0.0,0.0,0.0,0.25,0.875,0.812,0.0,0.0,0.0,0.0,0.125,0.938,1.0,0.5,0.0,0.0,0.0,5
0.0,0.125,0.812,1.0,1.0,0.688,0.0,0.0,0.0,0.625,0.688,0.25,0.75,0.75,0.0,0.0,0.0,0.062,0.062,0.25,0.875,0.5,0.0,0.0,0.0,0.0,0.125,1.0,1.0,0.5,0.0,0.0,0.0,0.0,0.0,0.438,0.562,1.0,0.5,0.0,0.0,0.0,0.0,0.0,0.0,0.625,0.75,0.0,0.0,0.0,0.312,0.562,0.625,1.0,0.562,0.0,0.0,0.0,0.938,1.0,0.812,0.438,0.0,0.0,3
0.0,0.0,0.812,0.812,0.812,0.75,0.25,0.0,0.0,0.062,1.0,0.312,0.312,0.562,0.25,0.0,0.0,0.25,0.812,0.0,0.125,0.062,0.0,0.0,0.0,0.312,0.875,0.688,1.0,0.812,0.125,0.0,0.0,0.312,0.938,0.375,0.0,0.562,0.5,0.0,0.0,0.0,0.188,0.0,0.0,0.625,0.5,0.0,0.0,0.188,0.875,0.312,0.438,0.938,0.062,0.0,0.0,0.062,0.562,0.875,0.938,0.25,0.0,0.0,5
0.0,0.0,0.062,0.562,0.938,0.125,0.0,0.0,0.0,0.0,0.312,1.0,0.438,0.062,0.0,0.0,0.0,0.0,0.875,0.5,0.0,0.0,0.0,0.0,0.0,0.0,0.938,0.375,0.5,0.25,0.0,0.0,0.0,0.0,0.938,1.0,0.812,0.875,0.438,0.0,0.0,0.0,0.875,0.188,0.0,0.188,0.75,0.0,0.0,0.0,0.375,0.562,0.438,0.562,0.938,0.0,0.0,0.0,0.0,0.625,0.875,0.875,0.125,0.0,6
0.0,0.0,0.5,0.812,0.688,0.062,0.0,0.0,0.0,0.25,0.938,0.312,0.75,0.375,0.0,0.0,0.0,0.0,0.0,0.0,0.625,0.25,0.0,0.0,0.0,0.0,0.0,0.375,1.0,0.25,0.0,0.0,0.0,0.0,0.0,0.312,0.812,0.938,0.188,0.0,0.0,0.0,0.062,0.0,0.0,0.438,0.75,0.0,0.0,0.062,0.938,0.5,0.438,0.75,0.75,0.0,0.0,0.0,0.375,0.875,1.0,0.938,0.312,0.0,3
0.0,0.0,0.812,1.0,1.0,0.312,0.0,0.0,0.0,0.312,0.938,0.375,0.688,0.812,0.0,0.0,0.0,0.0,0.125,0.125,0.812,0.5,0.0,0.0,0.0,0.0,0.25,1.0,0.938,0.125,0.0,0.0,0.0,0.0,0.188,0.688,0.938,1.0,0.312,0.0,0.0,0.0,0.0,0.0,0.125,0.938,0.688,0.0,0.0,0.0,0.188,0.25,0.562,1.0,0.375,0.0,0.0,0.0,0.938,1.0,1.0,0.625,0.0,0.0,3
0.0,0.0,0.5,0.938,1.0,0.688,0.0,0.0,0.0,0.125,1.0,0.625,0.25,0.875,0.25,0.0,0.0,0.375,1.0,0.125,0.0,0.5,0.5,0.0,0.0,0.625,0.75,0.0,0.0,0.688,0.375,0.0,0.0,0.562,0.688,0.0,0.0,0.938,0.375,0.0,0.0,0.5,0.75,0.0,0.438,0.938,0.062,0.0,0.0,0.125,0.938,0.438,0.938,0.562,0.0,0.0,0.0,0.0,0.625,1.0,0.75,0.062,0.0,0.0,0
0.0,0.0,0.312,0.75,1.0,0.625,0.0,0.0,0.0,0.375,1.0,0.812,0.188,0.938,0.062,0.0,0.0,0.688,0.5,0.312,0.312,0.625,0.0,0.0,0.0,0.25,0.688,0.125,0.75,0.125,0.0,0.0,0.0,0.0,0.375,1.0,0.375,0.0,0.0,0.0,0.0,0.0,0.125,0.938,0.5,0.0,0.0,0.0,0.0,0.0,0.5,0.812,0.5,0.0,0.0,0.0,0.0,0.0,0.312,0.938,0.25,0.0,0.0,0.0,8
0.0,0.0,0.062,0.438,0.375,0.688,0.062,0.0,0.0,0.0,0.812,0.688,0.938,1.0,0.438,0.0,0.0,0.0,0.812,0.375,0.688,1.0,0.25,0.0,0.0,0.0,0.188,0.938,1.0,0.438,0.0,0.0,0.0,0.0,0.25,0.938,0.875,0.438,0.0,0.0,0.0,0.062,0.875,0.188,0.062,0.812,0.0,0.0,0.0,0.125,0.75,0.125,0.188,0.75,0.0,0.0,0.0,0.0,0.062,0.625,0.5,0.062,0.0,0.0,8
0.0,0.0,0.0,0.0,0.562,1.0,0.25,0.0,0.0,0.0,0.0,0.312,0.938,1.0,0.125,0.0,0.0,0.188,0.75,1.0,1.0,0.875,0.0,0.0,0.0,0.625,1.0,0.938,1.0,0.938,0.0,0.0,0.0,0.062,0.25,0.0,1.0,0.812,0.0,0.0,0.0,0.0,0.0,0.0,0.938,0.812,0.0,0.0,0.0,0.0,0.0,0.0,0.75,1.0,0.75,0.0,0.0,0.0,0.0,0.0,0.75,1.0,0.375,0.0,1
0.0,0.0,0.0,0.75,0.875,0.062,0.0,0.0,0.0,0.0,0.562,1.0,0.625,0.312,0.0,0.0,0.0,0.0,0.5,0.812,0.312,0.875,0.0,0.0,0.0,0.0,0.125,0.875,1.0,1.0,0.25,0.0,0.0,0.0,0.0,0.0,0.25,0.625,0.625,0.0,0.0,0.0,0.0,0.0,0.0,0.25,1.0,0.0,0.0,0.0,0.125,0.375,0.25,0.562,1.0,0.0,0.0,0.0,0.062,0.688,1.0,0.938,0.438,0.0,9
0.0,0.062,0.938,0.875,0.125,0.0,0.0,0.0,0.0,0.375,0.875,0.0,0.0,0.188,0.125,0.0,0.0,0.125,1.0,0.188,0.125,0.812,0.188,0.0,0.0,0.0,0.688,0.875,0.938,0.562,0.0,0.0,0.0,0.0,0.438,1.0,0.688,0.0,0.0,0.0,0.0,0.0,0.938,0.812,0.875,0.0,0.0,0.0,0.0,0.125,0.938,0.25,1.0,0.188,0.0,0.0,0.0,0.062,0.938,1.0,0.75,0.062,0.0,0.0,8
0.0,0.0,0.188,0.5,0.688,0.812,0.875,0.0,0.0,0.125,0.812,1.0,0.812,0.812,0.812,0.0,0.0,0.062,1.0,0.0,0.0,0.0,0.0,0.0,0.0,0.188,1.0,0.688,0.625,0.062,0.0,0.0,0.0,0.188,1.0,0.875,0.875,0.625,0.0,0.0,0.0,0.0,0.5,0.188,0.562,0.688,0.0,0.0,0.0,0.0,0.438,0.938,0.875,0.688,0.0,0.0,0.0,0.0,0.125,0.75,0.812,0.125,0.0,0.0,5
0.0,0.0,0.0,0.188,0.875,0.562,0.0,0.0,0.0,0.0,0.0,0.812,0.688,0.062,0.0,0.0,0.0,0.0,0.562,0.875,0.0,0.0,0.0,0.0,0.0,0.25,1.0,0.25,0.0,0.25,0.125,0.0,0.0,0.75,0.75,0.438,0.875,1.0,0.625,0.0,0.0,0.812,1.0,0.875,0.688,1.0,0.25,0.0,0.0,0.125,0.125,0.0,0.688,0.812,0.0,0.0,0.0,0.0,0.0,0.188,1.0,0.562,0.0,0.0,4
0.0,0.0,0.062,0.812,0.438,0.0,0.0,0.0,0.0,0.062,0.938,0.562,0.938,0.062,0.0,0.0,0.0,0.562,0.688,0.0,1.0,0.0,0.0,0.0,0.0,0.125,0.625,0.188,0.875,0.0,0.0,0.0,0.0,0.0,0.0,0.125,0.688,0.0,0.0,0.0,0.0,0.0,0.0,0.312,0.688,0.0,0.0,0.0,0.0,0.0,0.0,0.562,0.625,0.25,0.25,0.125,0.0,0.0,0.062,0.938,1.0,0.938,0.812,0.938,2
0.0,0.062,0.812,0.938,0.75,0.75,0.312,0.0,0.0,0.25,1.0,0.5,0.5,0.375,0.0,0.0,0.0,0.438,0.812,0.0,0.0,0.0,0.0,0.0,0.0,0.5,0.938,0.812,0.938,0.438,0.0,0.0,0.0,0.062,0.375,0.312,0.5,0.75,0.0,0.0,0.0,0.0,0.0,0.0,0.75,0.688,0.0,0.0,0.0,0.0,0.125,0.812,0.875,0.062,0.0,0.0,0.0,0.188,0.875,0.625,0.062,0.0,0.0,0.0,5
0.0,0.0,0.562,1.0,0.625,0.062,0.0,0.0,0.0,0.0,0.5,0.188,1.0,0.25,0.0,0.0,0.0,0.0,0.0,0.312,0.875,0.125,0.0,0.0,0.0,0.0,0.125,1.0,0.938,0.438,0.0,0.0,0.0,0.0,0.0,0.0,0.188,0.938,0.125,0.0,0.0,0.25,0.375,0.0,0.0,0.812,0.438,0.0,0.0,0.375,0.812,0.062,0.312,1.0,0.188,0.0,0.0,0.0,0.625,1.0,0.938,0.312,0.0,0.0,3
0.0,0.0,0.188,0.938,0.312,0.0,0.0,0.0,0.0,0.0,0.312,1.0,0.625,0.0,0.0,0.0,0.0,0.0,0.375,1.0,0.438,0.0,0.0,0.0,0.0,0.125,0.75,1.0,0.562,0.0,0.0,0.0,0.0,0.5,1.0,0.938,0.875,0.0,0.0,0.0,0.0,0.0,0.375,0.188,1.0,0.375,0.0,0.0,0.0,0.0,0.375,0.5,0.75,0.938,0.75,0.625,0.0,0.0,0.125,0.812,1.0,1.0,0.938,0.688,1
0.0,0.0,0.0,0.562,0.688,0.0,0.0,0.0,0.0,0.0,0.312,0.875,0.188,0.125,0.0,0.0,0.0,0.0,0.938,0.125,0.062,0.875,0.188,0.0,0.0,0.312,0.812,0.0,0.812,0.5,0.062,0.0,0.0,0.5,0.812,0.188,1.0,0.875,0.375,0.0,0.0,0.375,0.938,1.0,0.812,0.188,0.0,0.0,0.0,0.0,0.0,0.562,0.688,0.0,0.0,0.0,0.0,0.0,0.0,0.688,0.438,0.0,0.0,0.0,4
0.0,0.0,0.25,0.75,1.0,0.75,0.0,0.0,0.0,0.312,1.0,0.5,0.25,0.75,0.125,0.0,0.0,0.75,0.375,0.0,0.0,0.812,0.25,0.0,0.0,0.375,1.0,0.812,1.0,1.0,0.438,0.0,0.0,0.0,0.188,0.25,0.062,0.5,0.5,0.0,0.0,0.0,0.0,0.0,0.0,0.25,0.75,0.0,0.0,0.0,0.5,0.562,0.125,0.562,0.562,0.0,0.0,0.0,0.125,0.812,1.0,0.938,0.188,0.0,9
0.0,0.25,0.938,0.875,0.688,0.125,0.0,0.0,0.0,0.438,0.625,0.062,0.688,0.688,0.0,0.0,0.0,0.062,0.812,0.25,0.812,1.0,0.125,0.0,0.0,0.0,0.188,0.688,0.438,0.562,0.375,0.0,0.0,0.0,0.0,0.0,0.0,0.312,0.5,0.0,0.0,0.0,0.0,0.0,0.0,0.312,0.5,0.0,0.0,0.188,0.75,0.0,0.188,0.812,0.312,0.0,0.0,0.125,0.812,1.0,1.0,0.5,0.0,0.0,9
0.0,0.188,0.938,0.938,0.188,0.0,0.0,0.0,0.0,0.5,0.875,0.75,0.625,0.0,0.0,0.0,0.0,0.312,0.688,0.375,0.875,0.0,0.0,0.0,0.0,0.0,0.0,0.438,0.875,0.0,0.0,0.0,0.0,0.0,0.0,0.625,0.75,0.0,0.0,0.0,0.0,0.0,0.0,0.938,0.562,0.0,0.0,0.0,0.0,0.062,0.688,1.0,0.75,0.5,0.312,0.0,0.0,0.312,1.0,1.0,1.0,1.0,1.0,0.0,2
0.0,0.0,0.312,0.875,0.688,0.062,0.0,0.0,0.0,0.0,1.0,0.625,0.875,0.812,0.0,0.0,0.0,0.0,0.875,0.125,0.5,1.0,0.375,0.0,0.0,0.0,0.75,0.438,0.625,1.0,0.5,0.0,0.0,0.0,0.312,1.0,1.0,0.938,0.5,0.0,0.0,0.062,0.188,0.062,0.125,0.688,0.562,0.0,0.0,0.062,0.938,0.375,0.25,0.75,0.688,0.0,0.0,0.0,0.375,1.0,0.875,0.75,0.188,0.0,9
0.0,0.0,0.0,0.375,1.0,0.125,0.0,0.0,0.0,0.0,0.125,0.938,0.938,0.0,0.0,0.0,0.0,0.0,0.938,1.0,0.188,0.125,0.188,0.0,0.0,0.438,1.0,0.438,0.188,0.938,0.688,0.0,0.0,0.438,1.0,0.875,0.875,1.0,0.312,0.0,0.0,0.062,0.438,0.75,1.0,0.625,0.0,0.0,0.0,0.0,0.0,0.438,1.0,0.25,0.0,0.0,0.0,0.0,0.0,0.625,0.938,0.0,0.0,0.0,4
0.0,0.0,0.062,0.75,1.0,1.0,0.75,0.0,0.0,0.0,0.438,1.0,0.688,0.75,0.562,0.0,0.0,0.0,0.375,0.438,0.0,0.875,0.25,0.0,0.0,0.0,0.0,0.0,0.375,1.0,0.188,0.0,0.0,0.0,0.0,0.625,1.0,1.0,0.562,0.0,0.0,0.0,0.0,0.5,0.938,0.312,0.0,0.0,0.0,0.0,0.0,0.5,0.625,0.0,0.0,0.0,0.0,0.0,0.0,1.0,0.312,0.0,0.0,0.0,7
0.0,0.0,0.625,0.875,0.625,0.062,0.0,0.0,0.0,0.25,0.875,0.375,0.812,0.438,0.0,0.0,0.0,0.375,0.75,0.0,0.438,0.438,0.0,0.0,0.0,0.062,1.0,0.625,0.938,0.062,0.0,0.0,0.0,0.0,0.312,1.0,0.938,0.188,0.0,0.0,0.0,0.0,0.812,0.375,0.375,0.938,0.312,0.0,0.0,0.188,0.938,0.0,0.25,0.75,0.438,0.0,0.0,0.0,0.75,1.0,0.938,0.5,0.0,0.0,8
0.0,0.0,0.0,0.625,1.0,0.438,0.0,0.0,0.0,0.0,0.125,0.938,0.25,0.875,0.125,0.0,0.0,0.0,0.0,0.812,0.5,1.0,0.0,0.0,0.0,0.0,0.0,0.625,1.0,0.875,0.062,0.0,0.0,0.0,0.5,1.0,1.0,0.438,0.0,0.0,0.0,0.062,0.938,0.375,0.5,0.75,0.0,0.0,0.0,0.062,0.812,0.312,0.75,0.562,0.0,0.0,0.0,0.0,0.062,0.688,0.938,0.375,0.0,0.0,8
0.0,0.125,0.875,1.0,1.0,0.812,0.312,0.0,0.0,0.438,1.0,0.812,0.5,0.5,0.062,0.0,0.0,0.625,0.938,0.0,0.0,0.0,0.0,0.0,0.0,0.625,1.0,0.0,0.0,0.0,0.0,0.0,0.0,0.438,1.0,0.375,0.0,0.0,0.0,0.0,0.0,0.062,0.75,1.0,0.5,0.0,0.0,0.0,0.0,0.062,0.5,1.0,0.625,0.0,0.0,0.0,0.0,0.188,1.0,0.938,0.062,0.0,0.0,0.0,5
0.0,0.0,0.188,0.875,0.938,0.562,0.0,0.0,0.0,0.0,0.625,1.0,1.0,0.812,0.0,0.0,0.0,0.125,0.812,1.0,1.0,0.25,0.0,0.0,0.0,0.0,0.75,1.0,1.0,0.25,0.0,0.0,0.0,0.125,0.812,1.0,1.0,0.25,0.0,0.0,0.0,0.0,0.75,1.0,1.0,0.25,0.0,0.0,0.0,0.0,0.375,1.0,1.0,1.0,0.375,0.0,0.0,0.0,0.125,0.625,1.0,1.0,0.125,0.0,1
0.0,0.0,0.375,0.812,1.0,0.375,0.0,0.0,0.0,0.188,1.0,0.875,0.938,1.0,0.062,0.0,0.0,0.0,0.312,0.0,0.5,1.0,0.125,0.0,0.0,0.0,0.0,0.0,0.5,1.0,0.188,0.0,0.0,0.188,0.938,1.0,1.0,1.0,0.562,0.0,0.0,0.312,0.812,0.875,1.0,0.688,0.188,0.0,0.0,0.0,0.0,0.75,0.938,0.062,0.0,0.0,0.0,0.0,0.25,1.0,0.438,0.0,0.0,0.0,7
0.0,0.0,0.0,0.625,0.375,0.0,0.625,0.875,0.0,0.0,0.438,0.938,0.125,0.438,0.875,0.062,0.0,0.0,0.938,0.562,0.062,0.938,0.75,0.125,0.0,0.25,1.0,0.625,0.688,1.0,0.75,0.062,0.0,0.125,1.0,1.0,1.0,0.562,0.0,0.0,0.0,0.0,0.312,0.75,0.625,0.0,0.0,0.0,0.0,0.0,0.0,0.812,0.312,0.0,0.0,0.0,0.0,0.0,0.0,0.938,0.188,0.0,0.0,0.0,4
0.0,0.0,0.625,1.0,0.938,0.5,0.125,0.0,0.0,0.562,1.0,0.75,0.5,0.562,0.188,0.0,0.0,0.812,1.0,0.562,0.0,0.0,0.0,0.0,0.0,0.438,1.0,1.0,0.625,0.0,0.0,0.0,0.0,0.438,0.812,0.5,1.0,0.25,0.0,0.0,0.0,0.0,0.0,0.062,1.0,0.312,0.0,0.0,0.0,0.0,0.125,0.75,0.938,0.062,0.0,0.0,0.0,0.0,0.812,1.0,0.375,0.0,0.0,0.0,5
0.0,0.0,0.625,1.0,0.562,0.062,0.0,0.0,0.0,0.438,1.0,0.562,0.875,0.688,0.0,0.0,0.0,0.5,0.875,0.062,0.438,0.875,0.125,0.0,0.0,0.125,0.875,0.875,0.875,0.938,0.188,0.0,0.0,0.0,0.125,0.25,0.25,1.0,0.25,0.0,0.0,0.0,0.188,0.0,0.0,0.812,0.562,0.0,0.0,0.125,0.938,0.5,0.5,0.875,0.5,0.0,0.0,0.0,0.5,0.938,0.812,0.625,0.0,0.0,9
0.0,0.25,0.938,1.0,0.938,0.25,0.0,0.0,0.0,0.688,1.0,0.875,0.938,1.0,0.0,0.0,0.0,0.188,0.188,0.0,1.0,0.875,0.125,0.0,0.0,0.0,0.562,1.0,1.0,1.0,0.5,0.0,0.0,0.0,0.938,1.0,0.688,0.062,0.0,0.0,0.0,0.0,0.688,0.812,0.062,0.0,0.0,0.0,0.0,0.25,1.0,0.312,0.0,0.0,0.0,0.0,0.0,0.25,0.938,0.0,0.0,0.0,0.0,0.0,7
0.0,0.0,0.062,0.875,0.562,0.0,0.0,0.0,0.0,0.0,0.5,0.812,0.188,0.438,0.062,0.0,0.0,0.062,1.0,0.375,0.312,1.0,0.188,0.0,0.0,0.438,0.812,0.0,0.875,0.688,0.188,0.0,0.0,0.75,0.812,0.312,1.0,1.0,0.562,0.0,0.0,0.812,1.0,1.0,0.938,0.375,0.0,0.0,0.0,0.0,0.188,0.75,0.875,0.0,0.0,0.0,0.0,0.0,0.0,0.938,0.625,0.0,0.0,0.0,4
0.0,0.125,0.938,1.0,0.938,0.062,0.0,0.0,0.0,0.188,0.688,0.312,1.0,0.25,0.0,0.0,0.0,0.0,0.0,0.0,0.938,0.312,0.0,0.0,0.0,0.0,0.0,0.25,0.938,0.062,0.0,0.0,0.0,0.0,0.125,0.875,0.312,0.0,0.0,0.0,0.0,0.0,0.938,0.625,0.0,0.0,0.0,0.0,0.0,0.312,1.0,0.188,0.188,0.25,0.188,0.0,0.0,0.25,1.0,1.0,1.0,1.0,0.688,0.0,2
0.0,0.0,0.562,0.562,0.25,0.0,0.0,0.0,0.0,0.0,0.938,0.938,0.875,0.75,0.0,0.0,0.0,0.188,0.625,0.062,0.0,0.75,0.312,0.0,0.0,0.312,0.5,0.0,0.0,0.5,0.375,0.0,0.0,0.5,0.5,0.0,0.0,0.5,0.5,0.0,0.0,0.312,0.5,0.0,0.0,0.625,0.375,0.0,0.0,0.25,0.812,0.25,0.375,0.812,0.0,0.0,0.0,0.0,0.375,1.0,0.875,0.188,0.0,0.0,0
0.0,0.0,0.0,0.625,0.812,0.0,0.0,0.0,0.0,0.0,0.0,0.812,1.0,0.312,0.0,0.0,0.0,0.0,0.0,1.0,1.0,0.25,0.0,0.0,0.0,0.0,0.188,1.0,1.0,0.438,0.0,0.0,0.0,0.0,0.438,1.0,1.0,0.562,0.0,0.0,0.0,0.0,0.562,1.0,1.0,0.625,0.0,0.0,0.0,0.0,0.625,1.0,1.0,0.875,0.0,0.0,0.0,0.0,0.062,0.312,0.438,0.938,0.5,0.0,1
0.0,0.0,0.125,0.438,0.938,0.812,0.062,0.0,0.0,0.0,0.875,0.75,0.562,0.875,0.5,0.0,0.0,0.0,0.125,0.0,0.0,0.75,0.5,0.0,0.0,0.0,0.0,0.0,0.0,0.812,0.375,0.0,0.0,0.312,1.0,1.0,1.0,1.0,0.312,0.0,0.0,0.125,0.312,0.438,0.812,0.875,0.125,0.0,0.0,0.0,0.0,0.062,0.938,0.312,0.0,0.0,0.0,0.0,0.0,0.688,0.562,0.0,0.0,0.0,7
0.0,0.0,0.75,1.0,0.75,0.0,0.0,0.0,0.0,0.188,1.0,0.75,1.0,0.188,0.0,0.0,0.0,0.062,0.5,0.25,1.0,0.188,0.0,0.0,0.0,0.0,0.0,0.438,1.0,0.062,0.0,0.0,0.0,0.0,0.0,0.625,0.75,0.0,0.0,0.0,0.0,0.0,0.25,1.0,0.125,0.0,0.0,0.0,0.0,0.0,0.688,0.938,0.5,0.5,0.125,0.0,0.0,0.0,0.75,1.0,1.0,0.75,0.062,0.0,2
0.0,0.062,0.5,1.0,1.0,1.0,0.625,0.0,0.0,0.5,1.0,0.875,0.5,0.312,0.062,0.0,0.0,0.562,1.0,0.125,0.0,0.0,0.0,0.0,0.0,0.125,1.0,0.938,0.125,0.0,0.0,0.0,0.0,0.0,0.188,0.938,0.25,0.0,0.0,0.0,0.0,0.062,0.188,0.75,0.25,0.0,0.0,0.0,0.0,0.312,0.875,0.938,0.25,0.0,0.0,0.0,0.0,0.062,0.812,0.75,0.0,0.0,0.0,0.0,5
0.0,0.0,0.0,0.562,0.875,0.062,0.0,0.0,0.0,0.0,0.125,1.0,0.5,0.0,0.0,0.0,0.0,0.0,0.75,0.875,0.062,0.0,0.0,0.0,0.0,0.312,1.0,0.25,0.125,0.062,0.0,0.0,0.0,0.75,0.812,0.062,0.875,0.5,0.062,0.0,0.062,1.0,1.0,1.0,1.0,0.938,0.188,0.0,0.0,0.312,0.5,0.688,0.938,0.062,0.0,0.0,0.0,0.0,0.0,0.625,1.0,0.188,0.0,0.0,4
0.0,0.0,0.625,1.0,1.0,0.625,0.062,0.0,0.0,0.25,1.0,0.688,0.688,1.0,0.188,0.0,0.0,0.062,0.562,0.062,0.625,0.938,0.062,0.0,0.0,0.0,0.0,0.312,1.0,0.625,0.0,0.0,0.0,0.0,0.0,0.0,0.438,0.938,0.625,0.0,0.0,0.0,0.0,0.0,0.0,0.438,1.0,0.0,0.0,0.125,0.75,0.438,0.25,0.875,0.938,0.062,0.0,0.0,0.688,1.0,1.0,0.938,0.25,0.0,3
0.0,0.0,0.062,0.688,0.875,0.938,0.188,0.0,0.0,0.062,0.812,1.0,0.75,1.0,0.5,0.0,0.0,0.5,1.0,0.25,0.375,1.0,0.312,0.0,0.0,0.312,0.938,0.688,0.812,0.875,0.0,0.0,0.0,0.0,0.125,0.75,1.0,0.812,0.0,0.0,0.0,0.0,0.0,0.812,1.0,1.0,0.375,0.0,0.0,0.0,0.0,1.0,1.0,1.0,0.438,0.0,0.0,0.0,0.0,0.688,0.812,0.75,0.062,0.0,8
0.0,0.125,0.875,1.0,0.75,0.375,0.0,0.0,0.0,0.062,0.625,0.5,0.875,1.0,0.062,0.0,0.0,0.0,0.0,0.0,0.625,0.938,0.125,0.0,0.0,0.0,0.0,0.125,1.0,0.75,0.0,0.0,0.0,0.0,0.0,0.188,1.0,0.75,0.0,0.0,0.0,0.0,0.0,0.0,0.688,1.0,0.125,0.0,0.0,0.0,0.438,0.625,0.938,0.938,0.125,0.0,0.0,0.188,0.812,0.688,0.438,0.125,0.0,0.0,3
0.0,0.0,0.125,0.75,0.5,0.438,0.375,0.125,0.0,0.0,0.562,1.0,0.938,1.0,1.0,0.312,0.0,0.0,0.812,0.688,0.0,0.625,0.875,0.0,0.0,0.0,0.688,0.188,0.125,0.938,0.25,0.0,0.0,0.0,0.0,0.0,0.688,0.562,0.0,0.0,0.0,0.0,0.0,0.5,1.0,0.25,0.0,0.0,0.0,0.0,0.0,0.938,0.75,0.0,0.0,0.0,0.0,0.0,0.25,1.0,0.125,0.0,0.0,0.0,7
0.0,0.0,0.188,0.688,1.0,0.625,0.0,0.0,0.0,0.0,0.625,1.0,0.625,0.875,0.375,0.0,0.0,0.0,0.938,0.438,0.0,0.688,0.5,0.0,0.0,0.188,1.0,0.125,0.0,0.5,0.5,0.0,0.0,0.25,0.75,0.0,0.0,0.562,0.5,0.0,0.0,0.375,0.938,0.062,0.0,0.75,0.5,0.0,0.0,0.188,0.938,0.625,0.5,0.938,0.25,0.0,0.0,0.0,0.312,0.75,0.875,0.562,0.0,0.0,0
0.0,0.062,0.75,0.75,0.812,0.5,0.062,0.0,0.0,0.0,0.5,0.562,0.938,1.0,0.125,0.0,0.0,0.0,0.0,0.188,1.0,0.625,0.0,0.0,0.0,0.0,0.0,0.438,1.0,0.375,0.0,0.0,0.0,0.0,0.0,0.312,1.0,0.625,0.0,0.0,0.0,0.0,0.0,0.0,0.438,1.0,0.438,0.0,0.0,0.0,0.188,0.5,0.938,0.812,0.125,0.0,0.0,0.125,0.875,1.0,0.625,0.062,0.0,0.0,3
0.0,0.0,0.5,0.812,0.75,0.188,0.0,0.0,0.0,0.375,0.938,0.438,0.562,0.75,0.0,0.0,0.0,0.0,0.0,0.0,0.438,0.688,0.0,0.0,0.0,0.0,0.0,0.25,0.938,0.188,0.0,0.0,0.0,0.0,0.0,0.625,1.0,0.562,0.0,0.0,0.0,0.0,0.0,0.0,0.25,0.938,0.438,0.0,0.0,0.0,0.688,0.125,0.062,0.938,0.438,0.0,0.0,0.0,0.5,1.0,1.0,0.75,0.0,0.0,3
0.0,0.0,0.0,0.125,1.0,0.062,0.0,0.0,0.0,0.0,0.0,0.562,0.75,0.0,0.0,0.0,0.0,0.0,0.25,0.938,0.562,0.0,0.0,0.0,0.0,0.25,1.0,0.75,0.0,0.562,0.75,0.0,0.0,0.562,1.0,1.0,1.0,1.0,0.625,0.0,0.0,0.062,0.375,0.625,0.875,1.0,0.25,0.0,0.0,0.0,0.0,0.0,0.875,0.875,0.0,0.0,0.0,0.0,0.0,0.188,1.0,0.438,0.0,0.0,4
0.0,0.0,0.688,1.0,0.625,0.062,0.0,0.0,0.0,0.062,0.938,0.875,0.938,0.688,0.0,0.0,0.0,0.438,0.875,0.062,0.25,1.0,0.188,0.0,0.0,0.438,0.812,0.0,0.0,0.625,0.688,0.0,0.0,0.562,0.75,0.0,0.0,0.5,0.75,0.0,0.0,0.312,0.875,0.0,0.0,0.438,0.812,0.0,0.0,0.062,1.0,0.625,0.312,0.938,0.5,0.0,0.0,0.0,0.438,1.0,1.0,0.938,0.0,0.0,0
0.0,0.188,0.812,1.0,0.812,0.0,0.0,0.0,0.0,0.562,0.812,0.5,1.0,0.312,0.062,0.0,0.0,0.0,0.5,0.875,1.0,1.0,0.312,0.0,0.0,0.0,0.5,1.0,0.938,0.125,0.0,0.0,0.0,0.0,0.125,1.0,0.438,0.0,0.0,0.0,0.0,0.0,0.438,1.0,0.25,0.0,0.0,0.0,0.0,0.0,0.938,0.562,0.0,0.0,0.0,0.0,0.0,0.125,0.938,0.188,0.0,0.0,0.0,0.0,7
0.0,0.0,0.188,0.812,0.562,0.062,0.0,0.0,0.0,0.0,0.812,0.875,0.938,0.812,0.0,0.0,0.0,0.125,0.875,0.062,0.125,0.812,0.25,0.0,0.0,0.25,0.5,0.0,0.0,0.312,0.5,0.0,0.0,0.25,0.5,0.0,0.0,0.25,0.5,0.0,0.0,0.25,0.625,0.0,0.0,0.312,0.5,0.0,0.0,0.0,0.875,0.688,0.625,0.875,0.312,0.0,0.0,0.0,0.25,0.75,0.812,0.562,0.0,0.0,0
0.0,0.0,0.625,1.0,0.625,0.062,0.0,0.0,0.0,0.375,0.875,0.375,1.0,0.188,0.0,0.0,0.0,0.312,0.25,0.312,0.938,0.0,0.0,0.0,0.0,0.0,0.0,0.75,0.875,0.062,0.0,0.0,0.0,0.0,0.0,0.188,0.688,0.938,0.062,0.0,0.0,0.0,0.0,0.0,0.0,0.625,0.5,0.0,0.0,0.0,0.562,0.5,0.5,0.938,0.375,0.0,0.0,0.0,0.562,0.938,0.938,0.562,0.0,0.0,3
0.0,0.0,0.125,1.0,0.5,0.0,0.0,0.0,0.0,0.0,0.5,1.0,0.375,0.0,0.0,0.0,0.0,0.0,0.938,0.625,0.0,0.0,0.0,0.0,0.0,0.25,1.0,0.125,0.0,0.0,0.0,0.0,0.0,0.5,1.0,1.0,1.0,0.875,0.125,0.0,0.0,0.5,1.0,0.438,0.25,1.0,0.5,0.0,0.0,0.062,1.0,0.562,0.375,1.0,0.25,0.0,0.0,0.0,0.188,0.75,1.0,0.75,0.0,0.0,6
0.0,0.0,0.0,0.062,0.75,0.5,0.062,0.0,0.0,0.0,0.0,0.25,1.0,1.0,0.062,0.0,0.0,0.0,0.062,0.812,1.0,0.688,0.0,0.0,0.0,0.062,0.688,1.0,1.0,0.75,0.0,0.0,0.0,0.125,0.75,0.5,1.0,0.625,0.0,0.0,0.0,0.0,0.0,0.0,0.938,0.5,0.0,0.0,0.0,0.0,0.0,0.25,1.0,0.25,0.0,0.0,0.0,0.0,0.0,0.188,0.812,0.25,0.0,0.0,1
0.0,0.0,0.562,0.812,0.688,0.062,0.0,0.0,0.0,0.0,0.375,0.25,0.562,0.875,0.062,0.0,0.0,0.0,0.062,0.312,0.0,0.688,0.25,0.0,0.0,0.0,0.812,0.875,0.0,0.438,0.312,0.0,0.0,0.188,0.875,0.062,0.0,0.625,0.25,0.0,0.0,0.188,0.875,0.0,0.125,0.938,0.062,0.0,0.0,0.125,0.812,0.5,0.75,0.688,0.0,0.0,0.0,0.0,0.5,0.875,0.625,0.062,0.0,0.0,0
0.0,0.0,0.875,0.75,0.75,0.812,0.0,0.0,0.0,0.062,1.0,0.5,0.5,0.375,0.0,0.0,0.0,0.25,0.938,0.5,0.25,0.0,0.0,0.0,0.0,0.125,0.75,0.75,0.938,0.812,0.062,0.0,0.0,0.0,0.0,0.0,0.062,0.812,0.5,0.0,0.0,0.0,0.0,0.0,0.0,0.688,0.438,0.0,0.0,0.312,0.875,0.25,0.438,0.938,0.125,0.0,0.0,0.062,0.625,1.0,0.938,0.312,0.0,0.0,5
0.0,0.0,0.062,0.812,0.75,0.062,0.0,0.0,0.0,0.0,0.562,1.0,1.0,0.75,0.0,0.0,0.0,0.0,0.875,0.375,0.0,0.812,0.188,0.0,0.0,0.375,0.625,0.0,0.0,0.625,0.375,0.0,0.0,0.438,0.812,0.0,0.0,0.562,0.5,0.0,0.0,0.188,1.0,0.062,0.188,0.875,0.438,0.0,0.0,0.0,0.688,1.0,1.0,1.0,0.062,0.0,0.0,0.0,0.0,0.688,1.0,0.375,0.0,0.0,0
0.0,0.0,0.188,1.0,0.688,0.0,0.0,0.0,0.0,0.0,0.0,1.0,1.0,0.375,0.0,0.0,0.0,0.0,0.0,0.812,1.0,0.438,0.0,0.0,0.0,0.0,0.0,0.688,1.0,0.625,0.0,0.0,0.0,0.0,0.0,0.75,1.0,0.375,0.0,0.0,0.0,0.0,0.188,1.0,1.0,0.125,0.0,0.0,0.0,0.0,0.312,1.0,0.938,0.0,0.0,0.0,0.0,0.0,0.188,0.812,0.938,0.0,0.0,0.0,1
0.0,0.0,0.062,0.812,0.5,0.0,0.0,0.0,0.0,0.0,0.438,1.0,0.188,0.0,0.0,0.0,0.0,0.0,0.875,0.562,0.0,0.438,0.438,0.0,0.0,0.188,1.0,0.188,0.125,0.938,0.562,0.0,0.0,0.562,1.0,0.5,0.75,0.938,0.0,0.0,0.0,0.375,1.0,1.0,1.0,0.438,0.0,0.0,0.0,0.0,0.188,0.75,0.938,0.062,0.0,0.0,0.0,0.0,0.0,0.812,0.562,0.0,0.0,0.0,4
0.0,0.0,0.0,0.125,1.0,0.938,0.188,0.0,0.0,0.0,0.0,0.5,1.0,1.0,0.25,0.0,0.0,0.0,0.562,1.0,1.0,0.875,0.0,0.0,0.0,0.438,1.0,1.0,1.0,0.75,0.0,0.0,0.0,0.0,0.0,0.5,1.0,0.75,0.0,0.0,0.0,0.0,0.0,0.438,1.0,0.75,0.0,0.0,0.0,0.0,0.0,0.25,1.0,1.0,0.438,0.0,0.0,0.0,0.0,0.0,0.812,1.0,0.438,0.0,1
0.0,0.0,0.062,0.5,0.625,0.938,0.688,0.0,0.0,0.125,0.875,0.938,0.812,1.0,0.438,0.0,0.0,0.0,0.375,0.0,0.375,0.875,0.125,0.0,0.0,0.0,0.0,0.188,0.688,0.75,0.125,0.0,0.0,0.0,0.125,1.0,1.0,0.938,0.5,0.0,0.0,0.0,0.188,0.812,0.938,0.125,0.0,0.0,0.0,0.0,0.0,0.812,0.625,0.0,0.0,0.0,0.0,0.0,0.062,1.0,0.312,0.0,0.0,0.0,7
0.0,0.0,0.0,0.562,0.938,0.125,0.0,0.0,0.0,0.0,0.312,1.0,0.688,0.062,0.0,0.0,0.0,0.0,0.812,0.938,0.062,0.0,0.0,0.0,0.0,0.125,1.0,0.688,0.0,0.0,0.0,0.0,0.0,0.125,1.0,0.688,0.25,0.25,0.0,0.0,0.0,0.125,0.938,1.0,1.0,0.875,0.625,0.062,0.0,0.0,0.562,1.0,0.438,0.188,0.938,0.375,0.0,0.0,0.0,0.438,0.938,1.0,1.0,0.375,6
0.0,0.0,0.625,0.688,0.438,0.0,0.0,0.0,0.0,0.25,1.0,1.0,1.0,0.625,0.0,0.0,0.0,0.25,1.0,0.375,0.312,0.938,0.125,0.0,0.0,0.5,0.75,0.0,0.0,0.312,0.5,0.0,0.0,0.5,0.625,0.0,0.0,0.312,0.5,0.0,0.0,0.375,0.812,0.062,0.312,0.875,0.312,0.0,0.0,0.0,0.875,0.812,0.938,0.688,0.062,0.0,0.0,0.0,0.438,0.75,0.5,0.0,0.0,0.0,0
0.0,0.0,0.375,1.0,1.0,0.375,0.0,0.0,0.0,0.312,0.812,0.312,0.438,0.812,0.0,0.0,0.0,0.062,0.062,0.0,0.312,0.688,0.0,0.0,0.0,0.0,0.0,0.312,0.875,0.875,0.5,0.0,0.0,0.0,0.0,0.312,1.0,0.5,0.125,0.0,0.0,0.0,0.0,0.5,0.5,0.0,0.0,0.0,0.0,0.0,0.062,0.875,0.188,0.0,0.0,0.0,0.0,0.0,0.438,0.75,0.0,0.0,0.0,0.0,7
0.0,0.0,0.188,0.688,0.812,0.062,0.0,0.0,0.0,0.375,1.0,0.688,0.812,0.375,0.0,0.0,0.062,1.0,0.5,0.0,0.688,0.25,0.0,0.0,0.0,0.25,0.25,0.0,1.0,0.0,0.0,0.0,0.0,0.0,0.0,0.312,0.688,0.0,0.0,0.0,0.0,0.0,0.0,0.5,0.562,0.0,0.0,0.0,0.0,0.0,0.0,0.75,0.562,0.25,0.312,0.0,0.0,0.0,0.062,0.875,0.812,0.75,0.938,0.312,2
0.0,0.0,0.562,1.0,0.875,0.0,0.0,0.0,0.0,0.0,1.0,0.5,0.812,0.438,0.0,0.0,0.0,0.0,0.75,0.0,0.5,0.5,0.0,0.0,0.0,0.0,0.0,0.0,0.75,0.5,0.0,0.0,0.0,0.0,0.0,0.0,1.0,0.312,0.0,0.0,0.0,0.0,0.0,0.562,0.812,0.0,0.0,0.0,0.0,0.0,0.625,1.0,0.938,0.625,0.562,0.062,0.0,0.0,0.75,0.875,0.812,1.0,1.0,0.312,2
0.0,0.312,1.0,0.938,0.188,0.0,0.0,0.0,0.0,0.688,0.875,0.688,0.688,0.0,0.0,0.0,0.0,0.5,0.688,0.25,1.0,0.0,0.0,0.0,0.0,0.0,0.0,0.25,0.812,0.0,0.0,0.0,0.0,0.0,0.0,0.5,0.75,0.0,0.0,0.0,0.0,0.0,0.0,0.812,0.562,0.312,0.062,0.0,0.0,0.062,0.688,1.0,1.0,1.0,0.625,0.0,0.0,0.312,1.0,0.875,0.5,0.375,0.062,0.0,2
0.0,0.0,0.562,1.0,0.938,0.875,0.062,0.0,0.0,0.062,0.938,0.938,0.312,0.625,0.438,0.0,0.0,0.375,1.0,0.062,0.0,0.062,0.5,0.0,0.0,0.5,0.812,0.0,0.0,0.25,0.5,0.0,0.0,0.438,0.375,0.0,0.0,0.375,0.375,0.0,0.0,0.312,0.562,0.0,0.0,0.812,0.062,0.0,0.0,0.0,1.0,0.312,0.75,0.75,0.0,0.0,0.0,0.0,0.5,0.938,0.625,0.062,0.0,0.0,0
0.0,0.0,0.25,0.938,1.0,0.75,0.0,0.0,0.0,0.0,0.375,0.562,0.75,0.625,0.0,0.0,0.0,0.0,0.0,0.0,0.625,0.562,0.0,0.0,0.0,0.0,0.125,0.25,0.938,0.625,0.25,0.0,0.0,0.125,0.938,1.0,1.0,0.938,0.438,0.0,0.0,0.0,0.5,0.812,0.562,0.0,0.0,0.0,0.0,0.0,0.062,1.0,0.25,0.0,0.0,0.0,0.0,0.0,0.375,0.812,0.0,0.0,0.0,0.0,7
0.0,0.0,0.25,1.0,0.938,0.125,0.0,0.0,0.0,0.0,0.688,1.0,0.812,0.812,0.0,0.0,0.0,0.062,1.0,0.5,0.062,1.0,0.125,0.0,0.0,0.438,1.0,0.375,0.0,0.688,0.5,0.0,0.0,0.438,1.0,0.25,0.0,0.688,0.5,0.0,0.0,0.25,0.938,0.062,0.062,0.938,0.438,0.0,0.0,0.0,0.812,0.75,0.875,0.938,0.062,0.0,0.0,0.0,0.188,0.875,1.0,0.375,0.0,0.0,0
0.0,0.0,0.5,1.0,1.0,0.688,0.0,0.0,0.0,0.0,0.25,0.5,0.812,0.875,0.0,0.0,0.0,0.0,0.0,0.0,0.812,0.5,0.0,0.0,0.0,0.0,0.188,0.75,1.0,0.5,0.125,0.0,0.0,0.0,0.375,1.0,1.0,1.0,0.562,0.0,0.0,0.0,0.0,0.875,0.5,0.125,0.0,0.0,0.0,0.0,0.188,1.0,0.062,0.0,0.0,0.0,0.0,0.0,0.688,0.75,0.0,0.0,0.0,0.0,7
0.0,0.0,0.062,0.375,0.75,1.0,0.562,0.0,0.0,0.0,0.625,0.938,0.625,0.812,0.562,0.0,0.0,0.0,0.125,0.062,0.0,0.875,0.125,0.0,0.0,0.0,0.0,0.375,0.75,1.0,0.938,0.0,0.0,0.0,0.312,1.0,1.0,0.875,0.438,0.0,0.0,0.0,0.188,0.375,0.938,0.0,0.0,0.0,0.0,0.0,0.0,0.438,0.562,0.0,0.0,0.0,0.0,0.0,0.0,0.688,0.125,0.0,0.0,0.0,7
0.0,0.062,0.625,0.562,0.688,0.312,0.0,0.0,0.062,0.875,0.5,0.062,0.125,0.688,0.0,0.0,0.0,0.875,0.188,0.0,0.688,0.312,0.0,0.0,0.0,0.125,0.75,0.75,0.688,0.0,0.0,0.0,0.0,0.0,0.125,0.938,0.875,0.25,0.0,0.0,0.0,0.0,0.688,0.312,0.062,0.75,0.125,0.0,0.0,0.0,0.812,0.0,0.0,0.875,0.125,0.0,0.0,0.0,0.562,0.812,1.0,0.562,0.0,0.0,8
0.0,0.0,0.375,0.75,1.0,0.625,0.0,0.0,0.0,0.25,0.938,0.5,0.75,0.875,0.0,0.0,0.0,0.0,0.0,0.0,0.812,0.5,0.0,0.0,0.0,0.0,0.0,0.375,0.875,0.062,0.0,0.0,0.0,0.0,0.0,0.312,0.938,0.5,0.0,0.0,0.0,0.0,0.0,0.0,0.125,0.938,0.312,0.0,0.0,0.0,0.062,0.25,0.312,0.938,0.5,0.0,0.0,0.0,0.312,1.0,0.875,0.562,0.062,0.0,3
0.0,0.125,0.625,1.0,0.75,0.0,0.0,0.0,0.0,0.75,0.875,0.75,1.0,0.312,0.0,0.0,0.0,0.125,0.0,0.25,1.0,0.438,0.062,0.0,0.0,0.0,0.25,0.938,1.0,1.0,0.625,0.0,0.0,0.062,1.0,1.0,0.75,0.312,0.125,0.0,0.0,0.0,0.938,0.75,0.062,0.0,0.0,0.0,0.0,0.062,0.875,0.25,0.0,0.0,0.0,0.0,0.0,0.0,1.0,0.188,0.0,0.0,0.0,0.0,7
0.0,0.0,0.0,0.438,1.0,0.75,0.0,0.0,0.0,0.0,0.438,1.0,1.0,0.75,0.0,0.0,0.0,0.188,1.0,1.0,1.0,0.5,0.0,0.0,0.0,0.438,1.0,1.0,1.0,0.5,0.0,0.0,0.0,0.0,0.0,0.688,1.0,0.75,0.0,0.0,0.0,0.0,0.0,0.438,1.0,0.938,0.0,0.0,0.0,0.0,0.0,0.375,1.0,1.0,0.312,0.0,0.0,0.0,0.0,0.375,0.938,0.938,0.125,0.0,1
0.0,0.0,0.062,0.5,0.938,0.688,0.188,0.0,0.0,0.0,0.688,0.75,0.562,0.875,0.688,0.0,0.0,0.125,0.875,0.0,0.0,0.812,0.375,0.0,0.0,0.438,0.938,0.5,0.75,0.562,0.0,0.0,0.0,0.0,0.375,0.812,1.0,0.5,0.0,0.0,0.0,0.0,0.0,0.812,0.562,0.938,0.25,0.0,0.0,0.0,0.0,1.0,0.5,0.875,0.188,0.0,0.0,0.0,0.0,0.688,0.938,0.5,0.0,0.0,8
0.0,0.0,0.188,0.75,0.938,0.688,0.125,0.0,0.0,0.0,0.688,0.812,0.438,0.812,0.5,0.0,0.0,0.438,0.938,0.062,0.312,0.938,0.188,0.0,0.0,0.062,0.75,1.0,1.0,0.312,0.0,0.0,0.0,0.0,0.0,0.812,0.938,0.938,0.125,0.0,0.0,0.0,0.125,0.812,0.0,0.625,0.312,0.0,0.0,0.0,0.25,0.688,0.25,0.688,0.375,0.0,0.0,0.0,0.125,0.812,1.0,0.75,0.0,0.0,8
0.0,0.0,0.25,0.75,1.0,0.5,0.0,0.0,0.0,0.312,1.0,0.688,0.625,1.0,0.25,0.0,0.0,0.5,0.812,0.0,0.062,0.812,0.25,0.0,0.0,0.188,1.0,0.812,0.938,0.812,0.188,0.0,0.0,0.0,0.562,1.0,1.0,0.438,0.0,0.0,0.0,0.0,0.875,0.438,0.312,0.938,0.375,0.0,0.0,0.0,0.625,0.75,0.438,0.812,0.625,0.0,0.0,0.0,0.188,0.812,0.812,0.625,0.062,0.0,8
0.0,0.0,0.5,1.0,1.0,0.562,0.0,0.0,0.0,0.062,1.0,0.938,0.688,0.5,0.0,0.0,0.0,0.062,0.875,0.625,0.0,0.0,0.0,0.0,0.0,0.438,1.0,0.625,0.375,0.0,0.0,0.0,0.0,0.125,0.75,1.0,1.0,0.625,0.0,0.0,0.0,0.0,0.0,0.062,0.438,0.938,0.0,0.0,0.0,0.0,0.688,0.312,0.812,0.812,0.0,0.0,0.0,0.0,0.688,1.0,1.0,0.375,0.0,0.0,5
0.0,0.0,0.312,0.938,0.875,0.812,0.125,0.0,0.0,0.0,0.75,0.938,0.562,0.438,0.062,0.0,0.0,0.312,1.0,0.5,0.0,0.0,0.0,0.0,0.0,0.562,1.0,1.0,0.438,0.0,0.0,0.0,0.0,0.375,0.75,0.875,0.438,0.0,0.0,0.0,0.0,0.0,0.0,0.688,0.375,0.0,0.0,0.0,0.0,0.0,0.125,1.0,0.188,0.0,0.0,0.0,0.0,0.0,0.438,0.875,0.0,0.0,0.0,0.0,5
0.0,0.0,0.0,0.562,1.0,0.188,0.0,0.0,0.0,0.0,0.438,1.0,0.438,0.0,0.0,0.0,0.0,0.125,0.938,0.5,0.0,0.062,0.438,0.0,0.0,0.562,0.875,0.0,0.125,0.812,0.875,0.0,0.0,0.5,1.0,0.875,0.938,1.0,0.375,0.0,0.0,0.062,0.438,0.5,1.0,0.75,0.0,0.0,0.0,0.0,0.0,0.438,1.0,0.312,0.0,0.0,0.0,0.0,0.0,0.75,0.75,0.0,0.0,0.0,4
0.0,0.0,0.25,0.688,0.938,0.438,0.0,0.0,0.0,0.125,0.938,0.875,0.562,0.938,0.062,0.0,0.0,0.5,0.938,0.062,0.375,1.0,0.312,0.0,0.0,0.375,0.875,0.812,0.938,0.375,0.0,0.0,0.0,0.062,1.0,1.0,0.375,0.0,0.0,0.0,0.0,0.25,0.938,0.688,0.938,0.062,0.0,0.0,0.0,0.062,0.75,0.188,0.438,0.562,0.0,0.0,0.0,0.0,0.25,0.875,1.0,0.375,0.0,0.0,8
0.0,0.0,0.562,1.0,1.0,1.0,0.438,0.0,0.0,0.188,1.0,0.688,0.25,0.25,0.062,0.0,0.0,0.375,1.0,0.062,0.0,0.0,0.0,0.0,0.0,0.562,1.0,0.562,0.25,0.0,0.0,0.0,0.0,0.0,0.375,0.625,1.0,0.5,0.0,0.0,0.0,0.0,0.125,0.0,0.5,0.875,0.0,0.0,0.0,0.0,0.812,0.438,0.5,0.875,0.0,0.0,0.0,0.0,0.625,1.0,1.0,0.25,0.0,0.0,5
0.0,0.0,0.625,0.812,0.5,0.062,0.0,0.0,0.0,0.0,1.0,1.0,1.0,0.5,0.0,0.0,0.0,0.0,0.375,0.062,0.688,0.562,0.0,0.0,0.0,0.0,0.0,0.0,0.812,0.5,0.0,0.0,0.0,0.0,0.0,0.312,0.938,0.25,0.0,0.0,0.0,0.0,0.5,1.0,0.625,0.0,0.0,0.0,0.0,0.5,1.0,1.0,1.0,0.938,0.25,0.0,0.0,0.125,0.625,0.688,0.438,0.125,0.0,0.0,2
0.0,0.125,1.0,1.0,1.0,1.0,0.25,0.0,0.0,0.25,1.0,0.375,0.5,0.438,0.062,0.0,0.0,0.25,1.0,0.438,0.125,0.0,0.0,0.0,0.0,0.25,1.0,1.0,1.0,0.375,0.0,0.0,0.0,0.0,0.312,0.25,0.625,0.938,0.0,0.0,0.0,0.0,0.0,0.0,0.062,0.875,0.375,0.0,0.0,0.125,0.875,0.25,0.25,1.0,0.5,0.0,0.0,0.188,0.812,1.0,1.0,0.938,0.062,0.0,5
0.0,0.0,0.0,0.562,0.812,0.0,0.0,0.0,0.0,0.0,0.188,0.938,0.25,0.0,0.0,0.0,0.0,0.0,0.75,0.688,0.0,0.0,0.0,0.0,0.0,0.0,1.0,0.688,0.5,0.25,0.0,0.0,0.0,0.0,0.938,1.0,0.5,0.75,0.312,0.0,0.0,0.0,0.875,0.812,0.0,0.062,0.938,0.062,0.0,0.0,0.5,0.75,0.0,0.25,1.0,0.125,0.0,0.0,0.0,0.5,0.75,0.812,0.625,0.062,6
0.0,0.0,0.625,1.0,0.938,0.062,0.0,0.0,0.0,0.0,1.0,0.75,0.312,0.0,0.0,0.0,0.0,0.125,1.0,0.562,0.25,0.0,0.0,0.0,0.0,0.25,1.0,1.0,1.0,0.875,0.125,0.0,0.0,0.062,0.625,0.25,0.062,1.0,0.25,0.0,0.0,0.0,0.0,0.0,0.125,1.0,0.438,0.0,0.0,0.0,0.438,0.5,0.875,1.0,0.188,0.0,0.0,0.0,0.375,0.812,0.625,0.25,0.0,0.0,5
0.0,0.0,0.0,0.625,0.625,0.0,0.0,0.0,0.0,0.0,0.375,0.938,0.188,0.0,0.0,0.0,0.0,0.0,0.938,0.375,0.312,0.062,0.0,0.0,0.0,0.438,0.938,0.125,1.0,0.188,0.312,0.0,0.0,0.688,0.688,0.375,1.0,0.938,0.625,0.0,0.0,0.75,1.0,1.0,1.0,0.5,0.062,0.0,0.0,0.25,0.5,0.812,0.75,0.0,0.0,0.0,0.0,0.0,0.0,0.812,0.562,0.0,0.0,0.0,4
0.0,0.0,0.375,0.875,0.812,0.188,0.0,0.0,0.0,0.0,0.875,0.625,0.438,0.812,0.0,0.0,0.0,0.25,0.812,0.0,0.0,0.75,0.188,0.0,0.0,0.312,0.688,0.0,0.0,0.438,0.375,0.0,0.0,0.25,0.688,0.0,0.0,0.25,0.5,0.0,0.0,0.125,0.75,0.0,0.0,0.375,0.375,0.0,0.0,0.0,0.75,0.5,0.125,0.875,0.125,0.0,0.0,0.0,0.25,0.938,1.0,0.562,0.0,0.0,0
0.0,0.0,0.188,1.0,0.875,0.062,0.0,0.0,0.0,0.0,0.688,1.0,0.375,0.0,0.0,0.0,0.0,0.0,0.938,0.562,0.062,0.0,0.0,0.0,0.0,0.188,1.0,0.875,1.0,0.75,0.125,0.0,0.0,0.25,1.0,0.875,0.812,0.688,0.875,0.0,0.0,0.0,1.0,0.312,0.188,0.438,1.0,0.188,0.0,0.0,0.688,0.75,0.5,1.0,0.625,0.0,0.0,0.0,0.125,0.875,1.0,0.75,0.0,0.0,6
0.0,0.062,0.438,0.812,0.875,0.188,0.0,0.0,0.0,0.625,0.812,0.125,0.312,0.625,0.0,0.0,0.0,0.75,0.25,0.0,0.438,1.0,0.0,0.0,0.0,0.375,0.625,0.562,0.812,0.938,0.062,0.0,0.0,0.0,0.125,0.25,0.0,0.875,0.25,0.0,0.0,0.0,0.0,0.0,0.0,0.812,0.125,0.0,0.0,0.0,0.375,0.0,0.312,0.875,0.0,0.0,0.0,0.0,0.312,0.875,0.875,0.312,0.0,0.0,9
0.0,0.0,0.688,1.0,0.562,0.5,0.0,0.0,0.0,0.0,0.875,0.812,0.375,0.938,0.125,0.0,0.0,0.0,0.562,0.375,0.375,0.625,0.0,0.0,0.0,0.0,0.062,0.875,0.812,0.0,0.0,0.0,0.0,0.0,0.062,0.812,0.5,0.0,0.0,0.0,0.0,0.0,0.312,0.438,0.75,0.0,0.0,0.0,0.0,0.0,0.812,0.0,0.625,0.0,0.0,0.0,0.0,0.0,0.812,0.875,0.5,0.0,0.0,0.0,8
0.0,0.0,0.0,0.312,1.0,0.5,0.0,0.0,0.0,0.0,0.25,1.0,1.0,0.5,0.0,0.0,0.0,0.125,0.938,1.0,1.0,0.5,0.0,0.0,0.0,0.25,0.5,0.75,1.0,0.312,0.0,0.0,0.0,0.0,0.0,0.375,1.0,0.688,0.0,0.0,0.0,0.0,0.0,0.375,1.0,0.75,0.0,0.0,0.0,0.0,0.0,0.375,1.0,0.938,0.062,0.0,0.0,0.0,0.0,0.25,0.938,0.688,0.125,0.0,1
0.0,0.062,0.688,1.0,0.812,0.25,0.0,0.0,0.0,0.062,0.938,0.438,0.875,0.875,0.062,0.0,0.0,0.0,0.0,0.0,0.375,0.938,0.062,0.0,0.0,0.0,0.062,0.625,0.938,0.375,0.0,0.0,0.0,0.0,0.312,0.938,0.875,0.438,0.0,0.0,0.0,0.0,0.062,0.0,0.312,1.0,0.188,0.0,0.0,0.312,0.688,0.062,0.062,1.0,0.25,0.0,0.0,0.0,0.625,0.938,1.0,0.625,0.062,0.0,3
0.0,0.0,0.25,0.625,0.812,0.188,0.0,0.0,0.0,0.25,1.0,0.812,1.0,0.5,0.0,0.0,0.0,0.312,0.938,0.0,0.875,0.688,0.0,0.0,0.0,0.188,0.938,0.938,1.0,1.0,0.062,0.0,0.0,0.0,0.312,0.562,0.5,0.875,0.5,0.0,0.0,0.0,0.0,0.0,0.0,0.75,0.5,0.0,0.0,0.0,0.562,0.938,0.625,0.875,0.438,0.0,0.0,0.0,0.25,0.75,0.875,0.688,0.125,0.0,9
0.0,0.0,0.0,0.062,0.75,1.0,0.875,0.0,0.0,0.0,0.188,0.875,0.812,0.938,0.812,0.0,0.0,0.25,1.0,0.938,0.812,1.0,0.25,0.0,0.0,0.188,1.0,1.0,1.0,1.0,0.188,0.0,0.0,0.0,0.438,0.438,0.875,0.875,0.0,0.0,0.0,0.0,0.0,0.0,0.75,0.688,0.0,0.0,0.0,0.0,0.0,0.0,0.812,0.625,0.0,0.0,0.0,0.0,0.0,0.0,0.812,0.75,0.0,0.0,9
0.0,0.0,0.062,0.625,0.875,0.812,0.062,0.0,0.0,0.0,0.5,0.75,0.375,0.25,0.0,0.0,0.0,0.0,0.875,0.25,0.0,0.0,0.0,0.0,0.0,0.312,1.0,0.75,0.812,0.75,0.0,0.0,0.0,0.125,0.688,0.688,0.5,0.875,0.25,0.0,0.0,0.0,0.0,0.0,0.0,1.0,0.25,0.0,0.0,0.0,0.0,0.0,0.375,0.938,0.125,0.0,0.0,0.0,0.0,0.75,0.875,0.25,0.0,0.0,5
0.0,0.125,0.688,0.875,0.625,0.062,0.0,0.0,0.0,0.375,0.75,0.5,0.938,0.625,0.0,0.0,0.0,0.0,0.0,0.0,0.625,0.688,0.0,0.0,0.0,0.0,0.0,0.5,0.875,0.125,0.0,0.0,0.0,0.0,0.0,0.438,1.0,0.938,0.062,0.0,0.0,0.0,0.0,0.0,0.125,0.812,0.5,0.0,0.0,0.125,0.312,0.062,0.125,0.75,0.438,0.0,0.0,0.062,0.75,1.0,1.0,0.625,0.0,0.0,3
0.0,0.0,0.188,0.812,0.812,0.062,0.0,0.0,0.0,0.0,0.625,0.938,1.0,0.438,0.0,0.0,0.0,0.0,0.312,0.188,0.938,0.625,0.0,0.0,0.0,0.0,0.0,0.0,1.0,0.938,0.062,0.0,0.0,0.125,0.438,0.0,0.25,1.0,0.5,0.0,0.0,0.312,0.812,0.0,0.0,0.875,0.562,0.0,0.0,0.0,0.875,0.688,0.562,1.0,0.5,0.0,0.0,0.0,0.188,0.75,0.812,0.5,0.0,0.0,3
0.0,0.0,0.125,1.0,0.75,0.0,0.0,0.0,0.0,0.0,0.312,1.0,1.0,0.062,0.0,0.0,0.0,0.0,0.125,1.0,0.938,0.0,0.0,0.0,0.0,0.0,0.375,1.0,0.875,0.0,0.0,0.0,0.0,0.0,0.5,1.0,0.562,0.0,0.0,0.0,0.0,0.0,0.438,1.0,0.875,0.0,0.0,0.0,0.0,0.0,0.5,1.0,0.688,0.0,0.0,0.0,0.0,0.0,0.125,0.938,0.812,0.0,0.0,0.0,1
0.0,0.0,0.0,0.062,0.688,0.75,0.0,0.0,0.0,0.0,0.0,0.562,0.812,0.062,0.0,0.0,0.0,0.0,0.5,0.938,0.188,0.0,0.0,0.0,0.0,0.125,1.0,0.375,0.062,0.312,0.125,0.0,0.0,0.75,0.812,0.5,0.812,1.0,0.562,0.0,0.0,1.0,1.0,0.812,0.688,1.0,0.375,0.0,0.0,0.188,0.25,0.0,0.688,0.875,0.0,0.0,0.0,0.0,0.0,0.062,1.0,0.75,0.0,0.0,4
0.0,0.0,0.0,0.562,0.812,0.188,0.0,0.0,0.0,0.0,0.5,0.938,0.75,0.938,0.125,0.0,0.0,0.0,0.75,0.5,0.0,0.938,0.25,0.0,0.0,0.188,0.812,0.0,0.0,0.625,0.438,0.0,0.0,0.5,0.562,0.0,0.0,0.812,0.438,0.0,0.0,0.125,1.0,0.25,0.438,1.0,0.312,0.0,0.0,0.0,0.875,0.875,1.0,0.938,0.062,0.0,0.0,0.0,0.062,0.75,0.875,0.25,0.0,0.0,0
0.0,0.0,0.0,0.375,1.0,0.0,0.0,0.0,0.0,0.0,0.0,0.75,0.812,0.0,0.0,0.0,0.0,0.0,0.312,0.938,0.188,0.375,0.938,0.0,0.0,0.062,0.875,0.688,0.0,0.812,0.812,0.0,0.0,0.625,1.0,0.812,0.75,1.0,0.312,0.0,0.0,0.688,0.75,0.75,1.0,0.875,0.125,0.0,0.0,0.0,0.0,0.188,1.0,0.562,0.0,0.0,0.0,0.0,0.0,0.5,1.0,0.188,0.0,0.0,4
0.0,0.0,0.938,0.938,0.125,0.0,0.0,0.0,0.0,0.0,0.5,0.938,0.688,0.0,0.0,0.0,0.0,0.0,0.0,0.75,0.875,0.0,0.0,0.0,0.0,0.0,0.438,0.75,1.0,0.812,0.562,0.0,0.0,0.438,1.0,1.0,1.0,0.625,0.312,0.0,0.0,0.062,0.312,1.0,0.875,0.0,0.0,0.0,0.0,0.0,0.562,0.938,0.188,0.0,0.0,0.0,0.0,0.125,1.0,0.25,0.0,0.0,0.0,0.0,7
0.0,0.0,0.438,0.938,0.562,0.312,0.0,0.0,0.0,0.0,0.875,1.0,0.875,0.938,0.0,0.0,0.0,0.062,1.0,0.5,0.25,0.375,0.25,0.0,0.0,0.25,0.938,0.062,0.0,0.375,0.312,0.0,0.0,0.188,0.688,0.0,0.0,0.438,0.312,0.0,0.0,0.188,0.688,0.0,0.062,0.812,0.125,0.0,0.0,0.062,0.812,0.5,0.812,0.812,0.0,0.0,0.0,0.0,0.375,0.938,0.688,0.062,0.0,0.0,0
0.0,0.0,0.0,0.5,0.938,0.125,0.0,0.0,0.0,0.0,0.125,1.0,0.625,0.0,0.0,0.0,0.0,0.0,0.875,0.812,0.375,0.688,0.0,0.0,0.0,0.375,1.0,0.188,0.812,0.812,0.125,0.0,0.0,0.875,1.0,0.5,0.938,1.0,0.625,0.0,0.0,0.75,1.0,1.0,1.0,0.688,0.062,0.0,0.0,0.0,0.062,0.375,1.0,0.188,0.0,0.0,0.0,0.0,0.0,0.625,0.875,0.0,0.0,0.0,4
0.0,0.0,0.312,0.875,0.688,0.188,0.0,0.0,0.0,0.062,0.938,0.5,0.812,0.625,0.0,0.0,0.0,0.062,0.938,0.562,0.562,0.938,0.125,0.0,0.0,0.0,0.625,1.0,1.0,1.0,0.188,0.0,0.0,0.0,0.0,0.0,0.062,1.0,0.25,0.0,0.0,0.0,0.0,0.0,0.0,0.938,0.25,0.0,0.0,0.0,0.438,0.312,0.562,1.0,0.0,0.0,0.0,0.0,0.375,0.75,0.812,0.562,0.0,0.0,9
0.0,0.0,0.0,0.688,1.0,0.312,0.0,0.0,0.0,0.0,0.0,0.625,1.0,0.312,0.0,0.0,0.0,0.0,0.25,1.0,1.0,0.312,0.0,0.0,0.0,0.688,1.0,1.0,1.0,0.188,0.0,0.0,0.0,0.312,0.5,0.875,1.0,0.125,0.0,0.0,0.0,0.0,0.0,0.875,1.0,0.125,0.0,0.0,0.0,0.0,0.0,0.688,1.0,0.125,0.0,0.0,0.0,0.0,0.0,0.5,1.0,0.5,0.0,0.0,1
0.0,0.188,0.938,1.0,0.5,0.0,0.0,0.0,0.0,0.875,0.812,0.625,1.0,0.125,0.0,0.0,0.0,0.312,0.188,0.125,1.0,0.125,0.0,0.0,0.0,0.0,0.0,0.188,1.0,0.125,0.0,0.0,0.0,0.0,0.0,0.562,0.75,0.0,0.0,0.0,0.0,0.0,0.062,1.0,0.5,0.0,0.125,0.0,0.0,0.0,0.5,1.0,0.875,1.0,0.938,0.0,0.0,0.125,1.0,1.0,0.938,0.75,0.562,0.0,2
0.0,0.0,0.0,0.875,0.875,0.062,0.0,0.0,0.0,0.0,0.438,1.0,0.625,0.125,0.0,0.0,0.0,0.0,0.875,0.875,0.062,0.0,0.0,0.0,0.0,0.0,0.875,1.0,0.875,0.25,0.0,0.0,0.0,0.062,1.0,1.0,0.5,1.0,0.125,0.0,0.0,0.0,0.875,0.688,0.0,0.812,0.562,0.0,0.0,0.0,0.562,0.875,0.375,1.0,0.438,0.0,0.0,0.0,0.0,0.875,1.0,0.875,0.0,0.0,6
0.0,0.0,0.812,1.0,1.0,1.0,0.812,0.0,0.0,0.25,1.0,0.562,0.5,0.312,0.25,0.0,0.0,0.562,0.938,0.438,0.5,0.125,0.0,0.0,0.0,0.688,1.0,1.0,0.875,0.938,0.062,0.0,0.0,0.062,0.188,0.0,0.25,1.0,0.25,0.0,0.0,0.0,0.0,0.0,0.5,0.875,0.0,0.0,0.0,0.0,0.688,0.5,1.0,0.375,0.0,0.0,0.0,0.062,0.938,1.0,0.625,0.0,0.0,0.0,5
0.0,0.0,0.125,0.812,1.0,1.0,0.438,0.0,0.0,0.0,0.75,0.938,0.75,1.0,0.625,0.0,0.0,0.0,1.0,0.562,0.0,0.875,0.375,0.0,0.0,0.0,0.188,0.0,0.25,1.0,0.062,0.0,0.0,0.0,0.0,0.625,0.875,1.0,0.375,0.0,0.0,0.0,0.188,1.0,1.0,0.688,0.125,0.0,0.0,0.0,0.0,0.562,0.875,0.0,0.0,0.0,0.0,0.0,0.125,0.938,0.375,0.0,0.0,0.0,7
0.0,0.0,0.0,0.812,0.562,0.0,0.0,0.0,0.0,0.0,0.5,0.938,0.312,0.0,0.0,0.0,0.0,0.0,0.875,0.5,0.0,0.0,0.0,0.0,0.0,0.125,1.0,0.188,0.0,0.125,0.0,0.0,0.0,0.0,1.0,0.812,1.0,1.0,0.375,0.0,0.0,0.062,1.0,0.688,0.25,0.438,0.75,0.0,0.0,0.0,0.688,0.75,0.312,0.812,0.562,0.0,0.0,0.0,0.062,0.75,0.938,0.688,0.125,0.0,6
0.0,0.062,0.438,0.875,0.625,0.0,0.0,0.0,0.0,0.625,0.75,0.312,0.562,0.438,0.0,0.0,0.0,0.625,0.375,0.0,0.375,0.938,0.0,0.0,0.0,0.312,0.688,0.688,0.875,0.938,0.062,0.0,0.0,0.0,0.125,0.438,0.062,0.625,0.312,0.0,0.0,0.0,0.0,0.0,0.0,0.562,0.312,0.0,0.0,0.0,0.312,0.188,0.0,0.812,0.312,0.0,0.0,0.0,0.25,0.875,0.875,0.75,0.125,0.0,9
0.0,0.0,0.188,0.938,0.25,0.0,0.0,0.0,0.0,0.0,0.75,1.0,0.125,0.0,0.0,0.0,0.0,0.062,1.0,0.438,0.062,0.0,0.0,0.0,0.0,0.188,1.0,0.062,0.375,0.062,0.0,0.0,0.0,0.188,0.938,0.5,0.75,0.812,0.188,0.0,0.0,0.125,1.0,0.125,0.0,0.438,0.75,0.0,0.0,0.0,0.812,0.562,0.25,0.562,0.938,0.0,0.0,0.0,0.188,0.812,1.0,0.938,0.312,0.0,6
0.0,0.0,0.312,0.25,0.562,0.625,0.0,0.0,0.0,0.0,0.625,0.5,0.688,1.0,0.125,0.0,0.0,0.0,0.5,0.75,0.875,0.875,0.062,0.0,0.0,0.0,0.312,0.938,0.438,0.0,0.0,0.0,0.0,0.0,0.875,0.75,0.0,0.0,0.0,0.0,0.0,0.062,0.875,0.812,0.188,0.0,0.0,0.0,0.0,0.0,0.75,0.812,0.312,0.0,0.0,0.0,0.0,0.0,0.438,1.0,0.312,0.0,0.0,0.0,8
0.0,0.0,0.0,0.125,0.938,0.125,0.0,0.0,0.0,0.0,0.0,0.75,0.75,0.0,0.0,0.0,0.0,0.0,0.312,1.0,0.125,0.0,0.0,0.0,0.0,0.0,0.688,0.625,0.0,0.188,0.5,0.0,0.0,0.312,1.0,0.062,0.125,0.938,0.312,0.0,0.0,0.562,0.812,0.438,0.875,1.0,0.125,0.0,0.0,0.312,0.938,0.875,1.0,0.625,0.0,0.0,0.0,0.0,0.0,0.125,1.0,0.312,0.0,0.0,4
0.0,0.062,0.812,1.0,1.0,0.5,0.0,0.0,0.0,0.688,0.812,0.25,0.812,0.438,0.0,0.0,0.0,0.438,0.062,0.438,1.0,0.062,0.0,0.0,0.0,0.0,0.312,1.0,0.938,0.562,0.0,0.0,0.0,0.0,0.188,0.375,0.5,0.938,0.5,0.0,0.0,0.0,0.375,0.062,0.0,0.438,0.812,0.0,0.0,0.25,1.0,0.312,0.125,0.812,0.625,0.0,0.0,0.062,0.75,1.0,1.0,0.688,0.062,0.0,3
0.0,0.0,0.0,0.062,0.938,0.25,0.0,0.0,0.0,0.0,0.062,0.812,0.875,0.062,0.0,0.0,0.0,0.0,0.562,0.938,0.312,0.438,0.438,0.0,0.0,0.25,1.0,0.375,0.062,1.0,0.5,0.0,0.0,0.875,0.938,0.0,0.375,1.0,0.125,0.0,0.0,0.688,1.0,0.812,0.875,1.0,0.25,0.0,0.0,0.0,0.312,0.5,0.938,0.875,0.062,0.0,0.0,0.0,0.0,0.0,0.938,0.75,0.0,0.0,4
0.0,0.0,0.062,0.562,1.0,0.375,0.0,0.0,0.0,0.25,0.875,0.625,0.688,0.625,0.0,0.0,0.0,0.75,0.625,0.0,0.812,0.375,0.0,0.0,0.0,0.375,0.438,0.25,1.0,0.312,0.0,0.0,0.0,0.0,0.0,0.0,0.438,0.75,0.062,0.0,0.0,0.0,0.0,0.0,0.0,0.5,0.625,0.0,0.0,0.0,0.5,0.812,0.188,0.0,0.875,0.188,0.0,0.0,0.0,0.5,1.0,1.0,0.812,0.188,3
0.0,0.0,0.438,0.875,0.812,0.5,0.0,0.0,0.0,0.062,0.938,0.812,0.875,0.875,0.0,0.0,0.0,0.0,0.812,0.812,0.812,1.0,0.188,0.0,0.0,0.0,0.25,0.875,0.812,1.0,0.25,0.0,0.0,0.0,0.0,0.0,0.0,0.75,0.25,0.0,0.0,0.0,0.0,0.0,0.0,0.875,0.25,0.0,0.0,0.438,1.0,0.562,0.625,0.938,0.125,0.0,0.0,0.062,0.5,0.812,0.938,0.5,0.0,0.0,9
0.0,0.0,0.125,0.75,0.625,0.0,0.0,0.0,0.0,0.0,0.688,0.875,0.875,0.562,0.0,0.0,0.0,0.188,0.938,0.062,0.625,0.562,0.0,0.0,0.0,0.125,0.438,0.0,0.625,0.5,0.0,0.0,0.0,0.0,0.0,0.125,1.0,0.125,0.0,0.0,0.0,0.0,0.0,0.625,1.0,0.375,0.0,0.0,0.0,0.0,0.438,1.0,0.812,0.875,1.0,0.25,0.0,0.0,0.25,0.938,0.0,0.0,0.312,0.25,2
0.0,0.0,0.0,0.375,0.875,0.062,0.0,0.0,0.0,0.0,0.125,1.0,0.625,0.0,0.0,0.0,0.0,0.0,0.688,0.938,0.125,0.0,0.0,0.0,0.0,0.0,0.812,0.812,0.5,0.312,0.0,0.0,0.0,0.125,1.0,0.875,0.75,1.0,0.188,0.0,0.0,0.062,1.0,0.688,0.0,0.312,0.75,0.0,0.0,0.0,0.688,0.938,0.312,0.75,0.75,0.0,0.0,0.0,0.0,0.562,0.938,0.875,0.375,0.0,6
0.0,0.0,0.125,0.75,0.938,0.188,0.0,0.0,0.0,0.0,0.938,0.938,0.812,0.938,0.0,0.0,0.0,0.125,0.875,0.188,0.062,0.75,0.188,0.0,0.0,0.25,0.5,0.0,0.0,0.5,0.5,0.0,0.0,0.438,0.625,0.0,0.0,0.562,0.312,0.0,0.0,0.062,0.812,0.312,0.188,0.938,0.125,0.0,0.0,0.0,0.438,1.0,0.875,0.938,0.0,0.0,0.0,0.0,0.0,0.625,0.875,0.25,0.0,0.0,0
0.0,0.062,0.812,1.0,1.0,0.75,0.062,0.0,0.0,0.75,0.938,0.375,0.75,1.0,0.188,0.0,0.0,0.812,0.625,0.625,1.0,0.562,0.0,0.0,0.0,0.0,0.312,1.0,0.938,0.25,0.0,0.0,0.0,0.0,0.0,0.125,0.625,0.875,0.062,0.0,0.0,0.0,0.0,0.0,0.062,1.0,0.438,0.0,0.0,0.0,0.188,0.062,0.312,1.0,0.562,0.0,0.0,0.062,0.875,1.0,1.0,0.688,0.062,0.0,3
0.0,0.0,0.312,0.812,1.0,1.0,0.375,0.0,0.0,0.0,0.75,0.375,0.25,0.812,0.562,0.0,0.0,0.0,0.0,0.0,0.062,0.938,0.188,0.0,0.0,0.0,0.0,0.125,0.625,0.812,0.125,0.0,0.0,0.125,0.75,1.0,1.0,0.75,0.312,0.0,0.0,0.062,0.375,0.562,0.688,0.0,0.0,0.0,0.0,0.0,0.0,0.938,0.062,0.0,0.0,0.0,0.0,0.0,0.375,0.688,0.0,0.0,0.0,0.0,7
0.0,0.125,1.0,0.75,0.75,0.875,0.438,0.0,0.0,0.188,1.0,0.562,0.5,0.5,0.25,0.0,0.0,0.125,1.0,0.625,0.25,0.0,0.0,0.0,0.0,0.25,1.0,0.812,1.0,0.25,0.0,0.0,0.0,0.0,0.188,0.0,0.75,0.625,0.0,0.0,0.0,0.375,0.188,0.0,0.562,0.688,0.0,0.0,0.0,0.688,0.688,0.562,1.0,0.188,0.0,0.0,0.0,0.188,0.75,0.938,0.438,0.0,0.0,0.0,5
0.0,0.0,0.188,0.812,0.812,0.188,0.0,0.0,0.0,0.125,0.875,0.75,0.75,0.688,0.0,0.0,0.0,0.25,1.0,0.5,0.312,0.938,0.188,0.0,0.0,0.062,0.812,0.875,1.0,0.438,0.0,0.0,0.0,0.0,0.688,1.0,0.812,0.062,0.0,0.0,0.0,0.062,1.0,0.75,0.812,0.875,0.062,0.0,0.0,0.0,0.812,0.812,0.562,1.0,0.438,0.0,0.0,0.0,0.188,0.812,1.0,0.625,0.062,0.0,8
0.0,0.062,0.75,1.0,0.875,0.125,0.0,0.0,0.0,0.438,0.938,0.25,0.812,0.438,0.0,0.0,0.0,0.0,0.125,0.0,0.75,0.438,0.0,0.0,0.0,0.0,0.0,0.375,1.0,0.5,0.0,0.0,0.0,0.0,0.0,0.938,0.812,0.938,0.562,0.0,0.0,0.0,0.0,0.062,0.0,0.5,0.938,0.0,0.0,0.0,0.5,0.25,0.062,0.75,0.625,0.0,0.0,0.062,0.812,1.0,1.0,0.812,0.062,0.0,3
0.0,0.062,0.75,0.812,0.25,0.0,0.0,0.0,0.0,0.25,1.0,1.0,1.0,0.188,0.0,0.0,0.0,0.25,1.0,1.0,1.0,0.625,0.0,0.0,0.0,0.0,0.375,1.0,0.875,1.0,0.0,0.0,0.0,0.0,0.0,0.0,0.0,1.0,0.25,0.0,0.0,0.0,0.0,0.0,0.0,0.812,0.438,0.0,0.0,0.062,0.125,0.188,0.438,0.875,0.625,0.0,0.0,0.125,0.75,1.0,0.875,0.75,0.188,0.0,9
0.0,0.0,0.562,1.0,1.0,0.562,0.0,0.0,0.0,0.312,1.0,0.875,0.938,1.0,0.062,0.0,0.0,0.125,0.688,0.062,0.625,0.938,0.0,0.0,0.0,0.0,0.0,0.062,0.938,0.5,0.0,0.0,0.0,0.0,0.0,0.5,0.938,0.062,0.0,0.0,0.0,0.0,0.375,1.0,0.438,0.5,0.438,0.0,0.0,0.0,0.562,1.0,0.938,0.875,0.125,0.0,0.0,0.0,0.562,1.0,0.812,0.062,0.0,0.0,2
0.0,0.0,0.625,1.0,0.812,0.188,0.0,0.0,0.0,0.0,0.375,0.938,0.75,0.812,0.0,0.0,0.0,0.0,0.0,0.375,0.375,1.0,0.0,0.0,0.0,0.0,0.0,0.0,0.188,1.0,0.062,0.0,0.0,0.0,0.0,0.0,0.438,0.875,0.0,0.0,0.0,0.0,0.0,0.0,0.812,0.5,0.0,0.0,0.0,0.0,0.25,0.938,1.0,0.812,0.5,0.312,0.0,0.0,0.375,1.0,0.625,0.562,0.75,0.938,2
0.0,0.0,0.0,0.375,0.875,0.062,0.0,0.0,0.0,0.0,0.062,1.0,0.625,0.0,0.0,0.0,0.0,0.0,0.812,0.875,0.062,0.0,0.0,0.0,0.0,0.125,1.0,0.75,0.625,0.188,0.0,0.0,0.0,0.312,1.0,0.938,0.875,1.0,0.062,0.0,0.0,0.188,1.0,0.75,0.0,0.938,0.5,0.0,0.0,0.0,0.688,1.0,0.562,1.0,0.5,0.0,0.0,0.0,0.0,0.688,0.938,0.688,0.062,0.0,6
0.0,0.0,0.062,0.5,0.938,0.625,0.0,0.0,0.0,0.188,0.812,0.938,0.875,0.875,0.0,0.0,0.0,0.312,0.625,0.0,0.625,0.75,0.0,0.0,0.0,0.0,0.188,0.312,0.938,0.625,0.125,0.0,0.0,0.0,1.0,1.0,1.0,1.0,0.75,0.0,0.0,0.062,0.5,0.75,0.875,0.5,0.188,0.0,0.0,0.0,0.0,0.625,0.812,0.0,0.0,0.0,0.0,0.0,0.0,0.688,0.562,0.0,0.0,0.0,7
0.0,0.0,0.438,1.0,1.0,0.625,0.0,0.0,0.0,0.0,0.875,0.812,0.438,0.25,0.0,0.0,0.0,0.312,1.0,0.375,0.0,0.0,0.0,0.0,0.0,0.875,0.938,0.5,0.375,0.062,0.0,0.0,0.0,0.25,0.75,0.75,1.0,0.812,0.125,0.0,0.0,0.0,0.0,0.0,0.062,0.938,0.375,0.0,0.0,0.0,0.312,0.375,0.375,1.0,0.25,0.0,0.0,0.0,0.438,1.0,1.0,0.688,0.062,0.0,5
0.0,0.0,0.312,0.812,0.125,0.0,0.0,0.0,0.0,0.0,0.25,1.0,0.438,0.0,0.0,0.0,0.0,0.0,0.25,1.0,0.25,0.0,0.0,0.0,0.0,0.0,0.25,1.0,0.375,0.0,0.0,0.0,0.0,0.0,0.562,1.0,0.625,0.0,0.0,0.0,0.0,0.0,0.125,0.688,0.938,0.062,0.0,0.0,0.0,0.0,0.625,0.812,1.0,0.938,1.0,0.562,0.0,0.0,0.188,0.75,1.0,1.0,0.688,0.125,1
0.0,0.0,0.0,0.062,0.5,1.0,0.125,0.0,0.0,0.0,0.312,0.812,1.0,1.0,0.0,0.0,0.0,0.688,1.0,0.938,0.75,1.0,0.0,0.0,0.0,0.188,0.5,0.062,0.5,1.0,0.0,0.0,0.0,0.0,0.0,0.0,0.5,1.0,0.188,0.0,0.0,0.0,0.0,0.0,0.5,1.0,0.25,0.0,0.0,0.0,0.0,0.0,0.438,1.0,0.438,0.0,0.0,0.0,0.0,0.0,0.625,1.0,0.5,0.0,1
0.0,0.188,0.75,1.0,0.562,0.0,0.0,0.0,0.0,0.812,0.938,0.5,0.938,0.125,0.0,0.0,0.0,0.688,0.375,0.0,0.75,0.25,0.0,0.0,0.0,0.062,0.0,0.0,0.938,0.188,0.0,0.0,0.0,0.0,0.0,0.25,1.0,0.062,0.0,0.0,0.0,0.0,0.0,0.75,0.688,0.0,0.0,0.0,0.0,0.0,0.688,1.0,0.625,0.25,0.375,0.062,0.0,0.125,0.938,1.0,1.0,1.0,1.0,0.188,2
0.0,0.0,0.0,0.812,0.812,0.188,0.0,0.0,0.0,0.0,0.25,1.0,0.5,0.0,0.0,0.0,0.0,0.0,0.562,1.0,0.062,0.0,0.0,0.0,0.0,0.0,0.812,1.0,0.312,0.0,0.0,0.0,0.0,0.125,1.0,1.0,0.875,0.5,0.062,0.0,0.0,0.25,1.0,1.0,0.375,1.0,0.562,0.0,0.0,0.0,0.5,1.0,0.688,1.0,0.625,0.0,0.0,0.0,0.062,0.875,1.0,0.812,0.062,0.0,6
0.0,0.0,0.562,0.812,1.0,0.312,0.0,0.0,0.0,0.188,1.0,0.5,0.25,0.812,0.0,0.0,0.0,0.375,0.625,0.062,0.0,0.562,0.125,0.0,0.0,0.312,0.25,0.0,0.0,0.25,0.5,0.0,0.0,0.5,0.25,0.0,0.0,0.25,0.5,0.0,0.0,0.375,0.375,0.0,0.0,0.25,0.562,0.0,0.0,0.0,0.812,0.125,0.0,0.438,0.5,0.0,0.0,0.0,0.5,0.75,0.812,0.938,0.125,0.0,0
0.0,0.0,0.188,0.812,0.688,0.438,0.0,0.0,0.0,0.0,0.688,1.0,1.0,1.0,0.125,0.0,0.0,0.25,1.0,0.562,0.062,0.875,0.125,0.0,0.0,0.25,1.0,0.0,0.0,1.0,0.125,0.0,0.0,0.0,1.0,0.062,0.0,0.75,0.5,0.0,0.0,0.0,0.938,0.562,0.0,0.812,0.375,0.0,0.0,0.0,0.562,0.875,0.562,0.875,0.062,0.0,0.0,0.0,0.125,0.75,0.812,0.25,0.0,0.0,0
0.0,0.0,0.0,0.0,0.625,0.812,0.438,0.0,0.0,0.0,0.0,0.312,1.0,1.0,0.688,0.0,0.0,0.0,0.25,0.875,1.0,1.0,0.438,0.0,0.0,0.188,0.875,1.0,1.0,1.0,0.25,0.0,0.0,0.438,1.0,1.0,1.0,1.0,0.25,0.0,0.0,0.0,0.125,0.812,1.0,1.0,0.188,0.0,0.0,0.0,0.0,0.688,1.0,1.0,0.0,0.0,0.0,0.0,0.0,0.125,0.812,1.0,0.062,0.0,1
0.0,0.0,0.688,0.625,0.75,0.25,0.0,0.0,0.0,0.0,0.75,0.812,0.562,1.0,0.062,0.0,0.0,0.0,0.438,0.812,0.688,1.0,0.0,0.0,0.0,0.0,0.062,1.0,0.875,0.25,0.0,0.0,0.0,0.0,0.625,1.0,0.812,0.0,0.0,0.0,0.0,0.0,0.875,0.438,0.75,0.438,0.0,0.0,0.0,0.25,0.875,0.25,0.75,0.812,0.0,0.0,0.0,0.062,0.688,0.875,0.75,0.25,0.0,0.0,8
0.0,0.0,0.062,0.812,0.875,0.062,0.0,0.0,0.0,0.062,0.688,1.0,0.625,0.75,0.0,0.0,0.0,0.375,1.0,0.938,0.0,0.812,0.188,0.0,0.0,0.438,0.875,0.312,0.0,0.5,0.562,0.0,0.0,0.375,0.812,0.0,0.0,0.5,0.688,0.0,0.0,0.25,0.938,0.0,0.062,0.875,0.562,0.0,0.0,0.0,0.875,0.5,0.75,1.0,0.188,0.0,0.0,0.0,0.188,0.938,0.938,0.25,0.0,0.0,0
0.0,0.0,0.438,0.938,0.938,0.125,0.0,0.0,0.0,0.0,0.812,0.375,0.75,0.375,0.0,0.0,0.0,0.0,0.0,0.0,0.938,0.125,0.0,0.0,0.0,0.0,0.0,0.812,0.625,0.0,0.0,0.0,0.0,0.0,0.0,0.5,0.938,0.75,0.0,0.0,0.0,0.188,0.438,0.0,0.125,0.938,0.062,0.0,0.0,0.125,0.938,0.375,0.375,1.0,0.062,0.0,0.0,0.0,0.25,0.938,1.0,0.438,0.0,0.0,3
0.0,0.0,0.0,0.438,0.5,0.0,0.0,0.0,0.0,0.0,0.0,0.938,0.125,0.0,0.188,0.062,0.0,0.0,0.5,0.625,0.0,0.125,1.0,0.125,0.0,0.062,0.938,0.25,0.188,0.562,0.75,0.0,0.0,0.5,1.0,1.0,1.0,1.0,0.375,0.0,0.0,0.062,0.25,0.188,0.562,0.875,0.0,0.0,0.0,0.0,0.0,0.0,0.938,0.188,0.0,0.0,0.0,0.0,0.0,0.562,0.625,0.0,0.0,0.0,4
0.0,0.0,0.312,0.75,0.812,0.125,0.0,0.0,0.0,0.188,1.0,0.875,1.0,0.812,0.062,0.0,0.0,0.25,1.0,0.562,1.0,0.75,0.062,0.0,0.0,0.062,0.562,1.0,0.938,0.062,0.0,0.0,0.0,0.062,0.812,1.0,1.0,0.312,0.0,0.0,0.0,0.188,1.0,0.312,0.75,1.0,0.0,0.0,0.0,0.188,0.938,0.438,0.875,0.75,0.0,0.0,0.0,0.0,0.375,1.0,0.812,0.188,0.0,0.0,8
0.0,0.0,0.0,0.125,0.875,0.062,0.0,0.0,0.0,0.0,0.0,0.875,0.5,0.0,0.0,0.0,0.0,0.0,0.5,0.938,0.062,0.0,0.0,0.0,0.0,0.0,0.812,0.375,0.0,0.312,0.688,0.0,0.0,0.188,0.938,0.0,0.0,0.625,0.562,0.0,0.0,0.562,0.812,0.25,0.438,1.0,0.188,0.0,0.0,0.438,1.0,1.0,1.0,0.812,0.0,0.0,0.0,0.0,0.188,0.125,1.0,0.375,0.0,0.0,4
0.0,0.0,0.188,0.75,1.0,0.875,0.0,0.0,0.0,0.188,0.938,1.0,0.938,0.875,0.0,0.0,0.0,0.188,0.75,0.062,0.938,0.5,0.0,0.0,0.0,0.0,0.0,0.562,1.0,0.5,0.0,0.0,0.0,0.0,0.0,0.625,1.0,1.0,0.5,0.0,0.0,0.0,0.0,0.125,0.312,0.812,0.5,0.0,0.0,0.0,0.125,0.688,0.688,0.938,0.312,0.0,0.0,0.0,0.188,1.0,1.0,0.562,0.0,0.0,3
0.0,0.0,0.0,0.062,0.625,1.0,0.5,0.0,0.0,0.062,0.5,0.938,1.0,1.0,0.562,0.0,0.0,0.625,1.0,0.812,0.688,1.0,0.5,0.0,0.0,0.062,0.25,0.0,0.625,1.0,0.25,0.0,0.0,0.0,0.0,0.0,0.75,1.0,0.0,0.0,0.0,0.0,0.0,0.0,0.75,1.0,0.0,0.0,0.0,0.0,0.0,0.0,0.75,1.0,0.188,0.0,0.0,0.0,0.0,0.0,0.625,1.0,0.438,0.0,1
0.0,0.0,0.0,0.438,0.938,0.0,0.0,0.0,0.0,0.0,0.375,0.938,0.5,0.0,0.0,0.0,0.0,0.0,0.812,0.562,0.0,0.0,0.0,0.0,0.0,0.125,1.0,0.312,0.25,0.062,0.0,0.0,0.0,0.312,1.0,1.0,1.0,0.75,0.188,0.0,0.0,0.062,0.938,0.25,0.062,0.5,0.75,0.0,0.0,0.0,0.5,0.875,0.312,0.312,0.938,0.0,0.0,0.0,0.0,0.375,1.0,1.0,0.688,0.0,6
0.0,0.0,0.188,0.75,0.438,0.0,0.0,0.0,0.0,0.0,0.875,0.75,0.75,0.25,0.0,0.0,0.0,0.125,0.875,0.0,0.062,0.812,0.0,0.0,0.0,0.062,0.75,0.0,0.0,0.438,0.312,0.0,0.0,0.125,0.812,0.0,0.0,0.125,0.625,0.0,0.0,0.0,0.938,0.188,0.0,0.188,0.875,0.0,0.0,0.0,0.438,0.75,0.5,0.688,0.75,0.0,0.0,0.0,0.125,0.688,1.0,0.688,0.125,0.0,0
0.0,0.0,0.125,0.75,1.0,0.375,0.0,0.0,0.0,0.0,0.312,1.0,0.75,0.25,0.0,0.0,0.0,0.0,0.938,0.875,0.0,0.0,0.0,0.0,0.0,0.125,1.0,0.875,0.5,0.5,0.0,0.0,0.0,0.25,1.0,1.0,0.812,0.938,0.5,0.0,0.0,0.25,1.0,0.688,0.062,0.75,0.75,0.0,0.0,0.0,0.688,1.0,0.75,0.875,0.938,0.0,0.0,0.0,0.062,0.5,0.75,0.75,0.375,0.0,6
0.0,0.0,0.375,0.875,0.688,0.062,0.0,0.0,0.0,0.0,0.938,0.312,0.375,0.938,0.0,0.0,0.0,0.25,1.0,0.0,0.0,0.562,0.188,0.0,0.0,0.5,0.562,0.0,0.0,0.25,0.5,0.0,0.0,0.438,0.5,0.0,0.0,0.25,0.5,0.0,0.0,0.25,0.5,0.0,0.0,0.562,0.25,0.0,0.0,0.062,0.812,0.125,0.188,0.875,0.0,0.0,0.0,0.0,0.312,0.875,0.938,0.25,0.0,0.0,0
0.0,0.0,0.188,0.875,0.625,0.188,0.0,0.0,0.0,0.0,0.625,0.875,0.812,0.938,0.062,0.0,0.0,0.0,0.75,0.25,0.25,1.0,0.25,0.0,0.0,0.0,0.375,0.938,0.938,1.0,0.5,0.0,0.0,0.0,0.062,0.5,0.5,0.875,0.5,0.0,0.0,0.0,0.125,0.0,0.0,0.562,0.688,0.0,0.0,0.0,1.0,0.625,0.5,0.75,0.75,0.0,0.0,0.0,0.438,0.75,0.875,0.875,0.375,0.0,9
0.0,0.0,0.062,0.75,0.875,0.188,0.0,0.0,0.0,0.062,0.812,0.688,0.562,0.812,0.0,0.0,0.0,0.438,0.688,0.0,0.062,1.0,0.25,0.0,0.0,0.5,0.375,0.0,0.125,0.938,0.0,0.0,0.0,0.25,0.75,0.0,0.0,0.938,0.0,0.0,0.0,0.0,0.938,0.062,0.062,0.938,0.0,0.0,0.0,0.0,0.438,0.625,0.438,0.812,0.0,0.0,0.0,0.0,0.062,0.812,1.0,0.438,0.0,0.0,0
0.0,0.0,0.0,0.0,0.375,0.938,0.125,0.0,0.0,0.0,0.0,0.312,1.0,1.0,0.125,0.0,0.0,0.0,0.25,1.0,0.75,1.0,0.0,0.0,0.0,0.25,0.938,0.375,0.438,0.812,0.0,0.0,0.0,0.688,0.938,0.938,1.0,1.0,0.562,0.0,0.0,0.562,0.812,0.75,0.812,0.875,0.188,0.0,0.0,0.0,0.0,0.0,0.562,0.5,0.0,0.0,0.0,0.0,0.0,0.0,0.5,0.5,0.0,0.0,4
0.0,0.375,0.812,0.312,0.5,0.5,0.062,0.0,0.0,0.5,1.0,1.0,1.0,1.0,0.375,0.0,0.0,0.375,1.0,0.562,0.375,0.25,0.0,0.0,0.0,0.375,1.0,1.0,0.938,0.312,0.0,0.0,0.0,0.0,0.25,0.312,0.938,0.75,0.0,0.0,0.0,0.0,0.0,0.188,1.0,0.562,0.0,0.0,0.0,0.062,0.5,0.812,0.938,0.188,0.0,0.0,0.0,0.25,1.0,0.938,0.188,0.0,0.0,0.0,5
0.0,0.0,0.062,0.625,1.0,0.938,0.312,0.0,0.0,0.0,0.75,0.75,0.562,0.562,0.625,0.0,0.0,0.25,1.0,0.062,0.0,0.438,0.438,0.0,0.0,0.25,0.875,0.812,0.5,0.688,0.0,0.0,0.0,0.0,0.062,0.375,1.0,0.875,0.062,0.0,0.0,0.0,0.0,0.5,0.688,0.875,0.312,0.0,0.0,0.0,0.0,0.75,0.5,0.938,0.125,0.0,0.0,0.0,0.0,0.625,0.938,0.312,0.0,0.0,8
0.0,0.0,0.188,0.875,0.625,0.062,0.0,0.0,0.0,0.125,0.875,0.75,0.938,0.875,0.062,0.0,0.0,0.375,0.812,0.0,0.188,0.875,0.5,0.0,0.0,0.312,0.75,0.0,0.0,0.688,0.5,0.0,0.0,0.25,0.875,0.0,0.0,0.75,0.438,0.0,0.0,0.062,0.875,0.25,0.188,1.0,0.188,0.0,0.0,0.0,0.5,0.75,0.75,0.75,0.0,0.0,0.0,0.0,0.125,0.938,0.625,0.188,0.0,0.0,0
0.0,0.0,0.562,1.0,1.0,0.625,0.0,0.0,0.0,0.125,1.0,0.562,0.688,0.688,0.0,0.0,0.0,0.0,0.938,0.438,0.75,1.0,0.188,0.0,0.0,0.0,0.438,1.0,0.938,0.938,0.438,0.0,0.0,0.0,0.0,0.0,0.0,0.625,0.625,0.0,0.0,0.0,0.0,0.0,0.0,0.688,0.625,0.0,0.0,0.0,0.688,0.125,0.375,1.0,0.375,0.0,0.0,0.0,0.562,1.0,1.0,0.688,0.062,0.0,9
0.0,0.0,0.75,1.0,0.938,0.062,0.0,0.0,0.0,0.312,1.0,0.625,0.938,0.5,0.0,0.0,0.0,0.062,0.438,0.188,0.875,0.375,0.0,0.0,0.0,0.0,0.0,0.75,1.0,0.438,0.0,0.0,0.0,0.0,0.0,0.188,0.812,1.0,0.375,0.0,0.0,0.0,0.25,0.0,0.0,0.938,0.688,0.0,0.0,0.125,1.0,0.625,0.688,1.0,0.438,0.0,0.0,0.0,0.625,1.0,1.0,0.625,0.062,0.0,3
0.0,0.0,0.562,1.0,1.0,0.938,0.25,0.0,0.0,0.5,1.0,0.562,0.438,0.875,0.688,0.0,0.0,0.312,0.312,0.062,0.812,0.938,0.062,0.0,0.0,0.0,0.0,0.625,1.0,0.438,0.0,0.0,0.0,0.0,0.0,0.062,0.688,1.0,0.25,0.0,0.0,0.0,0.0,0.0,0.0,0.875,0.5,0.0,0.0,0.0,0.188,0.25,0.375,1.0,0.25,0.0,0.0,0.0,0.875,1.0,1.0,0.5,0.0,0.0,3
0.0,0.0,0.938,0.812,0.062,0.0,0.0,0.0,0.0,0.0,0.875,0.875,0.25,0.0,0.0,0.0,0.0,0.0,0.062,0.25,0.75,0.0,0.0,0.0,0.0,0.0,0.0,0.375,0.75,0.0,0.0,0.0,0.0,0.0,0.0,0.688,0.625,0.0,0.0,0.0,0.0,0.0,0.062,1.0,0.5,0.375,0.312,0.0,0.0,0.0,0.812,1.0,1.0,1.0,0.875,0.0,0.0,0.0,0.625,0.812,0.625,0.375,0.125,0.0,2
0.0,0.0,0.688,0.875,1.0,0.625,0.0,0.0,0.0,0.375,0.938,0.5,0.375,0.25,0.0,0.0,0.0,0.312,0.75,0.125,0.0,0.0,0.0,0.0,0.0,0.75,1.0,0.938,0.062,0.0,0.0,0.0,0.0,0.188,0.688,0.688,0.375,0.0,0.0,0.0,0.0,0.0,0.0,0.75,0.625,0.0,0.0,0.0,0.0,0.0,0.312,1.0,0.562,0.0,0.0,0.0,0.0,0.0,0.812,1.0,0.188,0.0,0.0,0.0,5
0.0,0.0,0.438,0.938,1.0,0.5,0.0,0.0,0.0,0.0,1.0,0.438,0.375,0.938,0.188,0.0,0.0,0.25,1.0,0.0,0.438,0.812,0.25,0.0,0.0,0.0,1.0,0.125,0.5,0.875,0.5,0.0,0.0,0.0,0.75,0.875,0.875,0.438,0.0,0.0,0.0,0.0,0.562,1.0,0.375,0.0,0.0,0.0,0.0,0.0,0.688,0.188,0.875,0.125,0.0,0.0,0.0,0.0,0.312,0.688,0.625,0.625,0.0,0.0,8
0.0,0.125,0.688,1.0,1.0,0.5,0.062,0.0,0.0,0.125,0.75,0.562,0.562,1.0,0.625,0.0,0.0,0.0,0.0,0.0,0.25,1.0,0.562,0.0,0.0,0.0,0.0,0.125,0.938,1.0,0.0,0.0,0.0,0.0,0.0,0.188,1.0,0.875,0.0,0.0,0.0,0.0,0.0,0.0,0.812,1.0,0.188,0.0,0.0,0.0,0.25,0.688,1.0,0.5,0.0,0.0,0.0,0.188,0.938,0.75,0.25,0.0,0.0,0.0,3
0.0,0.062,0.75,0.75,0.938,1.0,0.438,0.0,0.0,0.438,1.0,1.0,0.812,0.375,0.062,0.0,0.0,0.75,1.0,0.188,0.0,0.0,0.0,0.0,0.0,0.188,0.875,0.938,0.062,0.0,0.0,0.0,0.0,0.0,0.062,1.0,0.438,0.0,0.0,0.0,0.0,0.0,0.0,0.938,0.5,0.0,0.0,0.0,0.0,0.312,0.438,1.0,0.438,0.0,0.0,0.0,0.0,0.188,0.938,1.0,0.312,0.0,0.0,0.0,5
0.0,0.062,0.75,1.0,1.0,0.938,0.0,0.0,0.0,0.438,1.0,0.562,0.25,0.188,0.0,0.0,0.0,0.625,0.938,0.062,0.0,0.0,0.0,0.0,0.0,0.688,0.938,0.5,0.438,0.062,0.0,0.0,0.0,0.125,0.812,1.0,1.0,0.938,0.312,0.0,0.0,0.0,0.0,0.0,0.0,0.812,0.875,0.0,0.0,0.0,0.125,0.438,0.812,1.0,0.562,0.0,0.0,0.0,0.875,1.0,0.75,0.312,0.0,0.0,5
0.0,0.062,0.75,0.938,0.312,0.0,0.0,0.0,0.0,0.25,0.938,0.5,0.938,0.188,0.0,0.0,0.0,0.0,0.188,0.062,0.875,0.25,0.0,0.0,0.0,0.0,0.25,0.875,1.0,0.062,0.0,0.0,0.0,0.0,0.062,0.625,0.875,0.938,0.25,0.0,0.0,0.0,0.0,0.0,0.0,0.75,0.5,0.0,0.0,0.25,0.5,0.25,0.625,1.0,0.25,0.0,0.0,0.125,0.75,1.0,0.812,0.375,0.0,0.0,3
0.0,0.0,0.0,0.125,0.875,0.125,0.0,0.0,0.0,0.0,0.062,0.812,0.938,0.375,0.0,0.0,0.0,0.0,0.75,0.938,0.75,0.688,0.0,0.0,0.0,0.312,1.0,0.25,0.938,0.375,0.0,0.0,0.0,0.75,0.938,0.5,1.0,1.0,0.688,0.0,0.0,0.375,1.0,1.0,1.0,0.5,0.125,0.0,0.0,0.0,0.125,0.375,1.0,0.0,0.0,0.0,0.0,0.0,0.0,0.125,0.875,0.0,0.0,0.0,4
0.0,0.0,0.688,0.625,0.5,0.75,0.062,0.0,0.0,0.0,1.0,0.812,0.75,0.625,0.0,0.0,0.0,0.312,0.875,0.125,0.0,0.0,0.0,0.0,0.0,0.438,1.0,1.0,0.812,0.5,0.0,0.0,0.0,0.0,0.25,0.25,0.5,1.0,0.438,0.0,0.0,0.0,0.0,0.0,0.0,0.562,0.5,0.0,0.0,0.0,0.562,0.25,0.438,1.0,0.312,0.0,0.0,0.0,0.875,1.0,0.875,0.438,0.0,0.0,5
0.0,0.062,0.5,0.75,1.0,1.0,0.438,0.0,0.0,0.438,1.0,0.75,0.75,0.75,0.312,0.0,0.0,0.25,0.812,0.188,0.0,0.0,0.0,0.0,0.0,0.25,1.0,1.0,0.812,0.0,0.0,0.0,0.0,0.125,0.5,0.375,0.938,0.375,0.0,0.0,0.0,0.0,0.438,0.0,0.562,0.75,0.0,0.0,0.0,0.0,1.0,0.688,0.812,0.75,0.0,0.0,0.0,0.0,0.312,0.812,0.75,0.312,0.0,0.0,5
0.0,0.0,0.062,0.75,0.125,0.0,0.0,0.0,0.0,0.0,0.375,0.812,0.0,0.0,0.0,0.0,0.0,0.0,0.688,0.5,0.0,0.0,0.0,0.0,0.0,0.062,0.938,0.062,0.0,0.0,0.0,0.0,0.0,0.125,0.938,0.125,0.875,0.812,0.25,0.0,0.0,0.125,0.938,1.0,0.625,0.312,0.875,0.0,0.0,0.0,0.562,0.812,0.25,0.562,0.875,0.0,0.0,0.0,0.0,0.625,0.812,0.75,0.188,0.0,6
0.0,0.0,0.062,0.938,0.938,0.125,0.0,0.0,0.0,0.0,0.0,0.75,1.0,0.438,0.0,0.0,0.0,0.0,0.0,0.875,1.0,0.312,0.0,0.0,0.0,0.0,0.0,0.812,1.0,0.125,0.0,0.0,0.0,0.0,0.125,1.0,0.812,0.0,0.0,0.0,0.0,0.0,0.375,1.0,0.812,0.0,0.0,0.0,0.0,0.0,0.375,1.0,0.688,0.0,0.0,0.0,0.0,0.0,0.062,0.875,1.0,0.438,0.0,0.0,1
0.0,0.0,0.0,0.625,0.938,0.188,0.0,0.0,0.0,0.0,0.438,1.0,0.688,0.0,0.0,0.0,0.0,0.0,0.812,0.938,0.062,0.0,0.0,0.0,0.0,0.0,0.938,0.688,0.0,0.0,0.0,0.0,0.0,0.0,1.0,0.812,0.5,0.062,0.0,0.0,0.0,0.0,0.938,1.0,1.0,0.938,0.375,0.0,0.0,0.0,0.625,1.0,0.875,1.0,0.875,0.125,0.0,0.0,0.062,0.562,0.938,1.0,0.688,0.0,6
0.0,0.0,0.5,0.75,0.75,0.062,0.0,0.0,0.0,0.188,1.0,1.0,0.875,0.562,0.0,0.0,0.0,0.375,0.938,0.562,0.188,0.75,0.125,0.0,0.0,0.438,0.562,0.0,0.0,0.562,0.438,0.0,0.0,0.438,0.5,0.0,0.0,0.438,0.5,0.0,0.0,0.312,0.625,0.0,0.0,0.438,0.562,0.0,0.0,0.0,0.875,0.812,0.625,1.0,0.375,0.0,0.0,0.0,0.312,0.812,0.688,0.25,0.0,0.0,0
0.0,0.0,0.062,0.812,0.438,0.0,0.0,0.0,0.0,0.0,0.438,0.875,0.125,0.0,0.0,0.0,0.0,0.0,0.812,0.312,0.0,0.0,0.0,0.0,0.0,0.0,1.0,0.188,0.0,0.0,0.0,0.0,0.0,0.188,1.0,0.625,0.75,0.75,0.188,0.0,0.0,0.188,1.0,0.688,0.312,0.562,0.75,0.0,0.0,0.062,0.812,0.688,0.25,0.812,0.688,0.0,0.0,0.0,0.062,0.75,1.0,0.688,0.125,0.0,6
0.0,0.0,0.25,0.938,1.0,0.812,0.812,0.625,0.0,0.0,0.75,0.812,0.625,0.938,0.875,0.125,0.0,0.125,1.0,0.375,0.125,0.875,0.375,0.0,0.0,0.062,0.312,0.0,0.562,0.688,0.0,0.0,0.0,0.0,0.438,0.75,1.0,0.875,0.375,0.0,0.0,0.0,0.5,0.938,0.938,0.688,0.125,0.0,0.0,0.0,0.125,1.0,0.5,0.0,0.0,0.0,0.0,0.0,0.438,0.938,0.25,0.0,0.0,0.0,7
0.0,0.0,0.0,0.812,0.938,0.5,0.0,0.0,0.0,0.0,0.062,1.0,1.0,0.625,0.0,0.0,0.0,0.0,0.062,1.0,1.0,0.5,0.0,0.0,0.0,0.0,0.25,1.0,1.0,0.125,0.0,0.0,0.0,0.0,0.688,1.0,0.875,0.0,0.0,0.0,0.0,0.125,1.0,1.0,0.625,0.0,0.0,0.0,0.0,0.0,0.812,1.0,0.938,0.125,0.0,0.0,0.0,0.0,0.062,0.812,1.0,0.25,0.0,0.0,1
0.0,0.062,0.625,0.812,0.125,0.0,0.0,0.0,0.0,0.625,1.0,1.0,0.75,0.0,0.0,0.0,0.0,0.562,0.562,0.5,1.0,0.0,0.0,0.0,0.0,0.0,0.0,0.375,1.0,0.125,0.0,0.0,0.0,0.0,0.062,0.688,0.938,0.0,0.0,0.0,0.0,0.0,0.25,1.0,0.812,0.125,0.0,0.0,0.0,0.0,0.875,1.0,1.0,1.0,0.812,0.0,0.0,0.0,0.562,0.812,0.688,0.625,0.562,0.0,2
0.0,0.0,0.25,0.812,0.875,1.0,0.188,0.0,0.0,0.0,0.375,0.688,0.625,1.0,0.062,0.0,0.0,0.0,0.0,0.0,0.438,0.875,0.0,0.0,0.0,0.0,0.562,1.0,1.0,1.0,0.75,0.0,0.0,0.0,0.938,0.812,1.0,0.438,0.125,0.0,0.0,0.0,0.0,0.5,0.75,0.0,0.0,0.0,0.0,0.0,0.125,0.875,0.375,0.0,0.0,0.0,0.0,0.0,0.5,0.812,0.062,0.0,0.0,0.0,7
0.0,0.125,0.938,0.938,0.375,0.0,0.0,0.0,0.0,0.0,0.625,0.812,1.0,0.312,0.0,0.0,0.0,0.0,0.0,0.125,1.0,0.562,0.0,0.0,0.0,0.0,0.0,0.188,1.0,0.688,0.0,0.0,0.0,0.0,0.0,0.0,0.812,0.875,0.062,0.0,0.0,0.0,0.0,0.0,0.438,1.0,0.312,0.0,0.0,0.062,0.25,0.375,0.812,0.938,0.062,0.0,0.0,0.188,0.938,0.875,0.688,0.125,0.0,0.0,3
0.0,0.0,0.375,0.938,0.25,0.0,0.0,0.0,0.0,0.062,0.875,0.438,0.0,0.0,0.0,0.0,0.0,0.25,0.938,0.062,0.0,0.0,0.0,0.0,0.0,0.312,0.688,0.0,0.125,0.062,0.0,0.0,0.0,0.25,0.812,0.75,1.0,0.812,0.188,0.0,0.0,0.062,1.0,0.125,0.062,0.5,0.625,0.0,0.0,0.0,0.75,0.25,0.0,0.688,0.75,0.0,0.0,0.0,0.25,0.812,0.75,0.875,0.125,0.0,6
0.0,0.0,0.438,0.938,0.375,0.0,0.0,0.0,0.0,0.0,0.125,0.875,0.938,0.125,0.0,0.0,0.0,0.0,0.0,0.312,1.0,0.375,0.0,0.0,0.0,0.0,0.0,0.312,1.0,0.562,0.125,0.0,0.0,0.312,0.875,1.0,0.938,0.688,0.25,0.0,0.0,0.312,0.438,0.75,0.688,0.0,0.0,0.0,0.0,0.0,0.25,0.938,0.062,0.0,0.0,0.0,0.0,0.0,0.625,0.688,0.0,0.0,0.0,0.0,7
0.0,0.0,0.625,0.688,0.25,0.0,0.0,0.0,0.0,0.0,0.625,0.938,0.812,0.812,0.062,0.0,0.0,0.0,0.5,0.688,0.0,0.875,0.25,0.0,0.0,0.0,0.0,0.812,0.938,0.812,0.0,0.0,0.0,0.062,0.688,1.0,1.0,0.0,0.0,0.0,0.0,0.062,0.938,0.188,0.562,0.625,0.0,0.0,0.0,0.0,0.875,0.375,0.938,0.625,0.0,0.0,0.0,0.0,0.5,0.875,0.438,0.062,0.0,0.0,8
0.0,0.062,0.562,0.875,0.5,0.0,0.0,0.0,0.0,0.5,0.688,0.188,0.438,0.688,0.062,0.0,0.0,0.75,0.438,0.0,0.188,1.0,0.25,0.0,0.0,0.188,0.812,0.75,0.875,0.875,0.438,0.0,0.0,0.0,0.0,0.0,0.0,0.375,0.438,0.0,0.0,0.0,0.0,0.0,0.0,0.562,0.562,0.0,0.0,0.0,0.0,0.0,0.125,1.0,0.062,0.0,0.0,0.0,0.5,0.812,0.875,0.312,0.0,0.0,9
0.0,0.0,0.312,0.688,0.5,0.438,0.0,0.0,0.0,0.188,1.0,0.688,0.562,1.0,0.25,0.0,0.0,0.0,0.875,0.188,0.438,0.938,0.0,0.0,0.0,0.0,0.312,0.938,0.938,0.188,0.0,0.0,0.0,0.0,0.625,0.938,0.875,0.062,0.0,0.0,0.0,0.25,0.812,0.0,0.562,0.438,0.0,0.0,0.0,0.188,0.688,0.312,0.812,0.438,0.0,0.0,0.0,0.0,0.375,0.625,0.375,0.0,0.0,0.0,8
0.0,0.0,0.0,0.625,0.688,0.0,0.0,0.0,0.0,0.0,0.0,0.875,0.875,0.0,0.0,0.0,0.0,0.0,0.25,1.0,0.188,0.0,0.0,0.0,0.0,0.0,0.375,1.0,0.625,0.125,0.0,0.0,0.0,0.0,0.75,1.0,0.75,0.688,0.312,0.0,0.0,0.0,0.688,0.438,0.188,0.125,0.875,0.0,0.0,0.0,0.375,0.812,0.0,0.25,0.812,0.0,0.0,0.0,0.0,0.562,1.0,0.938,0.312,0.0,6
0.0,0.0,0.688,1.0,0.75,0.062,0.0,0.0,0.0,0.188,1.0,0.562,1.0,0.312,0.0,0.0,0.0,0.0,0.375,0.062,1.0,0.625,0.0,0.0,0.0,0.0,0.0,0.312,1.0,0.375,0.0,0.0,0.0,0.0,0.0,0.562,0.938,0.0,0.0,0.0,0.0,0.0,0.188,0.938,0.375,0.0,0.0,0.0,0.0,0.0,0.625,1.0,0.25,0.312,0.5,0.062,0.0,0.0,0.812,1.0,1.0,1.0,1.0,0.375,2
0.0,0.0,0.0,0.875,0.312,0.0,0.0,0.0,0.0,0.0,0.312,1.0,0.312,0.0,0.0,0.0,0.0,0.0,0.812,0.75,0.0,0.062,0.188,0.0,0.0,0.25,1.0,0.312,0.062,0.938,0.688,0.0,0.0,0.625,0.938,0.25,0.812,1.0,0.188,0.0,0.0,0.5,1.0,1.0,1.0,0.625,0.0,0.0,0.0,0.125,0.688,0.75,0.938,0.062,0.0,0.0,0.0,0.0,0.0,1.0,0.562,0.0,0.0,0.0,4
0.0,0.0,0.0,0.75,0.375,0.0,0.0,0.0,0.0,0.0,0.5,0.938,0.812,0.25,0.0,0.0,0.0,0.312,1.0,0.375,0.188,0.75,0.0,0.0,0.0,0.438,0.875,0.062,0.0,0.688,0.312,0.0,0.0,0.188,0.875,0.0,0.0,0.438,0.625,0.0,0.0,0.062,0.875,0.125,0.0,0.562,0.562,0.0,0.0,0.0,0.562,0.688,0.375,0.938,0.312,0.0,0.0,0.0,0.0,0.625,1.0,0.688,0.0,0.0,0
0.0,0.0,0.125,0.938,0.812,0.188,0.0,0.0,0.0,0.0,0.75,1.0,0.562,0.25,0.0,0.0,0.0,0.188,1.0,0.562,0.0,0.0,0.0,0.0,0.0,0.188,1.0,0.875,0.75,0.312,0.0,0.0,0.0,0.5,1.0,1.0,1.0,1.0,0.0,0.0,0.0,0.312,1.0,0.938,0.375,1.0,0.562,0.0,0.0,0.062,0.812,0.875,0.812,1.0,0.188,0.0,0.0,0.0,0.188,0.75,0.875,0.625,0.0,0.0,6
0.0,0.0,0.312,0.875,0.938,0.125,0.0,0.0,0.0,0.0,0.812,0.875,0.562,0.625,0.0,0.0,0.0,0.0,0.938,0.5,0.125,0.938,0.188,0.0,0.0,0.0,0.688,0.75,0.562,0.875,0.125,0.0,0.0,0.0,0.438,1.0,0.875,0.125,0.0,0.0,0.0,0.0,0.812,0.875,1.0,0.25,0.0,0.0,0.0,0.188,0.938,0.5,0.875,0.625,0.0,0.0,0.0,0.0,0.375,1.0,1.0,0.5,0.0,0.0,8
0.0,0.062,0.688,1.0,1.0,0.625,0.0,0.0,0.0,0.5,1.0,0.688,0.438,1.0,0.062,0.0,0.0,0.438,0.688,0.0,0.312,1.0,0.125,0.0,0.0,0.0,0.125,0.0,0.438,0.875,0.0,0.0,0.0,0.0,0.0,0.0,0.688,0.75,0.0,0.0,0.0,0.0,0.0,0.188,1.0,0.375,0.0,0.0,0.0,0.0,0.312,0.938,1.0,0.688,0.375,0.0,0.0,0.0,0.875,1.0,0.812,0.812,1.0,0.312,2
0.0,0.125,0.562,0.688,0.75,0.938,0.375,0.0,0.0,0.375,1.0,0.562,0.5,0.5,0.062,0.0,0.0,0.25,0.812,0.0,0.0,0.0,0.0,0.0,0.0,0.25,1.0,0.75,0.688,0.312,0.0,0.0,0.0,0.062,0.312,0.25,0.5,0.875,0.312,0.0,0.0,0.0,0.0,0.0,0.0,0.5,0.5,0.0,0.0,0.062,0.375,0.25,0.312,0.938,0.188,0.0,0.0,0.188,1.0,1.0,1.0,0.5,0.0,0.0,5
0.0,0.0,0.312,0.75,0.75,0.5,0.062,0.0,0.0,0.0,0.625,1.0,1.0,0.938,0.0,0.0,0.0,0.0,0.688,1.0,1.0,0.5,0.0,0.0,0.0,0.25,1.0,1.0,1.0,0.25,0.0,0.0,0.0,0.188,1.0,1.0,0.625,0.0,0.0,0.0,0.0,0.0,0.812,1.0,1.0,0.188,0.0,0.0,0.0,0.0,0.812,1.0,1.0,0.0,0.0,0.0,0.0,0.0,0.125,0.625,0.75,0.0,0.0,0.0,1
0.0,0.0,0.0,0.875,0.75,0.125,0.0,0.0,0.0,0.0,0.0,0.375,0.5,0.875,0.062,0.0,0.0,0.0,0.562,0.688,0.0,0.812,0.312,0.0,0.0,0.125,1.0,0.5,0.0,0.5,0.5,0.0,0.0,0.312,0.812,0.0,0.0,0.5,0.438,0.0,0.0,0.375,0.812,0.0,0.0,0.688,0.25,0.0,0.0,0.0,0.75,0.625,0.375,0.875,0.0,0.0,0.0,0.0,0.062,0.688,0.875,0.438,0.0,0.0,0
0.0,0.25,0.812,0.562,0.5,0.188,0.0,0.0,0.0,0.312,1.0,0.875,0.75,0.75,0.375,0.0,0.0,0.5,1.0,0.062,0.0,0.0,0.0,0.0,0.0,0.188,1.0,0.688,0.062,0.0,0.0,0.0,0.0,0.0,0.5,1.0,0.562,0.0,0.0,0.0,0.0,0.0,0.0,0.625,1.0,0.0,0.0,0.0,0.0,0.062,0.062,0.75,0.875,0.0,0.0,0.0,0.0,0.25,0.875,0.875,0.188,0.0,0.0,0.0,5
0.0,0.0,0.0,0.812,0.75,0.0,0.0,0.0,0.0,0.0,0.375,1.0,0.25,0.0,0.0,0.0,0.0,0.125,1.0,0.625,0.0,0.0,0.0,0.0,0.0,0.312,1.0,0.625,0.0,0.0,0.0,0.0,0.0,0.5,0.938,0.938,0.375,0.0,0.0,0.0,0.0,0.188,1.0,0.875,0.812,0.625,0.125,0.0,0.0,0.0,0.75,1.0,0.812,1.0,0.75,0.0,0.0,0.0,0.062,0.625,1.0,0.875,0.25,0.0,6
0.0,0.0,0.688,0.75,0.812,0.875,0.25,0.0,0.0,0.0,0.812,0.5,0.25,0.25,0.125,0.0,0.0,0.0,0.688,0.0,0.0,0.0,0.0,0.0,0.0,0.312,0.75,0.375,0.188,0.0,0.0,0.0,0.0,0.312,0.75,0.75,0.812,0.688,0.0,0.0,0.0,0.0,0.125,0.0,0.0,0.812,0.0,0.0,0.0,0.25,0.688,0.0,0.188,0.938,0.0,0.0,0.0,0.0,0.562,1.0,1.0,0.375,0.0,0.0,5
0.0,0.0,0.438,1.0,1.0,1.0,0.5,0.0,0.0,0.0,0.625,0.75,0.625,1.0,0.125,0.0,0.0,0.0,0.812,0.375,0.438,0.812,0.0,0.0,0.0,0.0,0.625,0.062,0.812,0.312,0.0,0.0,0.0,0.0,0.562,0.625,1.0,0.5,0.188,0.0,0.0,0.062,0.75,0.938,1.0,1.0,0.312,0.0,0.0,0.0,0.062,1.0,0.125,0.188,0.0,0.0,0.0,0.0,0.562,0.875,0.0,0.0,0.0,0.0,7
0.0,0.0,0.875,1.0,1.0,1.0,0.125,0.0,0.0,0.438,1.0,0.312,0.062,0.0,0.0,0.0,0.0,0.875,0.812,0.438,0.188,0.0,0.0,0.0,0.0,0.25,0.75,0.812,1.0,0.562,0.0,0.0,0.0,0.0,0.0,0.0,0.375,0.938,0.0,0.0,0.0,0.0,0.0,0.0,0.562,0.875,0.0,0.0,0.0,0.0,0.312,0.875,1.0,0.188,0.0,0.0,0.0,0.062,0.938,0.688,0.25,0.0,0.0,0.0,5
0.0,0.0,0.0,0.625,0.75,0.5,0.062,0.0,0.0,0.0,0.312,1.0,1.0,1.0,0.0,0.0,0.0,0.0,0.625,1.0,1.0,0.562,0.0,0.0,0.0,0.125,0.938,1.0,0.812,0.125,0.0,0.0,0.0,0.25,1.0,1.0,0.5,0.0,0.0,0.0,0.0,0.062,0.938,1.0,0.438,0.0,0.0,0.0,0.0,0.0,0.562,1.0,0.688,0.062,0.0,0.0,0.0,0.0,0.0,0.375,0.75,0.375,0.0,0.0,1
0.0,0.0,0.312,0.5,0.75,1.0,0.25,0.0,0.0,0.188,1.0,0.688,0.438,0.062,0.0,0.0,0.0,0.188,0.875,0.375,0.25,0.0,0.0,0.0,0.0,0.312,1.0,0.75,0.875,0.375,0.0,0.0,0.0,0.0,0.125,0.0,0.25,0.75,0.0,0.0,0.0,0.0,0.0,0.0,0.25,0.625,0.0,0.0,0.0,0.0,0.375,0.5,0.875,0.438,0.0,0.0,0.0,0.0,0.438,0.812,0.438,0.0,0.0,0.0,5
0.0,0.0,0.438,0.875,0.688,0.062,0.0,0.0,0.0,0.375,0.938,0.375,0.438,0.625,0.0,0.0,0.0,0.688,0.438,0.0,0.125,0.75,0.0,0.0,0.0,0.312,0.25,0.0,0.062,0.75,0.0,0.0,0.0,0.0,0.0,0.0,0.188,0.562,0.0,0.0,0.0,0.0,0.0,0.0,0.688,0.188,0.0,0.0,0.0,0.0,0.0,0.562,0.812,0.125,0.188,0.0,0.0,0.0,0.438,1.0,1.0,1.0,1.0,0.375,2
0.0,0.0,0.0,0.812,0.562,0.0,0.0,0.0,0.0,0.0,0.375,1.0,0.125,0.0,0.0,0.0,0.0,0.0,0.75,0.562,0.0,0.125,0.0,0.0,0.0,0.438,0.938,0.062,0.312,0.938,0.062,0.0,0.0,0.875,0.625,0.25,0.688,0.75,0.188,0.0,0.125,1.0,1.0,1.0,1.0,0.812,0.125,0.0,0.0,0.188,0.25,0.688,0.875,0.0,0.0,0.0,0.0,0.0,0.0,0.938,0.25,0.0,0.0,0.0,4
0.0,0.0,0.25,0.812,1.0,0.688,0.0,0.0,0.0,0.562,1.0,0.562,0.625,0.938,0.0,0.0,0.0,0.312,0.25,0.0,0.75,0.688,0.0,0.0,0.0,0.0,0.0,0.312,1.0,0.75,0.062,0.0,0.0,0.0,0.0,0.062,0.562,0.938,0.5,0.0,0.0,0.0,0.0,0.0,0.0,0.5,0.75,0.0,0.0,0.0,0.062,0.375,0.5,1.0,0.5,0.0,0.0,0.0,0.312,1.0,0.938,0.562,0.062,0.0,3
0.0,0.0,0.0,0.0,0.875,0.438,0.0,0.0,0.0,0.0,0.0,0.812,1.0,0.562,0.0,0.0,0.0,0.0,0.625,1.0,1.0,0.438,0.0,0.0,0.0,0.438,1.0,0.5,1.0,0.125,0.0,0.0,0.0,0.062,0.312,0.375,1.0,0.375,0.0,0.0,0.0,0.0,0.0,0.25,1.0,0.375,0.0,0.0,0.0,0.0,0.0,0.125,1.0,0.375,0.0,0.0,0.0,0.0,0.0,0.0,0.75,0.688,0.0,0.0,1
0.0,0.0,0.0,0.688,0.812,0.312,0.0,0.0,0.0,0.0,0.188,1.0,0.812,0.188,0.0,0.0,0.0,0.0,0.625,1.0,0.125,0.0,0.0,0.0,0.0,0.25,1.0,1.0,0.812,0.438,0.0,0.0,0.0,0.25,1.0,0.688,0.5,1.0,0.125,0.0,0.0,0.0,0.938,0.5,0.0,0.938,0.375,0.0,0.0,0.0,0.562,0.875,0.25,0.938,0.25,0.0,0.0,0.0,0.062,0.625,1.0,0.688,0.062,0.0,6
0.0,0.188,0.625,0.688,0.75,0.75,0.375,0.0,0.0,0.5,0.875,0.688,0.5,0.5,0.25,0.0,0.0,0.5,0.625,0.438,0.188,0.0,0.0,0.0,0.0,0.5,1.0,0.875,0.938,0.25,0.0,0.0,0.0,0.125,0.125,0.0,0.375,0.562,0.0,0.0,0.0,0.0,0.0,0.0,0.25,0.75,0.0,0.0,0.0,0.062,0.5,0.25,0.625,0.625,0.0,0.0,0.0,0.125,0.938,1.0,0.812,0.125,0.0,0.0,5
0.0,0.0,0.0,0.0,0.375,1.0,0.438,0.0,0.0,0.062,0.312,0.688,1.0,1.0,0.5,0.0,0.0,0.688,1.0,1.0,0.812,1.0,0.5,0.0,0.0,0.188,0.438,0.062,0.25,1.0,0.5,0.0,0.0,0.0,0.0,0.0,0.312,1.0,0.5,0.0,0.0,0.0,0.0,0.0,0.312,1.0,0.438,0.0,0.0,0.0,0.0,0.0,0.438,1.0,0.562,0.0,0.0,0.0,0.0,0.0,0.5,1.0,0.5,0.0,1
0.0,0.062,0.812,0.875,1.0,0.875,0.188,0.0,0.0,0.25,0.875,0.5,0.438,0.188,0.0,0.0,0.0,0.375,0.688,0.0,0.0,0.0,0.0,0.0,0.0,0.312,1.0,0.938,0.688,0.312,0.0,0.0,0.0,0.125,0.438,0.438,0.625,1.0,0.0,0.0,0.0,0.0,0.0,0.0,0.188,1.0,0.0,0.0,0.0,0.0,0.438,0.312,0.812,0.688,0.0,0.0,0.0,0.0,0.938,1.0,0.625,0.062,0.0,0.0,5
0.0,0.0,0.688,0.75,0.125,0.0,0.0,0.0,0.0,0.0,0.938,0.5,0.812,0.125,0.0,0.0,0.0,0.0,0.438,0.688,0.562,0.562,0.0,0.0,0.0,0.25,0.75,0.75,1.0,0.438,0.0,0.0,0.0,0.125,0.625,0.75,0.562,0.75,0.062,0.0,0.0,0.0,0.0,0.0,0.0,0.438,0.688,0.0,0.0,0.0,0.0,0.0,0.0,0.0,1.0,0.125,0.0,0.0,0.375,0.75,0.75,0.812,0.688,0.0,9
0.0,0.062,0.938,0.938,0.125,0.0,0.0,0.0,0.0,0.438,0.875,0.812,0.562,0.0,0.0,0.0,0.0,0.562,0.562,0.375,0.812,0.0,0.0,0.0,0.0,0.062,0.0,0.5,0.75,0.0,0.0,0.0,0.0,0.0,0.0,0.5,0.75,0.0,0.0,0.0,0.0,0.0,0.0,0.688,0.375,0.0,0.0,0.0,0.0,0.0,0.438,1.0,1.0,1.0,0.438,0.0,0.0,0.0,1.0,0.938,0.75,0.75,0.188,0.0,2
0.0,0.0,0.125,0.812,1.0,0.5,0.0,0.0,0.0,0.0,0.688,1.0,0.375,0.125,0.0,0.0,0.0,0.125,1.0,0.5,0.0,0.0,0.0,0.0,0.0,0.312,1.0,0.562,0.062,0.0,0.0,0.0,0.0,0.312,1.0,1.0,0.812,0.125,0.0,0.0,0.0,0.062,1.0,0.375,0.5,0.875,0.0,0.0,0.0,0.0,0.688,0.625,0.062,1.0,0.312,0.0,0.0,0.0,0.188,0.938,1.0,1.0,0.188,0.0,6
0.0,0.0,0.0,0.312,0.688,0.062,0.0,0.0,0.0,0.0,0.0,0.875,0.875,0.125,0.0,0.0,0.0,0.0,0.312,1.0,0.312,0.0,0.0,0.0,0.0,0.0,0.5,0.938,0.125,0.0,0.0,0.0,0.0,0.0,0.625,0.812,0.0,0.0,0.0,0.0,0.0,0.0,0.875,1.0,1.0,0.5,0.0,0.0,0.0,0.0,0.375,1.0,0.562,0.938,0.375,0.0,0.0,0.0,0.0,0.375,0.875,1.0,0.5,0.0,6
0.0,0.125,0.938,1.0,0.75,0.0,0.0,0.0,0.0,0.5,0.688,0.5,1.0,0.0,0.0,0.0,0.0,0.188,0.062,0.438,0.812,0.0,0.0,0.0,0.0,0.0,0.0,0.625,0.5,0.0,0.0,0.0,0.0,0.0,0.0,0.938,0.312,0.0,0.0,0.0,0.0,0.0,0.438,0.938,0.0,0.0,0.0,0.0,0.0,0.0,0.875,0.688,0.375,0.312,0.125,0.0,0.0,0.062,1.0,1.0,1.0,1.0,0.562,0.0,2
0.0,0.0,0.0,0.188,0.938,0.25,0.0,0.0,0.0,0.0,0.25,1.0,0.75,0.0,0.0,0.0,0.0,0.0,0.75,0.938,0.188,0.25,0.188,0.0,0.0,0.438,1.0,0.312,0.188,0.938,0.5,0.0,0.0,0.812,1.0,0.812,0.938,1.0,0.125,0.0,0.0,0.75,1.0,1.0,1.0,0.812,0.0,0.0,0.0,0.0,0.25,0.312,1.0,0.5,0.0,0.0,0.0,0.0,0.0,0.062,1.0,0.25,0.0,0.0,4
0.0,0.0,0.0,0.188,1.0,0.5,0.0,0.0,0.0,0.0,0.0,0.688,1.0,0.562,0.0,0.0,0.0,0.188,0.75,1.0,1.0,0.5,0.0,0.0,0.0,0.812,1.0,0.562,1.0,0.5,0.0,0.0,0.0,0.062,0.125,0.0,1.0,0.5,0.0,0.0,0.0,0.0,0.0,0.125,1.0,0.25,0.0,0.0,0.0,0.0,0.0,0.125,1.0,0.375,0.0,0.0,0.0,0.0,0.0,0.062,1.0,0.562,0.0,0.0,1
0.0,0.0,0.188,0.938,0.375,0.0,0.0,0.0,0.0,0.062,0.875,0.812,0.25,0.0,0.0,0.0,0.0,0.25,1.0,0.312,1.0,0.438,0.0,0.0,0.0,0.5,1.0,0.5,1.0,0.562,0.312,0.0,0.0,0.625,1.0,0.875,1.0,1.0,0.562,0.0,0.0,0.188,0.688,1.0,0.688,0.125,0.0,0.0,0.0,0.0,0.25,1.0,0.5,0.0,0.0,0.0,0.0,0.0,0.312,0.938,0.25,0.0,0.0,0.0,4
0.0,0.0,0.0,0.5,0.438,0.0,0.0,0.0,0.0,0.0,0.25,1.0,0.688,0.0,0.0,0.0,0.0,0.0,0.562,1.0,0.062,0.0,0.0,0.0,0.0,0.0,0.688,0.875,0.688,0.812,0.125,0.0,0.0,0.0,0.812,1.0,0.875,0.875,0.625,0.0,0.0,0.0,0.625,0.938,0.062,0.312,0.812,0.0,0.0,0.0,0.375,1.0,0.5,0.875,0.75,0.0,0.0,0.0,0.0,0.312,0.875,1.0,0.25,0.0,6
0.0,0.0,0.0,0.375,0.938,0.062,0.0,0.0,0.0,0.0,0.188,1.0,0.562,0.938,0.188,0.0,0.0,0.062,0.938,0.438,0.312,0.938,0.0,0.0,0.0,0.562,1.0,0.25,0.688,0.875,0.625,0.0,0.0,0.562,1.0,1.0,1.0,1.0,0.562,0.0,0.0,0.0,0.125,0.25,1.0,0.125,0.0,0.0,0.0,0.0,0.0,0.375,0.875,0.0,0.0,0.0,0.0,0.0,0.0,0.438,0.625,0.0,0.0,0.0,4
0.0,0.0,0.188,0.688,0.938,0.812,0.125,0.0,0.0,0.125,0.938,0.688,0.5,0.875,0.438,0.0,0.0,0.5,0.875,0.0,0.125,0.812,0.125,0.0,0.0,0.188,0.812,1.0,1.0,0.938,0.062,0.0,0.0,0.0,0.0,0.0,0.875,0.312,0.0,0.0,0.0,0.0,0.0,0.438,0.875,0.0,0.0,0.0,0.0,0.0,0.062,0.938,0.25,0.0,0.0,0.0,0.0,0.0,0.125,1.0,0.062,0.0,0.0,0.0,9
0.0,0.0,0.188,0.75,0.312,0.0,0.0,0.0,0.0,0.062,0.938,0.875,1.0,0.375,0.0,0.0,0.0,0.375,1.0,0.0,0.375,1.0,0.375,0.0,0.0,0.312,1.0,0.688,0.875,1.0,0.25,0.0,0.0,0.0,0.5,0.625,0.75,1.0,0.0,0.0,0.0,0.0,0.062,0.062,0.438,0.938,0.062,0.0,0.0,0.0,0.5,0.625,0.625,1.0,0.125,0.0,0.0,0.0,0.125,0.812,0.875,0.438,0.0,0.0,9
0.0,0.0,0.188,0.875,0.562,0.188,0.0,0.0,0.0,0.0,0.688,0.812,0.5,0.875,0.125,0.0,0.0,0.125,1.0,0.188,0.0,0.562,0.25,0.0,0.0,0.312,0.75,0.0,0.0,0.25,0.5,0.0,0.0,0.5,0.5,0.0,0.0,0.438,0.5,0.0,0.0,0.312,0.688,0.0,0.125,0.938,0.188,0.0,0.0,0.0,0.875,0.312,0.812,0.438,0.0,0.0,0.0,0.0,0.312,0.875,0.312,0.0,0.0,0.0,0
0.0,0.0,0.312,0.938,0.75,0.5,0.0,0.0,0.0,0.0,0.812,1.0,0.625,0.812,0.188,0.0,0.0,0.312,1.0,0.562,0.0,0.5,0.25,0.0,0.0,0.25,0.812,0.062,0.0,0.25,0.5,0.0,0.0,0.25,0.5,0.0,0.0,0.5,0.25,0.0,0.0,0.062,0.875,0.0,0.0,0.688,0.188,0.0,0.0,0.0,0.75,0.562,0.562,0.938,0.0,0.0,0.0,0.0,0.25,0.875,0.938,0.25,0.0,0.0,0
0.0,0.0,0.562,0.938,0.812,0.188,0.0,0.0,0.0,0.125,0.875,0.125,0.375,0.312,0.0,0.0,0.0,0.25,0.562,0.0,0.0,0.938,0.25,0.0,0.0,0.062,0.812,0.312,0.438,1.0,0.375,0.0,0.0,0.0,0.125,0.438,0.438,0.875,0.188,0.0,0.0,0.0,0.0,0.0,0.062,0.875,0.062,0.0,0.0,0.0,0.188,0.062,0.625,0.562,0.0,0.0,0.0,0.0,0.688,0.938,0.562,0.062,0.0,0.0,9
0.0,0.0,0.25,1.0,1.0,0.25,0.0,0.0,0.0,0.0,0.75,0.688,0.438,0.688,0.0,0.0,0.0,0.0,0.562,0.125,0.312,0.75,0.0,0.0,0.0,0.0,0.0,0.0,0.438,0.688,0.0,0.0,0.0,0.0,0.0,0.0,0.812,0.375,0.0,0.0,0.0,0.0,0.0,0.125,1.0,0.062,0.0,0.0,0.0,0.0,0.062,0.938,0.938,0.625,0.062,0.0,0.0,0.0,0.312,1.0,0.5,0.688,0.688,0.0,2
0.0,0.0,0.125,0.688,1.0,0.25,0.0,0.0,0.0,0.0,0.75,0.562,0.688,0.938,0.062,0.0,0.0,0.0,0.125,0.0,0.25,1.0,0.0,0.0,0.0,0.0,0.0,0.125,0.5,0.938,0.062,0.0,0.0,0.25,1.0,1.0,1.0,0.938,0.438,0.0,0.0,0.188,0.375,0.25,1.0,0.188,0.0,0.0,0.0,0.0,0.0,0.375,0.688,0.0,0.0,0.0,0.0,0.0,0.0,0.75,0.438,0.0,0.0,0.0,7
0.0,0.0,0.562,0.75,0.875,0.125,0.0,0.0,0.0,0.0,0.75,0.375,0.25,0.0,0.0,0.0,0.0,0.0,0.75,0.062,0.188,0.0,0.0,0.0,0.0,0.0,0.562,1.0,1.0,0.75,0.0,0.0,0.0,0.0,0.25,0.25,0.0,0.75,0.375,0.0,0.0,0.0,0.0,0.0,0.0,0.25,0.75,0.0,0.0,0.0,0.562,0.438,0.25,0.625,0.688,0.0,0.0,0.0,0.562,0.875,1.0,0.875,0.312,0.0,5
0.0,0.125,0.688,1.0,0.938,0.375,0.0,0.0,0.0,0.688,0.938,0.562,0.875,0.812,0.0,0.0,0.0,0.438,0.062,0.0,0.812,0.562,0.0,0.0,0.0,0.0,0.0,0.062,1.0,0.5,0.0,0.0,0.0,0.0,0.062,0.688,0.812,0.062,0.0,0.0,0.0,0.0,0.312,1.0,0.312,0.0,0.0,0.0,0.0,0.125,0.938,0.562,0.125,0.25,0.25,0.0,0.0,0.125,0.938,1.0,1.0,1.0,1.0,0.062,2
0.0,0.0,0.0,0.0,0.375,0.625,0.0,0.0,0.0,0.0,0.0,0.0,0.875,0.938,0.0,0.0,0.0,0.0,0.0,0.625,1.0,1.0,0.0,0.0,0.0,0.0,0.438,1.0,1.0,0.938,0.0,0.0,0.0,0.188,0.938,0.438,0.938,0.625,0.0,0.0,0.0,0.0,0.0,0.0,0.812,0.688,0.0,0.0,0.0,0.0,0.0,0.0,0.938,0.562,0.0,0.0,0.0,0.0,0.0,0.0,0.5,0.938,0.0,0.0,1
0.0,0.0,0.0,0.125,1.0,1.0,0.125,0.0,0.0,0.0,0.0,0.25,1.0,1.0,0.125,0.0,0.0,0.062,0.25,0.75,1.0,0.75,0.0,0.0,0.0,0.438,1.0,1.0,1.0,0.75,0.0,0.0,0.0,0.0,0.188,0.625,1.0,0.875,0.0,0.0,0.0,0.0,0.0,0.5,1.0,0.75,0.0,0.0,0.0,0.0,0.0,0.375,1.0,1.0,0.125,0.0,0.0,0.0,0.0,0.125,0.75,0.938,0.25,0.0,1
0.0,0.0,0.438,0.812,0.188,0.0,0.0,0.0,0.0,0.0,0.938,1.0,0.688,0.0,0.0,0.0,0.0,0.0,0.875,0.312,0.938,0.188,0.0,0.0,0.0,0.0,0.375,0.125,0.875,0.312,0.0,0.0,0.0,0.0,0.0,0.0,0.75,0.5,0.0,0.0,0.0,0.0,0.0,0.375,1.0,0.25,0.25,0.0,0.0,0.0,0.438,1.0,1.0,1.0,1.0,0.188,0.0,0.0,0.375,0.938,0.375,0.562,0.562,0.062,2
0.0,0.0,0.375,0.938,0.875,0.062,0.0,0.0,0.0,0.0,0.812,1.0,1.0,0.125,0.0,0.0,0.0,0.0,0.188,0.5,1.0,0.125,0.0,0.0,0.0,0.125,0.375,0.75,1.0,0.438,0.125,0.0,0.0,0.812,1.0,1.0,1.0,1.0,0.562,0.0,0.0,0.625,0.812,1.0,0.438,0.062,0.0,0.0,0.0,0.0,0.375,0.875,0.0,0.0,0.0,0.0,0.0,0.0,0.625,0.5,0.0,0.0,0.0,0.0,7
0.0,0.0,0.312,0.812,0.812,0.5,0.0,0.0,0.0,0.0,1.0,0.688,0.812,1.0,0.375,0.0,0.0,0.062,1.0,0.312,0.125,0.875,0.562,0.0,0.0,0.0,0.562,1.0,1.0,0.938,0.0,0.0,0.0,0.0,0.625,1.0,0.875,0.875,0.0,0.0,0.0,0.312,0.938,0.25,0.0,1.0,0.375,0.0,0.0,0.375,0.875,0.438,0.375,1.0,0.25,0.0,0.0,0.0,0.438,0.938,1.0,0.625,0.0,0.0,8
0.0,0.0,0.688,1.0,0.75,0.125,0.0,0.0,0.0,0.438,1.0,0.375,0.625,0.812,0.0,0.0,0.0,0.0,0.125,0.0,0.188,1.0,0.0,0.0,0.0,0.0,0.0,0.188,0.75,0.562,0.0,0.0,0.0,0.0,0.0,0.625,1.0,0.75,0.0,0.0,0.0,0.0,0.188,0.0,0.188,0.938,0.438,0.0,0.0,0.188,1.0,0.438,0.375,0.875,0.5,0.0,0.0,0.062,0.562,0.938,1.0,0.75,0.062,0.0,3
0.0,0.0,0.0,0.812,0.188,0.0,0.0,0.0,0.0,0.0,0.5,0.812,0.062,0.0,0.0,0.0,0.0,0.0,0.75,0.312,0.0,0.0,0.0,0.0,0.0,0.062,0.812,0.0,0.0,0.0,0.0,0.0,0.0,0.062,0.75,0.375,0.688,0.562,0.188,0.0,0.0,0.062,0.938,1.0,0.75,0.5,0.688,0.0,0.0,0.0,0.562,0.812,0.125,0.375,1.0,0.125,0.0,0.0,0.0,0.688,1.0,0.875,0.438,0.0,6
0.0,0.0,0.0,0.562,1.0,0.25,0.0,0.0,0.0,0.062,0.562,1.0,0.812,0.125,0.0,0.0,0.0,0.875,1.0,0.875,0.5,0.0,0.0,0.0,0.062,0.938,0.938,0.312,1.0,0.562,0.0,0.0,0.0,0.312,1.0,1.0,1.0,0.5,0.0,0.0,0.0,0.0,0.125,0.812,1.0,0.062,0.0,0.0,0.0,0.0,0.0,0.688,0.812,0.0,0.0,0.0,0.0,0.0,0.0,0.688,0.812,0.0,0.0,0.0,4
0.0,0.0,0.188,0.75,0.5,0.188,0.0,0.0,0.0,0.0,0.438,1.0,0.812,0.812,0.062,0.0,0.0,0.0,0.812,0.5,0.0,0.562,0.25,0.0,0.0,0.0,1.0,0.125,0.0,0.375,0.375,0.0,0.0,0.25,0.75,0.0,0.0,0.625,0.188,0.0,0.0,0.188,0.75,0.0,0.0,0.812,0.125,0.0,0.0,0.0,0.75,0.25,0.75,0.625,0.0,0.0,0.0,0.0,0.312,1.0,0.812,0.125,0.0,0.0,0
0.0,0.0,0.0,0.812,0.562,0.0,0.0,0.0,0.0,0.0,0.25,0.938,0.188,0.0,0.0,0.0,0.0,0.0,0.688,0.562,0.375,0.25,0.0,0.0,0.0,0.312,1.0,0.188,0.812,0.5,0.062,0.0,0.0,0.875,1.0,0.562,1.0,1.0,0.562,0.0,0.0,0.75,1.0,1.0,1.0,0.688,0.188,0.0,0.0,0.0,0.25,0.75,0.875,0.0,0.0,0.0,0.0,0.0,0.0,0.75,0.625,0.0,0.0,0.0,4
0.0,0.0,0.0,0.562,0.5,0.0,0.0,0.0,0.0,0.0,0.062,1.0,0.125,0.0,0.0,0.0,0.0,0.0,0.375,0.875,0.0,0.0,0.0,0.0,0.0,0.0,0.562,0.688,0.0,0.188,0.0,0.0,0.0,0.0,0.812,0.5,0.812,0.812,0.625,0.0,0.0,0.0,0.75,1.0,0.5,0.0,0.812,0.062,0.0,0.0,0.375,1.0,0.312,0.562,0.812,0.0,0.0,0.0,0.0,0.5,0.938,0.875,0.25,0.0,6
0.0,0.0,0.625,0.938,0.5,0.0,0.0,0.0,0.0,0.0,1.0,0.25,0.688,0.188,0.312,0.0,0.0,0.0,0.875,0.312,0.438,0.625,0.438,0.0,0.0,0.0,0.25,0.812,0.75,0.688,0.0,0.0,0.0,0.0,0.125,0.875,0.75,0.0,0.0,0.0,0.0,0.062,0.875,0.438,0.75,0.25,0.0,0.0,0.0,0.438,0.625,0.0,0.188,0.75,0.0,0.0,0.0,0.062,0.625,0.688,0.75,0.625,0.0,0.0,8
0.0,0.0,0.062,0.688,0.625,0.0,0.0,0.0,0.0,0.0,0.812,0.625,0.0,0.0,0.0,0.0,0.0,0.188,0.812,0.0,0.0,0.0,0.0,0.0,0.0,0.312,0.688,0.0,0.0,0.0,0.0,0.0,0.0,0.312,0.875,0.75,0.75,0.438,0.0,0.0,0.0,0.0,1.0,0.75,0.312,0.688,0.625,0.0,0.0,0.0,0.625,0.688,0.25,0.625,0.75,0.0,0.0,0.0,0.062,0.75,1.0,0.75,0.188,0.0,6
0.0,0.0,0.25,0.938,1.0,0.688,0.0,0.0,0.0,0.0,0.438,0.562,0.562,1.0,0.0,0.0,0.0,0.0,0.0,0.0,0.25,0.812,0.0,0.0,0.0,0.0,0.062,0.562,0.938,1.0,0.625,0.0,0.0,0.0,0.812,0.938,1.0,0.5,0.125,0.0,0.0,0.0,0.188,0.438,0.812,0.0,0.0,0.0,0.0,0.0,0.062,0.812,0.25,0.0,0.0,0.0,0.0,0.0,0.375,0.688,0.0,0.0,0.0,0.0,7
0.0,0.0,0.0,0.0,0.812,0.188,0.0,0.0,0.0,0.0,0.0,0.688,0.812,0.25,0.0,0.0,0.0,0.0,0.375,0.875,0.25,1.0,0.062,0.0,0.0,0.125,0.875,0.188,0.375,0.875,0.0,0.0,0.0,0.375,1.0,0.688,0.75,0.75,0.0,0.0,0.0,0.125,0.438,0.875,1.0,0.875,0.0,0.0,0.0,0.0,0.0,0.0,0.75,0.5,0.0,0.0,0.0,0.0,0.0,0.0,0.938,0.188,0.0,0.0,4
0.0,0.0,0.375,0.938,0.375,0.0,0.0,0.0,0.0,0.0,0.875,0.688,0.812,0.25,0.0,0.0,0.0,0.0,0.688,0.438,0.438,0.812,0.0,0.0,0.0,0.0,0.312,1.0,1.0,1.0,0.062,0.0,0.0,0.0,0.0,0.0,0.0,0.875,0.438,0.0,0.0,0.0,0.0,0.0,0.0,0.625,0.812,0.0,0.0,0.0,0.125,0.688,0.0,0.688,0.75,0.0,0.0,0.0,0.312,1.0,0.875,0.562,0.25,0.0,9
0.0,0.0,0.0,0.188,0.812,0.062,0.0,0.0,0.0,0.0,0.0,0.5,1.0,0.188,0.0,0.0,0.0,0.0,0.062,0.938,1.0,0.25,0.0,0.0,0.0,0.0,0.5,1.0,1.0,0.062,0.0,0.0,0.0,0.125,1.0,0.875,1.0,0.312,0.062,0.0,0.0,0.688,1.0,1.0,1.0,1.0,0.625,0.0,0.0,0.312,0.5,0.688,1.0,0.25,0.062,0.0,0.0,0.0,0.0,0.125,1.0,0.125,0.0,0.0,4
0.0,0.0,0.125,0.812,0.812,0.062,0.0,0.0,0.0,0.0,0.562,0.812,0.312,0.0,0.0,0.0,0.0,0.0,0.812,0.312,0.0,0.0,0.0,0.0,0.0,0.0,0.938,0.125,0.0,0.0,0.0,0.0,0.0,0.0,0.938,0.625,0.562,0.562,0.125,0.0,0.0,0.0,1.0,0.688,0.5,0.688,0.75,0.0,0.0,0.062,0.875,0.688,0.062,0.25,0.812,0.0,0.0,0.0,0.188,0.688,1.0,0.938,0.25,0.0,6
0.0,0.0,0.375,1.0,0.688,0.0,0.0,0.0,0.0,0.0,0.562,1.0,1.0,0.312,0.0,0.0,0.0,0.0,0.5,1.0,1.0,0.25,0.0,0.0,0.0,0.0,0.625,1.0,0.812,0.0,0.0,0.0,0.0,0.0,0.812,1.0,0.75,0.0,0.0,0.0,0.0,0.0,0.625,1.0,0.562,0.0,0.0,0.0,0.0,0.0,0.562,1.0,0.625,0.0,0.0,0.0,0.0,0.0,0.25,0.938,1.0,0.188,0.0,0.0,1
0.0,0.0,0.0,0.5,0.438,0.0,0.0,0.0,0.0,0.0,0.125,1.0,0.375,0.0,0.0,0.0,0.0,0.0,0.312,1.0,0.125,0.0,0.0,0.0,0.0,0.0,0.688,0.938,0.75,0.562,0.0,0.0,0.0,0.0,0.688,1.0,0.812,0.562,0.5,0.0,0.0,0.0,0.688,1.0,0.125,0.5,0.562,0.0,0.0,0.0,0.188,1.0,0.312,0.75,0.625,0.0,0.0,0.0,0.0,0.375,1.0,0.875,0.125,0.0,6
0.0,0.0,0.25,0.875,1.0,0.312,0.0,0.0,0.0,0.25,1.0,1.0,1.0,0.5,0.0,0.0,0.0,0.75,0.75,0.0,0.938,0.5,0.0,0.0,0.0,0.125,0.062,0.312,1.0,0.812,0.062,0.0,0.0,0.0,0.0,0.062,0.688,0.938,0.688,0.0,0.0,0.0,0.0,0.0,0.0,0.688,0.75,0.0,0.0,0.0,0.125,0.812,0.75,1.0,0.438,0.0,0.0,0.0,0.188,1.0,0.938,0.5,0.0,0.0,3
0.0,0.0,0.0,0.875,0.25,0.0,0.0,0.0,0.0,0.0,0.375,0.812,0.062,0.0,0.0,0.0,0.0,0.0,0.938,0.25,0.0,0.0,0.0,0.0,0.0,0.25,1.0,0.438,0.25,0.125,0.0,0.0,0.0,0.5,1.0,0.688,0.562,0.938,0.312,0.0,0.0,0.312,0.875,0.062,0.0,0.625,0.562,0.0,0.0,0.0,0.688,0.75,0.312,0.812,0.312,0.0,0.0,0.0,0.062,0.812,1.0,0.562,0.0,0.0,6
0.0,0.0,0.125,0.688,0.812,0.25,0.0,0.0,0.0,0.062,0.812,0.438,0.5,0.938,0.0,0.0,0.0,0.375,0.688,0.0,0.312,0.812,0.0,0.0,0.0,0.562,0.438,0.125,0.875,0.875,0.0,0.0,0.0,0.188,0.875,0.938,0.5,0.938,0.062,0.0,0.0,0.0,0.0,0.0,0.0,0.688,0.312,0.0,0.0,0.0,0.688,0.438,0.0,0.625,0.438,0.0,0.0,0.0,0.25,0.625,0.938,0.938,0.188,0.0,9
0.0,0.0,0.25,0.5,1.0,0.312,0.0,0.0,0.0,0.0,0.562,1.0,0.5,0.688,0.0,0.0,0.0,0.0,0.312,0.625,0.0,0.812,0.125,0.0,0.0,0.0,0.0,0.812,0.25,0.938,0.125,0.0,0.0,0.0,0.0,0.562,1.0,0.5,0.0,0.0,0.0,0.0,0.5,0.938,0.875,0.312,0.0,0.0,0.0,0.0,1.0,0.312,0.875,0.25,0.0,0.0,0.0,0.0,0.375,1.0,0.75,0.062,0.0,0.0,8
0.0,0.062,0.938,1.0,1.0,1.0,0.312,0.0,0.0,0.438,1.0,1.0,0.75,0.562,0.062,0.0,0.0,0.812,1.0,0.188,0.0,0.0,0.0,0.0,0.0,0.312,1.0,0.688,0.0,0.0,0.0,0.0,0.0,0.0,0.625,1.0,0.375,0.0,0.0,0.0,0.0,0.0,0.062,0.938,0.688,0.0,0.0,0.0,0.0,0.062,0.25,0.875,0.75,0.0,0.0,0.0,0.0,0.188,0.938,1.0,0.375,0.0,0.0,0.0,5
0.0,0.0,0.312,0.75,0.812,0.188,0.0,0.0,0.0,0.25,1.0,0.562,0.5,0.75,0.0,0.0,0.0,0.125,0.188,0.0,0.312,0.688,0.0,0.0,0.0,0.0,0.0,0.188,0.688,0.625,0.0,0.0,0.0,0.0,0.0,0.375,0.875,0.938,0.188,0.0,0.0,0.0,0.0,0.0,0.0,0.438,0.688,0.0,0.0,0.0,0.625,0.375,0.25,0.562,0.688,0.0,0.0,0.0,0.375,1.0,1.0,0.875,0.125,0.0,3
0.0,0.0,0.0,0.5,0.938,0.5,0.0,0.0,0.0,0.0,0.188,1.0,0.75,1.0,0.25,0.0,0.0,0.0,0.125,0.625,0.062,1.0,0.25,0.0,0.0,0.0,0.0,0.0,0.5,0.875,0.0,0.0,0.0,0.0,0.0,0.562,0.938,0.188,0.0,0.0,0.0,0.188,1.0,0.875,0.25,0.0,0.0,0.0,0.0,0.25,0.938,0.875,0.438,0.062,0.0,0.0,0.0,0.0,0.0,0.562,0.75,0.875,0.25,0.0,2
0.0,0.0,0.188,0.938,1.0,1.0,0.75,0.0,0.0,0.0,0.75,0.75,0.438,1.0,0.375,0.0,0.0,0.25,0.75,0.0,0.562,0.812,0.0,0.0,0.0,0.0,0.062,0.062,0.812,0.438,0.0,0.0,0.0,0.0,0.5,0.812,1.0,1.0,0.375,0.0,0.0,0.0,0.75,0.938,0.75,0.375,0.062,0.0,0.0,0.0,0.0,0.938,0.312,0.0,0.0,0.0,0.0,0.0,0.188,1.0,0.125,0.0,0.0,0.0,7
0.0,0.0,0.125,0.875,0.938,0.25,0.0,0.0,0.0,0.0,0.125,1.0,1.0,0.688,0.0,0.0,0.0,0.0,0.125,1.0,1.0,0.625,0.0,0.0,0.0,0.0,0.312,1.0,1.0,0.438,0.0,0.0,0.0,0.0,0.875,1.0,0.875,0.125,0.0,0.0,0.0,0.25,1.0,1.0,0.5,0.0,0.0,0.0,0.0,0.188,0.938,1.0,0.5,0.0,0.0,0.0,0.0,0.0,0.312,0.938,0.812,0.125,0.0,0.0,1
0.0,0.0,0.438,0.438,0.812,1.0,0.25,0.0,0.0,0.0,0.812,0.812,0.375,0.75,0.438,0.0,0.0,0.0,0.625,0.25,0.625,0.688,0.062,0.0,0.0,0.0,0.5,1.0,0.625,0.0,0.0,0.0,0.0,0.188,0.875,1.0,0.0,0.0,0.0,0.0,0.0,0.5,0.5,0.688,0.312,0.0,0.0,0.0,0.0,0.25,0.625,0.562,0.5,0.0,0.0,0.0,0.0,0.062,0.688,1.0,0.375,0.0,0.0,0.0,8
0.0,0.0,0.438,0.875,0.625,0.0,0.0,0.0,0.0,0.438,0.938,0.25,0.562,0.688,0.0,0.0,0.0,0.562,0.812,0.0,0.438,1.0,0.0,0.0,0.0,0.188,0.938,1.0,1.0,1.0,0.188,0.0,0.0,0.0,0.0,0.25,0.25,0.75,0.5,0.0,0.0,0.0,0.0,0.0,0.0,0.25,0.75,0.0,0.0,0.0,0.688,0.312,0.0,0.438,0.812,0.0,0.0,0.0,0.312,0.812,1.0,0.875,0.375,0.0,9
0.0,0.125,0.938,1.0,0.438,0.0,0.0,0.0,0.0,0.625,0.938,0.625,1.0,0.125,0.0,0.0,0.0,0.562,0.688,0.312,1.0,0.0,0.0,0.0,0.0,0.0,0.0,0.75,0.688,0.0,0.0,0.0,0.0,0.0,0.312,1.0,0.125,0.0,0.0,0.0,0.0,0.188,0.938,0.5,0.0,0.0,0.0,0.0,0.0,0.5,0.938,0.312,0.312,0.5,0.188,0.0,0.0,0.188,0.938,1.0,1.0,1.0,0.625,0.0,2
0.0,0.0,0.25,0.938,0.5,0.0,0.0,0.0,0.0,0.0,0.938,0.875,0.938,0.312,0.0,0.0,0.0,0.5,1.0,0.312,0.188,0.875,0.0,0.0,0.0,0.312,0.688,0.0,0.0,0.625,0.312,0.0,0.0,0.312,0.562,0.0,0.0,0.5,0.5,0.0,0.0,0.0,0.875,0.0,0.0,0.625,0.5,0.0,0.0,0.0,0.875,0.812,0.812,1.0,0.062,0.0,0.0,0.0,0.125,0.875,0.875,0.438,0.0,0.0,0
0.0,0.0,0.375,0.875,0.812,0.188,0.0,0.0,0.0,0.0,0.75,0.125,0.188,0.875,0.0,0.0,0.0,0.0,0.0,0.0,0.5,0.812,0.0,0.0,0.0,0.0,0.0,0.75,1.0,0.188,0.0,0.0,0.0,0.0,0.0,0.0,0.5,0.812,0.062,0.0,0.0,0.062,0.438,0.0,0.0,0.438,0.688,0.0,0.0,0.188,0.812,0.125,0.0,0.438,0.812,0.0,0.0,0.0,0.312,0.875,0.875,0.938,0.375,0.0,3
0.0,0.0,0.0,0.312,0.5,0.0,0.0,0.0,0.0,0.0,0.062,0.938,0.625,0.312,0.0,0.0,0.0,0.0,0.562,0.688,0.625,0.625,0.0,0.0,0.0,0.125,0.938,0.125,0.875,0.375,0.0,0.0,0.0,0.5,0.812,0.312,0.875,0.812,0.25,0.0,0.0,0.688,1.0,1.0,1.0,0.875,0.188,0.0,0.0,0.0,0.0,0.188,1.0,0.0,0.0,0.0,0.0,0.0,0.0,0.438,0.625,0.0,0.0,0.0,4
0.0,0.0,0.438,0.875,1.0,0.5,0.0,0.0,0.0,0.0,0.875,0.875,1.0,0.875,0.0,0.0,0.0,0.0,0.0,0.0,0.625,0.75,0.0,0.0,0.0,0.0,0.25,0.25,0.875,0.562,0.125,0.0,0.0,0.438,1.0,1.0,1.0,1.0,0.438,0.0,0.0,0.375,0.75,1.0,0.688,0.062,0.0,0.0,0.0,0.0,0.125,1.0,0.188,0.0,0.0,0.0,0.0,0.0,0.375,0.812,0.0,0.0,0.0,0.0,7
0.0,0.0,0.0,0.375,0.75,0.0,0.0,0.0,0.0,0.0,0.0,0.812,0.812,0.0,0.0,0.0,0.0,0.0,0.438,1.0,0.125,0.0,0.0,0.0,0.0,0.0,0.625,0.75,0.0,0.125,0.0,0.0,0.0,0.0,0.812,0.875,1.0,0.875,0.0,0.0,0.0,0.0,0.688,1.0,0.875,0.812,0.375,0.0,0.0,0.0,0.312,0.812,0.562,1.0,0.312,0.0,0.0,0.0,0.0,0.375,0.938,0.75,0.062,0.0,6
0.0,0.0,0.0,0.0,0.75,0.625,0.0,0.0,0.0,0.0,0.0,0.688,1.0,0.188,0.0,0.0,0.0,0.0,0.25,0.938,0.25,0.0,0.0,0.0,0.0,0.0,0.75,0.625,0.0,0.5,0.625,0.0,0.0,0.375,0.938,0.062,0.062,0.938,0.5,0.0,0.0,0.438,1.0,0.5,0.625,1.0,0.438,0.0,0.0,0.25,0.938,1.0,1.0,0.812,0.0,0.0,0.0,0.0,0.0,0.0,0.75,0.562,0.0,0.0,4
0.0,0.0,0.0,0.0,0.438,1.0,0.375,0.0,0.0,0.0,0.0,0.25,1.0,1.0,0.25,0.0,0.0,0.125,0.688,0.938,1.0,1.0,0.438,0.0,0.0,0.625,1.0,0.812,0.625,1.0,0.25,0.0,0.0,0.062,0.188,0.0,0.25,1.0,0.312,0.0,0.0,0.0,0.0,0.0,0.438,1.0,0.438,0.0,0.0,0.0,0.0,0.0,0.562,1.0,0.5,0.0,0.0,0.0,0.0,0.0,0.562,1.0,0.375,0.0,1
0.0,0.0,0.25,0.75,1.0,0.625,0.0,0.0,0.0,0.0,0.938,0.75,0.75,0.688,0.0,0.0,0.0,0.0,0.062,0.0,0.562,0.438,0.0,0.0,0.0,0.0,0.25,0.438,0.938,0.812,0.438,0.0,0.0,0.375,1.0,1.0,0.938,0.625,0.188,0.0,0.0,0.062,0.25,0.75,0.438,0.0,0.0,0.0,0.0,0.0,0.125,1.0,0.125,0.0,0.0,0.0,0.0,0.0,0.375,0.75,0.0,0.0,0.0,0.0,7
0.0,0.0,0.938,1.0,0.812,0.375,0.0,0.0,0.0,0.0,0.75,0.75,0.875,0.812,0.0,0.0,0.0,0.0,0.0,0.0,0.688,0.562,0.0,0.0,0.0,0.0,0.062,0.688,0.938,0.125,0.0,0.0,0.0,0.0,0.5,1.0,1.0,0.75,0.062,0.0,0.0,0.062,0.5,0.25,0.562,1.0,0.188,0.0,0.0,0.312,0.875,0.438,0.625,0.938,0.062,0.0,0.0,0.125,0.75,1.0,0.875,0.375,0.0,0.0,3
0.0,0.0,0.0,0.75,0.438,0.0,0.0,0.0,0.0,0.0,0.0,0.875,0.938,0.0,0.0,0.0,0.0,0.0,0.0,0.875,1.0,0.062,0.0,0.0,0.0,0.0,0.0,0.938,1.0,0.125,0.0,0.0,0.0,0.0,0.0,0.812,1.0,0.062,0.0,0.0,0.0,0.0,0.0,0.875,1.0,0.062,0.0,0.0,0.0,0.0,0.0,0.875,1.0,0.062,0.0,0.0,0.0,0.0,0.0,0.375,1.0,0.125,0.0,0.0,1
0.0,0.0,0.0,0.0,0.688,0.938,0.062,0.0,0.0,0.0,0.0,0.375,1.0,1.0,0.125,0.0,0.0,0.188,0.812,1.0,1.0,1.0,0.0,0.0,0.0,0.562,1.0,0.75,1.0,0.875,0.0,0.0,0.0,0.062,0.188,0.0,1.0,0.812,0.0,0.0,0.0,0.0,0.0,0.0,0.875,0.812,0.0,0.0,0.0,0.0,0.0,0.0,0.75,1.0,0.312,0.0,0.0,0.0,0.0,0.0,0.5,1.0,0.438,0.0,1
0.0,0.0,0.062,0.875,0.812,0.25,0.0,0.0,0.0,0.188,0.938,0.75,0.688,0.938,0.0,0.0,0.0,0.5,0.688,0.062,0.438,0.812,0.0,0.0,0.0,0.062,0.812,0.875,1.0,0.062,0.0,0.0,0.0,0.0,0.0,0.875,0.812,0.875,0.125,0.0,0.0,0.0,0.125,0.75,0.0,0.562,0.5,0.0,0.0,0.0,0.188,0.812,0.25,0.75,0.375,0.0,0.0,0.0,0.0,0.562,0.875,0.812,0.062,0.0,8
0.0,0.188,1.0,1.0,1.0,0.125,0.0,0.0,0.0,0.25,0.875,0.625,0.312,0.0,0.0,0.0,0.0,0.375,1.0,1.0,0.625,0.188,0.0,0.0,0.0,0.25,0.938,0.75,0.875,0.812,0.0,0.0,0.0,0.0,0.125,0.0,0.062,0.938,0.5,0.0,0.0,0.0,0.0,0.0,0.0,0.5,0.812,0.0,0.0,0.188,1.0,0.625,0.438,0.562,1.0,0.0,0.0,0.188,0.812,0.938,1.0,1.0,0.5,0.0,5
0.0,0.0,0.25,0.688,1.0,1.0,0.125,0.0,0.0,0.0,0.5,0.5,0.562,0.875,0.0,0.0,0.0,0.0,0.0,0.0,0.688,0.75,0.188,0.0,0.0,0.375,0.938,1.0,1.0,0.938,0.375,0.0,0.0,0.188,0.438,0.688,0.812,0.0,0.0,0.0,0.0,0.0,0.0,0.938,0.125,0.0,0.0,0.0,0.0,0.0,0.188,1.0,0.0,0.0,0.0,0.0,0.0,0.0,0.312,0.75,0.0,0.0,0.0,0.0,7
0.0,0.0,0.375,1.0,0.25,0.0,0.0,0.0,0.0,0.0,0.25,1.0,0.562,0.0,0.0,0.0,0.0,0.0,0.438,1.0,0.75,0.0,0.0,0.0,0.0,0.0,0.812,1.0,0.938,0.0,0.0,0.0,0.0,0.0,0.812,0.938,1.0,0.125,0.0,0.0,0.0,0.0,0.062,0.125,0.938,0.5,0.0,0.0,0.0,0.0,0.375,0.562,0.875,0.938,0.812,0.438,0.0,0.0,0.312,0.938,1.0,1.0,0.938,0.188,1
0.0,0.0,0.062,0.562,0.938,0.938,0.062,0.0,0.0,0.0,0.812,0.875,0.5,0.75,0.25,0.0,0.0,0.312,0.688,0.062,0.125,0.812,0.062,0.0,0.0,0.062,0.25,0.0,0.688,0.375,0.0,0.0,0.0,0.0,0.0,0.0,0.938,0.875,0.062,0.0,0.0,0.0,0.0,0.0,0.188,0.812,0.375,0.0,0.0,0.0,0.0,0.25,0.625,1.0,0.125,0.0,0.0,0.0,0.0,0.75,0.812,0.25,0.0,0.0,3
0.0,0.0,0.688,1.0,1.0,0.625,0.0,0.0,0.062,0.875,1.0,0.562,0.688,1.0,0.062,0.0,0.062,0.875,0.188,0.0,0.75,0.875,0.0,0.0,0.0,0.0,0.0,0.375,1.0,0.438,0.0,0.0,0.0,0.0,0.0,0.0,0.5,1.0,0.312,0.0,0.0,0.0,0.0,0.0,0.0,0.75,0.625,0.0,0.0,0.0,0.125,0.25,0.312,0.875,0.812,0.0,0.0,0.0,0.688,1.0,1.0,1.0,0.25,0.0,3
0.0,0.25,1.0,1.0,1.0,1.0,0.312,0.0,0.0,0.688,1.0,0.5,0.312,0.5,0.188,0.0,0.0,0.625,1.0,0.125,0.0,0.0,0.0,0.0,0.0,0.188,1.0,0.375,0.0,0.0,0.0,0.0,0.0,0.0,1.0,0.562,0.0,0.0,0.0,0.0,0.0,0.0,0.75,1.0,0.125,0.0,0.0,0.0,0.0,0.0,0.375,1.0,0.688,0.0,0.0,0.0,0.0,0.25,1.0,0.75,0.062,0.0,0.0,0.0,5
0.0,0.0,0.25,0.875,1.0,0.25,0.0,0.0,0.0,0.0,0.75,0.5,0.562,0.75,0.0,0.0,0.0,0.125,0.688,0.0,0.0,0.75,0.188,0.0,0.0,0.25,0.438,0.0,0.0,0.312,0.5,0.0,0.0,0.375,0.25,0.0,0.0,0.25,0.5,0.0,0.0,0.25,0.562,0.0,0.0,0.375,0.5,0.0,0.0,0.0,0.875,0.562,0.375,0.938,0.125,0.0,0.0,0.0,0.25,1.0,0.938,0.312,0.0,0.0,0
0.0,0.0,0.25,0.875,0.875,0.0,0.0,0.0,0.0,0.312,1.0,1.0,1.0,0.312,0.062,0.0,0.0,0.562,0.812,0.0,0.812,1.0,0.125,0.0,0.0,0.188,1.0,0.812,0.938,0.312,0.0,0.0,0.0,0.0,0.438,1.0,0.812,0.0,0.0,0.0,0.0,0.0,0.625,0.812,0.875,0.438,0.0,0.0,0.0,0.0,0.625,0.688,0.625,0.938,0.0,0.0,0.0,0.0,0.25,0.812,0.688,0.188,0.0,0.0,8
0.0,0.0,0.688,0.938,1.0,0.625,0.0,0.0,0.0,0.5,1.0,0.5,0.938,1.0,0.0,0.0,0.0,0.312,0.375,0.625,1.0,0.5,0.0,0.0,0.0,0.0,0.25,1.0,0.688,0.062,0.0,0.0,0.0,0.0,0.125,0.938,0.562,0.0,0.0,0.0,0.0,0.0,0.0,0.562,1.0,0.125,0.0,0.0,0.0,0.0,0.0,0.5,1.0,0.312,0.0,0.0,0.0,0.0,0.812,1.0,0.938,0.0,0.0,0.0,3
0.0,0.0,0.0,0.688,1.0,0.188,0.0,0.0,0.0,0.0,0.312,1.0,1.0,0.312,0.0,0.0,0.0,0.375,1.0,0.938,1.0,0.188,0.0,0.0,0.0,0.688,0.688,0.625,1.0,0.062,0.0,0.0,0.0,0.0,0.0,0.625,0.938,0.0,0.0,0.0,0.0,0.0,0.0,0.688,0.812,0.0,0.0,0.0,0.0,0.0,0.0,0.625,1.0,0.125,0.0,0.0,0.0,0.0,0.0,0.438,1.0,0.125,0.0,0.0,1
0.0,0.125,0.875,1.0,1.0,0.438,0.0,0.0,0.0,0.375,0.938,0.312,0.375,0.812,0.0,0.0,0.0,0.25,0.938,0.0,0.562,1.0,0.375,0.0,0.0,0.125,0.812,1.0,1.0,0.938,0.562,0.0,0.0,0.0,0.062,0.25,0.125,0.938,0.5,0.0,0.0,0.0,0.0,0.0,0.062,1.0,0.375,0.0,0.0,0.0,0.0,0.062,0.75,0.938,0.125,0.0,0.0,0.062,0.875,1.0,1.0,0.375,0.0,0.0,9
0.0,0.0,0.188,0.688,0.375,0.0,0.0,0.0,0.0,0.0,0.625,0.875,1.0,0.125,0.0,0.0,0.0,0.188,0.938,0.062,0.688,0.688,0.0,0.0,0.0,0.25,0.75,0.0,0.125,1.0,0.125,0.0,0.0,0.438,0.75,0.0,0.0,0.75,0.5,0.0,0.0,0.25,0.875,0.0,0.062,0.938,0.5,0.0,0.0,0.125,0.938,0.875,0.938,0.938,0.062,0.0,0.0,0.0,0.312,0.812,0.875,0.312,0.0,0.0,0
0.0,0.0,0.188,0.688,1.0,0.938,0.062,0.0,0.0,0.062,1.0,0.875,0.625,1.0,0.125,0.0,0.0,0.312,0.75,0.0,0.5,0.75,0.0,0.0,0.0,0.0,0.062,0.062,0.812,0.562,0.0,0.0,0.0,0.0,0.688,1.0,1.0,0.812,0.125,0.0,0.0,0.0,0.688,0.875,0.938,0.75,0.312,0.0,0.0,0.0,0.0,0.938,0.562,0.0,0.0,0.0,0.0,0.0,0.0,0.938,0.312,0.0,0.0,0.0,7
0.0,0.0,0.125,0.688,0.875,0.75,0.188,0.0,0.0,0.0,0.875,0.875,0.562,0.938,0.5,0.0,0.0,0.312,0.75,0.0,0.312,0.938,0.125,0.0,0.0,0.188,1.0,0.688,0.938,0.188,0.0,0.0,0.0,0.0,0.062,0.875,1.0,0.25,0.0,0.0,0.0,0.0,0.0,0.938,0.312,0.938,0.0,0.0,0.0,0.0,0.062,1.0,0.625,0.688,0.0,0.0,0.0,0.0,0.0,0.938,0.812,0.125,0.0,0.0,8
0.0,0.0,0.312,0.812,0.562,0.062,0.0,0.0,0.0,0.0,0.812,0.938,0.625,0.938,0.312,0.0,0.0,0.188,0.938,0.125,0.0,0.688,0.5,0.0,0.0,0.25,0.75,0.0,0.0,0.5,0.5,0.0,0.0,0.312,0.5,0.0,0.0,0.562,0.5,0.0,0.0,0.25,0.688,0.0,0.062,0.75,0.438,0.0,0.0,0.125,0.875,0.312,0.625,0.75,0.0,0.0,0.0,0.0,0.375,0.812,0.625,0.0,0.0,0.0,0
0.0,0.0,0.438,0.75,0.812,0.125,0.0,0.0,0.0,0.0,0.875,0.812,0.5,0.812,0.0,0.0,0.0,0.188,1.0,0.062,0.0,0.688,0.125,0.0,0.0,0.25,0.875,0.0,0.0,0.312,0.5,0.0,0.0,0.312,0.5,0.0,0.0,0.312,0.5,0.0,0.0,0.25,1.0,0.0,0.125,0.875,0.438,0.0,0.0,0.125,1.0,0.625,0.875,0.938,0.062,0.0,0.0,0.0,0.375,0.875,0.875,0.25,0.0,0.0,0
0.0,0.062,0.625,0.75,0.938,0.688,0.0,0.0,0.0,0.5,1.0,0.812,0.562,0.25,0.0,0.0,0.0,0.312,0.938,0.062,0.0,0.0,0.0,0.0,0.0,0.5,0.625,0.0,0.0,0.0,0.0,0.0,0.0,0.125,0.875,1.0,0.438,0.0,0.0,0.0,0.0,0.0,0.062,0.25,0.812,0.438,0.0,0.0,0.0,0.0,0.0,0.375,0.688,0.688,0.0,0.0,0.0,0.0,0.562,1.0,0.875,0.125,0.0,0.0,5
0.0,0.0,0.188,0.5,0.562,0.562,0.0,0.0,0.0,0.375,1.0,0.75,0.5,0.312,0.0,0.0,0.0,0.688,0.812,0.0,0.0,0.0,0.0,0.0,0.0,0.562,1.0,0.625,0.312,0.0,0.0,0.0,0.0,0.0,0.188,0.5,0.812,0.625,0.062,0.0,0.0,0.0,0.0,0.0,0.0,0.625,0.438,0.0,0.0,0.0,0.312,0.125,0.25,0.812,0.5,0.0,0.0,0.0,0.438,1.0,0.875,0.5,0.0,0.0,5
0.0,0.0,0.125,0.75,1.0,0.625,0.0,0.0,0.0,0.0,0.75,0.438,0.062,0.812,0.25,0.0,0.0,0.188,1.0,0.0,0.5,0.75,0.0,0.0,0.0,0.25,1.0,0.688,0.875,0.062,0.0,0.0,0.0,0.0,0.438,1.0,0.375,0.0,0.0,0.0,0.0,0.0,0.375,0.75,0.938,0.125,0.0,0.0,0.0,0.0,0.5,0.438,0.812,0.25,0.0,0.0,0.0,0.0,0.188,0.812,1.0,0.188,0.0,0.0,8
0.0,0.0,0.062,0.688,1.0,1.0,0.5,0.0,0.0,0.0,0.312,0.688,0.562,1.0,0.688,0.0,0.0,0.0,0.0,0.0,0.125,1.0,0.375,0.0,0.0,0.0,0.375,0.562,0.75,1.0,0.562,0.0,0.0,0.062,1.0,1.0,1.0,0.875,0.188,0.0,0.0,0.0,0.188,0.312,1.0,0.438,0.0,0.0,0.0,0.0,0.0,0.5,0.875,0.0,0.0,0.0,0.0,0.0,0.062,1.0,0.312,0.0,0.0,0.0,7
0.0,0.312,1.0,0.75,0.062,0.0,0.0,0.0,0.0,0.312,0.875,0.938,0.5,0.0,0.0,0.0,0.0,0.0,0.0,0.875,0.625,0.0,0.0,0.0,0.0,0.0,0.125,1.0,0.438,0.0,0.0,0.0,0.0,0.0,0.438,1.0,0.188,0.0,0.0,0.0,0.0,0.125,0.875,0.625,0.0,0.0,0.0,0.0,0.0,0.688,1.0,0.562,0.5,0.5,0.188,0.0,0.0,0.5,1.0,1.0,1.0,1.0,0.25,0.0,2
0.0,0.0,0.0,0.5,0.812,0.0,0.0,0.0,0.0,0.0,0.062,1.0,1.0,0.0,0.0,0.0,0.0,0.0,0.438,1.0,1.0,0.0,0.0,0.0,0.0,0.062,0.938,1.0,1.0,0.0,0.0,0.0,0.0,0.375,1.0,0.938,1.0,0.562,0.125,0.0,0.0,0.375,0.938,1.0,1.0,1.0,0.688,0.0,0.0,0.0,0.0,0.688,1.0,0.0,0.0,0.0,0.0,0.0,0.0,0.625,0.875,0.0,0.0,0.0,4
0.0,0.0,0.0,0.75,0.625,0.0,0.0,0.0,0.0,0.0,0.25,0.938,0.438,0.0,0.0,0.0,0.0,0.0,0.938,0.25,0.0,0.0,0.0,0.0,0.0,0.062,1.0,0.438,0.062,0.0,0.0,0.0,0.0,0.25,1.0,0.875,1.0,0.812,0.062,0.0,0.0,0.062,1.0,0.0,0.062,0.625,0.688,0.0,0.0,0.0,0.875,0.562,0.062,0.5,0.75,0.0,0.0,0.0,0.125,0.625,1.0,1.0,0.312,0.0,6
0.0,0.125,0.938,1.0,0.312,0.0,0.0,0.0,0.0,0.0,0.25,0.688,0.562,0.0,0.0,0.0,0.0,0.0,0.0,0.812,0.438,0.125,0.062,0.0,0.0,0.062,0.5,1.0,0.875,1.0,0.625,0.0,0.0,0.625,1.0,0.938,0.438,0.062,0.0,0.0,0.0,0.0,0.875,0.5,0.0,0.0,0.0,0.0,0.0,0.062,1.0,0.188,0.0,0.0,0.0,0.0,0.0,0.125,0.938,0.062,0.0,0.0,0.0,0.0,7
0.0,0.438,0.75,0.875,1.0,0.5,0.0,0.0,0.0,0.5,1.0,0.875,0.938,0.688,0.0,0.0,0.0,0.125,0.688,0.125,1.0,0.375,0.0,0.0,0.0,0.0,0.0,0.562,1.0,0.5,0.312,0.0,0.0,0.5,0.812,1.0,1.0,0.75,0.312,0.0,0.0,0.438,1.0,0.75,0.188,0.0,0.0,0.0,0.0,0.25,1.0,0.25,0.0,0.0,0.0,0.0,0.0,0.562,0.75,0.0,0.0,0.0,0.0,0.0,7
0.0,0.0,0.188,0.75,1.0,0.625,0.0,0.0,0.0,0.125,0.875,0.75,0.75,0.75,0.0,0.0,0.0,0.312,0.625,0.0,0.625,0.688,0.0,0.0,0.0,0.0,0.0,0.062,0.875,0.562,0.125,0.0,0.0,0.0,0.5,1.0,1.0,1.0,0.625,0.0,0.0,0.0,0.375,1.0,0.812,0.438,0.0,0.0,0.0,0.0,0.0,1.0,0.312,0.0,0.0,0.0,0.0,0.0,0.312,0.812,0.0,0.0,0.0,0.0,7
0.0,0.0,0.312,0.625,0.5,0.5,0.0,0.0,0.0,0.0,0.0,1.0,1.0,0.938,0.125,0.0,0.0,0.0,0.438,1.0,1.0,0.812,0.0,0.0,0.0,0.0,0.625,1.0,1.0,0.25,0.0,0.0,0.0,0.0,0.562,1.0,1.0,0.0,0.0,0.0,0.0,0.0,0.625,1.0,1.0,0.0,0.0,0.0,0.0,0.0,0.5,1.0,0.938,0.0,0.0,0.0,0.0,0.0,0.125,0.688,0.562,0.0,0.0,0.0,1
0.0,0.0,0.125,0.875,0.938,0.312,0.0,0.0,0.0,0.0,0.625,1.0,1.0,0.938,0.062,0.0,0.0,0.188,1.0,0.625,0.625,1.0,0.25,0.0,0.0,0.312,1.0,0.0,0.0,0.875,0.375,0.0,0.0,0.312,1.0,0.375,0.0,0.75,0.438,0.0,0.0,0.062,0.938,0.812,0.25,0.812,0.375,0.0,0.0,0.0,0.688,1.0,1.0,0.938,0.0,0.0,0.0,0.0,0.125,0.688,0.812,0.25,0.0,0.0,0
0.0,0.0,0.0,0.125,1.0,0.188,0.0,0.0,0.0,0.0,0.0,0.75,0.812,0.0,0.0,0.0,0.0,0.0,0.5,0.938,0.125,0.062,0.0,0.0,0.0,0.062,0.938,0.5,0.062,0.812,0.688,0.0,0.0,0.562,1.0,0.438,0.75,1.0,0.25,0.0,0.0,0.312,0.812,1.0,1.0,0.688,0.0,0.0,0.0,0.0,0.0,0.125,1.0,0.312,0.0,0.0,0.0,0.0,0.0,0.25,1.0,0.125,0.0,0.0,4
0.0,0.0,0.75,0.562,0.75,0.062,0.0,0.0,0.0,0.0,0.875,1.0,1.0,0.5,0.0,0.0,0.0,0.188,1.0,0.562,0.188,0.938,0.125,0.0,0.0,0.25,1.0,0.062,0.0,1.0,0.312,0.0,0.0,0.312,0.75,0.0,0.0,1.0,0.312,0.0,0.0,0.188,0.875,0.062,0.25,1.0,0.25,0.0,0.0,0.0,0.938,0.75,0.875,0.875,0.0,0.0,0.0,0.0,0.438,0.75,0.75,0.125,0.0,0.0,0
0.0,0.062,0.562,0.938,0.812,0.25,0.0,0.0,0.0,0.5,0.75,0.25,0.5,0.5,0.0,0.0,0.0,0.562,0.688,0.0,0.312,1.0,0.188,0.0,0.0,0.25,0.812,0.5,1.0,1.0,0.375,0.0,0.0,0.0,0.25,0.5,0.125,0.688,0.562,0.0,0.0,0.0,0.0,0.0,0.0,0.625,0.5,0.0,0.0,0.0,0.438,0.0,0.188,0.875,0.375,0.0,0.0,0.0,0.438,1.0,0.875,0.5,0.0,0.0,9
0.0,0.25,0.438,0.812,1.0,1.0,0.25,0.0,0.0,0.688,1.0,0.875,0.562,0.125,0.0,0.0,0.0,0.875,0.312,0.0,0.0,0.0,0.0,0.0,0.0,0.75,0.5,0.0,0.0,0.0,0.0,0.0,0.0,0.562,0.75,0.0,0.0,0.0,0.0,0.0,0.0,0.125,0.812,1.0,0.562,0.0,0.0,0.0,0.0,0.062,0.188,0.875,1.0,0.188,0.0,0.0,0.0,0.25,0.875,1.0,0.812,0.0,0.0,0.0,5
0.0,0.0,0.0,0.375,0.812,0.188,0.0,0.0,0.0,0.0,0.062,0.875,0.688,0.0,0.0,0.0,0.0,0.0,0.438,0.938,0.125,0.0,0.0,0.0,0.0,0.0,0.625,0.75,0.0,0.0,0.0,0.0,0.0,0.0,0.812,0.938,1.0,0.812,0.312,0.0,0.0,0.0,0.625,1.0,0.312,0.688,0.875,0.0,0.0,0.0,0.438,0.938,0.312,0.625,0.875,0.0,0.0,0.0,0.0,0.188,0.875,1.0,0.562,0.0,6
0.0,0.0,0.5,1.0,0.688,0.0,0.0,0.0,0.0,0.125,0.938,0.5,1.0,0.438,0.0,0.0,0.0,0.188,0.812,0.062,0.875,0.812,0.0,0.0,0.0,0.0,0.625,1.0,1.0,1.0,0.188,0.0,0.0,0.0,0.0,0.125,0.312,0.938,0.25,0.0,0.0,0.0,0.0,0.0,0.0,0.75,0.375,0.0,0.0,0.0,0.312,0.375,0.312,0.938,0.25,0.0,0.0,0.0,0.375,0.938,1.0,0.75,0.062,0.0,9
0.0,0.0,0.0,0.438,1.0,0.125,0.0,0.0,0.0,0.0,0.0,0.938,0.688,0.0,0.0,0.0,0.0,0.0,0.688,0.875,0.375,0.312,0.0,0.0,0.0,0.25,1.0,0.438,0.875,0.812,0.125,0.0,0.0,0.625,1.0,0.812,1.0,1.0,0.625,0.0,0.0,0.5,0.938,0.875,1.0,0.625,0.062,0.0,0.0,0.0,0.0,0.562,1.0,0.062,0.0,0.0,0.0,0.0,0.0,0.562,0.938,0.062,0.0,0.0,4
0.0,0.0,0.0,0.312,0.812,1.0,0.5,0.0,0.0,0.0,0.5,0.938,0.375,0.438,0.875,0.0,0.0,0.125,1.0,0.062,0.062,0.688,0.625,0.0,0.0,0.25,1.0,0.938,1.0,1.0,0.375,0.0,0.0,0.0,0.25,0.25,0.312,0.938,0.062,0.0,0.0,0.0,0.0,0.0,0.562,0.5,0.0,0.0,0.0,0.0,0.0,0.125,0.938,0.062,0.0,0.0,0.0,0.0,0.0,0.375,0.625,0.0,0.0,0.0,9
0.0,0.062,0.688,0.938,1.0,0.562,0.0,0.0,0.0,0.188,1.0,0.625,0.625,1.0,0.062,0.0,0.0,0.0,0.125,0.062,0.875,0.688,0.0,0.0,0.0,0.0,0.0,0.875,1.0,0.438,0.0,0.0,0.0,0.0,0.0,0.812,1.0,1.0,0.312,0.0,0.0,0.0,0.0,0.0,0.125,1.0,0.5,0.0,0.0,0.0,0.375,0.5,0.812,0.938,0.312,0.0,0.0,0.0,0.938,1.0,0.75,0.312,0.0,0.0,3
0.0,0.0,0.062,0.688,0.938,0.5,0.0,0.0,0.0,0.0,0.0,0.938,1.0,0.5,0.0,0.0,0.0,0.0,0.0,0.812,1.0,0.625,0.0,0.0,0.0,0.0,0.0,1.0,1.0,0.375,0.0,0.0,0.0,0.0,0.125,1.0,1.0,0.375,0.0,0.0,0.0,0.0,0.312,1.0,1.0,0.312,0.0,0.0,0.0,0.0,0.312,1.0,0.938,0.062,0.0,0.0,0.0,0.0,0.125,0.938,0.938,0.188,0.0,0.0,1
0.0,0.0,0.438,0.938,0.875,0.5,0.0,0.0,0.0,0.062,0.938,0.438,0.312,0.875,0.312,0.0,0.0,0.0,0.938,0.5,0.0,0.625,0.438,0.0,0.0,0.188,1.0,0.375,0.0,0.75,0.5,0.0,0.0,0.312,1.0,0.125,0.0,0.75,0.5,0.0,0.0,0.25,1.0,0.188,0.062,1.0,0.25,0.0,0.0,0.312,1.0,0.625,0.875,0.75,0.0,0.0,0.0,0.0,0.5,0.938,0.938,0.125,0.0,0.0,0
0.0,0.062,0.812,1.0,1.0,0.688,0.0,0.0,0.0,0.625,1.0,0.438,0.0,0.0,0.0,0.0,0.0,0.312,0.938,0.25,0.0,0.0,0.0,0.0,0.0,0.125,1.0,0.875,0.312,0.0,0.0,0.0,0.0,0.188,0.938,1.0,1.0,0.188,0.0,0.0,0.0,0.0,0.062,0.0,0.688,0.688,0.0,0.0,0.0,0.0,0.062,0.312,0.938,0.562,0.0,0.0,0.0,0.0,0.812,1.0,0.812,0.062,0.0,0.0,5
0.0,0.0,0.562,0.688,0.125,0.0,0.0,0.0,0.0,0.5,1.0,0.875,0.75,0.0,0.0,0.0,0.0,0.562,0.625,0.312,0.938,0.0,0.0,0.0,0.0,0.312,0.625,0.25,1.0,0.062,0.0,0.0,0.0,0.0,0.0,0.312,0.938,0.0,0.0,0.0,0.0,0.0,0.125,0.812,0.562,0.125,0.062,0.0,0.0,0.0,0.625,1.0,0.938,0.875,0.938,0.0,0.0,0.0,0.438,0.562,0.562,0.75,0.25,0.0,2
0.0,0.062,0.812,1.0,1.0,0.688,0.062,0.0,0.0,0.5,1.0,1.0,0.812,0.688,0.062,0.0,0.0,0.688,0.812,0.062,0.0,0.0,0.0,0.0,0.0,0.625,0.812,0.125,0.0,0.0,0.0,0.0,0.0,0.125,0.875,0.938,0.375,0.0,0.0,0.0,0.0,0.0,0.0,0.5,1.0,0.375,0.0,0.0,0.0,0.0,0.375,0.562,0.938,0.562,0.0,0.0,0.0,0.0,0.812,1.0,0.938,0.188,0.0,0.0,5
0.0,0.0,0.688,1.0,1.0,0.438,0.0,0.0,0.0,0.125,1.0,0.625,0.688,0.938,0.0,0.0,0.0,0.0,0.938,0.25,0.25,1.0,0.188,0.0,0.0,0.0,0.188,0.188,0.312,1.0,0.062,0.0,0.0,0.0,0.0,0.0,0.562,0.812,0.0,0.0,0.0,0.0,0.0,0.062,1.0,0.438,0.0,0.0,0.0,0.0,0.125,0.75,0.938,0.375,0.25,0.062,0.0,0.0,0.625,1.0,1.0,1.0,1.0,0.625,2
0.0,0.0,0.375,0.75,0.812,0.375,0.0,0.0,0.0,0.375,1.0,0.562,0.75,1.0,0.125,0.0,0.0,0.438,1.0,0.562,0.938,0.812,0.0,0.0,0.0,0.0,0.688,0.938,1.0,0.25,0.0,0.0,0.0,0.0,0.0,0.75,0.625,0.0,0.0,0.0,0.0,0.0,0.188,1.0,0.25,0.0,0.0,0.0,0.0,0.0,0.062,1.0,0.125,0.0,0.0,0.0,0.0,0.0,0.375,0.688,0.0,0.0,0.0,0.0,9
0.0,0.0,0.0,0.062,0.938,0.125,0.0,0.0,0.0,0.0,0.0,0.375,0.875,0.0,0.0,0.0,0.0,0.0,0.0,0.688,0.562,0.0,0.375,0.0,0.0,0.0,0.375,0.938,0.062,0.688,0.938,0.0,0.0,0.312,1.0,0.875,0.625,1.0,0.5,0.0,0.062,0.938,1.0,1.0,1.0,1.0,0.188,0.0,0.0,0.188,0.438,0.312,0.812,0.688,0.0,0.0,0.0,0.0,0.0,0.0,0.938,0.188,0.0,0.0,4
0.0,0.0,0.0,0.312,0.688,0.0,0.0,0.0,0.0,0.0,0.062,0.875,0.562,0.0,0.0,0.0,0.0,0.0,0.25,0.875,0.062,0.0,0.0,0.0,0.0,0.0,0.625,0.5,0.0,0.0,0.0,0.0,0.0,0.0,0.812,0.5,0.25,0.375,0.125,0.0,0.0,0.0,0.688,1.0,0.812,0.75,0.812,0.0,0.0,0.0,0.75,0.875,0.25,0.312,1.0,0.125,0.0,0.0,0.062,0.5,1.0,0.812,0.562,0.062,6
0.0,0.0,0.125,1.0,0.625,0.062,0.0,0.0,0.0,0.0,0.438,1.0,1.0,0.75,0.0,0.0,0.0,0.0,0.188,1.0,1.0,0.938,0.0,0.0,0.0,0.0,0.125,1.0,0.875,0.0,0.0,0.0,0.0,0.0,0.5,0.938,1.0,0.375,0.0,0.0,0.0,0.0,0.812,0.5,0.562,0.812,0.0,0.0,0.0,0.0,0.75,0.625,0.438,1.0,0.0,0.0,0.0,0.0,0.188,0.812,0.938,0.625,0.0,0.0,8
0.0,0.0,0.438,1.0,0.688,0.062,0.0,0.0,0.0,0.062,0.938,0.75,0.75,0.75,0.0,0.0,0.0,0.125,1.0,0.125,0.375,1.0,0.125,0.0,0.0,0.062,1.0,0.375,0.375,1.0,0.375,0.0,0.0,0.0,0.438,1.0,0.938,1.0,0.562,0.0,0.0,0.0,0.0,0.0,0.0,0.75,0.688,0.0,0.0,0.0,0.188,0.188,0.375,1.0,0.312,0.0,0.0,0.0,0.5,1.0,0.875,0.375,0.0,0.0,9
0.0,0.0,0.0,0.5,0.875,0.0,0.0,0.0,0.0,0.0,0.312,1.0,0.438,0.062,0.562,0.188,0.0,0.125,0.938,0.75,0.0,0.812,1.0,0.25,0.0,0.562,1.0,0.625,0.625,1.0,0.688,0.0,0.0,0.25,0.938,1.0,1.0,0.875,0.062,0.0,0.0,0.0,0.0,0.062,0.938,0.562,0.0,0.0,0.0,0.0,0.0,0.312,1.0,0.188,0.0,0.0,0.0,0.0,0.0,0.688,0.875,0.0,0.0,0.0,4
0.0,0.0,0.562,1.0,0.75,0.125,0.0,0.0,0.0,0.0,1.0,0.188,0.312,0.625,0.0,0.0,0.0,0.0,0.812,0.25,0.875,1.0,0.25,0.0,0.0,0.0,0.25,1.0,1.0,1.0,0.438,0.0,0.0,0.0,0.0,0.188,0.25,0.625,0.25,0.0,0.0,0.0,0.0,0.0,0.0,0.5,0.375,0.0,0.0,0.0,0.75,0.062,0.062,0.812,0.188,0.0,0.0,0.0,0.5,0.938,1.0,0.562,0.0,0.0,9
0.0,0.0,0.125,0.875,0.562,0.062,0.0,0.0,0.0,0.062,0.75,0.75,0.688,0.5,0.0,0.0,0.0,0.25,0.875,0.062,0.0,0.812,0.188,0.0,0.0,0.5,0.812,0.0,0.0,0.625,0.375,0.0,0.0,0.312,1.0,0.062,0.0,0.5,0.562,0.0,0.0,0.0,1.0,0.0,0.0,0.688,0.562,0.0,0.0,0.0,0.812,0.688,0.625,0.938,0.25,0.0,0.0,0.0,0.188,0.938,1.0,0.312,0.0,0.0,0
0.0,0.0,0.75,0.625,0.0,0.0,0.0,0.0,0.0,0.0,0.875,1.0,1.0,0.875,0.0,0.0,0.0,0.0,0.812,1.0,0.938,0.625,0.062,0.0,0.0,0.0,0.688,1.0,1.0,0.438,0.0,0.0,0.0,0.0,0.0,0.25,0.438,1.0,0.438,0.0,0.0,0.0,0.0,0.0,0.25,1.0,0.562,0.0,0.0,0.0,0.312,0.25,0.75,1.0,0.25,0.0,0.0,0.0,0.562,1.0,1.0,0.625,0.0,0.0,5
0.0,0.0,0.25,0.625,0.812,0.375,0.0,0.0,0.0,0.062,1.0,0.875,0.75,1.0,0.188,0.0,0.0,0.25,1.0,0.375,0.188,1.0,0.25,0.0,0.0,0.0,0.75,1.0,1.0,1.0,0.312,0.0,0.0,0.0,0.0,0.25,0.25,1.0,0.5,0.0,0.0,0.0,0.0,0.0,0.0,0.938,0.312,0.0,0.0,0.0,0.312,0.438,0.438,1.0,0.25,0.0,0.0,0.0,0.125,0.875,0.938,0.562,0.0,0.0,9
0.0,0.0,0.25,1.0,0.75,0.062,0.0,0.0,0.0,0.125,1.0,1.0,0.688,0.5,0.0,0.0,0.0,0.188,1.0,0.812,0.062,0.875,0.125,0.0,0.0,0.25,1.0,0.0,0.0,0.812,0.25,0.0,0.0,0.25,0.938,0.0,0.0,0.812,0.5,0.0,0.0,0.062,1.0,0.062,0.0,0.875,0.312,0.0,0.0,0.0,0.625,0.5,0.438,0.938,0.062,0.0,0.0,0.0,0.125,0.812,1.0,0.5,0.0,0.0,0
0.0,0.375,1.0,1.0,0.938,0.438,0.0,0.0,0.0,0.125,0.688,0.75,1.0,1.0,0.312,0.0,0.0,0.0,0.0,0.0,0.875,0.938,0.125,0.0,0.0,0.0,0.0,0.062,1.0,0.688,0.0,0.0,0.0,0.0,0.0,0.0,0.875,0.875,0.0,0.0,0.0,0.0,0.0,0.0,0.312,1.0,0.562,0.0,0.0,0.0,0.188,0.438,0.75,1.0,0.438,0.0,0.0,0.188,1.0,1.0,0.938,0.688,0.062,0.0,3
0.0,0.062,0.5,1.0,0.938,0.0,0.0,0.0,0.0,0.25,0.812,0.312,1.0,0.0,0.0,0.0,0.0,0.0,0.0,0.0,1.0,0.0,0.0,0.0,0.0,0.0,0.062,0.438,0.875,0.375,0.125,0.0,0.0,0.0,0.75,1.0,0.875,0.812,0.5,0.0,0.0,0.0,0.5,1.0,0.25,0.0,0.0,0.0,0.0,0.0,0.312,0.938,0.0,0.0,0.0,0.0,0.0,0.0,0.875,0.5,0.0,0.0,0.0,0.0,7
0.0,0.0,0.25,0.875,0.688,0.0,0.0,0.0,0.0,0.0,0.125,1.0,1.0,0.188,0.0,0.0,0.0,0.0,0.0,0.875,1.0,0.312,0.0,0.0,0.0,0.0,0.0,1.0,1.0,0.188,0.0,0.0,0.0,0.0,0.062,0.938,1.0,0.125,0.0,0.0,0.0,0.0,0.125,0.938,0.812,0.0,0.0,0.0,0.0,0.0,0.25,1.0,0.688,0.0,0.0,0.0,0.0,0.0,0.312,1.0,0.875,0.062,0.0,0.0,1
0.0,0.0,0.125,0.625,1.0,0.812,0.0,0.0,0.0,0.188,1.0,0.5,0.125,1.0,0.062,0.0,0.0,0.5,0.812,0.0,0.125,1.0,0.375,0.0,0.0,0.375,1.0,0.75,1.0,1.0,0.438,0.0,0.0,0.0,0.125,0.25,0.5,0.75,0.062,0.0,0.0,0.0,0.0,0.062,0.938,0.188,0.0,0.0,0.0,0.0,0.0,0.562,0.625,0.0,0.0,0.0,0.0,0.0,0.062,1.0,0.188,0.0,0.0,0.0,9
0.0,0.062,0.625,0.75,0.75,0.688,0.0,0.0,0.0,0.438,0.875,0.5,0.5,0.375,0.0,0.0,0.0,0.438,0.688,0.438,0.188,0.0,0.0,0.0,0.0,0.5,1.0,0.812,0.812,0.5,0.0,0.0,0.0,0.062,0.188,0.0,0.062,0.875,0.312,0.0,0.0,0.0,0.0,0.0,0.0,0.25,0.75,0.0,0.0,0.0,0.688,0.188,0.0,0.625,0.75,0.0,0.0,0.0,0.625,1.0,1.0,0.875,0.25,0.0,5
0.0,0.0,0.125,0.938,0.938,0.188,0.0,0.0,0.0,0.0,0.812,0.938,0.5,0.188,0.0,0.0,0.0,0.312,1.0,0.375,0.0,0.0,0.0,0.0,0.0,0.5,0.938,0.312,0.25,0.125,0.0,0.0,0.0,0.5,1.0,1.0,1.0,0.875,0.125,0.0,0.0,0.25,1.0,0.438,0.062,0.812,0.5,0.0,0.0,0.0,0.688,0.75,0.062,0.688,0.812,0.0,0.0,0.0,0.062,0.75,1.0,1.0,0.625,0.0,6
0.0,0.0,0.25,0.938,0.062,0.0,0.0,0.0,0.0,0.0,0.562,0.625,0.0,0.0,0.0,0.0,0.0,0.062,0.938,0.125,0.0,0.0,0.0,0.0,0.0,0.25,0.75,0.0,0.0,0.0,0.0,0.0,0.0,0.5,0.875,0.562,0.5,0.375,0.062,0.0,0.0,0.438,0.875,0.438,0.312,0.75,0.5,0.0,0.0,0.125,1.0,0.25,0.062,0.75,0.375,0.0,0.0,0.0,0.312,0.875,1.0,0.688,0.0,0.0,6
0.0,0.0,0.0,0.438,0.75,0.0,0.0,0.0,0.0,0.0,0.25,1.0,0.5,0.0,0.0,0.0,0.0,0.0,0.75,0.688,0.0,0.0,0.0,0.0,0.0,0.0,0.938,0.625,0.5,0.375,0.062,0.0,0.0,0.0,0.938,1.0,0.5,0.625,0.5,0.0,0.0,0.0,0.875,0.438,0.0,0.0,0.75,0.0,0.0,0.0,0.5,0.688,0.0,0.312,1.0,0.125,0.0,0.0,0.0,0.562,0.875,0.875,0.312,0.0,6
0.0,0.0,0.625,0.938,0.125,0.0,0.0,0.0,0.0,0.438,1.0,1.0,0.375,0.0,0.0,0.0,0.0,0.75,0.812,0.75,0.562,0.0,0.0,0.0,0.0,0.5,0.562,0.812,0.438,0.0,0.0,0.0,0.0,0.0,0.0,1.0,0.312,0.0,0.0,0.0,0.0,0.0,0.375,0.938,0.062,0.0,0.0,0.0,0.0,0.0,1.0,0.875,0.25,0.312,0.5,0.188,0.0,0.0,0.5,1.0,1.0,1.0,1.0,0.562,2
0.0,0.062,0.812,1.0,1.0,0.75,0.0,0.0,0.0,0.188,0.75,0.375,0.688,0.875,0.0,0.0,0.0,0.0,0.0,0.0,0.562,0.75,0.0,0.0,0.0,0.062,0.562,0.938,1.0,1.0,0.562,0.0,0.0,0.125,0.75,0.938,0.875,0.312,0.312,0.0,0.0,0.0,0.312,0.938,0.062,0.0,0.0,0.0,0.0,0.0,0.688,0.562,0.0,0.0,0.0,0.0,0.0,0.0,0.938,0.188,0.0,0.0,0.0,0.0,7
0.0,0.0,0.188,0.875,0.438,0.0,0.0,0.0,0.0,0.0,0.875,1.0,0.875,0.562,0.0,0.0,0.0,0.25,1.0,1.0,0.688,0.938,0.188,0.0,0.0,0.312,0.938,0.375,0.0,0.25,0.5,0.0,0.0,0.5,0.5,0.0,0.0,0.25,0.5,0.0,0.0,0.312,0.688,0.0,0.0,0.375,0.375,0.0,0.0,0.0,0.812,0.625,0.312,0.938,0.312,0.0,0.0,0.0,0.125,0.75,0.875,0.5,0.0,0.0,0
0.0,0.0,0.312,0.875,0.688,0.0,0.0,0.0,0.0,0.0,0.938,1.0,0.938,0.0,0.0,0.0,0.0,0.0,0.625,0.5,1.0,0.062,0.0,0.0,0.0,0.0,0.0,0.375,0.875,0.0,0.0,0.0,0.0,0.0,0.0,0.75,0.562,0.0,0.0,0.0,0.0,0.0,0.062,1.0,0.188,0.0,0.0,0.0,0.0,0.0,0.5,1.0,0.75,0.688,0.0,0.0,0.0,0.0,0.438,1.0,0.75,0.438,0.0,0.0,2
0.0,0.0,0.188,0.812,0.438,0.0,0.0,0.0,0.0,0.188,0.938,0.5,0.875,0.0,0.0,0.0,0.0,0.625,0.5,0.062,0.875,0.0,0.0,0.0,0.0,0.5,0.688,0.312,0.812,0.0,0.0,0.0,0.0,0.0,0.0,0.312,0.75,0.0,0.0,0.0,0.0,0.0,0.0,0.5,0.5,0.0,0.0,0.0,0.0,0.0,0.062,0.75,0.625,0.438,0.312,0.125,0.0,0.0,0.125,0.875,0.875,0.75,0.875,0.438,2
0.0,0.0,0.375,0.875,0.5,0.0,0.0,0.0,0.0,0.375,1.0,0.625,0.875,0.25,0.0,0.0,0.0,0.688,0.312,0.0,0.688,0.25,0.0,0.0,0.0,0.25,0.375,0.125,1.0,0.125,0.0,0.0,0.0,0.0,0.0,0.812,0.438,0.0,0.0,0.0,0.0,0.0,0.438,0.875,0.0,0.0,0.0,0.0,0.0,0.0,0.75,0.625,0.5,0.5,0.25,0.0,0.0,0.0,0.438,0.875,0.875,0.875,0.812,0.0,2
0.0,0.0,0.688,0.938,0.25,0.0,0.0,0.0,0.0,0.312,1.0,0.938,0.938,0.0,0.0,0.0,0.0,0.0,0.875,0.688,1.0,0.125,0.0,0.0,0.0,0.0,0.0,0.25,1.0,0.312,0.0,0.0,0.0,0.0,0.0,0.25,1.0,0.375,0.0,0.0,0.0,0.0,0.0,0.438,1.0,0.625,0.188,0.0,0.0,0.0,0.688,1.0,1.0,1.0,1.0,0.375,0.0,0.0,0.688,1.0,0.625,0.312,0.812,0.375,2
0.0,0.0,0.438,0.938,0.375,0.0,0.0,0.0,0.0,0.25,1.0,0.562,0.875,0.188,0.0,0.0,0.0,0.125,0.875,0.0,0.812,0.375,0.0,0.0,0.0,0.0,0.125,0.0,0.688,0.625,0.0,0.0,0.0,0.0,0.0,0.0,0.812,0.375,0.0,0.0,0.0,0.0,0.0,0.312,0.938,0.438,0.0,0.0,0.0,0.0,0.562,1.0,1.0,1.0,0.938,0.0,0.0,0.0,0.375,0.938,0.438,0.25,0.375,0.062,2
0.0,0.0,0.25,0.75,0.062,0.0,0.0,0.0,0.0,0.0,0.875,0.812,0.0,0.0,0.0,0.0,0.0,0.125,1.0,0.188,0.0,0.0,0.0,0.0,0.0,0.438,0.812,0.0,0.0,0.0,0.0,0.0,0.0,0.438,0.75,0.438,0.75,0.375,0.125,0.0,0.0,0.25,0.938,0.938,0.75,0.812,0.688,0.0,0.0,0.062,0.812,1.0,0.312,0.688,0.75,0.0,0.0,0.0,0.312,0.812,1.0,0.688,0.062,0.0,6
0.0,0.0,0.062,0.625,0.562,0.0,0.0,0.0,0.0,0.0,0.562,0.938,0.25,0.0,0.0,0.0,0.0,0.062,1.0,0.312,0.0,0.0,0.0,0.0,0.0,0.25,1.0,0.062,0.25,0.875,0.25,0.0,0.0,0.25,1.0,0.75,0.875,1.0,0.312,0.0,0.0,0.0,0.062,0.438,1.0,0.562,0.0,0.0,0.0,0.0,0.0,0.125,1.0,0.25,0.0,0.0,0.0,0.0,0.0,0.625,0.812,0.0,0.0,0.0,4
0.0,0.0,0.062,0.625,0.688,0.125,0.0,0.0,0.0,0.0,0.75,0.75,0.5,0.938,0.25,0.0,0.0,0.375,0.688,0.0,0.062,0.75,0.438,0.0,0.0,0.25,1.0,0.438,0.938,0.75,0.0,0.0,0.0,0.0,0.312,0.938,0.938,0.188,0.0,0.0,0.0,0.0,0.0,0.875,0.438,0.875,0.0,0.0,0.0,0.0,0.25,0.75,0.438,0.625,0.0,0.0,0.0,0.0,0.062,1.0,1.0,0.188,0.0,0.0,8
0.0,0.0,0.312,0.812,0.938,0.375,0.0,0.0,0.0,0.125,1.0,0.562,1.0,0.812,0.0,0.0,0.0,0.25,0.875,0.0,0.625,1.0,0.125,0.0,0.0,0.25,0.938,0.688,0.938,1.0,0.062,0.0,0.0,0.0,0.438,0.625,0.188,0.812,0.5,0.0,0.0,0.0,0.188,0.0,0.0,0.75,0.312,0.0,0.0,0.0,0.812,0.688,0.25,1.0,0.25,0.0,0.0,0.0,0.438,0.875,1.0,0.688,0.062,0.0,9
0.0,0.0,0.125,0.938,0.812,0.188,0.0,0.0,0.0,0.0,0.625,0.938,0.688,0.938,0.0,0.0,0.0,0.188,1.0,0.375,0.0,0.625,0.0,0.0,0.0,0.25,1.0,0.5,0.0,0.188,0.5,0.0,0.0,0.5,0.875,0.188,0.0,0.25,0.5,0.0,0.0,0.188,0.938,0.062,0.0,0.188,0.438,0.0,0.0,0.0,0.875,0.688,0.375,0.875,0.312,0.0,0.0,0.0,0.25,0.75,0.938,0.375,0.0,0.0,0
0.0,0.0,0.0,0.0,0.312,0.938,0.062,0.0,0.0,0.0,0.0,0.0,0.688,1.0,0.062,0.0,0.0,0.0,0.0,0.5,0.938,1.0,0.188,0.0,0.0,0.125,0.812,0.938,0.312,1.0,0.0,0.0,0.0,0.5,0.875,0.125,0.188,1.0,0.0,0.0,0.0,0.0,0.0,0.0,0.25,0.938,0.0,0.0,0.0,0.0,0.0,0.0,0.312,0.938,0.0,0.0,0.0,0.0,0.0,0.0,0.312,1.0,0.062,0.0,1
0.0,0.0,0.0,1.0,0.688,0.0,0.0,0.0,0.0,0.0,0.125,1.0,1.0,0.125,0.0,0.0,0.0,0.0,0.188,1.0,1.0,0.375,0.0,0.0,0.0,0.0,0.188,1.0,0.938,0.125,0.0,0.0,0.0,0.0,0.125,1.0,1.0,0.125,0.0,0.0,0.0,0.0,0.25,1.0,0.938,0.0,0.0,0.0,0.0,0.0,0.062,1.0,0.938,0.062,0.0,0.0,0.0,0.0,0.0,0.75,1.0,0.125,0.0,0.0,1
0.0,0.0,0.062,0.75,0.562,0.0,0.0,0.0,0.0,0.0,0.688,0.625,0.125,0.0,0.0,0.0,0.0,0.25,0.875,0.0,0.0,0.0,0.0,0.0,0.0,0.312,0.562,0.0,0.0,0.0,0.0,0.0,0.0,0.5,0.625,0.688,1.0,0.875,0.062,0.0,0.0,0.125,1.0,0.625,0.188,0.438,0.688,0.0,0.0,0.0,0.812,0.5,0.062,0.5,0.75,0.0,0.0,0.0,0.125,0.75,1.0,0.938,0.312,0.0,6
0.0,0.188,0.875,0.938,0.375,0.0,0.0,0.0,0.0,0.438,0.938,0.875,0.938,0.0,0.0,0.0,0.0,0.125,0.438,0.125,0.875,0.188,0.0,0.0,0.0,0.0,0.0,0.062,0.875,0.25,0.0,0.0,0.0,0.0,0.0,0.438,0.938,0.125,0.0,0.0,0.0,0.0,0.312,0.938,0.875,0.25,0.062,0.0,0.0,0.25,0.938,1.0,1.0,1.0,0.375,0.0,0.0,0.25,0.938,0.812,0.75,0.688,0.062,0.0,2
0.0,0.0,0.0,0.375,0.812,0.5,0.0,0.0,0.0,0.0,0.438,1.0,0.5,0.25,0.0,0.0,0.0,0.188,0.938,0.125,0.0,0.0,0.0,0.0,0.0,0.375,0.75,0.25,0.0,0.0,0.0,0.0,0.0,0.25,1.0,0.812,0.812,0.188,0.0,0.0,0.0,0.125,0.938,0.125,0.312,0.875,0.0,0.0,0.0,0.0,0.562,0.625,0.125,0.938,0.0,0.0,0.0,0.0,0.0,0.5,0.938,0.75,0.0,0.0,6
0.0,0.0,0.25,0.938,0.688,0.062,0.0,0.0,0.0,0.125,0.875,0.875,1.0,0.5,0.0,0.0,0.0,0.5,0.938,0.125,0.188,0.812,0.0,0.0,0.0,0.25,1.0,0.0,0.0,0.75,0.438,0.0,0.0,0.438,1.0,0.0,0.0,0.75,0.5,0.0,0.0,0.188,1.0,0.375,0.062,0.875,0.562,0.0,0.0,0.0,0.938,1.0,1.0,1.0,0.125,0.0,0.0,0.0,0.25,0.812,0.875,0.375,0.0,0.0,0
0.0,0.0,0.0,0.062,0.5,0.812,0.875,0.125,0.0,0.0,0.125,0.812,0.562,0.25,0.875,0.25,0.0,0.0,0.812,0.562,0.0,0.562,0.875,0.062,0.0,0.25,1.0,0.875,0.875,1.0,0.375,0.0,0.0,0.062,0.688,0.625,0.438,0.875,0.0,0.0,0.0,0.0,0.0,0.0,0.5,0.5,0.0,0.0,0.0,0.0,0.0,0.0,0.688,0.312,0.0,0.0,0.0,0.0,0.0,0.0,0.688,0.188,0.0,0.0,9
0.0,0.0,0.25,0.75,1.0,0.875,0.438,0.0,0.0,0.125,1.0,0.375,0.0,0.438,0.75,0.0,0.0,0.0,0.438,0.0,0.188,0.812,0.188,0.0,0.0,0.0,0.0,0.062,1.0,0.375,0.0,0.0,0.0,0.0,0.0,0.0,0.562,0.75,0.0,0.0,0.0,0.0,0.125,0.0,0.0,0.812,0.312,0.0,0.0,0.188,1.0,0.438,0.062,0.75,0.25,0.0,0.0,0.0,0.188,0.75,1.0,0.938,0.125,0.0,3
0.0,0.0,0.25,0.812,0.812,0.25,0.0,0.0,0.0,0.0,1.0,0.625,0.625,0.5,0.0,0.0,0.0,0.0,0.875,0.438,0.375,0.688,0.0,0.0,0.0,0.0,0.375,0.938,0.938,1.0,0.125,0.0,0.0,0.0,0.0,0.0,0.0,0.688,0.312,0.0,0.0,0.0,0.0,0.0,0.0,0.438,0.562,0.0,0.0,0.062,0.25,0.25,0.375,0.75,0.625,0.0,0.0,0.062,0.375,0.688,0.938,0.75,0.062,0.0,9
0.0,0.0,0.312,0.812,0.812,0.312,0.0,0.0,0.0,0.0,1.0,1.0,0.625,0.938,0.188,0.0,0.0,0.312,1.0,0.125,0.062,0.5,0.25,0.0,0.0,0.25,0.812,0.0,0.0,0.25,0.5,0.0,0.0,0.5,0.75,0.0,0.0,0.375,0.438,0.0,0.0,0.312,0.938,0.0,0.0,0.438,0.438,0.0,0.0,0.0,1.0,0.5,0.312,0.938,0.188,0.0,0.0,0.0,0.312,0.875,0.938,0.562,0.0,0.0,0
0.0,0.0,0.0,0.188,0.875,0.812,0.188,0.0,0.0,0.0,0.0,0.75,0.562,0.5,0.5,0.0,0.0,0.0,0.0,0.75,0.5,0.688,0.375,0.0,0.0,0.0,0.0,0.438,0.875,0.688,0.062,0.0,0.0,0.062,0.5,0.75,0.938,0.312,0.0,0.0,0.0,0.375,0.875,0.0,0.25,0.75,0.0,0.0,0.0,0.0,0.438,0.75,0.062,0.938,0.125,0.0,0.0,0.0,0.0,0.188,0.812,0.938,0.125,0.0,8
0.0,0.0,0.062,0.625,0.625,0.0,0.0,0.0,0.0,0.062,0.812,0.625,0.062,0.0,0.0,0.0,0.0,0.25,0.875,0.0,0.0,0.0,0.0,0.0,0.0,0.375,0.75,0.0,0.0,0.0,0.0,0.0,0.0,0.5,0.688,0.312,0.625,0.688,0.062,0.0,0.0,0.312,1.0,0.812,0.375,0.625,0.5,0.0,0.0,0.0,0.625,0.562,0.0,0.438,0.688,0.0,0.0,0.0,0.062,0.75,1.0,0.875,0.125,0.0,6
0.0,0.0,0.0,0.0,0.75,0.125,0.0,0.0,0.0,0.0,0.0,0.375,0.875,0.062,0.0,0.0,0.0,0.0,0.25,1.0,0.438,0.5,0.0,0.0,0.0,0.0,0.812,0.562,0.0,1.0,0.375,0.0,0.0,0.375,1.0,0.625,0.688,1.0,0.0,0.0,0.0,0.0,0.312,0.625,0.812,1.0,0.0,0.0,0.0,0.0,0.0,0.0,0.375,1.0,0.0,0.0,0.0,0.0,0.0,0.0,0.75,0.5,0.0,0.0,4
0.0,0.0,0.312,0.812,1.0,0.875,0.0,0.0,0.0,0.062,0.875,0.5,0.312,1.0,0.125,0.0,0.0,0.0,0.062,0.0,0.125,0.938,0.125,0.0,0.0,0.0,0.0,0.125,0.5,0.938,0.188,0.0,0.0,0.0,0.0,0.938,1.0,0.812,0.5,0.0,0.0,0.0,0.0,0.375,0.875,0.0,0.0,0.0,0.0,0.0,0.0,0.812,0.438,0.0,0.0,0.0,0.0,0.0,0.438,0.875,0.0,0.0,0.0,0.0,7
0.0,0.0,0.062,0.688,1.0,1.0,0.625,0.0,0.0,0.0,0.812,0.875,0.5,0.75,0.688,0.0,0.0,0.0,0.25,0.0,0.0,0.812,0.25,0.0,0.0,0.0,0.0,0.0,0.188,0.938,0.0,0.0,0.0,0.0,0.125,0.938,1.0,1.0,0.562,0.0,0.0,0.0,0.188,0.812,1.0,0.5,0.062,0.0,0.0,0.0,0.0,0.438,0.625,0.0,0.0,0.0,0.0,0.0,0.0,0.812,0.188,0.0,0.0,0.0,7
0.0,0.0,0.188,0.812,0.875,0.25,0.0,0.0,0.0,0.0,0.812,0.75,0.875,1.0,0.0,0.0,0.0,0.062,1.0,0.188,0.875,1.0,0.25,0.0,0.0,0.062,0.875,0.562,1.0,1.0,0.375,0.0,0.0,0.0,0.125,0.5,0.25,0.688,0.562,0.0,0.0,0.0,0.125,0.125,0.0,0.75,0.625,0.0,0.0,0.0,0.875,0.875,0.25,0.688,0.562,0.0,0.0,0.0,0.25,0.5,0.688,1.0,0.562,0.0,9
0.0,0.0,0.812,1.0,0.75,0.438,0.0,0.0,0.0,0.25,1.0,0.938,0.75,0.75,0.188,0.0,0.0,0.25,1.0,0.312,0.0,0.0,0.0,0.0,0.0,0.188,1.0,0.562,0.0,0.0,0.0,0.0,0.0,0.0,0.938,1.0,0.125,0.0,0.0,0.0,0.0,0.0,0.25,1.0,0.875,0.0,0.0,0.0,0.0,0.062,0.562,0.875,1.0,0.0,0.0,0.0,0.0,0.062,0.812,1.0,0.625,0.0,0.0,0.0,5
0.0,0.0,0.062,0.938,0.375,0.0,0.0,0.0,0.0,0.0,0.5,1.0,0.125,0.0,0.0,0.0,0.0,0.0,0.938,0.688,0.0,0.438,0.25,0.0,0.0,0.5,1.0,0.625,0.375,1.0,0.562,0.0,0.0,0.375,1.0,1.0,1.0,1.0,0.25,0.0,0.0,0.0,0.312,0.688,1.0,0.812,0.0,0.0,0.0,0.0,0.0,0.75,0.938,0.188,0.0,0.0,0.0,0.0,0.0,0.938,0.688,0.0,0.0,0.0,4
0.0,0.0,0.062,0.625,0.875,0.0,0.0,0.0,0.0,0.0,0.5,0.875,0.688,0.188,0.0,0.0,0.0,0.0,1.0,0.125,0.125,0.0,0.0,0.0,0.0,0.188,0.812,0.0,0.0,0.0,0.0,0.0,0.0,0.25,0.812,0.0,0.375,0.625,0.188,0.0,0.0,0.188,0.938,0.812,0.75,0.625,0.75,0.0,0.0,0.0,0.625,1.0,0.25,0.312,0.875,0.0,0.0,0.0,0.0,0.562,0.938,0.875,0.562,0.0,6
0.0,0.0,0.0,0.25,0.938,0.375,0.0,0.0,0.0,0.0,0.0,0.812,0.812,0.062,0.0,0.0,0.0,0.0,0.438,1.0,0.125,0.0,0.0,0.0,0.0,0.25,0.938,0.5,0.0,0.312,0.0,0.0,0.0,0.688,0.875,0.062,0.375,1.0,0.312,0.0,0.062,1.0,0.875,0.75,1.0,1.0,0.188,0.0,0.0,0.625,0.75,0.625,1.0,0.625,0.0,0.0,0.0,0.0,0.0,0.375,1.0,0.125,0.0,0.0,4
0.0,0.0,0.0,0.625,1.0,0.375,0.0,0.0,0.0,0.0,0.688,0.875,0.312,0.0,0.0,0.0,0.0,0.188,1.0,0.125,0.0,0.0,0.0,0.0,0.0,0.5,0.625,0.0,0.0,0.0,0.0,0.0,0.0,0.375,1.0,0.875,0.688,0.188,0.0,0.0,0.0,0.125,0.875,0.0,0.438,0.812,0.0,0.0,0.0,0.0,0.625,0.562,0.062,0.938,0.125,0.0,0.0,0.0,0.0,0.5,1.0,0.938,0.062,0.0,6
0.0,0.0,0.188,0.812,1.0,1.0,0.312,0.0,0.0,0.25,0.938,0.812,0.625,1.0,0.375,0.0,0.0,0.062,0.5,0.062,0.25,1.0,0.25,0.0,0.0,0.0,0.062,0.375,0.688,1.0,0.625,0.0,0.0,0.0,0.812,1.0,1.0,0.812,0.188,0.0,0.0,0.0,0.625,0.438,1.0,0.25,0.0,0.0,0.0,0.0,0.0,0.688,0.812,0.0,0.0,0.0,0.0,0.0,0.25,1.0,0.5,0.0,0.0,0.0,7
0.0,0.0,0.0,0.875,0.562,0.0,0.0,0.0,0.0,0.0,0.0,0.875,0.812,0.0,0.0,0.0,0.0,0.0,0.0,0.688,1.0,0.125,0.0,0.0,0.0,0.0,0.0,0.875,1.0,0.312,0.0,0.0,0.0,0.0,0.0,0.812,1.0,0.25,0.0,0.0,0.0,0.0,0.0,1.0,1.0,0.25,0.0,0.0,0.0,0.0,0.062,1.0,1.0,0.0,0.0,0.0,0.0,0.0,0.0,0.875,0.75,0.0,0.0,0.0,1
0.0,0.0,0.375,0.75,0.938,0.562,0.062,0.0,0.0,0.312,0.875,0.25,0.312,1.0,0.188,0.0,0.0,0.562,0.5,0.188,0.812,1.0,0.25,0.0,0.0,0.188,0.938,0.938,0.438,0.625,0.5,0.0,0.0,0.0,0.0,0.062,0.0,0.75,0.5,0.0,0.0,0.0,0.0,0.0,0.0,0.688,0.125,0.0,0.0,0.0,0.438,0.25,0.312,0.812,0.0,0.0,0.0,0.0,0.312,0.875,0.938,0.25,0.0,0.0,9
0.0,0.0,0.0,0.75,0.625,0.0,0.0,0.0,0.0,0.0,0.25,1.0,0.312,0.0,0.0,0.0,0.0,0.0,0.938,0.438,0.125,0.875,0.062,0.0,0.0,0.375,1.0,0.125,0.562,1.0,0.688,0.0,0.0,0.562,0.875,0.562,1.0,0.938,0.375,0.0,0.0,0.312,1.0,1.0,1.0,0.062,0.0,0.0,0.0,0.0,0.125,0.688,0.812,0.0,0.0,0.0,0.0,0.0,0.0,0.75,0.812,0.0,0.0,0.0,4
0.0,0.0,0.0,0.125,0.938,0.5,0.0,0.0,0.0,0.0,0.0,0.688,1.0,0.25,0.0,0.0,0.0,0.0,0.562,1.0,1.0,0.0,0.0,0.0,0.0,0.188,0.938,1.0,1.0,0.0,0.0,0.0,0.0,0.75,1.0,1.0,1.0,0.875,0.375,0.0,0.0,0.375,0.75,0.875,1.0,0.75,0.312,0.0,0.0,0.0,0.0,0.5,0.812,0.0,0.0,0.0,0.0,0.0,0.0,0.125,0.875,0.062,0.0,0.0,4
0.0,0.0,0.0,0.5,1.0,0.0,0.0,0.0,0.0,0.0,0.188,1.0,0.5,0.0,0.0,0.0,0.0,0.062,0.812,0.75,0.0,0.25,0.812,0.062,0.0,0.375,1.0,0.562,0.438,0.938,0.625,0.0,0.0,0.562,1.0,1.0,1.0,0.938,0.125,0.0,0.0,0.0,0.25,0.062,0.875,0.625,0.0,0.0,0.0,0.0,0.0,0.188,1.0,0.312,0.0,0.0,0.0,0.0,0.0,0.688,0.812,0.0,0.0,0.0,4
0.0,0.0,0.25,0.938,1.0,0.375,0.0,0.0,0.0,0.0,0.812,0.688,0.688,0.938,0.0,0.0,0.0,0.0,0.938,0.812,0.938,1.0,0.438,0.0,0.0,0.0,0.438,1.0,1.0,0.688,0.125,0.0,0.0,0.0,0.312,0.938,1.0,0.125,0.0,0.0,0.0,0.0,1.0,0.562,0.75,0.688,0.0,0.0,0.0,0.125,1.0,0.375,0.5,1.0,0.0,0.0,0.0,0.0,0.438,0.875,0.812,0.5,0.0,0.0,8
0.0,0.25,1.0,0.938,0.062,0.0,0.0,0.0,0.0,0.5,0.875,1.0,0.25,0.0,0.0,0.0,0.0,0.312,0.5,1.0,0.25,0.0,0.0,0.0,0.0,0.0,0.0,0.75,0.5,0.0,0.0,0.0,0.0,0.0,0.062,0.938,0.438,0.0,0.0,0.0,0.0,0.0,0.312,1.0,0.188,0.375,0.562,0.0,0.0,0.188,0.938,0.938,0.5,0.812,0.938,0.0,0.0,0.25,0.938,1.0,1.0,1.0,0.438,0.0,2
0.0,0.0,0.062,0.562,0.938,0.062,0.0,0.0,0.0,0.0,0.562,0.875,0.25,0.0,0.0,0.0,0.0,0.0,1.0,0.188,0.0,0.0,0.0,0.0,0.0,0.375,0.812,0.0,0.0,0.0,0.0,0.0,0.0,0.25,0.875,0.75,1.0,0.812,0.188,0.0,0.0,0.125,0.938,0.812,0.25,0.188,0.812,0.0,0.0,0.0,0.562,0.5,0.125,0.25,1.0,0.062,0.0,0.0,0.0,0.562,0.75,0.75,0.5,0.0,6
0.0,0.0,0.0,0.5,0.938,0.0,0.0,0.0,0.0,0.0,0.188,0.938,0.188,0.0,0.0,0.0,0.0,0.0,0.75,0.625,0.0,0.062,0.0,0.0,0.0,0.25,1.0,0.25,0.688,0.688,0.0,0.0,0.0,0.688,0.938,0.125,0.875,0.625,0.062,0.0,0.0,0.812,1.0,1.0,1.0,0.812,0.062,0.0,0.0,0.0,0.25,0.75,0.75,0.0,0.0,0.0,0.0,0.0,0.0,0.688,0.562,0.0,0.0,0.0,4
0.0,0.0,0.125,0.875,0.062,0.0,0.0,0.0,0.0,0.0,0.688,0.75,0.062,0.0,0.0,0.0,0.0,0.062,0.938,0.25,0.0,0.0,0.0,0.0,0.0,0.312,0.812,0.0,0.0,0.0,0.0,0.0,0.0,0.438,0.75,0.75,1.0,0.812,0.125,0.0,0.0,0.25,1.0,0.75,0.375,0.375,0.688,0.0,0.0,0.0,0.875,0.562,0.0,0.312,0.812,0.0,0.0,0.0,0.188,0.688,0.938,0.875,0.062,0.0,6
0.0,0.0,0.0,0.75,0.688,0.062,0.0,0.0,0.0,0.0,0.188,1.0,0.812,0.625,0.0,0.0,0.0,0.0,0.5,0.562,0.062,0.75,0.0,0.0,0.0,0.125,1.0,0.562,0.0,0.625,0.312,0.0,0.0,0.25,1.0,0.5,0.0,0.438,0.5,0.0,0.0,0.062,1.0,0.188,0.0,0.625,0.438,0.0,0.0,0.0,0.5,0.812,0.562,1.0,0.375,0.0,0.0,0.0,0.062,0.625,1.0,0.812,0.062,0.0,0
0.0,0.0,0.25,0.812,0.5,0.0,0.0,0.0,0.0,0.0,0.812,1.0,0.938,0.438,0.0,0.0,0.0,0.188,1.0,0.562,0.375,0.938,0.375,0.0,0.0,0.5,0.875,0.0,0.0,0.25,0.5,0.0,0.0,0.5,0.75,0.0,0.0,0.25,0.5,0.0,0.0,0.25,0.75,0.0,0.0,0.688,0.375,0.0,0.0,0.0,0.875,0.625,0.75,0.875,0.062,0.0,0.0,0.0,0.438,0.938,0.688,0.125,0.0,0.0,0
0.0,0.062,0.625,0.938,1.0,0.812,0.188,0.0,0.0,0.312,0.875,0.312,0.312,0.938,0.5,0.0,0.0,0.0,0.0,0.0,0.125,0.938,0.375,0.0,0.0,0.0,0.0,0.0,0.562,1.0,0.0,0.0,0.0,0.0,0.0,0.0,0.562,1.0,0.0,0.0,0.0,0.0,0.0,0.0,0.25,1.0,0.375,0.0,0.0,0.0,0.125,0.188,0.812,0.75,0.0,0.0,0.0,0.0,0.938,0.812,0.438,0.0,0.0,0.0,3
0.0,0.062,0.5,0.938,1.0,1.0,0.562,0.0,0.0,0.5,1.0,0.75,0.5,0.5,0.312,0.0,0.0,0.5,0.875,0.438,0.0,0.0,0.0,0.0,0.0,0.562,1.0,1.0,0.75,0.0,0.0,0.0,0.0,0.5,0.812,0.5,1.0,0.188,0.0,0.0,0.0,0.0,0.0,0.062,1.0,0.25,0.0,0.0,0.0,0.0,0.0,0.5,0.938,0.062,0.0,0.0,0.0,0.0,0.75,0.938,0.312,0.0,0.0,0.0,5
0.0,0.0,0.188,0.75,1.0,1.0,0.938,0.0,0.0,0.0,0.562,0.625,0.438,0.75,0.875,0.0,0.0,0.0,0.0,0.0,0.125,0.938,0.375,0.0,0.0,0.0,0.0,0.0,0.688,0.812,0.0,0.0,0.0,0.062,0.562,0.562,1.0,0.688,0.062,0.0,0.0,0.812,1.0,1.0,1.0,1.0,0.25,0.0,0.0,0.0,0.062,1.0,0.438,0.0,0.0,0.0,0.0,0.0,0.375,1.0,0.125,0.0,0.0,0.0,7
0.0,0.0,0.0,0.5,0.938,0.062,0.0,0.0,0.0,0.0,0.0,0.75,0.875,0.0,0.0,0.0,0.0,0.0,0.188,1.0,0.438,0.0,0.0,0.0,0.0,0.0,0.375,1.0,0.125,0.0,0.0,0.0,0.0,0.0,0.438,1.0,1.0,0.812,0.312,0.0,0.0,0.0,0.938,1.0,0.562,0.562,0.875,0.0,0.0,0.0,0.188,0.875,0.562,0.125,1.0,0.125,0.0,0.0,0.0,0.438,0.938,1.0,0.688,0.0,6
0.0,0.0,0.0,0.75,0.812,0.0,0.0,0.0,0.0,0.0,0.125,1.0,0.75,0.0,0.0,0.0,0.0,0.0,0.25,1.0,0.375,0.0,0.0,0.0,0.0,0.0,0.625,1.0,0.5,0.0,0.0,0.0,0.0,0.0,0.5,1.0,1.0,0.938,0.312,0.0,0.0,0.0,0.5,1.0,0.0,0.375,0.938,0.062,0.0,0.0,0.438,1.0,0.25,0.625,1.0,0.188,0.0,0.0,0.062,0.688,1.0,1.0,0.75,0.0,6
0.0,0.0,0.0,0.0,0.5,0.938,0.562,0.0,0.0,0.0,0.062,0.75,0.5,0.125,0.688,0.0,0.0,0.0,0.625,0.688,0.0,0.688,0.5,0.0,0.0,0.312,1.0,0.875,0.938,0.938,0.188,0.0,0.0,0.125,0.75,0.625,0.25,0.875,0.0,0.0,0.0,0.0,0.0,0.0,0.375,0.562,0.0,0.0,0.0,0.0,0.0,0.0,0.562,0.375,0.0,0.0,0.0,0.0,0.0,0.0,0.562,0.375,0.0,0.0,9
0.0,0.0,0.062,0.75,0.625,0.188,0.0,0.0,0.0,0.0,0.438,1.0,1.0,0.438,0.0,0.0,0.0,0.0,0.75,1.0,1.0,0.188,0.0,0.0,0.0,0.0,0.875,1.0,1.0,0.125,0.0,0.0,0.0,0.062,0.938,1.0,1.0,0.312,0.0,0.0,0.0,0.0,0.938,1.0,0.938,0.125,0.0,0.0,0.0,0.0,0.688,1.0,1.0,0.5,0.0,0.0,0.0,0.0,0.062,0.438,0.75,0.625,0.0,0.0,1
0.0,0.0,0.938,1.0,1.0,0.938,0.562,0.0,0.0,0.375,1.0,0.812,0.75,0.75,0.688,0.125,0.0,0.188,0.938,0.875,0.125,0.0,0.0,0.0,0.0,0.0,0.375,1.0,0.312,0.0,0.0,0.0,0.0,0.0,0.0,0.875,0.688,0.0,0.0,0.0,0.0,0.0,0.0,0.75,0.5,0.0,0.0,0.0,0.0,0.062,0.875,0.875,0.625,0.0,0.0,0.0,0.0,0.0,0.812,1.0,0.188,0.0,0.0,0.0,5
0.0,0.0,0.625,1.0,0.875,0.125,0.0,0.0,0.0,0.0,0.812,0.812,0.875,0.688,0.0,0.0,0.0,0.0,0.25,0.5,0.938,0.938,0.25,0.0,0.0,0.0,0.625,1.0,1.0,0.812,0.188,0.0,0.0,0.0,0.062,0.75,0.875,0.062,0.0,0.0,0.0,0.0,0.125,1.0,0.5,0.0,0.0,0.0,0.0,0.0,0.812,0.75,0.062,0.0,0.0,0.0,0.0,0.0,0.812,0.438,0.0,0.0,0.0,0.0,7
0.0,0.125,0.625,1.0,1.0,0.125,0.0,0.0,0.0,0.625,0.938,0.562,1.0,0.25,0.0,0.0,0.0,0.312,0.188,0.375,1.0,0.125,0.0,0.0,0.0,0.0,0.125,0.938,1.0,0.312,0.0,0.0,0.0,0.0,0.062,0.625,0.875,1.0,0.188,0.0,0.0,0.0,0.312,0.062,0.0,0.812,0.625,0.0,0.0,0.0,1.0,0.812,0.625,0.938,0.688,0.0,0.0,0.0,0.688,1.0,1.0,0.812,0.188,0.0,3
0.0,0.062,0.875,1.0,0.938,0.25,0.0,0.0,0.0,0.25,1.0,0.562,0.688,0.938,0.188,0.0,0.0,0.375,1.0,0.062,0.5,1.0,0.125,0.0,0.0,0.125,0.875,0.625,0.938,1.0,0.375,0.0,0.0,0.0,0.188,0.688,0.5,0.938,0.312,0.0,0.0,0.0,0.0,0.0,0.062,1.0,0.312,0.0,0.0,0.0,0.188,0.188,0.688,0.938,0.062,0.0,0.0,0.0,0.812,1.0,0.875,0.25,0.0,0.0,9
0.0,0.0,0.188,1.0,0.562,0.0,0.0,0.0,0.0,0.25,0.938,0.938,1.0,0.438,0.0,0.0,0.0,0.5,1.0,0.188,0.438,0.75,0.0,0.0,0.0,0.375,1.0,0.188,0.0,0.812,0.188,0.0,0.0,0.5,0.625,0.0,0.0,0.75,0.5,0.0,0.0,0.062,0.938,0.125,0.0,0.562,0.688,0.0,0.0,0.0,0.812,0.875,0.625,0.938,0.75,0.0,0.0,0.0,0.188,0.625,1.0,0.875,0.188,0.0,0
0.0,0.0,0.375,0.625,0.562,0.25,0.0,0.0,0.0,0.0,0.875,0.625,1.0,1.0,0.062,0.0,0.0,0.25,0.938,0.062,0.562,1.0,0.0,0.0,0.0,0.188,1.0,1.0,1.0,0.5,0.0,0.0,0.0,0.0,0.75,0.875,1.0,0.312,0.0,0.0,0.0,0.0,0.75,0.062,0.562,0.75,0.0,0.0,0.0,0.0,1.0,0.375,0.875,0.562,0.0,0.0,0.0,0.0,0.5,0.75,0.375,0.062,0.0,0.0,8
0.0,0.0,0.0,0.375,0.75,0.0,0.0,0.0,0.0,0.0,0.312,1.0,0.438,0.0,0.0,0.0,0.0,0.0,0.75,0.562,0.0,0.0,0.0,0.0,0.0,0.062,1.0,0.312,0.0,0.0,0.0,0.0,0.0,0.062,1.0,0.625,0.75,0.562,0.125,0.0,0.0,0.0,0.812,0.5,0.125,0.312,0.812,0.0,0.0,0.0,0.375,0.688,0.062,0.125,1.0,0.188,0.0,0.0,0.0,0.5,0.688,0.875,0.688,0.125,6
0.0,0.0,0.312,1.0,1.0,0.625,0.0,0.0,0.0,0.125,1.0,0.875,0.875,0.875,0.0,0.0,0.0,0.125,0.875,0.25,0.875,0.625,0.0,0.0,0.0,0.0,0.0,0.5,1.0,0.5,0.0,0.0,0.0,0.0,0.0,0.0,0.5,1.0,0.375,0.0,0.0,0.0,0.0,0.0,0.0,0.75,0.812,0.0,0.0,0.0,0.438,0.688,0.5,1.0,0.688,0.0,0.0,0.0,0.5,1.0,1.0,0.625,0.062,0.0,3
0.0,0.0,0.625,0.938,0.375,0.0,0.0,0.0,0.0,0.125,1.0,0.875,1.0,0.438,0.0,0.0,0.0,0.25,1.0,0.5,0.312,1.0,0.062,0.0,0.0,0.312,0.75,0.0,0.0,0.75,0.5,0.0,0.0,0.5,0.562,0.0,0.0,0.75,0.5,0.0,0.0,0.312,0.75,0.0,0.062,0.938,0.188,0.0,0.0,0.25,0.812,0.25,0.75,0.812,0.0,0.0,0.0,0.0,0.562,1.0,0.812,0.25,0.0,0.0,0
0.0,0.0,0.0,0.438,0.375,0.0,0.0,0.0,0.0,0.0,0.062,0.938,1.0,0.438,0.0,0.0,0.0,0.0,0.5,0.812,0.938,0.375,0.0,0.0,0.0,0.188,1.0,0.188,0.75,0.438,0.062,0.0,0.0,0.25,0.875,0.562,0.938,1.0,0.5,0.0,0.0,0.25,0.75,0.75,1.0,0.625,0.125,0.0,0.0,0.0,0.0,0.312,1.0,0.0,0.0,0.0,0.0,0.0,0.0,0.25,0.875,0.0,0.0,0.0,4
0.0,0.0,0.0,0.875,0.688,0.0,0.0,0.0,0.0,0.0,0.0,0.75,1.0,0.125,0.0,0.0,0.0,0.0,0.0,0.75,1.0,0.125,0.0,0.0,0.0,0.0,0.0,0.938,1.0,0.062,0.0,0.0,0.0,0.0,0.0,1.0,1.0,0.062,0.0,0.0,0.0,0.0,0.188,1.0,0.938,0.0,0.0,0.0,0.0,0.0,0.25,1.0,0.875,0.0,0.0,0.0,0.0,0.0,0.062,0.875,1.0,0.25,0.0,0.0,1
0.0,0.0,0.625,1.0,1.0,0.625,0.0,0.0,0.0,0.25,1.0,0.375,0.062,1.0,0.125,0.0,0.0,0.0,0.625,0.0,0.062,1.0,0.188,0.0,0.0,0.0,0.0,0.0,0.312,0.938,0.0,0.0,0.0,0.0,0.0,0.0,0.688,0.688,0.0,0.0,0.0,0.0,0.0,0.125,0.938,0.25,0.0,0.0,0.0,0.0,0.125,0.812,1.0,0.75,0.5,0.0,0.0,0.0,0.812,0.938,0.688,0.5,0.875,0.438,2
0.0,0.125,0.812,1.0,0.938,0.125,0.0,0.0,0.0,0.938,0.875,0.438,1.0,0.312,0.0,0.0,0.0,0.625,0.062,0.125,1.0,0.25,0.0,0.0,0.0,0.0,0.062,0.688,1.0,0.938,0.5,0.0,0.0,0.0,0.938,1.0,0.812,0.5,0.125,0.0,0.0,0.0,0.625,0.875,0.0,0.0,0.0,0.0,0.0,0.0,0.688,0.625,0.0,0.0,0.0,0.0,0.0,0.0,0.938,0.188,0.0,0.0,0.0,0.0,7
0.0,0.0,0.062,0.688,0.938,0.5,0.0,0.0,0.0,0.0,0.75,0.875,0.625,1.0,0.312,0.0,0.0,0.0,1.0,0.438,0.812,1.0,0.25,0.0,0.0,0.0,0.562,0.938,0.812,1.0,0.25,0.0,0.0,0.0,0.0,0.0,0.062,0.938,0.25,0.0,0.0,0.0,0.0,0.0,0.0,1.0,0.25,0.0,0.0,0.5,1.0,0.875,0.562,1.0,0.25,0.0,0.0,0.0,0.125,0.625,0.938,0.938,0.125,0.0,9
0.0,0.062,0.812,1.0,0.938,0.312,0.0,0.0,0.0,0.25,1.0,0.438,0.875,0.75,0.0,0.0,0.0,0.188,0.75,0.125,0.688,0.625,0.0,0.0,0.0,0.0,0.0,0.0,0.875,0.5,0.0,0.0,0.0,0.0,0.0,0.188,1.0,0.25,0.0,0.0,0.0,0.0,0.062,0.688,0.812,0.0,0.0,0.0,0.0,0.0,0.562,1.0,0.875,1.0,0.438,0.0,0.0,0.062,1.0,1.0,0.938,0.75,0.312,0.0,2
0.0,0.0,0.75,1.0,1.0,0.438,0.0,0.0,0.0,0.188,1.0,0.625,0.125,0.125,0.0,0.0,0.0,0.25,1.0,0.312,0.0,0.0,0.0,0.0,0.0,0.188,1.0,0.75,0.75,0.562,0.062,0.0,0.0,0.062,0.938,1.0,0.75,0.938,0.562,0.0,0.0,0.0,0.0,0.0,0.188,0.875,0.688,0.0,0.0,0.0,0.188,0.562,1.0,1.0,0.438,0.0,0.0,0.0,0.625,0.75,0.75,0.25,0.0,0.0,5
0.0,0.0,0.062,0.875,0.438,0.0,0.0,0.0,0.0,0.0,0.375,1.0,1.0,0.062,0.0,0.0,0.0,0.0,0.438,1.0,0.938,0.0,0.0,0.0,0.0,0.0,0.375,1.0,0.938,0.0,0.0,0.0,0.0,0.0,0.375,1.0,0.938,0.0,0.0,0.0,0.0,0.0,0.25,1.0,1.0,0.062,0.0,0.0,0.0,0.0,0.25,1.0,1.0,0.375,0.0,0.0,0.0,0.0,0.062,0.938,1.0,0.5,0.0,0.0,1
0.0,0.0,0.0,0.5,0.812,0.0,0.0,0.0,0.0,0.0,0.0,0.875,0.375,0.0,0.0,0.0,0.0,0.0,0.375,0.75,0.0,0.0,0.0,0.0,0.0,0.0,0.5,0.812,0.5,0.125,0.0,0.0,0.0,0.0,0.812,1.0,0.812,0.875,0.25,0.0,0.0,0.0,0.688,0.5,0.125,0.188,0.812,0.0,0.0,0.0,0.438,0.688,0.312,0.75,0.688,0.0,0.0,0.0,0.062,0.688,0.75,0.25,0.0,0.0,6
0.0,0.0,0.0,0.562,0.875,0.125,0.0,0.0,0.0,0.0,0.125,1.0,0.75,0.0,0.0,0.0,0.0,0.0,0.625,1.0,0.438,0.0,0.0,0.0,0.0,0.0,1.0,1.0,1.0,0.5,0.0,0.0,0.0,0.25,1.0,0.875,0.5,0.938,0.188,0.0,0.0,0.062,0.938,0.375,0.0,0.688,0.688,0.0,0.0,0.0,0.625,0.938,0.438,0.75,1.0,0.0,0.0,0.0,0.062,0.562,0.938,0.938,0.625,0.0,6
0.0,0.125,0.938,0.812,0.125,0.0,0.0,0.0,0.0,0.438,1.0,0.812,0.938,0.0,0.0,0.0,0.0,0.688,0.688,0.312,1.0,0.25,0.0,0.0,0.0,0.062,0.062,0.438,1.0,0.062,0.0,0.0,0.0,0.0,0.0,0.75,0.688,0.0,0.0,0.0,0.0,0.0,0.25,1.0,0.5,0.5,0.125,0.0,0.0,0.0,0.75,1.0,1.0,1.0,0.688,0.0,0.0,0.125,0.938,0.812,0.375,0.25,0.062,0.0,2
0.0,0.0,0.625,0.812,0.312,0.0,0.0,0.0,0.0,0.188,1.0,1.0,1.0,0.625,0.0,0.0,0.0,0.5,1.0,0.062,0.375,1.0,0.312,0.0,0.0,0.5,0.688,0.0,0.0,0.562,0.75,0.0,0.0,0.625,0.5,0.0,0.0,0.5,0.75,0.0,0.0,0.5,0.688,0.0,0.0,0.5,0.688,0.0,0.0,0.188,1.0,0.625,0.5,0.938,0.562,0.0,0.0,0.0,0.562,1.0,1.0,0.625,0.062,0.0,0
0.0,0.0,0.625,0.75,0.0,0.0,0.0,0.0,0.0,0.0,0.5,1.0,0.062,0.0,0.0,0.0,0.0,0.0,0.562,1.0,0.062,0.0,0.0,0.0,0.0,0.0,0.75,1.0,0.312,0.0,0.0,0.0,0.0,0.0,0.812,1.0,0.625,0.0,0.0,0.0,0.0,0.0,0.062,0.625,0.938,0.0,0.0,0.0,0.0,0.0,0.438,0.75,1.0,0.75,0.75,0.25,0.0,0.0,0.438,1.0,1.0,1.0,1.0,0.688,1
0.0,0.0,0.312,1.0,0.75,0.125,0.0,0.0,0.0,0.0,0.25,0.688,1.0,0.625,0.0,0.0,0.0,0.0,0.0,0.0,0.875,0.688,0.0,0.0,0.0,0.0,0.125,0.25,0.875,0.875,0.125,0.0,0.0,0.0,0.812,1.0,1.0,0.625,0.25,0.0,0.0,0.0,0.188,0.625,0.875,0.0,0.0,0.0,0.0,0.0,0.0,0.938,0.312,0.0,0.0,0.0,0.0,0.0,0.375,0.688,0.0,0.0,0.0,0.0,7
0.0,0.0,0.5,1.0,0.875,0.938,0.0,0.0,0.0,0.0,0.812,0.688,0.938,0.688,0.0,0.0,0.0,0.25,0.875,0.062,0.812,0.312,0.0,0.0,0.0,0.188,0.438,0.5,1.0,0.25,0.188,0.0,0.0,0.0,0.875,1.0,1.0,0.812,0.438,0.0,0.0,0.0,0.312,0.812,0.125,0.0,0.0,0.0,0.0,0.0,0.375,0.625,0.0,0.0,0.0,0.0,0.0,0.0,0.625,0.375,0.0,0.0,0.0,0.0,7
0.0,0.062,0.875,1.0,1.0,0.875,0.062,0.0,0.0,0.0,0.625,0.812,0.375,0.25,0.0,0.0,0.0,0.188,0.938,0.688,0.188,0.0,0.0,0.0,0.0,0.312,1.0,1.0,1.0,0.375,0.0,0.0,0.0,0.0,0.0,0.062,0.625,0.938,0.0,0.0,0.0,0.0,0.0,0.0,0.688,0.688,0.0,0.0,0.0,0.0,0.438,0.75,1.0,0.312,0.0,0.0,0.0,0.125,0.938,0.938,0.312,0.0,0.0,0.0,5
0.0,0.0,0.312,0.938,0.438,0.0,0.0,0.0,0.0,0.0,0.875,1.0,1.0,0.312,0.0,0.0,0.0,0.0,0.812,0.875,0.875,0.938,0.0,0.0,0.0,0.0,0.188,0.688,0.875,1.0,0.188,0.0,0.0,0.0,0.0,0.0,0.375,1.0,0.125,0.0,0.0,0.0,0.0,0.0,0.25,1.0,0.438,0.0,0.0,0.0,0.0,0.062,0.688,1.0,0.375,0.0,0.0,0.0,0.25,0.938,1.0,0.625,0.0,0.0,9
0.0,0.0,0.562,0.938,0.812,0.0,0.0,0.0,0.0,0.312,0.875,0.438,0.812,0.125,0.0,0.0,0.0,0.75,0.625,0.062,0.812,0.0,0.0,0.0,0.0,0.25,0.438,0.375,0.688,0.0,0.0,0.0,0.0,0.0,0.0,0.625,0.375,0.0,0.0,0.0,0.0,0.0,0.062,0.938,0.0,0.0,0.0,0.0,0.0,0.0,0.562,0.688,0.0,0.375,0.312,0.0,0.0,0.0,0.688,1.0,1.0,1.0,1.0,0.188,2
0.0,0.0,0.0,0.0,0.812,0.062,0.0,0.0,0.0,0.0,0.0,0.438,0.938,0.188,0.0,0.0,0.0,0.0,0.0,1.0,0.688,0.125,0.0,0.0,0.0,0.0,0.25,1.0,1.0,0.875,0.062,0.0,0.0,0.0,0.312,1.0,0.5,0.5,0.625,0.0,0.0,0.0,0.562,1.0,0.25,0.0,0.938,0.0,0.0,0.0,0.125,0.562,0.688,0.812,0.875,0.0,0.0,0.0,0.0,0.0,0.625,1.0,0.625,0.0,6
0.0,0.0,0.0,0.438,0.75,0.812,0.062,0.0,0.0,0.0,0.5,0.688,0.062,0.625,0.5,0.0,0.0,0.0,0.75,0.125,0.062,0.688,0.438,0.0,0.0,0.0,0.625,0.625,0.875,0.5,0.0,0.0,0.0,0.062,0.438,1.0,0.562,0.0,0.0,0.0,0.0,0.438,1.0,0.438,0.875,0.188,0.0,0.0,0.0,0.0,0.438,0.812,0.312,0.875,0.0,0.0,0.0,0.0,0.0,0.375,0.938,0.875,0.125,0.0,8
0.0,0.0,0.188,1.0,0.75,0.75,0.438,0.0,0.0,0.0,0.75,0.812,0.812,1.0,0.375,0.0,0.0,0.0,0.125,0.0,0.375,0.875,0.0,0.0,0.0,0.0,0.062,0.25,0.812,0.625,0.062,0.0,0.0,0.0,0.562,1.0,1.0,1.0,0.5,0.0,0.0,0.0,0.25,0.75,0.75,0.438,0.062,0.0,0.0,0.0,0.0,0.875,0.375,0.0,0.0,0.0,0.0,0.0,0.25,1.0,0.125,0.0,0.0,0.0,7
0.0,0.0,0.0,0.438,0.75,1.0,1.0,0.938,0.0,0.0,0.562,1.0,0.625,0.25,1.0,0.625,0.0,0.0,0.875,1.0,0.812,0.875,0.75,0.062,0.0,0.0,0.25,1.0,1.0,1.0,0.75,0.0,0.0,0.0,0.0,0.0,0.0,1.0,0.625,0.0,0.0,0.0,0.0,0.0,0.438,0.938,0.0,0.0,0.0,0.0,0.0,0.062,0.938,0.438,0.0,0.0,0.0,0.0,0.0,0.75,0.375,0.0,0.0,0.0,9
0.0,0.0,0.438,0.875,0.938,0.438,0.0,0.0,0.0,0.375,1.0,0.5,0.438,1.0,0.25,0.0,0.0,0.688,0.375,0.062,0.625,0.875,0.062,0.0,0.0,0.062,0.0,0.25,1.0,0.375,0.0,0.0,0.0,0.0,0.0,0.125,0.688,0.812,0.062,0.0,0.0,0.0,0.0,0.0,0.0,0.688,0.438,0.0,0.0,0.0,0.188,0.25,0.5,0.875,0.188,0.0,0.0,0.0,0.625,0.812,0.75,0.25,0.0,0.0,3
0.0,0.0,0.125,0.812,0.625,0.0,0.0,0.0,0.0,0.0,0.625,0.812,0.0,0.0,0.0,0.0,0.0,0.0,1.0,0.375,0.0,0.0,0.0,0.0,0.0,0.188,1.0,0.5,0.125,0.0,0.0,0.0,0.0,0.438,1.0,1.0,1.0,0.688,0.0,0.0,0.0,0.25,1.0,0.125,0.25,0.688,0.562,0.0,0.0,0.062,0.812,0.688,0.5,0.75,0.75,0.0,0.0,0.0,0.062,0.75,1.0,0.875,0.25,0.0,6
0.0,0.0,0.438,0.875,0.75,0.062,0.0,0.0,0.0,0.438,0.875,0.312,0.5,0.625,0.0,0.0,0.0,0.5,0.688,0.062,0.438,0.625,0.0,0.0,0.0,0.062,0.562,1.0,0.938,0.25,0.0,0.0,0.0,0.0,0.062,0.875,0.875,0.75,0.0,0.0,0.0,0.0,0.438,0.688,0.0,0.75,0.438,0.0,0.0,0.0,0.688,0.312,0.0,0.688,0.5,0.0,0.0,0.0,0.25,0.875,1.0,0.75,0.062,0.0,8
0.0,0.0,0.188,0.75,0.5,0.062,0.0,0.0,0.0,0.0,0.875,1.0,1.0,0.938,0.062,0.0,0.0,0.188,0.938,0.125,0.062,0.75,0.25,0.0,0.0,0.375,0.562,0.0,0.0,0.438,0.5,0.0,0.0,0.438,0.5,0.0,0.0,0.312,0.5,0.0,0.0,0.25,0.75,0.0,0.0,0.562,0.375,0.0,0.0,0.0,0.938,0.688,0.562,1.0,0.125,0.0,0.0,0.0,0.188,0.688,0.938,0.438,0.0,0.0,0
0.0,0.0,0.375,1.0,1.0,0.688,0.0,0.0,0.0,0.062,1.0,0.5,0.5,1.0,0.375,0.0,0.0,0.0,0.5,1.0,0.875,1.0,0.688,0.0,0.0,0.0,0.062,0.25,0.188,0.625,0.5,0.0,0.0,0.0,0.0,0.0,0.0,0.562,0.438,0.0,0.0,0.0,0.0,0.0,0.062,0.875,0.062,0.0,0.0,0.0,0.25,0.438,0.688,0.562,0.0,0.0,0.0,0.0,0.562,1.0,0.625,0.062,0.0,0.0,9
0.0,0.0,0.0,0.812,0.875,0.0,0.0,0.0,0.0,0.0,0.0,0.812,1.0,0.188,0.0,0.0,0.0,0.0,0.125,1.0,0.938,0.188,0.0,0.0,0.0,0.0,0.25,1.0,0.875,0.0,0.0,0.0,0.0,0.0,0.188,1.0,0.688,0.0,0.0,0.0,0.0,0.0,0.5,1.0,0.625,0.0,0.0,0.0,0.0,0.0,0.375,1.0,0.438,0.0,0.0,0.0,0.0,0.0,0.062,0.688,0.562,0.0,0.0,0.0,1
0.0,0.0,0.0,0.0,0.312,0.875,0.188,0.0,0.0,0.0,0.0,0.0,0.562,1.0,0.5,0.0,0.0,0.0,0.0,0.562,1.0,1.0,0.312,0.0,0.0,0.062,0.812,0.938,0.75,1.0,0.062,0.0,0.0,0.25,0.75,0.188,0.625,0.938,0.0,0.0,0.0,0.0,0.0,0.0,0.688,0.75,0.0,0.0,0.0,0.0,0.0,0.0,0.5,0.75,0.0,0.0,0.0,0.0,0.0,0.0,0.312,0.812,0.25,0.0,1
0.0,0.0,0.188,0.5,0.688,0.688,0.062,0.0,0.0,0.0,0.188,1.0,1.0,0.75,0.0,0.0,0.0,0.0,0.125,0.938,1.0,0.75,0.0,0.0,0.0,0.0,0.0,1.0,1.0,0.438,0.0,0.0,0.0,0.0,0.062,0.938,1.0,0.625,0.0,0.0,0.0,0.0,0.062,1.0,1.0,0.375,0.0,0.0,0.0,0.0,0.188,1.0,1.0,0.312,0.0,0.0,0.0,0.0,0.125,0.938,1.0,0.375,0.0,0.0,1
0.0,0.062,0.875,1.0,0.875,0.5,0.0,0.0,0.0,0.312,0.75,0.312,0.875,0.562,0.0,0.0,0.0,0.125,0.938,0.562,0.812,0.75,0.0,0.0,0.0,0.0,0.188,0.5,0.5,1.0,0.125,0.0,0.0,0.0,0.0,0.0,0.0,0.688,0.375,0.0,0.0,0.0,0.25,0.0,0.0,0.5,0.5,0.0,0.0,0.25,0.875,0.25,0.312,0.875,0.438,0.0,0.0,0.062,0.812,1.0,1.0,0.625,0.062,0.0,9
0.0,0.0,0.312,1.0,0.312,0.0,0.0,0.0,0.0,0.0,0.75,0.875,0.062,0.0,0.0,0.0,0.0,0.0,0.938,0.625,0.0,0.0,0.0,0.0,0.0,0.188,1.0,0.562,0.062,0.0,0.0,0.0,0.0,0.438,1.0,1.0,1.0,0.562,0.0,0.0,0.0,0.062,1.0,0.625,0.5,1.0,0.375,0.0,0.0,0.0,0.75,0.875,0.312,0.562,0.812,0.0,0.0,0.0,0.25,0.938,0.938,0.75,0.188,0.0,6
0.0,0.0,0.0,0.062,0.938,0.188,0.0,0.0,0.0,0.0,0.0,0.5,0.812,0.0,0.562,0.438,0.0,0.0,0.125,0.938,0.25,0.0,0.938,0.312,0.0,0.125,0.812,0.875,0.688,0.625,0.938,0.0,0.0,0.688,0.938,0.812,1.0,1.0,0.625,0.0,0.0,0.0,0.0,0.0,0.188,1.0,0.312,0.0,0.0,0.0,0.0,0.0,0.562,0.875,0.0,0.0,0.0,0.0,0.0,0.125,1.0,0.375,0.0,0.0,4
0.0,0.0,0.938,0.812,0.75,0.75,0.125,0.0,0.0,0.25,1.0,1.0,0.75,0.375,0.0,0.0,0.0,0.0,1.0,0.25,0.0,0.0,0.0,0.0,0.0,0.0,0.688,0.438,0.0,0.0,0.0,0.0,0.0,0.0,0.438,0.875,0.0,0.0,0.0,0.0,0.0,0.0,0.0,0.875,0.375,0.0,0.0,0.0,0.0,0.25,0.312,0.875,0.5,0.0,0.0,0.0,0.0,0.062,0.938,1.0,0.25,0.0,0.0,0.0,5
0.0,0.0,0.25,0.75,0.75,0.438,0.0,0.0,0.0,0.0,1.0,1.0,1.0,0.312,0.0,0.0,0.0,0.0,1.0,1.0,1.0,1.0,0.0,0.0,0.0,0.25,1.0,1.0,1.0,0.75,0.0,0.0,0.0,0.25,1.0,1.0,1.0,0.75,0.0,0.0,0.0,0.188,0.938,1.0,1.0,0.562,0.0,0.0,0.0,0.0,0.75,1.0,1.0,0.5,0.0,0.0,0.0,0.062,0.438,0.75,0.688,0.312,0.0,0.0,1
0.0,0.0,0.375,0.75,0.875,0.25,0.0,0.0,0.0,0.125,0.938,0.125,0.062,0.938,0.0,0.0,0.0,0.125,0.875,0.0,0.188,1.0,0.125,0.0,0.0,0.0,0.812,0.312,0.875,0.875,0.375,0.0,0.0,0.0,0.125,0.5,0.25,0.438,0.562,0.0,0.0,0.0,0.0,0.0,0.0,0.562,0.562,0.0,0.0,0.0,0.312,0.0,0.312,0.875,0.188,0.0,0.0,0.0,0.438,0.812,0.75,0.25,0.0,0.0,9
0.0,0.0,0.188,0.938,0.812,0.125,0.0,0.0,0.0,0.0,0.625,1.0,0.75,0.812,0.0,0.0,0.0,0.0,0.812,0.812,0.562,0.875,0.0,0.0,0.0,0.0,0.375,0.938,0.938,0.688,0.0,0.0,0.0,0.0,0.25,1.0,0.875,0.062,0.0,0.0,0.0,0.0,0.688,0.875,0.938,0.312,0.0,0.0,0.0,0.0,0.562,0.625,0.875,0.562,0.0,0.0,0.0,0.0,0.25,1.0,0.938,0.125,0.0,0.0,8
0.0,0.25,0.938,0.938,0.5,0.0,0.0,0.0,0.0,0.5,1.0,1.0,1.0,0.188,0.0,0.0,0.0,0.062,0.0,0.062,0.938,0.312,0.0,0.0,0.0,0.0,0.0,0.0,0.688,0.375,0.0,0.0,0.0,0.0,0.0,0.188,0.938,0.125,0.0,0.0,0.0,0.0,0.25,0.938,1.0,0.875,0.375,0.0,0.0,0.375,1.0,1.0,0.938,0.688,0.188,0.0,0.0,0.438,0.875,0.688,0.0,0.0,0.0,0.0,2
0.0,0.0,0.062,0.438,0.625,0.188,0.0,0.0,0.0,0.0,0.5,1.0,1.0,0.75,0.0,0.0,0.0,0.0,0.5,1.0,1.0,0.75,0.0,0.0,0.0,0.0,0.625,1.0,1.0,0.312,0.0,0.0,0.0,0.0,0.438,1.0,1.0,0.062,0.0,0.0,0.0,0.0,0.875,1.0,0.938,0.062,0.0,0.0,0.0,0.0,0.75,1.0,1.0,0.062,0.0,0.0,0.0,0.0,0.062,0.562,0.75,0.562,0.0,0.0,1
0.0,0.062,0.75,1.0,0.312,0.0,0.0,0.0,0.0,0.688,1.0,1.0,0.812,0.0,0.0,0.0,0.0,0.438,0.375,0.312,0.875,0.125,0.0,0.0,0.0,0.0,0.0,0.0,0.75,0.188,0.0,0.0,0.0,0.0,0.0,0.25,0.812,0.0,0.0,0.0,0.0,0.0,0.062,0.812,0.312,0.0,0.0,0.0,0.0,0.0,0.625,1.0,0.625,0.5,0.25,0.0,0.0,0.0,0.812,0.938,1.0,0.75,0.438,0.0,2
0.0,0.0,0.25,0.812,0.75,0.375,0.0,0.0,0.0,0.25,0.938,0.312,0.625,1.0,0.0,0.0,0.0,0.25,1.0,0.062,0.688,1.0,0.0,0.0,0.0,0.062,0.625,1.0,0.812,1.0,0.125,0.0,0.0,0.0,0.0,0.25,0.0,0.938,0.188,0.0,0.0,0.0,0.0,0.0,0.0,0.75,0.25,0.0,0.0,0.0,0.375,0.375,0.0,0.562,0.5,0.0,0.0,0.0,0.312,0.75,0.938,1.0,0.438,0.0,9
0.0,0.0,0.312,0.938,0.562,0.0,0.0,0.0,0.0,0.0,0.938,0.375,0.688,0.375,0.0,0.0,0.0,0.438,0.562,0.0,0.0,0.875,0.0,0.0,0.0,0.312,0.562,0.0,0.0,0.5,0.375,0.0,0.0,0.25,0.812,0.0,0.0,0.25,0.5,0.0,0.0,0.062,1.0,0.0,0.0,0.25,0.688,0.0,0.0,0.0,0.938,0.438,0.312,1.0,0.25,0.0,0.0,0.0,0.125,0.938,0.938,0.312,0.0,0.0,0
0.0,0.0,0.062,0.562,1.0,1.0,0.188,0.0,0.0,0.0,0.875,0.688,0.5,1.0,0.5,0.0,0.0,0.0,0.25,0.0,0.0,0.938,0.375,0.0,0.0,0.0,0.0,0.0,0.438,1.0,0.188,0.0,0.0,0.0,0.375,0.75,1.0,1.0,0.562,0.0,0.0,0.062,1.0,0.875,1.0,0.312,0.0,0.0,0.0,0.0,0.125,0.5,1.0,0.0,0.0,0.0,0.0,0.0,0.0,0.75,0.438,0.0,0.0,0.0,7
0.0,0.0,0.562,0.875,1.0,1.0,0.125,0.0,0.0,0.438,0.938,0.438,0.25,0.875,0.5,0.0,0.0,0.0,0.0,0.0,0.312,0.938,0.25,0.0,0.0,0.0,0.0,0.0,1.0,0.25,0.0,0.0,0.0,0.0,0.0,0.0,0.938,0.25,0.0,0.0,0.0,0.0,0.0,0.0,0.438,0.75,0.0,0.0,0.0,0.0,0.938,0.125,0.5,0.875,0.0,0.0,0.0,0.0,0.625,0.938,0.75,0.188,0.0,0.0,3
0.0,0.0,0.438,0.938,1.0,0.75,0.0,0.0,0.0,0.75,1.0,0.688,1.0,0.812,0.0,0.0,0.0,0.938,1.0,1.0,0.875,0.312,0.0,0.0,0.0,0.5,1.0,0.75,0.0,0.0,0.0,0.0,0.0,0.0,0.125,0.75,0.562,0.0,0.0,0.0,0.0,0.0,0.0,0.562,0.812,0.0,0.0,0.0,0.0,0.0,0.125,1.0,0.5,0.0,0.0,0.0,0.0,0.0,0.625,0.75,0.062,0.0,0.0,0.0,9
0.0,0.0,0.0,0.188,0.562,1.0,1.0,0.125,0.0,0.0,0.25,1.0,0.812,0.688,1.0,0.062,0.0,0.0,0.188,0.312,0.0,0.375,0.812,0.0,0.0,0.0,0.0,0.125,0.438,0.875,0.562,0.0,0.0,0.0,0.25,1.0,1.0,0.938,0.188,0.0,0.0,0.0,0.562,0.5,0.688,0.75,0.0,0.0,0.0,0.0,0.0,0.0,0.75,0.25,0.0,0.0,0.0,0.0,0.0,0.125,0.938,0.062,0.0,0.0,7
0.0,0.0,0.25,0.75,1.0,1.0,0.25,0.0,0.0,0.0,0.562,0.438,0.25,0.875,0.75,0.0,0.0,0.0,0.0,0.0,0.0,0.688,0.875,0.0,0.0,0.0,0.0,0.0,0.188,1.0,0.375,0.0,0.0,0.0,0.0,0.062,0.812,0.375,0.0,0.0,0.0,0.0,0.062,0.75,0.5,0.0,0.0,0.0,0.0,0.0,0.375,1.0,0.562,0.312,0.0,0.0,0.0,0.0,0.188,0.75,0.812,0.562,0.0,0.0,2
0.0,0.0,0.312,1.0,0.938,0.312,0.0,0.0,0.0,0.0,0.5,0.812,0.562,0.938,0.0,0.0,0.0,0.0,0.0,0.25,0.0,0.938,0.312,0.0,0.0,0.0,0.0,0.0,0.0,0.75,0.375,0.0,0.0,0.0,0.0,0.0,0.0,0.938,0.25,0.0,0.0,0.0,0.688,0.625,0.625,0.938,0.0,0.0,0.0,0.0,1.0,1.0,1.0,0.938,0.812,0.25,0.0,0.0,0.438,1.0,0.812,0.625,0.5,0.188,2
0.0,0.0,0.5,1.0,0.812,0.0,0.0,0.0,0.0,0.0,0.438,0.875,1.0,0.25,0.0,0.0,0.0,0.0,0.062,0.75,1.0,0.812,0.75,0.062,0.0,0.0,0.688,1.0,1.0,0.875,0.562,0.0,0.0,0.0,0.625,1.0,0.875,0.062,0.0,0.0,0.0,0.0,0.0,0.875,0.562,0.0,0.0,0.0,0.0,0.0,0.188,1.0,0.062,0.0,0.0,0.0,0.0,0.0,0.75,0.562,0.0,0.0,0.0,0.0,7
0.0,0.0,0.0,0.062,1.0,0.312,0.0,0.0,0.0,0.0,0.0,0.312,1.0,0.688,0.0,0.0,0.0,0.0,0.0,0.75,1.0,0.688,0.0,0.0,0.0,0.438,0.75,1.0,1.0,0.438,0.0,0.0,0.0,0.25,0.5,0.75,1.0,0.25,0.0,0.0,0.0,0.0,0.0,0.562,1.0,0.125,0.0,0.0,0.0,0.0,0.0,0.625,1.0,0.125,0.0,0.0,0.0,0.0,0.0,0.188,0.812,0.312,0.0,0.0,1
0.0,0.0,0.062,0.812,1.0,0.125,0.0,0.0,0.0,0.0,0.5,1.0,0.75,0.062,0.0,0.0,0.0,0.0,0.875,1.0,0.125,0.0,0.0,0.0,0.0,0.0,0.938,0.875,0.562,0.062,0.0,0.0,0.0,0.062,1.0,1.0,1.0,0.625,0.0,0.0,0.0,0.0,0.812,0.938,0.812,0.938,0.0,0.0,0.0,0.0,0.5,1.0,0.875,0.875,0.062,0.0,0.0,0.0,0.062,0.688,1.0,0.5,0.0,0.0,6
0.0,0.0,0.0,0.5,0.75,0.0,0.0,0.0,0.0,0.0,0.312,1.0,0.188,0.0,0.125,0.0,0.0,0.062,1.0,0.312,0.062,0.625,0.938,0.062,0.0,0.562,1.0,0.25,0.562,1.0,0.438,0.0,0.0,0.438,1.0,1.0,1.0,0.438,0.0,0.0,0.0,0.0,0.125,0.5,1.0,0.125,0.0,0.0,0.0,0.0,0.0,0.625,0.812,0.0,0.0,0.0,0.0,0.0,0.0,0.75,0.625,0.0,0.0,0.0,4
0.0,0.0,0.812,0.938,0.688,0.75,0.688,0.0,0.0,0.25,1.0,0.938,1.0,0.812,0.562,0.062,0.0,0.188,1.0,0.562,0.0,0.0,0.0,0.0,0.0,0.0,0.75,1.0,0.562,0.0,0.0,0.0,0.0,0.0,0.0,0.75,0.875,0.062,0.0,0.0,0.0,0.062,0.062,0.438,1.0,0.125,0.0,0.0,0.0,0.5,0.75,0.688,1.0,0.188,0.0,0.0,0.0,0.062,0.812,1.0,0.75,0.0,0.0,0.0,5
0.0,0.0,0.0,0.0,0.438,0.375,0.0,0.0,0.0,0.0,0.0,0.375,0.938,0.375,0.0,0.0,0.0,0.0,0.062,0.938,0.312,0.875,0.188,0.0,0.0,0.0,0.75,0.5,0.25,1.0,0.0,0.0,0.0,0.312,1.0,0.562,0.625,1.0,0.25,0.0,0.0,0.062,0.688,0.75,0.875,0.875,0.25,0.0,0.0,0.0,0.0,0.0,0.5,0.5,0.0,0.0,0.0,0.0,0.0,0.0,0.688,0.438,0.0,0.0,4
0.0,0.0,0.062,0.812,0.625,0.0,0.0,0.0,0.0,0.438,1.0,1.0,1.0,0.438,0.0,0.0,0.0,0.5,1.0,0.812,0.625,0.938,0.0,0.0,0.0,0.5,1.0,0.125,0.125,0.938,0.188,0.0,0.0,0.312,0.938,0.125,0.0,0.75,0.438,0.0,0.0,0.062,0.938,0.375,0.125,1.0,0.188,0.0,0.0,0.0,0.688,0.938,0.812,1.0,0.0,0.0,0.0,0.0,0.062,0.938,0.875,0.5,0.0,0.0,0
0.0,0.0,0.625,0.5,0.5,0.25,0.0,0.0,0.0,0.5,0.938,0.75,0.875,0.875,0.0,0.0,0.0,0.562,0.688,0.0,0.625,1.0,0.25,0.0,0.0,0.062,0.562,0.75,0.625,0.75,0.5,0.0,0.0,0.0,0.0,0.0,0.0,0.5,0.5,0.0,0.0,0.0,0.0,0.0,0.0,0.625,0.438,0.0,0.0,0.0,0.688,0.375,0.25,0.938,0.25,0.0,0.0,0.0,0.812,1.0,1.0,0.438,0.0,0.0,9
0.0,0.0,0.375,0.812,1.0,0.625,0.0,0.0,0.0,0.25,0.812,0.312,0.25,1.0,0.0,0.0,0.0,0.0,0.0,0.062,0.625,0.5,0.0,0.0,0.0,0.0,0.0,0.75,1.0,0.188,0.0,0.0,0.0,0.0,0.0,0.188,0.438,0.938,0.062,0.0,0.0,0.0,0.0,0.0,0.0,0.562,0.5,0.0,0.0,0.0,0.5,0.375,0.188,0.688,0.438,0.0,0.0,0.0,0.25,0.875,1.0,0.688,0.062,0.0,3
0.0,0.0,0.5,0.688,0.0,0.0,0.0,0.0,0.0,0.0,0.438,1.0,0.188,0.0,0.0,0.0,0.0,0.0,0.375,1.0,0.625,0.0,0.0,0.0,0.0,0.0,0.625,1.0,0.938,0.062,0.0,0.0,0.0,0.0,0.0,0.125,1.0,0.125,0.0,0.0,0.0,0.0,0.0,0.0,0.938,0.562,0.0,0.0,0.0,0.0,0.375,0.75,1.0,0.938,0.5,0.312,0.0,0.0,0.25,0.938,1.0,1.0,1.0,1.0,1
0.0,0.062,0.625,1.0,1.0,0.5,0.0,0.0,0.0,0.625,1.0,0.812,1.0,0.75,0.0,0.0,0.0,0.062,0.188,0.188,1.0,0.562,0.0,0.0,0.0,0.0,0.0,0.812,0.875,0.062,0.0,0.0,0.0,0.0,0.125,1.0,1.0,0.75,0.188,0.0,0.0,0.0,0.0,0.312,0.688,1.0,0.688,0.0,0.0,0.0,0.125,0.438,0.875,1.0,0.375,0.0,0.0,0.0,0.688,1.0,0.812,0.312,0.0,0.0,3
0.0,0.0,0.188,0.812,0.938,0.062,0.0,0.0,0.0,0.25,0.938,0.875,0.938,0.625,0.0,0.0,0.0,0.812,0.812,0.125,0.812,0.562,0.0,0.0,0.0,0.875,0.625,0.0,0.938,0.562,0.0,0.0,0.0,0.062,0.062,0.125,1.0,0.25,0.0,0.0,0.0,0.0,0.0,0.562,0.938,0.062,0.0,0.0,0.0,0.0,0.125,0.938,1.0,1.0,1.0,0.375,0.0,0.0,0.125,0.938,1.0,0.625,0.75,0.25,2
0.0,0.0,0.0,0.375,0.875,0.5,0.0,0.0,0.0,0.0,0.5,1.0,0.75,0.5,0.0,0.0,0.0,0.188,1.0,0.875,0.188,0.0,0.0,0.0,0.0,0.375,1.0,1.0,1.0,0.688,0.062,0.0,0.0,0.5,1.0,0.812,0.25,0.875,0.312,0.0,0.0,0.125,1.0,0.562,0.0,0.5,0.75,0.0,0.0,0.0,0.625,0.938,0.375,0.812,0.562,0.0,0.0,0.0,0.0,0.5,0.875,1.0,0.562,0.0,6
0.0,0.062,0.562,1.0,0.938,0.625,0.0,0.0,0.0,0.375,1.0,0.5,0.438,1.0,0.188,0.0,0.0,0.0,0.688,0.875,1.0,0.688,0.062,0.0,0.0,0.062,0.812,1.0,0.375,0.0,0.0,0.0,0.0,0.5,0.938,1.0,0.188,0.0,0.0,0.0,0.0,0.312,0.875,0.625,0.688,0.0,0.0,0.0,0.0,0.0,0.938,0.438,1.0,0.188,0.0,0.0,0.0,0.0,0.688,1.0,0.5,0.0,0.0,0.0,8
0.0,0.0,0.688,1.0,0.625,0.0,0.0,0.0,0.0,0.375,0.938,1.0,1.0,0.375,0.0,0.0,0.0,0.0,0.0,0.125,0.688,0.75,0.0,0.0,0.0,0.0,0.0,0.0,0.562,0.5,0.0,0.0,0.0,0.0,0.0,0.25,0.938,0.125,0.0,0.0,0.0,0.062,0.562,0.938,0.562,0.188,0.0,0.0,0.0,0.0,1.0,1.0,1.0,1.0,0.438,0.0,0.0,0.0,0.625,0.812,0.5,0.25,0.062,0.0,2
0.0,0.0,0.438,0.875,1.0,0.812,0.062,0.0,0.0,0.0,0.938,0.812,0.188,0.812,0.5,0.0,0.0,0.375,0.938,0.125,0.0,0.5,0.5,0.0,0.0,0.375,1.0,0.0,0.0,0.375,0.688,0.0,0.0,0.562,0.812,0.0,0.0,0.812,0.562,0.0,0.0,0.312,0.938,0.0,0.312,1.0,0.312,0.0,0.0,0.25,1.0,0.562,1.0,0.75,0.0,0.0,0.0,0.0,0.5,1.0,0.75,0.188,0.0,0.0,0
0.0,0.0,0.125,0.938,0.25,0.0,0.0,0.0,0.0,0.0,0.688,0.812,0.0,0.0,0.0,0.0,0.0,0.0,1.0,0.375,0.0,0.0,0.0,0.0,0.0,0.188,1.0,0.438,0.0,0.0,0.0,0.0,0.0,0.25,1.0,1.0,0.938,0.312,0.0,0.0,0.0,0.25,1.0,0.312,0.188,0.812,0.438,0.0,0.0,0.062,0.875,0.562,0.0,0.5,0.812,0.0,0.0,0.0,0.125,0.812,1.0,1.0,0.5,0.0,6
0.0,0.0,0.0,0.0,0.438,0.875,0.438,0.0,0.0,0.0,0.0,0.188,1.0,1.0,0.562,0.0,0.0,0.0,0.375,0.938,1.0,1.0,0.375,0.0,0.0,0.312,1.0,1.0,1.0,1.0,0.125,0.0,0.0,0.25,0.5,0.5,1.0,1.0,0.0,0.0,0.0,0.0,0.0,0.188,1.0,1.0,0.188,0.0,0.0,0.0,0.0,0.062,0.812,1.0,0.0,0.0,0.0,0.0,0.0,0.0,0.5,0.938,0.0,0.0,1
0.0,0.0,0.0,0.438,0.688,0.0,0.0,0.0,0.0,0.0,0.062,1.0,0.625,0.0,0.0,0.0,0.0,0.0,0.438,0.688,0.0,0.0,0.0,0.0,0.0,0.0,0.688,0.5,0.062,0.062,0.0,0.0,0.0,0.0,0.75,1.0,1.0,0.938,0.312,0.0,0.0,0.0,0.875,0.688,0.0,0.062,0.938,0.0,0.0,0.0,0.375,0.688,0.062,0.188,0.875,0.125,0.0,0.0,0.0,0.5,1.0,1.0,0.438,0.0,6
0.0,0.0,0.438,0.938,1.0,0.938,0.0,0.0,0.0,0.125,0.938,0.125,0.312,1.0,0.062,0.0,0.0,0.0,0.0,0.0,0.625,0.812,0.0,0.0,0.0,0.0,0.0,0.188,0.875,0.688,0.125,0.0,0.0,0.0,0.375,1.0,1.0,1.0,0.5,0.0,0.0,0.0,0.312,0.812,0.438,0.0,0.0,0.0,0.0,0.0,0.188,0.938,0.062,0.0,0.0,0.0,0.0,0.0,0.625,0.75,0.0,0.0,0.0,0.0,7
0.0,0.125,0.688,1.0,0.75,0.062,0.0,0.0,0.0,0.562,1.0,0.562,1.0,0.25,0.0,0.0,0.0,0.875,0.438,0.25,1.0,0.062,0.0,0.0,0.0,0.375,0.312,0.562,0.875,0.0,0.0,0.0,0.0,0.0,0.188,1.0,0.312,0.0,0.0,0.0,0.0,0.0,0.812,0.875,0.0,0.0,0.0,0.0,0.0,0.188,1.0,0.688,0.5,0.75,0.562,0.0,0.0,0.125,0.938,1.0,1.0,0.812,1.0,0.062,2
0.0,0.0,0.188,0.5,0.562,0.688,0.875,0.062,0.0,0.0,0.562,1.0,1.0,1.0,0.812,0.0,0.0,0.0,1.0,0.312,0.5,0.0,0.0,0.0,0.0,0.25,1.0,1.0,1.0,0.375,0.0,0.0,0.0,0.125,0.562,0.125,0.562,0.625,0.0,0.0,0.0,0.0,0.0,0.0,0.5,0.5,0.0,0.0,0.0,0.0,0.5,0.75,0.812,0.312,0.0,0.0,0.0,0.0,0.312,0.812,0.625,0.062,0.0,0.0,5
0.0,0.0,0.125,0.75,0.75,0.125,0.0,0.0,0.0,0.0,0.625,1.0,1.0,0.562,0.0,0.0,0.0,0.188,1.0,1.0,0.5,0.938,0.188,0.0,0.0,0.375,1.0,0.375,0.0,0.812,0.5,0.0,0.0,0.5,1.0,0.25,0.0,0.938,0.5,0.0,0.0,0.312,1.0,0.5,0.75,1.0,0.375,0.0,0.0,0.0,0.938,1.0,1.0,0.938,0.125,0.0,0.0,0.0,0.188,0.812,0.75,0.188,0.0,0.0,0
0.0,0.125,0.812,0.812,0.688,0.562,0.0,0.0,0.0,0.625,1.0,1.0,1.0,0.938,0.625,0.0,0.0,0.688,1.0,0.562,0.0,0.0,0.0,0.0,0.0,0.188,0.938,1.0,0.5,0.0,0.0,0.0,0.0,0.0,0.125,0.688,0.875,0.0,0.0,0.0,0.0,0.0,0.0,0.5,1.0,0.0,0.0,0.0,0.0,0.0,0.062,0.688,0.688,0.0,0.0,0.0,0.0,0.062,1.0,0.938,0.25,0.0,0.0,0.0,5
0.0,0.0,0.438,0.938,0.938,0.312,0.0,0.0,0.0,0.375,1.0,0.75,1.0,0.75,0.0,0.0,0.0,0.062,0.438,0.0,1.0,0.625,0.0,0.0,0.0,0.0,0.0,0.625,0.938,0.0,0.0,0.0,0.0,0.0,0.062,1.0,0.438,0.0,0.0,0.0,0.0,0.0,0.625,0.812,0.062,0.312,0.062,0.0,0.0,0.0,0.75,0.75,0.812,0.938,0.188,0.0,0.0,0.0,0.625,1.0,0.812,0.188,0.0,0.0,2
0.0,0.125,0.812,1.0,0.438,0.0,0.0,0.0,0.0,0.75,0.812,0.875,0.812,0.0,0.0,0.0,0.0,0.125,0.0,0.5,0.75,0.0,0.0,0.0,0.0,0.0,0.0,0.688,0.562,0.0,0.0,0.0,0.0,0.0,0.0,0.812,0.312,0.0,0.0,0.0,0.0,0.0,0.5,0.938,0.125,0.0,0.0,0.0,0.0,0.0,1.0,1.0,1.0,0.562,0.125,0.0,0.0,0.062,1.0,0.875,0.812,1.0,0.562,0.0,2
0.0,0.0,0.688,0.438,0.0,0.0,0.0,0.0,0.0,0.312,1.0,0.188,0.125,0.875,0.188,0.0,0.0,0.562,0.938,0.0,0.75,0.938,0.0,0.0,0.0,0.375,1.0,0.938,1.0,0.312,0.0,0.0,0.0,0.0,0.375,0.938,0.688,0.0,0.0,0.0,0.0,0.0,0.062,1.0,0.25,0.0,0.0,0.0,0.0,0.0,0.562,0.75,0.0,0.0,0.0,0.0,0.0,0.0,0.812,0.625,0.0,0.0,0.0,0.0,4
0.0,0.0,0.0,0.375,1.0,0.375,0.0,0.0,0.0,0.0,0.188,1.0,0.562,0.0,0.0,0.0,0.0,0.062,0.812,0.812,0.062,0.125,0.062,0.0,0.0,0.438,1.0,0.312,0.062,0.875,0.625,0.0,0.0,0.75,1.0,0.5,0.75,1.0,0.125,0.0,0.0,0.125,0.75,0.938,1.0,0.688,0.0,0.0,0.0,0.0,0.0,0.5,1.0,0.25,0.0,0.0,0.0,0.0,0.0,0.5,0.938,0.0,0.0,0.0,4
0.0,0.0,0.0,0.438,0.75,0.0,0.0,0.0,0.0,0.0,0.188,0.875,0.375,0.0,0.0,0.0,0.0,0.0,0.688,0.5,0.0,0.0,0.062,0.0,0.0,0.25,1.0,0.188,0.062,0.625,0.625,0.0,0.0,0.5,1.0,0.75,0.875,0.812,0.188,0.0,0.0,0.125,0.75,0.625,1.0,0.312,0.0,0.0,0.0,0.0,0.0,0.375,1.0,0.0,0.0,0.0,0.0,0.0,0.0,0.375,0.812,0.0,0.0,0.0,4
0.0,0.0,0.0,0.875,0.625,0.0,0.0,0.0,0.0,0.188,0.875,1.0,0.812,0.0,0.0,0.0,0.125,1.0,1.0,1.0,0.312,0.0,0.0,0.0,0.062,0.688,0.875,0.938,0.062,0.0,0.0,0.0,0.0,0.0,0.5,1.0,0.062,0.0,0.0,0.0,0.0,0.0,0.438,1.0,0.062,0.0,0.0,0.0,0.0,0.0,0.062,0.938,0.312,0.0,0.0,0.0,0.0,0.0,0.0,0.812,0.812,0.0,0.0,0.0,1
0.0,0.0,0.0,0.5,0.75,0.062,0.0,0.0,0.0,0.0,0.062,0.938,0.75,0.062,0.0,0.0,0.0,0.0,0.375,1.0,0.188,0.0,0.0,0.0,0.0,0.0,0.438,1.0,0.062,0.0,0.0,0.0,0.0,0.062,1.0,1.0,0.875,0.312,0.0,0.0,0.0,0.062,0.75,1.0,0.375,0.875,0.562,0.0,0.0,0.0,0.125,1.0,0.375,0.625,0.938,0.0,0.0,0.0,0.0,0.375,1.0,1.0,0.688,0.0,6
0.0,0.0,0.562,0.75,0.875,0.375,0.0,0.0,0.0,0.0,1.0,0.375,0.0,0.0,0.0,0.0,0.0,0.125,0.938,0.0,0.0,0.0,0.0,0.0,0.0,0.5,0.938,0.75,1.0,0.562,0.062,0.0,0.0,0.062,0.5,0.375,0.125,0.75,0.438,0.0,0.0,0.0,0.0,0.0,0.0,0.688,0.438,0.0,0.0,0.0,0.0,0.0,0.5,0.938,0.125,0.0,0.0,0.0,0.75,0.875,0.562,0.125,0.0,0.0,5
0.0,0.0,0.125,0.875,0.812,0.0,0.0,0.0,0.0,0.0,0.875,0.938,0.188,0.0,0.0,0.0,0.0,0.375,1.0,0.125,0.062,0.312,0.0,0.0,0.0,0.625,0.812,0.0,0.312,1.0,0.125,0.0,0.0,0.438,1.0,0.562,0.75,1.0,0.688,0.0,0.0,0.0,0.312,0.75,1.0,0.625,0.125,0.0,0.0,0.0,0.0,0.75,0.75,0.062,0.0,0.0,0.0,0.0,0.0,1.0,0.312,0.0,0.0,0.0,4
0.0,0.0,0.188,0.938,0.75,0.125,0.0,0.0,0.0,0.0,0.062,1.0,1.0,0.375,0.0,0.0,0.0,0.0,0.25,1.0,1.0,0.125,0.0,0.0,0.0,0.0,0.188,1.0,1.0,0.375,0.0,0.0,0.0,0.0,0.25,1.0,1.0,0.0,0.0,0.0,0.0,0.0,0.062,0.938,1.0,0.375,0.0,0.0,0.0,0.0,0.25,1.0,1.0,0.25,0.0,0.0,0.0,0.0,0.25,1.0,1.0,0.375,0.0,0.0,1
0.0,0.0,0.562,0.875,1.0,0.812,0.125,0.0,0.0,0.0,0.812,0.5,0.125,0.375,0.25,0.0,0.0,0.0,1.0,0.125,0.562,0.5,0.0,0.0,0.0,0.188,0.938,0.938,0.688,0.875,0.25,0.0,0.0,0.312,1.0,0.375,0.0,0.75,0.125,0.0,0.0,0.312,0.438,0.0,0.188,0.812,0.0,0.0,0.0,0.0,0.312,0.438,0.812,0.375,0.0,0.0,0.0,0.0,0.625,1.0,0.562,0.0,0.0,0.0,5
0.0,0.062,0.688,1.0,0.688,0.0,0.0,0.0,0.0,0.625,0.875,0.688,1.0,0.0,0.0,0.0,0.0,0.875,0.312,0.375,0.938,0.0,0.0,0.0,0.0,0.188,0.062,0.688,0.875,0.188,0.062,0.0,0.0,0.125,0.812,1.0,1.0,1.0,0.562,0.0,0.0,0.125,0.875,1.0,0.312,0.25,0.125,0.0,0.0,0.0,0.688,0.688,0.0,0.0,0.0,0.0,0.0,0.0,1.0,0.188,0.0,0.0,0.0,0.0,7
0.0,0.5,0.812,0.938,1.0,1.0,0.5,0.0,0.0,0.562,1.0,1.0,0.812,0.688,0.312,0.0,0.0,0.375,1.0,0.75,0.0,0.0,0.0,0.0,0.0,0.062,0.875,0.875,0.0,0.0,0.0,0.0,0.0,0.0,0.5,1.0,0.125,0.0,0.0,0.0,0.0,0.0,0.5,0.938,0.0,0.0,0.0,0.0,0.0,0.188,0.875,0.688,0.0,0.0,0.0,0.0,0.0,0.562,1.0,0.375,0.0,0.0,0.0,0.0,5
0.0,0.0,0.25,0.812,0.75,0.062,0.0,0.0,0.0,0.125,0.938,0.875,1.0,0.812,0.0,0.0,0.0,0.375,1.0,0.25,0.375,1.0,0.312,0.0,0.0,0.5,0.938,0.062,0.0,0.75,0.5,0.0,0.0,0.5,0.75,0.0,0.0,0.75,0.5,0.0,0.0,0.312,0.812,0.0,0.062,0.812,0.5,0.0,0.0,0.062,0.938,0.625,0.75,1.0,0.188,0.0,0.0,0.0,0.375,1.0,0.812,0.25,0.0,0.0,0
0.0,0.0,0.562,0.812,0.875,0.938,0.812,0.0,0.0,0.0,1.0,0.812,0.75,0.75,0.312,0.0,0.0,0.25,1.0,0.0,0.0,0.0,0.0,0.0,0.0,0.5,1.0,1.0,0.688,0.062,0.0,0.0,0.0,0.062,0.438,0.5,1.0,0.75,0.0,0.0,0.0,0.0,0.0,0.0,0.562,0.812,0.0,0.0,0.0,0.0,0.75,0.5,0.75,0.625,0.0,0.0,0.0,0.0,0.625,1.0,0.812,0.188,0.0,0.0,5
0.0,0.0,0.75,1.0,0.875,0.5,0.0,0.0,0.0,0.438,1.0,0.625,0.875,1.0,0.0,0.0,0.0,0.25,1.0,0.688,0.875,1.0,0.25,0.0,0.0,0.0,0.312,0.875,1.0,1.0,0.5,0.0,0.0,0.0,0.0,0.0,0.0,1.0,0.5,0.0,0.0,0.0,0.0,0.0,0.25,1.0,0.375,0.0,0.0,0.125,0.75,0.562,1.0,0.938,0.062,0.0,0.0,0.062,0.562,1.0,0.875,0.188,0.0,0.0,9
0.0,0.0,0.0,0.562,0.875,0.375,0.0,0.0,0.0,0.0,0.625,0.812,0.25,0.812,0.125,0.0,0.0,0.125,0.875,0.0,0.0,0.625,0.375,0.0,0.0,0.25,0.562,0.0,0.0,0.375,0.5,0.0,0.0,0.312,0.5,0.0,0.0,0.5,0.438,0.0,0.0,0.125,0.688,0.062,0.0,0.562,0.312,0.0,0.0,0.0,0.375,0.688,0.25,0.812,0.188,0.0,0.0,0.0,0.062,0.688,1.0,0.75,0.0,0.0,0
0.0,0.0,0.062,0.812,0.562,0.0,0.0,0.0,0.0,0.0,0.5,1.0,0.25,0.0,0.0,0.0,0.0,0.0,1.0,0.688,0.0,0.0,0.0,0.0,0.0,0.125,1.0,0.625,0.125,0.0,0.0,0.0,0.0,0.438,1.0,1.0,1.0,0.625,0.062,0.0,0.0,0.25,1.0,0.375,0.125,0.875,0.438,0.0,0.0,0.0,0.688,0.938,0.75,0.938,0.5,0.0,0.0,0.0,0.125,0.875,0.938,0.375,0.0,0.0,6
0.0,0.188,1.0,1.0,0.875,0.438,0.062,0.0,0.0,0.062,0.562,0.562,0.938,1.0,0.25,0.0,0.0,0.0,0.0,0.438,1.0,0.75,0.062,0.0,0.0,0.0,0.0,0.562,1.0,0.125,0.0,0.0,0.0,0.0,0.0,0.188,0.938,0.438,0.0,0.0,0.0,0.0,0.0,0.0,0.562,0.938,0.0,0.0,0.0,0.062,0.625,0.625,1.0,1.0,0.188,0.0,0.0,0.125,0.812,1.0,0.75,0.312,0.0,0.0,3
0.0,0.0,0.0,0.562,1.0,0.375,0.0,0.0,0.0,0.0,0.5,1.0,0.75,0.312,0.0,0.0,0.0,0.125,1.0,0.562,0.0,0.0,0.0,0.0,0.0,0.375,1.0,0.375,0.125,0.0,0.0,0.0,0.0,0.5,1.0,1.0,1.0,0.438,0.0,0.0,0.0,0.125,1.0,0.438,0.438,1.0,0.25,0.0,0.0,0.0,0.562,0.812,0.188,0.875,0.562,0.0,0.0,0.0,0.0,0.5,1.0,1.0,0.438,0.0,6
0.0,0.0,0.5,0.875,1.0,1.0,0.125,0.0,0.0,0.0,0.688,0.375,0.438,1.0,0.062,0.0,0.0,0.0,0.0,0.0,0.625,0.75,0.0,0.0,0.0,0.062,0.688,1.0,1.0,1.0,0.75,0.0,0.0,0.125,0.75,0.812,0.812,0.125,0.0,0.0,0.0,0.0,0.062,0.875,0.25,0.0,0.0,0.0,0.0,0.0,0.5,0.75,0.0,0.0,0.0,0.0,0.0,0.0,0.75,0.438,0.0,0.0,0.0,0.0,7
0.0,0.0,0.375,0.875,1.0,0.312,0.0,0.0,0.0,0.125,1.0,1.0,1.0,0.438,0.0,0.0,0.0,0.125,0.938,1.0,0.938,0.125,0.0,0.0,0.0,0.0,0.375,1.0,0.938,0.438,0.0,0.0,0.0,0.0,0.875,0.625,0.375,1.0,0.188,0.0,0.0,0.062,1.0,0.188,0.0,1.0,0.438,0.0,0.0,0.0,0.625,0.688,0.688,0.938,0.188,0.0,0.0,0.0,0.188,0.875,1.0,0.375,0.0,0.0,8
0.0,0.0,0.0,0.0,0.438,0.938,0.062,0.0,0.0,0.0,0.0,0.0,0.688,1.0,0.0,0.0,0.0,0.0,0.0,0.0,1.0,0.875,0.0,0.0,0.0,0.0,0.0,0.625,1.0,0.938,0.0,0.0,0.0,0.0,0.75,1.0,1.0,0.688,0.0,0.0,0.0,0.312,1.0,0.375,0.938,0.75,0.0,0.0,0.0,0.0,0.062,0.0,0.75,1.0,0.0,0.0,0.0,0.0,0.0,0.0,0.25,0.938,0.25,0.0,1
0.0,0.0,0.125,0.562,0.875,1.0,0.938,0.0,0.0,0.188,1.0,0.812,0.5,0.625,1.0,0.0,0.0,0.062,0.125,0.0,0.0,0.688,0.562,0.0,0.0,0.0,0.188,0.688,0.75,1.0,0.688,0.0,0.0,0.0,0.75,0.875,1.0,0.75,0.125,0.0,0.0,0.0,0.0,0.188,1.0,0.188,0.0,0.0,0.0,0.0,0.0,0.438,0.625,0.0,0.0,0.0,0.0,0.0,0.0,0.875,0.312,0.0,0.0,0.0,7
0.0,0.0,0.125,0.875,0.5,0.0,0.0,0.0,0.0,0.188,0.875,0.625,1.0,0.062,0.0,0.0,0.0,0.688,0.5,0.125,0.938,0.0,0.0,0.0,0.0,0.562,0.5,0.062,0.812,0.0,0.0,0.0,0.0,0.062,0.188,0.375,0.625,0.0,0.0,0.0,0.0,0.0,0.0,0.562,0.438,0.0,0.0,0.0,0.0,0.0,0.0,0.875,0.562,0.25,0.438,0.188,0.0,0.0,0.062,0.875,1.0,1.0,0.812,0.5,2
0.0,0.0,0.625,1.0,1.0,0.438,0.0,0.0,0.0,0.375,0.938,0.562,0.875,0.75,0.0,0.0,0.0,0.188,0.312,0.0,0.812,0.5,0.0,0.0,0.0,0.0,0.0,0.625,0.812,0.0,0.0,0.0,0.0,0.0,0.125,1.0,0.25,0.0,0.0,0.0,0.0,0.0,0.75,0.5,0.0,0.0,0.0,0.0,0.0,0.0,1.0,0.812,0.688,0.5,0.188,0.0,0.0,0.0,0.75,1.0,1.0,1.0,0.312,0.0,2
0.0,0.0,0.125,0.312,0.312,0.688,0.938,0.312,0.0,0.0,0.75,1.0,0.875,0.812,1.0,0.188,0.0,0.062,0.875,0.562,0.0,0.375,0.688,0.0,0.0,0.0,1.0,0.312,0.062,0.812,0.25,0.0,0.0,0.0,0.062,0.0,0.438,0.688,0.0,0.0,0.0,0.0,0.0,0.125,0.75,0.125,0.0,0.0,0.0,0.0,0.0,0.625,0.625,0.0,0.0,0.0,0.0,0.0,0.0,0.938,0.312,0.0,0.0,0.0,7
0.0,0.0,0.625,1.0,1.0,0.25,0.0,0.0,0.0,0.0,0.562,0.5,0.812,0.625,0.0,0.0,0.0,0.0,0.0,0.25,0.938,0.375,0.0,0.0,0.0,0.0,0.0,0.812,1.0,0.438,0.0,0.0,0.0,0.0,0.0,0.312,0.812,1.0,0.062,0.0,0.0,0.0,0.0,0.0,0.0,1.0,0.25,0.0,0.0,0.0,0.438,0.188,0.312,1.0,0.125,0.0,0.0,0.0,0.688,1.0,1.0,0.625,0.0,0.0,3
0.0,0.0,0.312,0.875,0.875,0.125,0.0,0.0,0.0,0.125,1.0,1.0,1.0,0.438,0.0,0.0,0.0,0.0,0.438,0.25,1.0,0.75,0.0,0.0,0.0,0.0,0.062,0.562,1.0,1.0,0.5,0.0,0.0,0.188,0.938,1.0,1.0,0.625,0.125,0.0,0.0,0.25,1.0,1.0,0.688,0.0,0.0,0.0,0.0,0.0,0.562,1.0,0.312,0.0,0.0,0.0,0.0,0.0,0.562,0.812,0.0,0.0,0.0,0.0,7
0.0,0.125,0.625,0.875,1.0,0.75,0.0,0.0,0.0,0.625,0.75,0.438,0.625,0.75,0.0,0.0,0.0,0.0,0.0,0.0,0.812,0.625,0.0,0.0,0.0,0.0,0.0,0.188,1.0,0.188,0.0,0.0,0.0,0.0,0.0,0.812,0.625,0.0,0.0,0.0,0.0,0.0,0.312,1.0,0.062,0.0,0.0,0.0,0.0,0.0,0.875,0.938,0.75,1.0,0.625,0.0,0.0,0.062,1.0,0.812,0.562,0.188,0.0,0.0,2
0.0,0.0,0.062,0.812,0.0,0.0,0.0,0.0,0.0,0.0,0.438,0.625,0.0,0.0,0.0,0.0,0.0,0.062,1.0,0.125,0.0,0.0,0.0,0.0,0.0,0.25,0.812,0.0,0.0,0.0,0.0,0.0,0.0,0.438,0.75,0.25,0.688,0.562,0.062,0.0,0.0,0.25,1.0,0.938,0.5,0.75,0.438,0.0,0.0,0.125,0.875,0.625,0.188,0.812,0.438,0.0,0.0,0.0,0.125,0.812,1.0,0.5,0.062,0.0,6
0.0,0.0,0.125,0.938,0.312,0.0,0.0,0.0,0.0,0.0,0.562,0.938,0.0,0.062,0.0,0.0,0.0,0.0,0.875,0.562,0.562,0.562,0.0,0.0,0.0,0.5,1.0,0.25,1.0,0.812,0.75,0.0,0.0,0.812,1.0,1.0,1.0,0.938,0.438,0.0,0.0,0.188,0.5,0.812,0.75,0.125,0.0,0.0,0.0,0.0,0.0,0.875,0.625,0.0,0.0,0.0,0.0,0.0,0.188,1.0,0.438,0.0,0.0,0.0,4
0.0,0.0,0.0,0.375,0.812,1.0,1.0,0.562,0.0,0.0,0.375,1.0,0.875,0.688,1.0,0.625,0.0,0.0,0.125,0.188,0.0,0.25,0.938,0.25,0.0,0.0,0.125,0.562,0.75,1.0,0.812,0.0,0.0,0.125,0.938,1.0,1.0,1.0,0.188,0.0,0.0,0.25,0.562,0.188,0.625,0.625,0.0,0.0,0.0,0.0,0.0,0.062,1.0,0.125,0.0,0.0,0.0,0.0,0.0,0.438,0.562,0.0,0.0,0.0,7
0.0,0.0,0.562,1.0,1.0,0.75,0.125,0.0,0.0,0.188,0.812,0.312,0.25,0.875,0.312,0.0,0.0,0.0,0.0,0.0,0.438,0.938,0.125,0.0,0.0,0.0,0.0,0.312,1.0,0.688,0.0,0.0,0.0,0.0,0.0,0.0,0.5,1.0,0.438,0.0,0.0,0.0,0.0,0.0,0.0,0.812,0.5,0.0,0.0,0.0,0.25,0.312,0.312,0.938,0.25,0.0,0.0,0.0,0.75,1.0,0.938,0.312,0.0,0.0,3
0.0,0.0,0.5,0.75,0.812,0.312,0.0,0.0,0.0,0.25,0.812,0.25,0.562,0.688,0.0,0.0,0.0,0.0,0.0,0.375,0.812,0.25,0.0,0.0,0.0,0.0,0.0,0.625,0.938,0.25,0.0,0.0,0.0,0.0,0.0,0.0,0.25,0.938,0.125,0.0,0.0,0.438,0.5,0.0,0.0,0.75,0.438,0.0,0.0,0.5,0.562,0.062,0.188,1.0,0.188,0.0,0.0,0.0,0.625,1.0,1.0,0.375,0.0,0.0,3
0.0,0.0,0.125,0.812,1.0,0.812,0.0,0.0,0.0,0.0,0.875,0.938,0.875,1.0,0.0,0.0,0.0,0.0,0.312,0.0,0.625,0.938,0.0,0.0,0.0,0.0,0.0,0.0,0.812,0.812,0.0,0.0,0.0,0.0,0.438,0.875,1.0,1.0,0.438,0.0,0.0,0.0,0.875,1.0,0.875,0.625,0.188,0.0,0.0,0.0,0.188,0.938,0.312,0.0,0.0,0.0,0.0,0.0,0.25,0.938,0.0,0.0,0.0,0.0,7
0.0,0.0,0.375,1.0,1.0,0.5,0.0,0.0,0.0,0.125,1.0,0.5,0.562,1.0,0.188,0.0,0.0,0.5,1.0,0.062,0.0,0.562,0.562,0.0,0.0,0.562,0.75,0.0,0.0,0.5,0.75,0.0,0.0,0.625,0.75,0.0,0.0,0.5,0.625,0.0,0.0,0.5,0.812,0.0,0.0,0.562,0.5,0.0,0.0,0.125,1.0,0.5,0.375,0.938,0.188,0.0,0.0,0.0,0.5,1.0,0.938,0.5,0.0,0.0,0
0.0,0.25,0.938,1.0,1.0,1.0,0.25,0.0,0.0,0.25,1.0,0.938,0.562,0.438,0.062,0.0,0.0,0.0,0.938,0.875,0.062,0.0,0.0,0.0,0.0,0.0,0.312,1.0,0.562,0.0,0.0,0.0,0.0,0.0,0.0,0.875,1.0,0.0,0.0,0.0,0.0,0.0,0.0,0.562,1.0,0.312,0.0,0.0,0.0,0.188,0.625,0.812,1.0,0.25,0.0,0.0,0.0,0.312,1.0,1.0,0.75,0.0,0.0,0.0,5
0.0,0.0,0.0,0.625,0.812,0.188,0.0,0.0,0.0,0.0,0.5,1.0,0.875,0.75,0.0,0.0,0.0,0.188,1.0,0.812,0.0,0.875,0.062,0.0,0.0,0.312,1.0,0.375,0.0,0.875,0.312,0.0,0.0,0.375,1.0,0.0,0.0,0.938,0.25,0.0,0.0,0.125,0.812,0.062,0.312,1.0,0.25,0.0,0.0,0.0,0.625,1.0,1.0,0.875,0.062,0.0,0.0,0.0,0.125,0.688,0.812,0.375,0.0,0.0,0
0.0,0.0,0.25,1.0,0.375,0.0,0.0,0.0,0.0,0.0,0.438,1.0,0.312,0.0,0.0,0.0,0.0,0.0,0.75,0.75,0.062,0.0,0.0,0.0,0.0,0.0,1.0,0.5,0.0,0.0,0.0,0.0,0.0,0.25,1.0,0.688,0.125,0.0,0.0,0.0,0.0,0.312,1.0,1.0,1.0,0.812,0.062,0.0,0.0,0.125,1.0,0.875,0.938,1.0,0.312,0.0,0.0,0.0,0.312,0.938,0.875,0.438,0.0,0.0,6
0.0,0.0,0.25,0.938,1.0,1.0,0.312,0.0,0.0,0.0,0.375,0.562,0.688,1.0,0.688,0.0,0.0,0.0,0.0,0.0,0.188,1.0,0.312,0.0,0.0,0.0,0.0,0.188,0.875,1.0,0.625,0.0,0.0,0.0,0.438,1.0,1.0,0.688,0.188,0.0,0.0,0.0,0.5,0.938,0.812,0.0,0.0,0.0,0.0,0.0,0.312,1.0,0.438,0.0,0.0,0.0,0.0,0.0,0.438,0.875,0.125,0.0,0.0,0.0,7
0.0,0.0,0.0,0.688,0.875,0.0,0.0,0.0,0.0,0.0,0.625,1.0,0.25,0.0,0.0,0.0,0.0,0.062,0.938,0.688,0.0,0.0,0.0,0.0,0.0,0.188,1.0,0.75,0.5,0.125,0.0,0.0,0.0,0.438,1.0,1.0,0.75,0.875,0.188,0.0,0.0,0.25,1.0,0.5,0.0,0.625,0.562,0.0,0.0,0.062,0.75,0.938,0.562,0.875,0.625,0.0,0.0,0.0,0.125,0.625,0.812,0.688,0.062,0.0,6
0.0,0.0,0.0,0.812,0.75,0.0,0.0,0.0,0.0,0.0,0.375,1.0,0.438,0.0,0.0,0.0,0.0,0.0,0.938,0.938,0.062,0.062,0.25,0.0,0.0,0.375,1.0,0.625,0.562,0.938,0.875,0.0,0.0,0.562,1.0,1.0,1.0,1.0,0.25,0.0,0.0,0.125,0.5,0.75,1.0,0.562,0.0,0.0,0.0,0.0,0.0,0.812,1.0,0.0,0.0,0.0,0.0,0.0,0.0,0.875,0.938,0.062,0.0,0.0,4
0.0,0.0,0.062,0.938,0.688,0.062,0.0,0.0,0.0,0.0,0.125,1.0,1.0,0.438,0.0,0.0,0.0,0.0,0.375,1.0,1.0,0.312,0.0,0.0,0.0,0.0,0.5,1.0,1.0,0.25,0.0,0.0,0.0,0.0,0.562,1.0,0.812,0.0,0.0,0.0,0.0,0.0,0.688,1.0,0.812,0.0,0.0,0.0,0.0,0.0,0.688,1.0,0.688,0.0,0.0,0.0,0.0,0.0,0.062,0.875,1.0,0.188,0.0,0.0,1
0.0,0.0,0.688,1.0,0.938,0.312,0.0,0.0,0.0,0.5,1.0,0.875,1.0,0.5,0.0,0.0,0.0,0.688,0.625,0.0,1.0,0.5,0.0,0.0,0.0,0.188,0.062,0.375,1.0,0.125,0.0,0.0,0.0,0.0,0.062,0.938,0.625,0.0,0.0,0.0,0.0,0.0,0.688,0.938,0.062,0.0,0.0,0.0,0.0,0.0,1.0,0.875,0.75,0.75,0.5,0.0,0.0,0.062,0.938,1.0,1.0,0.875,0.5,0.0,2
0.0,0.0,0.125,0.812,1.0,1.0,1.0,0.75,0.0,0.0,0.562,0.938,0.5,0.562,1.0,0.438,0.0,0.0,0.625,0.625,0.0,0.375,0.875,0.062,0.0,0.062,1.0,0.312,0.062,1.0,0.25,0.0,0.0,0.0,0.25,0.0,0.562,0.812,0.0,0.0,0.0,0.0,0.0,0.25,0.938,0.062,0.0,0.0,0.0,0.0,0.0,0.875,0.625,0.0,0.0,0.0,0.0,0.0,0.188,0.938,0.25,0.0,0.0,0.0,7
0.0,0.0,0.5,0.75,0.875,0.75,0.188,0.0,0.0,0.0,0.75,0.312,0.0,0.188,0.0,0.0,0.0,0.0,1.0,0.125,0.25,0.062,0.0,0.0,0.0,0.25,1.0,0.875,0.75,0.938,0.25,0.0,0.0,0.0,0.25,0.0,0.0,0.5,0.5,0.0,0.0,0.062,0.0,0.0,0.0,0.688,0.312,0.0,0.0,0.375,0.875,0.062,0.125,0.938,0.062,0.0,0.0,0.0,0.5,0.875,1.0,0.25,0.0,0.0,5
0.0,0.0,0.125,0.625,0.875,0.625,0.0,0.0,0.0,0.062,0.938,0.562,0.562,1.0,0.062,0.0,0.0,0.438,0.562,0.0,0.562,0.75,0.0,0.0,0.0,0.438,0.438,0.188,0.938,0.938,0.0,0.0,0.0,0.125,0.938,0.938,0.438,1.0,0.062,0.0,0.0,0.0,0.062,0.125,0.0,0.562,0.25,0.0,0.0,0.0,0.312,0.812,0.25,0.5,0.562,0.0,0.0,0.0,0.062,0.625,0.938,1.0,0.375,0.0,9
0.0,0.0,0.0,0.312,0.75,0.0,0.125,0.062,0.0,0.0,0.062,0.875,0.25,0.062,0.875,0.5,0.0,0.0,0.625,0.5,0.0,0.562,0.938,0.062,0.0,0.062,0.938,0.062,0.125,0.938,0.5,0.0,0.0,0.312,1.0,0.375,0.688,1.0,0.125,0.0,0.0,0.312,1.0,1.0,1.0,0.625,0.0,0.0,0.0,0.0,0.062,0.0,0.938,0.125,0.0,0.0,0.0,0.0,0.0,0.312,0.688,0.0,0.0,0.0,4
0.0,0.0,0.062,0.812,0.25,0.0,0.0,0.0,0.0,0.0,0.75,0.812,0.062,0.0,0.0,0.0,0.0,0.062,1.0,0.125,0.0,0.0,0.0,0.0,0.0,0.312,1.0,0.5,0.25,0.125,0.0,0.0,0.0,0.312,1.0,0.875,1.0,0.938,0.188,0.0,0.0,0.188,0.812,0.062,0.0,0.562,0.562,0.0,0.0,0.0,0.688,0.75,0.25,0.688,0.688,0.0,0.0,0.0,0.125,0.812,1.0,0.812,0.062,0.0,6
0.0,0.0,0.438,0.812,0.688,0.0,0.0,0.0,0.0,0.375,1.0,0.688,1.0,0.0,0.0,0.0,0.0,0.188,0.5,0.312,1.0,0.0,0.0,0.0,0.0,0.0,0.188,0.938,1.0,0.375,0.0,0.0,0.0,0.0,0.0,0.438,0.5,1.0,0.312,0.0,0.0,0.375,0.5,0.0,0.0,0.688,0.562,0.0,0.0,0.0,1.0,0.375,0.375,0.875,0.375,0.0,0.0,0.0,0.375,0.938,1.0,0.625,0.0,0.0,3
0.0,0.0,0.0,0.062,0.812,0.062,0.0,0.0,0.0,0.0,0.062,0.875,0.938,0.0,0.0,0.0,0.0,0.0,0.188,1.0,0.375,0.0,0.0,0.0,0.0,0.0,0.375,0.75,0.0,0.0,0.0,0.0,0.0,0.0,0.562,0.875,0.625,0.188,0.0,0.0,0.0,0.0,0.5,1.0,1.0,1.0,0.062,0.0,0.0,0.0,0.5,1.0,0.938,1.0,0.312,0.0,0.0,0.0,0.0,0.125,0.688,0.688,0.062,0.0,6
0.0,0.0,0.062,0.875,0.5,0.5,0.062,0.0,0.0,0.0,0.625,0.812,0.5,1.0,0.062,0.0,0.0,0.125,1.0,0.25,0.625,0.688,0.0,0.0,0.0,0.438,0.938,0.375,0.875,1.0,0.812,0.0,0.0,0.188,1.0,1.0,0.938,0.562,0.125,0.0,0.0,0.0,0.188,0.688,0.562,0.0,0.0,0.0,0.0,0.0,0.0,0.75,0.25,0.0,0.0,0.0,0.0,0.0,0.0,0.75,0.0,0.0,0.0,0.0,4
0.0,0.0,0.375,0.875,0.438,0.375,0.0,0.0,0.0,0.062,0.875,0.375,0.812,1.0,0.062,0.0,0.0,0.312,0.75,0.0,0.562,1.0,0.188,0.0,0.0,0.062,0.938,0.875,0.812,0.688,0.5,0.0,0.0,0.0,0.0,0.0,0.0,0.5,0.5,0.0,0.0,0.0,0.0,0.0,0.0,0.438,0.5,0.0,0.0,0.062,0.875,0.125,0.062,0.75,0.062,0.0,0.0,0.0,0.25,0.812,0.938,0.312,0.0,0.0,9
0.0,0.0,0.125,0.562,0.875,0.75,0.0,0.0,0.0,0.0,0.75,1.0,0.625,0.938,0.062,0.0,0.0,0.25,0.875,0.188,0.125,0.375,0.375,0.0,0.0,0.312,0.438,0.0,0.0,0.188,0.5,0.0,0.0,0.25,0.438,0.0,0.0,0.062,0.5,0.0,0.0,0.188,0.75,0.062,0.0,0.312,0.5,0.0,0.0,0.0,0.625,0.75,0.438,0.875,0.188,0.0,0.0,0.0,0.062,0.75,1.0,0.5,0.0,0.0,0
0.0,0.0,0.125,1.0,0.5,0.0,0.0,0.0,0.0,0.0,0.5,0.938,0.312,0.0,0.0,0.0,0.0,0.125,1.0,0.438,0.0,0.0,0.0,0.0,0.0,0.188,1.0,0.438,0.312,0.062,0.0,0.0,0.0,0.438,1.0,1.0,1.0,0.938,0.188,0.0,0.0,0.312,1.0,0.75,0.25,0.625,0.875,0.0,0.0,0.0,0.875,0.812,0.312,0.625,0.938,0.0,0.0,0.0,0.188,0.812,1.0,1.0,0.438,0.0,6
0.0,0.062,0.688,0.812,0.625,0.062,0.0,0.0,0.0,0.5,0.75,0.188,0.812,0.625,0.0,0.0,0.0,0.5,0.688,0.125,0.688,1.0,0.062,0.0,0.0,0.062,0.938,1.0,1.0,1.0,0.125,0.0,0.0,0.0,0.125,0.5,0.188,0.562,0.375,0.0,0.0,0.0,0.0,0.0,0.0,0.438,0.562,0.0,0.0,0.125,0.75,0.188,0.0,0.562,0.75,0.0,0.0,0.062,0.562,0.938,1.0,0.812,0.188,0.0,9
0.0,0.0,0.188,0.875,0.188,0.0,0.0,0.0,0.0,0.0,0.812,0.812,0.0,0.0,0.0,0.0,0.0,0.0,1.0,0.438,0.0,0.0,0.0,0.0,0.0,0.312,1.0,0.188,0.0,0.0,0.0,0.0,0.0,0.188,1.0,0.438,0.25,0.125,0.0,0.0,0.0,0.25,1.0,1.0,1.0,1.0,0.438,0.0,0.0,0.062,0.875,0.938,0.25,0.688,0.938,0.0,0.0,0.0,0.312,0.875,1.0,0.75,0.375,0.0,6
0.0,0.0,0.562,1.0,1.0,0.438,0.0,0.0,0.0,0.125,1.0,0.688,0.25,0.938,0.125,0.0,0.0,0.25,1.0,0.125,0.125,1.0,0.375,0.0,0.0,0.0,0.812,0.688,0.812,1.0,0.625,0.0,0.0,0.0,0.062,0.625,0.812,1.0,0.375,0.0,0.0,0.0,0.0,0.0,0.188,1.0,0.438,0.0,0.0,0.0,0.0,0.125,0.812,0.875,0.062,0.0,0.0,0.0,0.688,0.938,0.938,0.375,0.0,0.0,9
0.0,0.0,0.438,1.0,1.0,1.0,0.812,0.0,0.0,0.0,0.5,0.562,0.5,0.938,0.938,0.0,0.0,0.0,0.0,0.0,0.25,1.0,0.438,0.0,0.0,0.0,0.25,0.5,0.75,1.0,0.312,0.0,0.0,0.188,1.0,1.0,1.0,0.875,0.438,0.0,0.0,0.0,0.188,0.5,1.0,0.188,0.0,0.0,0.0,0.0,0.0,0.938,0.812,0.0,0.0,0.0,0.0,0.0,0.438,1.0,0.188,0.0,0.0,0.0,7
0.0,0.0,0.375,0.812,1.0,0.5,0.0,0.0,0.0,0.312,1.0,0.938,0.875,0.75,0.0,0.0,0.0,0.562,0.75,0.125,0.938,0.5,0.0,0.0,0.0,0.0,0.0,0.562,0.75,0.0,0.0,0.0,0.0,0.0,0.0,0.938,1.0,0.812,0.188,0.0,0.0,0.0,0.0,0.188,0.562,0.938,0.688,0.0,0.0,0.0,0.062,0.5,0.875,1.0,0.5,0.0,0.0,0.0,0.438,1.0,0.875,0.375,0.0,0.0,3
0.0,0.188,1.0,0.562,0.125,0.0,0.0,0.0,0.0,0.188,1.0,0.812,0.75,0.0,0.0,0.0,0.0,0.0,0.75,0.688,0.875,0.625,0.375,0.0,0.0,0.0,0.125,0.938,1.0,0.625,0.125,0.0,0.0,0.0,0.375,0.875,0.938,0.062,0.0,0.0,0.0,0.188,0.938,0.25,0.562,0.438,0.0,0.0,0.0,0.375,0.812,0.062,0.625,0.562,0.0,0.0,0.0,0.125,0.688,0.75,0.875,0.25,0.0,0.0,8
0.0,0.0,0.375,0.938,0.938,0.25,0.0,0.0,0.0,0.375,1.0,1.0,1.0,0.875,0.0,0.0,0.0,0.438,1.0,0.875,1.0,0.812,0.0,0.0,0.0,0.0,0.188,0.438,1.0,0.375,0.0,0.0,0.0,0.0,0.0,0.125,1.0,0.562,0.0,0.0,0.0,0.0,0.0,0.0,0.875,0.938,0.0,0.0,0.0,0.0,0.438,0.625,1.0,0.875,0.0,0.0,0.0,0.0,0.438,0.938,0.938,0.25,0.0,0.0,3
0.0,0.0,0.0,0.312,0.938,0.812,0.062,0.0,0.0,0.0,0.125,0.875,1.0,0.875,0.0,0.0,0.0,0.062,0.812,1.0,1.0,0.75,0.0,0.0,0.0,0.562,1.0,0.875,1.0,0.375,0.0,0.0,0.0,0.188,0.312,0.375,1.0,0.25,0.0,0.0,0.0,0.0,0.0,0.5,1.0,0.125,0.0,0.0,0.0,0.0,0.0,0.562,1.0,0.188,0.0,0.0,0.0,0.0,0.0,0.25,0.938,0.812,0.062,0.0,1
0.0,0.0,0.0,0.375,0.875,0.625,0.0,0.0,0.0,0.0,0.188,1.0,0.438,0.812,0.125,0.0,0.0,0.0,0.25,1.0,0.188,0.875,0.062,0.0,0.0,0.0,0.0,0.688,1.0,0.562,0.0,0.0,0.0,0.0,0.312,0.875,1.0,0.375,0.0,0.0,0.0,0.188,0.938,0.25,0.062,0.812,0.25,0.0,0.0,0.125,0.875,0.688,0.312,0.312,0.75,0.0,0.0,0.0,0.0,0.375,0.625,0.938,0.938,0.0,8
0.0,0.0,0.0,0.812,0.938,0.25,0.0,0.0,0.0,0.0,0.688,1.0,0.562,0.25,0.0,0.0,0.0,0.062,1.0,0.875,0.0,0.0,0.0,0.0,0.0,0.312,1.0,0.438,0.0,0.0,0.0,0.0,0.0,0.312,1.0,1.0,0.875,0.25,0.0,0.0,0.0,0.125,0.938,0.562,0.438,0.938,0.312,0.0,0.0,0.0,0.688,0.812,0.25,0.75,0.812,0.0,0.0,0.0,0.062,0.812,1.0,1.0,0.625,0.0,6
0.0,0.0,0.125,1.0,0.938,0.938,0.5,0.0,0.0,0.0,0.438,1.0,0.938,0.75,0.438,0.0,0.0,0.188,0.938,0.5,0.062,0.0,0.0,0.0,0.0,0.562,0.938,0.25,0.25,0.125,0.0,0.0,0.0,0.312,1.0,1.0,1.0,0.938,0.125,0.0,0.0,0.0,0.312,0.375,0.5,1.0,0.188,0.0,0.0,0.0,0.0,0.062,0.875,0.625,0.0,0.0,0.0,0.0,0.125,1.0,0.812,0.062,0.0,0.0,5
0.0,0.0,0.062,0.5,0.625,0.5,0.188,0.0,0.0,0.0,0.062,1.0,1.0,1.0,0.5,0.0,0.0,0.0,0.0,0.875,1.0,1.0,0.188,0.0,0.0,0.0,0.062,1.0,1.0,0.938,0.0,0.0,0.0,0.0,0.375,1.0,1.0,0.625,0.0,0.0,0.0,0.0,0.625,1.0,0.938,0.25,0.0,0.0,0.0,0.0,0.5,1.0,0.875,0.0,0.0,0.0,0.0,0.0,0.062,0.5,0.5,0.062,0.0,0.0,1
0.0,0.0,0.5,1.0,0.312,0.0,0.0,0.0,0.0,0.062,0.812,0.688,1.0,0.0,0.0,0.0,0.0,0.0,0.625,0.0,0.812,0.188,0.0,0.0,0.0,0.0,0.188,0.062,1.0,0.062,0.0,0.0,0.0,0.0,0.0,0.562,0.75,0.0,0.0,0.0,0.0,0.0,0.188,0.938,0.312,0.0,0.0,0.0,0.0,0.0,0.875,0.938,0.5,0.5,0.188,0.0,0.0,0.0,0.438,0.75,0.75,0.75,0.812,0.062,2
0.0,0.0,0.812,1.0,0.812,0.062,0.0,0.0,0.0,0.375,1.0,0.625,0.938,0.312,0.0,0.0,0.0,0.188,0.938,0.0,0.688,0.562,0.0,0.0,0.0,0.0,0.25,0.0,0.75,0.5,0.0,0.0,0.0,0.0,0.0,0.0,0.938,0.5,0.0,0.0,0.0,0.0,0.0,0.5,1.0,0.25,0.0,0.0,0.0,0.0,0.312,1.0,1.0,0.812,0.625,0.062,0.0,0.0,0.812,1.0,1.0,1.0,1.0,0.562,2
0.0,0.0,0.0,0.5,0.938,0.188,0.0,0.0,0.0,0.0,0.062,0.938,0.688,0.125,0.0,0.0,0.0,0.0,0.812,1.0,0.062,0.0,0.0,0.0,0.0,0.188,1.0,0.875,0.0,0.0,0.0,0.0,0.0,0.188,1.0,0.938,0.312,0.0,0.0,0.0,0.0,0.188,0.938,1.0,0.688,0.875,0.438,0.0,0.0,0.0,0.688,1.0,0.375,0.375,0.938,0.0,0.0,0.0,0.0,0.625,0.875,0.75,0.5,0.0,6
0.0,0.0,0.0,0.875,0.75,0.062,0.0,0.0,0.0,0.0,0.25,0.938,0.438,0.625,0.0,0.0,0.0,0.125,1.0,0.938,0.312,0.75,0.125,0.0,0.0,0.438,1.0,0.0,0.0,0.688,0.312,0.0,0.0,0.312,0.75,0.0,0.0,0.75,0.25,0.0,0.0,0.062,0.938,0.0,0.0,0.875,0.125,0.0,0.0,0.0,0.562,0.375,0.438,0.938,0.0,0.0,0.0,0.0,0.062,0.812,1.0,0.5,0.0,0.0,0
0.0,0.0,0.125,1.0,0.938,0.312,0.0,0.0,0.0,0.0,0.625,1.0,0.875,0.938,0.0,0.0,0.0,0.0,0.938,0.625,0.0,1.0,0.438,0.0,0.0,0.25,1.0,0.062,0.0,0.75,0.312,0.0,0.0,0.25,0.938,0.0,0.0,0.75,0.312,0.0,0.0,0.312,1.0,0.375,0.0,1.0,0.0,0.0,0.0,0.0,0.875,0.812,0.5,0.938,0.0,0.0,0.0,0.0,0.188,0.875,1.0,0.375,0.0,0.0,0
0.0,0.0,0.0,0.75,0.438,0.0,0.0,0.0,0.0,0.0,0.375,0.938,0.062,0.062,0.0,0.0,0.0,0.062,0.875,0.5,0.625,0.5,0.0,0.0,0.0,0.375,0.938,0.0,0.812,0.75,0.375,0.0,0.0,0.875,0.938,0.75,1.0,1.0,0.562,0.0,0.0,0.625,1.0,0.938,1.0,0.5,0.062,0.0,0.0,0.0,0.0,0.625,1.0,0.062,0.0,0.0,0.0,0.0,0.0,0.75,0.562,0.0,0.0,0.0,4
0.0,0.0,0.188,0.75,0.625,0.062,0.0,0.0,0.0,0.062,1.0,1.0,1.0,0.625,0.0,0.0,0.0,0.312,1.0,0.812,0.375,1.0,0.062,0.0,0.0,0.312,1.0,0.438,0.0,0.812,0.188,0.0,0.0,0.312,1.0,0.25,0.0,0.812,0.438,0.0,0.0,0.062,1.0,0.5,0.0,0.875,0.438,0.0,0.0,0.0,0.812,0.875,0.812,1.0,0.188,0.0,0.0,0.0,0.125,0.812,0.938,0.375,0.0,0.0,0
0.0,0.062,0.438,0.938,1.0,1.0,0.875,0.0,0.0,0.625,1.0,0.688,0.375,0.188,0.062,0.0,0.0,0.438,1.0,1.0,0.75,0.0,0.0,0.0,0.0,0.5,1.0,0.75,1.0,0.25,0.0,0.0,0.0,0.062,0.25,0.0,0.812,0.5,0.0,0.0,0.0,0.0,0.0,0.0,0.938,0.5,0.0,0.0,0.0,0.0,0.0,0.438,1.0,0.125,0.0,0.0,0.0,0.0,0.812,0.938,0.312,0.0,0.0,0.0,5
0.0,0.0,0.25,0.625,0.75,0.438,0.0,0.0,0.0,0.0,0.5,1.0,1.0,0.938,0.0,0.0,0.0,0.0,0.562,1.0,1.0,0.75,0.0,0.0,0.0,0.0,0.438,1.0,1.0,0.562,0.0,0.0,0.0,0.0,0.125,0.875,1.0,0.688,0.062,0.0,0.0,0.0,0.0,1.0,1.0,1.0,0.0,0.0,0.0,0.0,0.125,1.0,1.0,0.75,0.0,0.0,0.0,0.0,0.062,0.562,0.625,0.0,0.0,0.0,1
0.0,0.125,0.812,1.0,0.25,0.0,0.0,0.0,0.0,0.75,0.75,0.75,0.938,0.0,0.0,0.0,0.0,0.312,0.125,0.438,0.875,0.0,0.0,0.0,0.0,0.0,0.188,0.938,0.938,0.438,0.0,0.0,0.0,0.0,0.25,0.75,0.75,1.0,0.188,0.0,0.0,0.0,0.0,0.0,0.0,0.938,0.438,0.0,0.0,0.188,1.0,0.5,0.562,1.0,0.375,0.0,0.0,0.062,0.688,0.75,0.875,0.562,0.0,0.0,3
0.0,0.062,0.875,0.875,0.375,0.0,0.0,0.0,0.0,0.125,1.0,0.062,0.875,0.125,0.0,0.0,0.0,0.0,0.625,0.438,0.625,0.375,0.25,0.0,0.0,0.0,0.062,0.75,1.0,0.875,0.312,0.0,0.0,0.0,0.188,0.875,1.0,0.25,0.0,0.0,0.0,0.062,0.938,0.312,0.375,0.75,0.0,0.0,0.0,0.25,0.625,0.0,0.062,0.938,0.0,0.0,0.0,0.062,0.75,0.75,0.75,0.312,0.0,0.0,8
0.0,0.0,0.625,0.812,0.125,0.0,0.0,0.0,0.0,0.0,0.75,1.0,0.625,0.0,0.0,0.0,0.0,0.0,0.438,0.875,1.0,0.0,0.0,0.0,0.0,0.0,0.0,0.125,1.0,0.062,0.0,0.0,0.0,0.0,0.0,0.125,1.0,0.062,0.0,0.0,0.0,0.0,0.25,0.5,0.938,0.0,0.0,0.0,0.0,0.0,1.0,1.0,1.0,0.812,0.688,0.0,0.0,0.0,0.5,0.875,0.5,0.688,0.875,0.062,2
0.0,0.0,0.562,0.875,0.938,0.375,0.0,0.0,0.0,0.125,1.0,0.75,0.062,0.812,0.0,0.0,0.0,0.188,0.75,0.438,0.0,0.5,0.25,0.0,0.0,0.375,0.688,0.25,0.0,0.438,0.125,0.0,0.0,0.25,0.562,0.0,0.0,0.75,0.062,0.0,0.0,0.188,0.562,0.0,0.25,0.688,0.0,0.0,0.0,0.062,0.75,0.312,0.75,0.188,0.0,0.0,0.0,0.0,0.375,0.875,0.312,0.0,0.0,0.0,0
0.0,0.0,0.125,0.938,0.188,0.0,0.0,0.0,0.0,0.0,0.25,1.0,0.25,0.0,0.0,0.0,0.0,0.0,0.25,1.0,0.312,0.0,0.0,0.0,0.0,0.0,0.875,1.0,0.375,0.0,0.0,0.0,0.0,0.0,0.438,0.938,0.438,0.0,0.0,0.0,0.0,0.0,0.125,0.625,0.562,0.0,0.0,0.0,0.0,0.0,1.0,1.0,0.938,0.562,1.0,0.312,0.0,0.0,0.188,0.938,1.0,0.938,0.438,0.062,1
0.0,0.0,0.562,1.0,0.812,0.375,0.0,0.0,0.0,0.0,0.375,0.312,1.0,1.0,0.0,0.0,0.0,0.0,0.0,0.5,0.938,0.312,0.0,0.0,0.0,0.0,0.0,0.312,0.875,0.188,0.0,0.0,0.0,0.0,0.0,0.0,0.562,0.938,0.125,0.0,0.0,0.0,0.0,0.0,0.0,0.688,0.75,0.0,0.0,0.0,0.25,0.5,0.688,0.938,0.75,0.0,0.0,0.0,0.688,0.875,0.75,0.5,0.0,0.0,3
0.0,0.0,0.188,0.812,0.812,0.188,0.0,0.0,0.0,0.0,0.875,0.5,0.438,0.938,0.062,0.0,0.0,0.188,1.0,0.0,0.0,0.562,0.375,0.0,0.0,0.375,0.812,0.0,0.0,0.25,0.5,0.0,0.0,0.25,0.562,0.0,0.0,0.25,0.5,0.0,0.0,0.062,0.812,0.0,0.0,0.312,0.5,0.0,0.0,0.0,0.875,0.438,0.0,0.688,0.25,0.0,0.0,0.0,0.188,0.938,1.0,0.875,0.0,0.0,0
0.0,0.0,0.0,0.625,0.562,0.0,0.0,0.0,0.0,0.0,0.188,0.938,0.812,0.312,0.0,0.0,0.0,0.0,0.812,0.812,0.062,0.812,0.0,0.0,0.0,0.0,1.0,0.438,0.0,1.0,0.0,0.0,0.0,0.0,1.0,0.688,0.188,0.938,0.0,0.0,0.0,0.0,0.875,0.438,1.0,0.75,0.0,0.0,0.0,0.0,0.562,0.812,0.938,0.375,0.0,0.0,0.0,0.0,0.0,0.812,0.625,0.0,0.0,0.0,0
0.0,0.0,0.5,0.875,0.75,0.188,0.0,0.0,0.0,0.375,1.0,0.375,0.875,0.875,0.0,0.0,0.0,0.375,0.812,0.0,0.5,0.875,0.0,0.0,0.0,0.125,0.875,0.875,0.875,1.0,0.188,0.0,0.0,0.0,0.125,0.25,0.375,1.0,0.312,0.0,0.0,0.0,0.0,0.0,0.0,1.0,0.312,0.0,0.0,0.0,0.0,0.0,0.312,1.0,0.188,0.0,0.0,0.0,0.438,1.0,1.0,0.5,0.0,0.0,9
0.0,0.0,0.438,1.0,0.312,0.0,0.0,0.0,0.0,0.0,1.0,1.0,0.688,0.0,0.0,0.0,0.0,0.0,0.625,0.812,1.0,0.062,0.0,0.0,0.0,0.0,0.0,0.812,0.938,0.0,0.0,0.0,0.0,0.0,0.0,0.875,0.812,0.0,0.0,0.0,0.0,0.0,0.75,1.0,0.375,0.25,0.5,0.062,0.0,0.0,0.875,1.0,1.0,1.0,1.0,0.25,0.0,0.0,0.438,1.0,0.938,0.438,0.188,0.0,2
0.0,0.0,0.312,0.75,0.562,0.062,0.0,0.0,0.0,0.0,1.0,0.562,0.938,0.562,0.0,0.0,0.0,0.125,0.875,0.062,0.625,0.75,0.0,0.0,0.0,0.0,0.562,0.875,1.0,0.688,0.0,0.0,0.0,0.0,0.188,0.938,1.0,0.562,0.0,0.0,0.0,0.0,0.75,0.625,0.188,0.812,0.062,0.0,0.0,0.0,0.688,0.5,0.312,1.0,0.188,0.0,0.0,0.0,0.25,0.625,0.5,0.188,0.0,0.0,8
0.0,0.0,0.188,0.688,1.0,0.812,0.0,0.0,0.0,0.188,0.938,0.938,0.812,1.0,0.0,0.0,0.0,0.375,0.5,0.125,0.562,0.875,0.0,0.0,0.0,0.0,0.25,0.438,0.938,0.875,0.312,0.0,0.0,0.25,1.0,1.0,1.0,0.875,0.375,0.0,0.0,0.062,0.5,0.812,0.75,0.0,0.0,0.0,0.0,0.0,0.062,1.0,0.25,0.0,0.0,0.0,0.0,0.0,0.188,0.938,0.062,0.0,0.0,0.0,7
0.0,0.0,0.0,0.5,0.875,0.0,0.0,0.0,0.0,0.0,0.125,1.0,0.625,0.0,0.0,0.0,0.0,0.0,0.75,1.0,0.062,0.188,0.312,0.0,0.0,0.312,1.0,0.375,0.125,1.0,0.562,0.0,0.0,0.688,1.0,0.0,0.5,1.0,0.438,0.0,0.0,0.625,1.0,1.0,1.0,0.688,0.062,0.0,0.0,0.062,0.438,0.562,1.0,0.25,0.0,0.0,0.0,0.0,0.0,0.625,0.688,0.0,0.0,0.0,4
0.0,0.0,0.375,0.5,0.938,0.812,0.062,0.0,0.0,0.062,1.0,1.0,0.688,0.938,0.25,0.0,0.0,0.0,0.938,0.562,0.5,0.938,0.125,0.0,0.0,0.0,0.625,1.0,1.0,0.625,0.0,0.0,0.0,0.0,0.812,1.0,0.625,0.0,0.0,0.0,0.0,0.25,0.938,0.625,0.75,0.0,0.0,0.0,0.0,0.125,0.938,0.312,0.938,0.0,0.0,0.0,0.0,0.0,0.5,1.0,0.625,0.0,0.0,0.0,8
